"Name","Phone","Address"

"Raman Bros","+ 91  1882 248226","Phagwara Road, Purhiran, Hoshiarpur - 146111"
"Minhas Cement Store","+ 91  1882 242534","Mahilpur Road, Adda Paldi, Paldi, HOSHIARPUR - 146107"
"J S Cement Store","+ 91  9779404473","Panjaura, Hoshiarpur - 144404, Panjoura"
"GILHOTRA CEMENT STORE","+ 91  9888172097","Hoshiarpur - 146001, NEAR SESSION CHOWK"
"aggarwal marble & sanitary store","+ 91  1883 244039","Mukerian, G T Rd, Mukerian, Hoshiarpur - 144211"
"Tuli Cement Store","+ 91  9464194900","ajay198115@gmail.com, Tanda, Hoshiarpur - 144203, Nr. Sub Tehsil"
"Ranjan Ent","+ 91  9814672941","G T Rd, Dasuya, Hoshiarpur - 144205"
"Kisan Bhalai Kender","+ 91  9815648417","Dasuha,, Dasuya, Hoshiarpur - 144205"
"Rana Paint Hardware And Cement...","+ 91  9417123935","Rampur Road, Passi Kandi, Dasuya, Hoshiarpur - 144205"
