"Name","Phone","Address"

"Dagar Tiles","+ 91  9811014153","1610, Madarsa Road, Kashmere Gate, Delhi - 110006"
"Jain Spun Pipe Industries","+ 91  9811934372","Booth Number 38, YMCA Chowk, Sector 11, Faridabad - 121006"
"Everest Cement Pipes","+ 91  44 22761145","No 1, Kurinji Nagar, Mudichur, Chennai - 600048, Near Mathaji Temple"
"Shivalik Rcc Pipe","+ 91  172 3346460","Nh-73 , Village Bagwali, Panchkula - 134109"
"Neelkanth Industries","+ 91  2642 283032","National Highway No 8, Nabipur, Bharuch - 392210, Near Five Star Hotel Behind Indane Gas Godown"
