"Name","Phone","Address"

"Raman Bros","+ 91  1882 248226","Phagwara Road, Purhiran, Hoshiarpur - 146111"
"Joginder Cement Store","+ 91  1882 265249","Village Dalamwal Post Office Bulhowal, Tanda Road, Bulhowal, Hoshiarpur - 146113"
"Goverdhan LAL Kharaitilal","+ 91  9814000772","Kotfathui,, Kotfathui, Hoshiarpur - 144519"
"Minhas Cement Store","+ 91  1882 242534","Mahilpur Road, Adda Paldi, Paldi, HOSHIARPUR - 146107"
"Surinder Cement & Iron Store","+ 91  9815448297","Mahilpur,, Mahilpur, Hoshiarpur - 146105"
"R S Trades","+ 91  9814294654","Garhshankar Rd, Balachaur, Hoshiarpur - 144521, Swaran Mkt"
"J S Cement Store","+ 91  9779404473","Panjaura, Hoshiarpur - 144404, Panjoura"
"Raman Broters","+ 91  9417019226","Hoshiarpur ,, Hoshiarpur - 146001"
"GILHOTRA CEMENT STORE","+ 91  9888172097","Hoshiarpur - 146001, NEAR SESSION CHOWK"
"Garg Hardware & Cement Store","+ 91  9417013698","Jalandhar Road, Hoshiarpur - 146001, Near C.C.D"
"Shivam Enterprises","+ 91  9814185941","Hoshiarpur, Panjab, Hoshiarpur - 146001"
"Ginni Trading Co.","+ 91  9814659559","Anandpur Sahib Road, Hoshiarpur - 146001"
"Bala Ji Sales Corporation","+ 91  9872065322","Near Adda Jhungia, Hoshiarpur - 146001"
"M/S Kalsi Steel Sales","+ 91  9815208345","Adampur,, Hoshiarpur - 146001"
"Nayyar Cement Stores.","+ 91  9814427581","Garshankar,, Hoshiarpur - 146001"
"National Trading Company","+ 91  9779063771","Hazipur,, Hoshiarpur - 146001"
"Aggarwal Cement Store","+ 91  9814427188","Hoshiarpur ,, Hoshiarpur - 146001"
"Rakesh Traders","+ 91  9814313643","Hoshiarpur ,, Hoshiarpur - 146001"
"Modern Steels","+ 91  9815155636","Hoshiarpur ,, Hoshiarpur - 146001"
"National Traders","+ 91  9888609500","Hoshiarpur ,, Hoshiarpur - 146001"
"Hans Raj Ram Singh","+ 91  9814185303","Hoshiarpur ,, Hoshiarpur - 146001"
"M/S Shiv Shakti Traders","+ 91  9815512523","Hoshiarpur ,, Hoshiarpur - 146001"
"Sandeep Cement & Iron Store","+ 91  9417122137","v.p.o-Jhungian(50k.m.), Hoshiarpur - 146001, near vishavkarma mandir"
"Baldev Building Material","+ 91  9914538961","Hoshiarpur ,, Hoshiarpur - 146001"
"Sachdeva Brothers","+ 91  9876339391","Hoshiarpur ,, Hoshiarpur - 146001"
"Dashmesh Trading Company","+ 91  9463012501","Hoshiarpur ,, Hoshiarpur - 146001"
"Saini Cement & Paint Store","+ 91  9814368047","Hoshiarpur ,, Hoshiarpur - 146001"
"Navjot Traders","+ 91  9814533284","Tanda Road, Hoshiarpur - 146001, Near Bye-pass,Opposite Dhami Dharam Kanda"
"Sunny Iron And Cement Store","+ 91  1882 228845","Miya Haji Wali Gali, Near Old Fatehgarh Chungi, Hoshiarpur Punjab, Hoshiarpur - 146001"
"Sanjeevani Cement Sanitary And...","+ 91  9988825253","Kamahi Devo Road, Hoshiarpur - 146001, Near B L D School,Namoli"
"Amin Chand Sanjiv Kumar","+ 91  9878858188","Dausya Road, Hoshiarpur - 146001, Central Co-operative Bank"
"Yesh Pall Paint & Ply Store","+ 91  1882 231395","Hoshiarpur - 146001, Adda Saran"
"Lalit Cement & Sanitary Store","+ 91  1882 263431","Sham Chaurasi, Hoshiarpur - 144105"
"Amin Chand Sanjiv Kumar","+ 91  9876550060","Hariana,, Hariana, Hoshiarpur - 144208"
"Tuli Cement Store","+ 91  9464194900","ajay198115@gmail.com, Tanda, Hoshiarpur - 144203, Nr. Sub Tehsil"
"M/S Puneet Iron Store","+ 91  9463440563","Gardhiwala,, Gardhiwala, Hoshiarpur - 144207, near psb borad"
"Arora Enterprises","+ 91  9888285115","Dasuya,, Dasuya, Hoshiarpur - 144205"
"Sanjeevani Cement & Sanitary h...","+ 91  9417516626","Kamahi Devi Road, Kamahi Devi, Hoshiarpur - 144223, Near Bld School, Namoli"
"Ranjan Ent","+ 91  9814672941","G T Rd, Dasuya, Hoshiarpur - 144205"
"Shree Cement Store","+ 91  9417407554","Hazipur Rd, Dasuya, Hoshiarpur - 144205, Ghogra"
"M/S Ranjan Enterprises","+ 91  9417273241","Dasuha,, Dasuya, Hoshiarpur - 144205"
"Kisan Bhalai Kender","+ 91  9815648417","Dasuha,, Dasuya, Hoshiarpur - 144205"
"Dashmesh Ambuja Cement Store","+ 91  1883 251117","dasuya, Bodal Garna Sahib, Hoshiarpur - 144205, PSB, Mushiana, dharampura near"
"Khanna Cement Store","+ 91  1883 236865","Talwara Township, Hoshiarpur - 144216, Sabzi Mandi Chowk"
"Kashyap Hardware & Cement Store","+ 91  9417180270","Datarpur, main Bazar, Datarpur, Hoshiarpur - 144222, mandir baba lal dhyal"
