"Name","Phone","Address"

"Professional Overseas","+ 91  183 5004700",""
"Chougule Marine And Aviatio...","+ 91  233 2305113",""
"ShrinivasBalajiCharitebalTrust","+ 91  9972294477",""
"Best Achievers Job Point","+ 91  9988866196",""
"Asia Pacific","+ 91  484 4064431",""
"Hb associates","+ 91  8437825575",""
"Star Career Group","+ 91  22 40127867",""
"The Apex","+ 91  183 5014966",""
"ORISSA DOOT CONSULTANTS","+ 91  674 6557773",""
"NVS FUTURE POINT","+ 91  9780247802",""
"Business Infotech","+ 91  9589044555",""
"Smart Job Placement Center","+ 91  9814139659",""
"Sks Consultancy","+ 91  471 3199100",""
"RK Job Placement","+ 91  7814789005",""
"Lovely Placement","+ 91  8968443593",""
"GRR Consultancy","+ 91  4142 254875",""
"The Experts Consultancy","+ 91  183 5066470",""
"Lovely Job Point","+ 91  9872154956",""
"R S Consultants","+ 91  183 5016230",""
"Dreambolic Associates","+ 91  181 4659111",""
"Mystic rose jobs and career","+ 91  9988501999",""
"THE PLACER AND PROVIDER","+ 91  9815508353",""
"Destiny Australia","+ 91  183 5068138",""
"Crest technology","+ 91  8237185135",""
"Next infoz","+ 91  9855255844",""
"Ambika International Man Po...","+ 91  183 5050916",""
"Om Job Point","+ 91  9779263648",""
"gCO of Agriculture departme...","+ 91  7379021104",""
"Khalsa Placement","+ 91  7087968600",""
