"Name","Phone","Address"

"Surya Job Point","+ 91  8146854413",""
"Dk Placements","+ 91  8054727479",""
"Welcome Consultancy Job Placem...","+ 91  9878450160",""
"Trinity Placements","+ 91  7837913536",""
"VERY BEST SERVICES","+ 91  9914096975",""
"NVS FUTURE POINT","+ 91  9780247802",""
"The global solution","+ 91  9814163866",""
"Mystic rose jobs and career","+ 91  9988501999",""
"English Dot Com Education Serv...","+ 91  183 4094378",""
"Appin Technologies","+ 91  183 5066035",""
"Dream Discovery","+ 91  183 6571755",""
"Shri SAI Job Placement","+ 91  8968080981",""
"Professionals Job Consultancy","+ 91  8728871000",""
"M M Consultant","+ 91  9878910253",""
"Asia Pacific","+ 91  484 4064431",""
"THE PLACER AND PROVIDER","+ 91  9815508353",""
"ORISSA DOOT CONSULTANTS","+ 91  674 6557773",""
"Oasis Group","+ 91  183 5050449",""
"Varun Star Services Pvt Ltd","+ 91  8146951375",""
"JOB TECH","+ 91  9780053410",""
"Rushabh Consultancy Instant Na...","+ 91  281 2229095",""
"Intelliworx Consulting","+ 91  172 5018508",""
"Aggarwal Job Consultants","+ 91  9541382141",""
"Sky World Services","+ 91  9814296732",""
"Dreambolic Associates","+ 91  181 4659111",""
"Siddhivinayak Consultancy","+ 91  22 69901110",""
"Amritsar Placements","+ 91  183 5061919",""
"Hiringshop.Com","+ 91  9829069780",""
"gCO of Agriculture departme...","+ 91  7379021104",""
"Shah Placement","+ 91  9855625227",""
"Innovative Hr Solution","+ 91  9825830563",""
"Hunt 4 Careers","+ 91  183 5010199",""
"Lakkho HR Consultants Pvt Ltd","+ 91  9755040645",""
"Lovely Placement","+ 91  8968443593",""
"GRR Consultancy","+ 91  4142 254875",""
"Destiny Planners","+ 91  9993447410",""
"Jayas Man Power","+ 91  9381206605",""
"Sarso","+ 91  9958543198",""
"Business Infotech","+ 91  9589044555",""
"Khalsa Placement","+ 91  7087968600",""
"R And B Services Manpower C...","+ 91  712 2526493",""
"Carrier Finder","+ 91  9877090640",""
"Tds Placements & Services P...","+ 91  172 5214647",""
"D S Ent","+ 91  9988065930",""
"Sidhu Consultancy","+ 91  8146333285",""
"APS Placement Service PVT LTD","+ 91  183 5012093",""
"Habile Outsource Business S...","+ 91  9780786544",""
"Prisha ent","+ 91  9803872341",""
"Baj Security & Placement","+ 91  9501102938",""
"Kashish Placement Services","+ 91  9888706871",""
"Shine.Com","+ 91  9953199304",""
"K.K.Enterprises","+ 91  9216547547",""
"Lovely Job Point","+ 91  9872154956",""
"NAV PLACEMENT WORLD","+ 91  9216666756",""
"Shivansh Job Placement","+ 91  9872290606",""
"Surjit Singh Rajdhan","+ 91  9855277635",""
