"Name","Phone","Address"

"Tds Placements & Services P...","+ 91  172 5214647","SCO No.- 910, NAC Manimajra, Mani Majra, Chandigarh - 160101"
"D.V Consultancy","+ 91  712 6960267","618, Pushpa Apartment, Kamptee Road, Dr Ambedkar Marg, Nagpur - 440017, Near Indora Square"
"Crest technology","+ 91  8237185135","Shirkh plaza above vidharbha furniture, manish nagar road, Manish Nagar, Nagpur - 440015, infront of kachore lawn"
"Future.Com","+ 91  8820936173","5/c, Mitra Bagan, Kolkata - 700056, Behind Saraswati Press"
"Lakkho HR Consultants Pvt Ltd","+ 91  9755040645","Office No 1, Shri Mayaramji Palace, Kolar Road, Bhopal - 462042, Lalita Nagar Bus Stop"
"ORISSA DOOT CONSULTANTS","+ 91  674 6557773","Plot No-733, Sahid Nagar, Bhubaneshwar - 751007"
"Sks Consultancy","+ 91  471 3199100","Shop No 5 Prs Court, Ambujavilasom Road, Pulimoodu, Thiruvananthapuram - 695001"
