"Name","Phone","Address"

"FMCG India","+ 91  422 2430228","C/89, Cheran Nagar, G.n. Mills Post, Coimbatore - 641001"
"F M C G products","+ 91  8015745501","334/34, Krg nagar Main Street, Ganapathy, Coimbatore - 641006, Near to vinayaga temple"
"DHL Express India Pvt Ltd","+ 91  422 3373777","No 2, Vijaykumar Cotton Press Compound, Thanneer Pandal Road, Peelamedu, Coimbatore - 641004, Peelamedu Post, Near GRG School"
"Currents Technology Retail ...","+ 91  422 3359275","No 474 Fun Republic Mall Ground Floor, Avinashi Road, Peelamedu, Coimbatore - 641004, Opposite Varadharaja Mill"
"DHL Express India Pvt Ltd","+ 91  422 3374858","No 731 B, Avinashi Road, Racecourse, Coimbatore - 641018, Near Hotel Residency"
"Thomas Cook India Ltd (Fore...","+ 91  422 3362755","No 101 Block No 21 BVA Kala Mansion 1st Floor, D B Road, R S Puram, Coimbatore - 641002, Near Canara Bank"
"Makemytrip.Com","+ 91  422 4385767","No 551 A, Lokamanya Street West DB Road, R S Puram, Coimbatore - 641002, Opposite Tanishq Jewellery"
"Kolors Health Care India Pv...","+ 91  422 3357413","1138/39, Sabtharang Plaza 4th Floor, Avinashi Road, Papanaickenpalayam, Coimbatore - 641044, Upstairs to Axis Bank"
"Dhl Express India Pvt Ltd","+ 91  422 3371764","Thangam Service Station, Indian Oil Outlet, 1865-Trichy Road, Ramanathapuram, Coimbatore - 641045, Ramanathapuram Signal"
"Artemis Auto India Pvt Ltd","+ 91  422 3372089","No 3/217 K, Chinniyampalayam, Avinashi Road, Coimbatore - 641014, Near Le Meridian Hotel"
"Sky Commodities India Pvt Ltd","+ 91  422 3373054","No 40-49 I G Complex 2nd Floor, Devangapet Street No 1, R S Puram, Coimbatore - 641002, Archana Theatre Back Side"
"Narayana Pearls India Pvt Ltd","+ 91  422 3361973","No 333 Singapore Plaza, Cross Cut Road, Gandhipuram, Coimbatore - 641012, Opposite Joy Alukkas"
"Apollo Dental Clinic India ...","+ 91  422 3372446","Old No 422, New No 649, Avinashi Road, Peelamedu, Coimbatore - 641004, Opposite To SMS Hotel"
"Vasupati Construction Solut...","+ 91  422 3361248","No 423, Vivekanandha Road, Ram Nagar, Coimbatore - 641009"
"Technomax Building Solution...","+ 91  422 3357850","No 1/382, Maddampalayam Street,Mettupalayam Road, Press Colony, Coimbatore - 641019"
"IPK Packaging India Pvt Ltd","+ 91  422 3358136","S F No 9, Jaganath Industrial Estate, Chinnavedampatti, Ganapathy, Coimbatore - 641006, Near Ramakrishna Mills"
"Royal India Logistiics Xpres","+ 91  422 4367841","No 13, Rams Nagar, Pappanaickenpudur, Coimbatore - 641041, behind Bimetal Bearing"
"Tata At Matrix India Pest C...","+ 91  422 3359033","No 204 A Agk Complex, Sathy Road G P Signal Junction, Sidhapudur, Coimbatore - 641044"
"Solvers India","+ 91  422 3371655","No 735, Mettupalayam Road, R S Puram, Coimbatore - 641002, Above Decor Point"
"Green Cast India","+ 91  422 3362130","No 621, Mettupalayam Road, R S Puram, Coimbatore - 641002, Near Central Theatre"
"India Battery Service","+ 91  422 3371290","No 1110 Sri Ramajayam Complex, Mettupalyam Main Road, R S Puram, Coimbatore - 641002, Opposite To Central Theatre Above Airtel Showroom"
"United Forex Services India...","+ 91  422 3357154","Old No 645 New No 947 1st Floor, Avinashi Road, Papanaickenpalayam, Coimbatore - 641037, Lakshmi Mills Signal Junction"
"PurplePro IT Solutions Indi...","+ 91  422 3359698","No 469 C, Kalki Nagar 1st floor Floor Avinashi Road, Peelamedu, Coimbatore - 641004, Beside Anjaneyar Temple"
"Century Plyboards India Ltd","+ 91  422 3359375","169/1C, Goundaiyan Thottam, Vadamadurai Kurudampalayam, Coimbatore - 641017, Appanaickenpalayam"
"Namma Organic Kadai","+ 91  422 3372275","No 946/3 B Naren Garden,, Kalapatti Road, Kalapatti, Coimbatore - 641048, Opposite NGP College,"
"Optech Software India Priva...","+ 91  422 3358457","No 339, Shanmugam Street, Ramanathapuram, Coimbatore - 641045, Opposite To Nilgiris"
"Vpg Buildwell India Pvt Ltd","+ 91  422 3374242","2/195 A, Avinashi Road, Chinniampalayam, Coimbatore - 641062, Near KGM Hospital"
"F Max Systems India Pvt Ltd","+ 91  422 4374239","No 44, 1st Street Sivananda Colony, Tatabad, Coimbatore - 641012, near to kvb"
"Msquare Ventures & Consulti...","+ 91  422 3373780","1158, 6th Street Extension, Gandhipuram, Coimbatore - 641012"
"Integrated Enterprises Indi...","+ 91  422 6570003","85 Poonka Plaza, Avarampalayam Road, Sidhapudur, Coimbatore - 641044, New Sidhapudur"
"Pumps India","+ 91  422 3367317","S F No 738, Ramraj Nagar, Goldwins, Aerodrome, Coimbatore - 641014, Near Airport"
"Shv Lpg India Private Limited","+ 91  422 3359720","H No 516/1a, Mettubavi Village, Mettubavi, Coimbatore - 641202, Via Kinathukadav"
"D Care Technologies India P...","+ 91  422 4387679","229, RVN Layout Venkadasamy Road, Sidhapudur, Coimbatore - 641044, Behind Ayyappan Temple"
"Msquare Ventures And Consul...","+ 91  422 3374292","No 55, Rangasamy Layout Lakshmipuram, Peelamedu, Coimbatore - 641004, Near Reliance Fresh Super Market"
"E Gates Technologies India ...","+ 91  422 3357343","No 9 E, Park Street, Katoor, Coimbatore - 641009, Ram Nagar"
"Textech Indo India Pvt Ltd","+ 91  422 4393283","No 2-B,A Block Pioneer Appartments, 1075 Avinashi Road, Coimbatore Central, Coimbatore - 641018, Residency Hotel Back Side"
"Team Web India","+ 91  422 3361149","No 9, Lovely Nagar Extension, Gandhipuram, Coimbatore - 641012"
"United Forex Services India...","+ 91  422 4270065","No 645 1st Floor, Avinashi Road, Papanaickenpalayam, Coimbatore - 641037, Near Lakshmi Mills Signal"
"Dynatronix India Pvt Ltd","+ 91  422 4204361","173, Big Bazaar Street, Town Hall, Coimbatore - 641001, Near Carnatic Theatre"
"Geo Design India Pvt Ltd","+ 91  9043344488","Old No 40 New No 29, 8th Street Saibabacolony, Kuppakonanpudur, Coimbatore - 641038, Opposite Health Care Pharmacy"
"Top Care Management Service...","+ 91  422 3357009","No 1668/9 New No 1048/9 Vrs Towers, Trichy Road, Ramanathapuram, Coimbatore - 641045, Near Gem Motors"
"Rubicon Protection Systems ...","+ 91  422 3359047","37-A, Maariyaaman Koil Street, Peelamedu, Coimbatore - 641004, Near South RTO Office"
"Sahara India Goods Movers P...","+ 91  422 3221150","No 60 F, Sedan Thottam Mettupalayam Road, Gnanambika Mills, Coimbatore - 641029"
"Msquare Ventures And Consul...","+ 91  422 3359324","No 55 Rangaswamy Layout, Lakshmipuram, Peelamedu, Coimbatore - 641004, Near Reliance Fresh Super Market"
"Green Tech India","+ 91  422 3367197","No 77 A, Kambar Street, Vellalore, Coimbatore - 641111, Near Small Radio Station"
"Industrial Security & Intel...","+ 91  422 3374709","No 5,kakkan nagar, 4th Street,singanallur, Singanallur, Coimbatore - 641005, Opposite N G Hospital"
"Print A Pack India Private ...","+ 91  422 3371519","No 177c, S I H S colony main road, Singanallur, Coimbatore - 641005, near civil aerodrome"
"Neurotronix Systems India P...","+ 91  422 3356941","210/7, Pollachi Main Road, Eachanari, Coimbatore - 641021, Near Hemambigai Mahal"
"Softiss India","+ 91  422 3361870","1/41 Golden House, Rajiv Gandhi Nagar, Telungapalayam, Coimbatore - 641039, Near Telungupalayam Pirivu"
"Textech Indo India Pvt Ltd","+ 91  421 4393283","SF No : 262/2B,3A,3B,4 Annur Road, Mopperipalayam Village,, Karumathampatti, Coimbatore - 641659, Sulur taluk"
"Banaanaa Slice India Pvt Ltd","+ 91  422 3367386","44, Kalingarayar Street, Ram Nagar, Coimbatore - 641009, Near Global Ortho Hospital"
"Premium Power & Transmissio...","+ 91  422 3371944","No 87 Q, Grey Town Dr Nanjappa Road, Coimbatore Central, Coimbatore - 641018, Near Nehru Stadium"
"South India Wire Netting In...","+ 91  422 2480827","Shop No 153, Rajarathinam Street Ram Nagar, Ram Nagar, Coimbatore - 641009, Near By Vinayakar Kovil Backside"
"Payroll Financial Excellenc...","+ 91  422 3359887","No : 226, Gandhipuram 2nd Street, Gandhipuram, Coimbatore - 641012, Opposite To Hotel Sansar"
"Emerson Network Power India...","+ 91  422 3359646","D. No. 81, Dr Nanjappa Road, Coimbatore Central, Coimbatore - 641018"
"Ensign Print Solutions Indi...","+ 91  422 3374762","No 376/6, Dr Radhakrishnan Road, Tatabad, Coimbatore - 641012"
"Folliderma Healthcare India...","+ 91  422 3362566","24, D B Road, R S Puram, Coimbatore - 641002, Opp Eye Foundation"
"Ravi Media Big India Pvt Ltd","+ 91  422 3361690","407,, Puliyakulam Main Street, Ramanathapuram, Coimbatore - 641045, opp Carmel Garden Matriculation Higher Secondary School"
"Sirius Motorsports India Pv...","+ 91  422 3367242","19, R G Nagar Sungam Bye Pass Road, Ramanathapuram, Coimbatore - 641045, Near Jm Water Wash Compound"
"Lands India Property","+ 91  422 3372562","1362 A5 Saijan Business Center, Thadagam Road, R S Puram, Coimbatore - 641002, Near Lawley Road Signal"
"Enn Consultancy India Priva...","+ 91  422 3358733","No 132/5c Tanya Complex, Kattabomman Street, Ganapathy, Coimbatore - 641006, Near Corel Roselin Apartment"
"Matrix Media Production Ind...","+ 91  422 3357141","No 35-D, Lalbahadur Colony, Peelamedu, Coimbatore - 641004, Near Indian Oil Petrol Bunk"
"Vishwasri Property India Pv...","+ 91  422 3357486","2nd Floor, 687/ 5 Trichy Road Sakthivel Towers, Ramanathapuram, Coimbatore - 641045, Opposite To Alvenia School"
"Wisdom Knit India Pvt Ltd","+ 91  422 3371970","1048/9, VRS TOWERS, Ramanathapuram Coimbatore, Coimbatore - 641045, Trichy road"
"Banaanaa Slice India Pvt Ltd","+ 91  422 3367388","317 Arokyasamy Street, NSR Road, Saibaba Colony, Coimbatore - 641011, Behind Ninha Chinese Restaurant"
"Inferno Pactec India Pvt Ltd","+ 91  422 3356835","No 1, Ashok Nagar MKP Colony, Ganapathy, Coimbatore - 641006, Near Sri Krishna Gounder Kalayana Mandapam"
"Rubicon Protection Systems ...","+ 91  9047272727","No 37a, Mariamman Kovil Street, Peelamedu, Coimbatore - 641004, Near South RTO Office"
"CCI","+ 91  422 3359139","No 203, Avinasi Road, Peelamedu, Coimbatore - 641004, Opposite Grg School, Br Puram"
"Inferno Pactec India Pvt Ltd","+ 91  422 3358959","no 1, ashok nagar, Ganapathy, Coimbatore - 641006, mkp colony,near sri krishna gounder kalyana mandapam"
"Omm Fire India Corporation","+ 91  422 3362921","B52, Voc Nagar Police Quarters Main Road, Ganapathy, Coimbatore - 641006, Near Voc Bus Stop"
"Ipk Packaging India Pvt Ltd","+ 91  422 3362984","Sf No 9,, Jaganathan Industrial Estate,Chinnavedapatti,, Ganapathy, Coimbatore - 641006, Opp To R.V Tools,"
"UC MAS India Private Limited","+ 91  9842082552","68 B R Puram, Sri Nagar, Peelamedu, Coimbatore - 641004, Near By Grg Signal And Hope College Bus Stop"
"Makwell India Industrial Co...","+ 91  422 3362198","5 2 Aiswaryam Complex, Athipalayam Road, Ganapathy, Coimbatore - 641006, 100 Meters Away From Sathy Road"
"Printapack India Pvt Ltd","+ 91  9489250759","177c, SIHS COLONY Road, Singanallur, Coimbatore - 641005, Near Bridge"
"Believe India Property","+ 91  9042771000","594 Adhi Complex 1st Floor, Vasantham Nagar, Singanallur, Coimbatore - 641005, Opposite Uzhavar Santhai"
"Green Tech India","+ 91  9790167016","No 77a, Kambar Street, Vellalore, Coimbatore - 641111, Near Small Radio Station"
"Steel line india","+ 91  422 3357420","No.64, vettri vinayagar nagar, Saravanampatti, Coimbatore - 641035, Backside nissan showroom"
"Wienerberger India Pvt Ltd","+ 91  422 3373345","06,Thiruvalluvar Street, GM Mills,, Gnanambika Mills, Coimbatore - 641029"
"Banaanaa Slice India Pvt Ltd","+ 91  422 3367385","Mekkala Thottam, Avinashi Road, Goldwins, Coimbatore - 641014, Pop Hotel Arcadia"
"Q Focus Engineering India P...","+ 91  9443036262","No 30, L N Nagar, Kalapatti Road, Coimbatore - 641035, Anan Kids School Back Side"
"Paper Containers India Pvt Ltd","+ 91  422 2461006","No 2/573, Kathirnaickenpalayam, Vadamadurai Kurudampalayam, Coimbatore - 641017, Near CRPF Training college"
"Elmech Elevator India Priva...","+ 91  422 3358728","Sf No 338/2,Door No 9/7, Gandhi Nagar, Irugur, Coimbatore - 641103"
"Paper Containers India Pvt Ltd","+ 91  422 3373677","No 2/573, Kathirnaickenpalayam, Vadamadurai Kurudampalayam, Coimbatore - 641017, Near Crpf Training College"
"Kubs Alloy Cast India Pvt Ltd","+ 91  422 3362169","1/89c, Appanaickenpatti Puthur Road, Sulur, Coimbatore - 641402, Kalangal"
"KPN Travels India Ltd","+ 91  422 4210109","No 247, Sathy Road 100 Feet Road, Gandhipuram, Coimbatore - 641012, Near G P Theatre"
"Samsung India Electronics Pvt ...","180030008282","Coimbatore - 641007"
"Hindusthan Travels India Pvt Ltd","+ 91  422 2242222","Shop No 1246, Avinashi Road, Papanaickenpalayam, Coimbatore - 641037, Opposite to professional courier head office peelamedu"
"FedEx Express Transportation &...","1800226161","No 408/7, Avinashi Road, Peelamedu, Coimbatore - 641004, Nava India Opposite Tneb Power House"
"Decathlon Sports India","+ 91  422 2978700","Gs No 716/2 B & 717/2 B, Avinashi Road, Nilambur, Coimbatore - 641062, Opp to Lemeridian Hotel"
"KFC Restaurant","+ 91  422 4534444","Old No 1258 New No 544, Avinashi Road, Peelamedu, Coimbatore - 641004, Near Nava India Signal"
"Kalyan Jewellers India Pvt Ltd","+ 91  422 2528884","Ts No 1253 1254/13, 5th Cross 100 Feet Road, Gandhipuram, Coimbatore - 641012, Near Kamala Store"
"Jet Airways (Airport Office)","+ 91  422 2575275","Aerodrome, Coimbatore - 641014, Sitra Junction Civil Aerodrome"
"State Bank Of India","+ 91  422 2303251","Kurinji Complex Ground Floor, State Bank Road, Coimbatore Central, Coimbatore - 641018, Near Railway Station"
"Whirlpool Of India Ltd (Custom...","18601804558","Coimbatore - 641001"
"IAB Photos Pvt Ltd","+ 91  422 4373993","No 950, Cross Cut Road, Gandhipuram, Coimbatore - 641012, Near Iob ATM Opposite Pavilam Jewellers"
"Univercell Telecommunications ...","+ 91  9840398888","No 458 & 462, Dr Rajendraprasad Road 100 Feet Road, Gandhipuram, Coimbatore - 641012, Near Compusoft Systems Opposite HDFC Bank"
"State Bank Of India","+ 91  422 2529141",""
"KFC Restaurant","","No 27 & 28, D B Road, R S Puram, Coimbatore - 641002, Opposite Naidu Hall & Rajasthani Sangh"
"State Bank Of India","+ 91  422 2572080","Sarvajana School Campus 1st Floor, Avinashi Road, Peelamedu, Coimbatore - 641004, Opposite Psg Technologies"
"L G Electronics India Pvt Ltd ...","+ 91  422 39010909",""
"State Bank Of India","+ 91  422 2553482","No 541, D B Road, R S Puram, Coimbatore - 641002, Near Ir & Co"
"LIC Of India","+ 91  422 2547628","No 594 Obli Towers 2nd Floor, D B Road, R S Puram, Coimbatore - 641002"
"Air India (Airport Office)","+ 91  422 2573396","Aerodrome, Coimbatore - 641014, Sitra"
"Thulasi Pharmacies India Pvt L...","+ 91  422 2495018","No 225, 2nd Street, Gandhipuram, Coimbatore - 641012, Near Romaa"
"Bank Of India","+ 91  422 2495549","No 41/46 Dbms Arakattalai Building, 7th Street, Tatabad, Coimbatore - 641012, Near Bharath Electronics & Appliances"
"Union Bank Of India","+ 91  422 2497185","Branch , Gandhipuram - Coimbatore , 224, 100 Feet Road, Gandhipuram, 100 Feet Road,, Gandhipuram, Coimbatore - 641012, Union Bank Of India , Tatabad , Dist. Coimbatore"
"Amway India Enterprises Pvt Ltd","+ 91  80 39416600",""
"Bank Of India","+ 91  422 2314965","No 6/659 A, Trichy Road, Ramanathapuram, Coimbatore - 641045, Dharamaraj Layout R N Puram"
"United India Insurance Company...","+ 91  422 2552286","No 3/2 AMI Mid Town 25-A 2nd Floor, Db Road, R S Puram, Coimbatore - 641002, Opposite Rajasthani Sangh"
"Aviva Life Insurance Co India Ltd","+ 91  422 4220151","Plot No 1057 Global Towers Jaya Enclave 7th Floor, Avinashi Road, Coimbatore Central, Coimbatore - 641018, Opposite Spencers"
"Fullerton India Credit Co Ltd","18001036001","No 799 C R R Layout, Mettupalayam Road, R S Puram, Coimbatore - 641002"
"State Bank Of India (Phone Ban...","18004253800","Coimbatore"
"SPS Travels","+ 91  422 2235127","No 214 A, Sivasamy Road, Ram Nagar, Coimbatore - 641009, Opposite Hotel City Tower"
"Aramex India Pvt Ltd","+ 91  422 3941990","No 17, Vinayagar Koil Street, Ramanathapuram, Coimbatore - 641045, Behind Gem Hospital"
"Union Bank Of India","+ 91  422 2560045","No 437, Avinashi Road, Peelamedu, Coimbatore - 641004, Opposite Shanthi Theatre"
"Lifespring 360 Fitness","+ 91  422 2315165","S F No 6, Nava India Road, Sowripalayam, Coimbatore - 641028, Near Hindusthan College"
"Kpn Travels India Ltd","+ 91  4254 225227","No 63, Kovai Main Road, Mettupalayam, Coimbatore - 641301, Opposite Sivarajini Theatre"
"Motorola Mobility India Pvt Ltd","18001022344","Coimbatore - 641007"
"State Bank Of India","+ 91  422 2442060","Nsr Road, Saibaba Colony, Coimbatore - 641011"
"Bank Of India","+ 91  422 2440028","No 181 Sr Complex Ground Floor, Rajaannamalai Street, Saibaba Colony, Coimbatore - 641011, Opposite Loom World"
"LIC Of India","+ 91  422 2210824","Pb No 4035 United India Building Ground Floor, Trichy Road, Avinashi Road, Coimbatore - 641014"
"Air India (Booking Office)","+ 91  422 2300559","No 1605, Trichy Road, Coimbatore Central, Coimbatore - 641018"
"Roadlink India Pvt Ltd","+ 91  9788885363","A 1 2nd Gate First Shop, Sathy Main Road, Coimbatore - 641012, Omni Bus Stand"
"Univercell Telecommunications ...","+ 91  9840398888","No 198 Yaasin Complex, T V Samy Road, R S Puram, Coimbatore - 641002, Opposite Mcdonald's & Near Post Office Signal"
"Union Bank Of India","+ 91  422 2540873","No 44/3-6, Cowley Brown Road, R S Puram, Coimbatore - 641002, Near bio land lab"
"Bank Of India","+ 91  422 2475197","No 322, D B Road, R S Puram, Coimbatore - 641002, R S Puram"
"V Trans India LTD","+ 91  422 4396404","No 86, Sungam Ukkadam Bye Pass Road, Ramanathapuram, Coimbatore - 641045, West Of Pari Nagar"
"Aadhaar (Customer Care)","1947","Coimbatore"
"Central Bank Of India","+ 91  422 2495524","No 830, Cross Cut Road, Gandhipuram, Coimbatore - 641012, Gandhipuram"
"Thulasi Pharmacies India Pvt Ltd","+ 91  422 2541045","No 79, West Venkatasamy Road, R S Puram, Coimbatore - 641002, Opposite Obal Wedding Card Prints"
"Bank Of India","18004251112","No 8/32 Chamber Tower 1st Floor, Avinashi Road, Coimbatore Central, Coimbatore - 641018"
"The New India Assurance Compan...","+ 91  422 2453364","No 594 Obli Towers, D B Road, R S Puram, Coimbatore - 641002"
"State Bank Of India","+ 91  422 2573052","No 424, Trichy Road, Singanallur, Coimbatore - 641005"
"Goldfinch Motors India Pvt Ltd","+ 91  422 2440126","New No 347/1 Old No 1142-A, Mettupalayam Road, Sriavanashilingam HSC, Coimbatore - 641043, Near Muthu Cinema Hall"
"98.3 FM Radio Mirchi","+ 91  422 6633900","No 1547 Classic Towers 8th Floor, Trichy Main Road, Coimbatore Central, Coimbatore - 641018, Near Government Hospital"
"Htc India Pvt Ltd (Customer Care)","18002663566",""
"Classic Two Wheelers India Pvt...","+ 91  422 4220405","No 1105 & 1106, Avinashi Road, Papanaickenpalayam, Coimbatore - 641037, Lakshmi Mills Bus Stop Opposite Lakshmi Mills"
"Ford India Pvt Ltd","+ 91  422 3063282","KCT Tech Park 3rd Floor, Thudiyalur Road, Saravanampatti, Coimbatore - 641035"
"KPN Travels India Limited","+ 91  422 4372969","Sathy Main Road, Ganapathy, Coimbatore - 641006, Omni Bus Stand"
"State Bank Of India","+ 91  422 2316425","No 114 C Mahalakshmi Complex, Trichy Road, Ramanathapuram, Coimbatore - 641045"
"LIC Of India","+ 91  422 2303325","No 1543/44 India Life Building 4th Floor, Trichy Road, Singanallur, Coimbatore - 641005"
"Srm transport India pvt ltd","+ 91  7200253806","Shop no 247, Bharathiar road, Papanaickenpalayam, Coimbatore - 641037, Near bsnl office"
"Bank Of India","+ 91  422 2568556","Door No 84 Sf No 289 SSN Square 1st Floor, Pudur Mariamman Koil Road, Peelamedu, Coimbatore - 641004, Near RTO Office"
"Lotus News","+ 91  7373797077","3rd Floor Thangam Chambers, Mettupalayam Road, Kavundampalayam, Coimbatore - 641030, Cheran Nagar"
"Dell International Sevices Ind...","+ 91  422 6462555","No 358/2c & 353/1 K G Campus, Thudiyalur Road, Saravanampatti, Coimbatore - 641035"
"State Bank Of India","+ 91  422 2425196","No 727, Maruthamalai Main Road, Vadavalli, Coimbatore - 641041, Near Kadhi Showroom"
"Acer India Pvt Ltd (Customer C...","180030002237",""
"Jayachandra Bearings India Pvt...","+ 91  422 4294919","No 1002-1004, Avinashi Road, Coimbatore Central, Coimbatore - 641018"
"United India Insurance Company...","+ 91  422 2239709","No 178, Dr Nanjappa Road, Coimbatore Central, Coimbatore - 641018, Near Chidambaram Park"
"Sterling Holiday Resorts India...","+ 91  422 2555136","No 1077 Nagappa Complex 2nd Floor, Mettupalayam Road, R S Puram, Coimbatore - 641002, Opposite to Gujarat sam"
"Samsung Electronics India Pvt Ltd","+ 91  422 4035800","Vijay Towers, Father Randy Street, R S Puram, Coimbatore - 641002, Behind Vasan Eye Care"
"The South India Textile Resear...","+ 91  422 2574367","Post Box No 3205, No 13/37, Avinashi Road, Aerodrome, Coimbatore - 641014"
"Times Of India","+ 91  422 4201222","No 737/2, Puliyakulam Road, Puliyakulam, Coimbatore - 641045"
"State Bank Of India","+ 91  422 2648872","No 47, Mettupalayam Road G N Mills Post, Thudialur, Coimbatore - 641034, Vellakinar Pirivu"
"SRL Diagnostics Hi Tech Scan C...","+ 91  422 2481312","No 83/1, Valluvar Street, Sivananda Colony, Coimbatore - 641012"
"LIC Of India","+ 91  422 2575473","No 56, Hope College, Peelamedu, Coimbatore - 641004, M K P Road"
"Medi Assist India TPA Pvt Ltd","+ 91  422 2300017","No 1437 Red Rose Chambers 3rd Floor, Trichy Road, Coimbatore Central, Coimbatore - 641018, Opposite Bharat Petrol Bunk"
"Flowserve India Controls Pvt Ltd","+ 91  422 2612001","S F No 136/3 & 137, Myleripalayam Road, Othakalmandapam, Coimbatore - 641032, Myleripalayam P O"
"Central Bank Of India (Regiona...","+ 91  422 2398083","No 14 & 15 Post Box No 557 Central Bank Building, Variety Hall Road, Coimbatore - 641001"
"KFC Restaurant","+ 91  422 2970337","No 67 & 71 Brook Field Mall No T 10 3rd Floor, Krishnaswamy Road, R S Puram, Coimbatore - 641002"
"State Bank Of India","+ 91  422 2687848","No 108 Saraswathy Towers, Trichy Road, Sulur, Coimbatore - 641402"
"Cox & Kings Ltd","+ 91  422 4388000","No 60 R R Layout, Rex Hospital Road, R S Puram, Coimbatore - 641002, Near Rex Hospital"
"State Bank Of India","+ 91  422 2626513","No 597, Avinashi Road, Coimbatore - 641014, Thottipalayam Pirvu"
"Central Bank Of india","+ 91  422 2572419","Avinashi Road, Peelamedu, Coimbatore - 641004, Neat Psg Campus"
"State Bank Of India","+ 91  4254 228623","No 212 A Ems Complex, Karamadai Road, Mettupalayam, Coimbatore - 641301, Near South Off Bus Stand"
"Pest Control India Pvt Ltd","+ 91  422 2233149","No 314 Po Box No 3774, Dr Nanjappa Road, Coimbatore Central, Coimbatore - 641018, Near Sakthi Nursing Home"
"Food Corporation Of India (Dis...","+ 91  422 2498060","Tatabad, Coimbatore - 641012"
"Randstad India Ltd","18002674050","No 76 A 1st Floor, East Power House Road, Tatabad, Coimbatore - 641012, Near Sheela Hospital"
"State Bank Of India","+ 91  422 2240483","No 62, Dr Nrn Layout, Papanaickenpalayam, Coimbatore - 641037"
"All India Radio","+ 91  422 2315137","Trichy Road, Ramanathapuram, Coimbatore - 641045, Near State Bank Of Travancore"
"Riya Travel & Tours India Pvt Ltd","+ 91  422 6160808","No 1034 SAI Balaji Square Ground Floor, Bharathiar Road, Papanaickenpalayam, Coimbatore - 641037, Near Lakshmi Mills Junction"
"Univercell Telecommunications ...","+ 91  9840398888","Fun Republic Mall 3rd Floor, Avinashi Road, Peelamedu, Coimbatore - 641004"
"Thulasi pharmacies India pvt ltd","+ 91  422 4218515","1663, AVINASHI road, Peelamedu, Coimbatore - 641004, Golden petrol pills"
"Indsys Infotech Services India...","+ 91  422 4379090","No 707 Suguna Building Ground Floor, Avinashi Road, Racecourse, Coimbatore - 641018, Opposite Hotel Residency"
"Washouse Services India Pvt Ltd","+ 91  8220999401","Majestic Building 1st Floor, Avinashi Road, Peelamedu, Coimbatore - 641004, Opposite Suguna Kalyana Mandapam"
"Auchan Hypermarket","+ 91  422 3006590","No 67-71 Brookefields Plaza Lower Ground Floor, Krishnasamy Road, R S Puram, Coimbatore - 641002"
"PNB Metlife India Insurance Co...","+ 91  422 6502050","No 170 A Silver Monnt 1st Floor, D B Road, R S Puram, Coimbatore - 641002, Near Pizza Hut"
"Central Bank Of India","+ 91  422 2550246","No 52, Thiruvenkataswamy Road, R S Puram, Coimbatore - 641002"
"Bata India Ltd","","G 18 Ground Floor Brookefields Plaza, Krishnasamy Road, R S Puram, Coimbatore - 641002, Near Railway Station"
"Central Bank Of India","+ 91  422 2444009","No 15, Nsr Road, Saibaba Colony, Coimbatore - 641011, Opposite Jansons"
"State Bank Of India","+ 91  422 2669378","No 365, Thudiyalur Road, Saravanampatti, Coimbatore - 641035, Inside KGISL Campus"
"Kpn Travels India Ltd","+ 91  422 2234050","Dr Nanjappa Road, Coimbatore Central, Coimbatore - 641018"
"Pacl India Ltd Admin Office","","No 112, D B Road, R S Puram, Coimbatore - 641002, A G Chruch"
"Havells India Ltd","+ 91  422 4550200","No 51, Dr Nanjappa Road, Coimbatore Central, Coimbatore - 641018, Opposite Kattoor Church"
"State Bank Of India","+ 91  422 2222099","No 16/A, Abdul Rahim Road, Racecourse, Coimbatore - 641018"
"Watertec India Pvt Ltd (Regist...","+ 91  422 2245295","No 1062, Gopal Bagh, Avinashi Road, Coimbatore - 641014"
"The New India Assurance Compan...","+ 91  422 2233054","No 482 & 483 Snv Chamber, Cross Cut Road, Gandhipuram, Coimbatore - 641012, Near by power house"
"Univercell Telecommunications ...","+ 91  9840398888","No 67 - 71 Brookefields Plaza 3rd Floor Shop No T 19, Krishnasamy Road, Coimbatore - 641001, Near Railway Station & Main Bus Stand"
"Union Bank Of India (Regional ...","+ 91  422 2304483","No 649 & 650, Oppanakara Street, Coimbatore - 641001"
"G4S Secure Solutions India Pvt...","+ 91  422 2563006","No 31/33, LAL Bahadur Street, Peelamedu, Coimbatore - 641004, Bharathi Colony Near Gopal Naidu School"
"A1 Chips & Export India Pvt Ltd","+ 91  422 2550772","No 124, D B Road, R S Puram, Coimbatore - 641002"
"Thulasi Pharmacies India Pvt Ltd","+ 91  422 4376718","No 271, Sathy Road, Ganapathy, Coimbatore - 641006"
"Thulasi Pharmacies India Pvt Ltd","+ 91  422 6573133","No :5/5, Mettupalayam Road, Kavundampalayam, Coimbatore - 641030, Gandhi Nagar Near Housing Board"
"United India Insurance Co Ltd ...","+ 91  422 2300361","No 82 Bank Of Baroda Building, State Bank Road, Coimbatore Central, Coimbatore - 641018, Near Railway Station"
"Transport Corporation Of India...","+ 91  422 2527713","No 11, Chinnasamy Road, Sidhapudur, Coimbatore - 641044, Near Ramakrishna Hospital"
"Central Bank Of India","+ 91  422 2666476","Kanchi Kamakoti Medical Trust Sankara Eye Care, Sathy Road, Saravanampatti, Coimbatore - 641035, Sivanandhapuram"
"Home Credit India Finance Priv...","+ 91  7838874063","Classic Towers,6th Floor, Trichy Road, Coimbatore - 641018, Government Hospital-Railway Station"
"Roots Industries India Limited","+ 91  422 2632732","Sanganur Road, Ganapathy, Coimbatore - 641006, Rkg Industrial Estate"
"Thulasi Pharmacies India Pvt Ltd","+ 91  422 6554595","No 282 Sri Ranga Complex, Sathy Main Road, Saravanampatti, Coimbatore - 641035, Near Geetha Sri Hospital"
"Thulasi Pharmacies India Pvt Ltd","+ 91  422 4273037","No 7/140 B, Railway Station Road, Thudialur, Coimbatore - 641034, Near Thudialur Bus Stand, Ambiga Nagar"
"Maharani Sports India","+ 91  422 4200313","No 849, Mettupalayam Road, R S Puram, Coimbatore - 641002, Opposite To Flower Market Bus Stop"
"A1 Chips & Export India Pvt Ltd","+ 91  422 2591849","No 1523, Avinashi Road, Peelamedu, Coimbatore - 641004"
"Union Bank Of India","+ 91  422 2396232","P.B.No. 8, 235, Oppanakara Street,, Oppanakara Street, Coimbatore - 641001"
"SRM TRANSPORTS INDIA PVT LTD, ...","+ 91  9344444955","56/23, Avanashi Road, Chinniampalayam, COIMBATORE - 641062, Rg Pudur"
"State Bank Of India","+ 91  422 2251111","S/F No 393/2 K K Raju Servai Building Ground Floor, Palghat Main Road, Kunniyamuthur, Coimbatore - 641008"
"United Bank Of India","+ 91  422 2567889","Bharathi Nagar, Peelamedu, Coimbatore - 641004, Sri Gopal Naidu Higher Sec School"
"The New India Assurance Compan...","+ 91  422 2562107","No 490/A 1st Floor, Avinashi Road, Peelamedu, Coimbatore - 641004"
"K.P.N Travels India Ltd","+ 91  422 4342710","No 5/585 Kongu Complex, Trichy Road, Singanallur, Coimbatore - 641005, Opposite Ulavar Santhai"
"M India Land Developers","+ 91  422 4220189","No 332 Wilson Metal Mart Building 2nd Floor, Chinnasamy Naidu Street, Sidhapudur, Coimbatore - 641044, Near Ayyappan Kovil"
"Janatics India Pvt Ltd","+ 91  422 2672800","No E 25, Kurichi, Coimbatore - 641021, SIDCO Industrial Estate"
"National Highways Authority Of...","+ 91  422 2306070","No 14 Sethuram 2nd Floor, Trichy Road, Coimbatore Central, Coimbatore - 641018, Sundaresa Lyer Layout"
"Bank Of India","+ 91  422 2687154","Uknr Complex 46, Trichy Road, Sulur, Coimbatore - 641402, Opp To New Bus Stand"
"Velan Info Services India Pvt Ltd","+ 91  422 4214747","No 18 Flowtech Building 2nd Floor, New Scheme Road, Papanaickenpalayam, Coimbatore - 641037, Near Bus Stop"
"Akbar Travels Of India Pvt Ltd","+ 91  422 4004100","Plot No 1288 1st Floor, Trichy Road, Coimbatore Central, Coimbatore - 641018, Opposite Air India"
"LIC Of India","+ 91  422 2496626","No 224 B, 100 Feet Road, Tatabad, Coimbatore - 641012"
"Franklin Templeton Asset Manag...","18004254255","No 424-C Red Rose Towers Second Floor, D B Road, R S Puram, Coimbatore - 641002, Above ICICI Bank"
"State Bank Of India","+ 91  422 2692208","No 17, Mettupalayam Road, Perianaickenpalayam, Coimbatore - 641020, Inside Sri Ramakrishna Vidhyala School"
"LG Electronics India Pvt Ltd","+ 91  422 2222506","No 104 Excellence 3rd Floor, Race Course Road, Racecourse, Coimbatore - 641018, Above Nilgiris"
"Thulasi Pharmacies India Pvt Ltd","+ 91  422 4214021","No 1081 Marutham Agencies, Avinashi Road, Papanaickenpalayam, Coimbatore - 641037, Opposite Gknm Hospital"
"Redington India Ltd","+ 91  422 3086300","No 95 C Prasad Chambers 2nd Floor, East Arokiasamy Road, R S Puram, Coimbatore - 641002"
"Union Bank Of India","+ 91  422 2646264","No 372/2, Mettupalayam Road, Thudialur, Coimbatore - 641034"
"Surakhsha Transport Systems In...","+ 91  422 2611011","No 113/2, Serapalayam Road, Madukkarai, Coimbatore - 641105, Bodipalayam"
"Velan Valves India Pvt Ltd","+ 91  421 2267000","No Sf 337/1, Thennampalayam To Annur Road, Karumathampatti, Coimbatore - 641659, Naranapuram Village"
"The Times Of India","+ 91  422 2521275","No.411, Bharathiyar Road, New Siddhapudur, Coimbatore - 641001"
"Pantaloons Fashion & Retail In...","+ 91  422 2255050","No 67 & 71 Brooke Field Plaza Ground Floor, Krishnaswamy Road, Coimbatore - 641001"
"RoadLink India","+ 91  8428077777","A 1 Sathy Main Road, Opp to G.P Theatre, Gandhipuram, Coimbatore - 641012, Omni Bus Stand"
"State Bank Of India Credit Car...","+ 91  422 39020202","Coimbatore"
"Khadims India Ltd","+ 91  422 2545505","No 565 & 567 Sakthi Square Upper Ground 1st Floor, T V Samy Road, R S Puram, Coimbatore - 641002, Opp to Jus"
"Adecco India Pvt Ltd","+ 91  422 4349880","No 196 Aishwarya Commercial Centre 3rd Floor, C V Samy Road, R S Puram, Coimbatore - 641002, Near Head Post Office"
"Bank Of India","+ 91  422 2672871","262, Sundarapuram, Coimbatore - 641024, Sb towers"
"Union Bank Of India","+ 91  422 2666343","No 15/196, Sathy Main Road, Saravanampatti, Coimbatore - 641035, Near Siva Vilas Sweets & Petrol Bunk"
"United India Insurance Co Ltd ...","+ 91  422 2239710","No 178, Dr Nanjappa Road, Coimbatore Central, Coimbatore - 641018"
"Citi Financial Consumer Financ...","+ 91  422 5370041","105 A,Lokmaniya Street, R.s.puram, R S Puram, Coimbatore - 641002"
"South india motors","+ 91  422 2561857","27 C, Nava India Road, Peelamedu, Coimbatore - 641004, Near snr college road"
"Stalwart Security Services Ind...","+ 91  422 2314050","No 41/1 Stalwart Manor, Neer Maniyakara Street, Ramanathapuram, Coimbatore - 641045, Krishnaswamy Nagar"
"State Bank Of India","+ 91  422 2400159","No 407/1, Part Thadagam Road, Edayarpalayam, Coimbatore - 641025, Kavundampalayam"
"Alstom transport India Ltd","+ 91  422 2661802","No 63, Trichy Road, Sulur, Coimbatore - 641402, Kannamapalayam Opposite Ocean Restaurant"
"LIC Of India","+ 91  422 2490646","No 12/6, Ganapathy, Coimbatore - 641006, Balamurugan Nagar Opposite Standmore Company"
"Ceragem World India Pvt Ltd","+ 91  422 4378327","No 1507, P F Quarters Road, Peelamedu, Coimbatore - 641004, Fun Republic Mall"
"Cameron Manufacturing India Pv...","+ 91  422 3995000","Tidel Park 3rd Floor, Vilankurichi Road, Aerodrome, Coimbatore - 641014, Near Wipro"
"IDP Education India Pvt Ltd","+ 91  422 4411888","No 108 Srivari Gokul Towers 3rd Floor, Racecourse, Coimbatore - 641018"
"Philips Electronics India Ltd ...","18001022929","Sf-105/1a Mkg Building 1st Floor, Sanganoor Main Road, Rathinapuri, Coimbatore - 641027"
"The Institute Of Chartered Acc...","+ 91  422 4270056","No 8, D B Road, R S Puram, Coimbatore - 641002, Opposite Obli Towers"
"State Bank Of India","+ 91  422 2394397","No 718/719, Oppanakarar Street, Coimbatore - 641001"
"LIC Of India","+ 91  422 2687164","No 2, Railway Feeder Road, Sulur, Coimbatore - 641402"
"Bata India Ltd","+ 91  422 3226233","No : 261, Avinashi Road, Hopes, Coimbatore - 641004, Near Sri Padmavathy Culture"
"Panasonic India Pvt Ltd","+ 91  422 4240600","No 99 Vm Towers 1st Floor, 3rd Street, Tatabad, Coimbatore - 641012"
"Epson India Pvt Ltd (Customer ...","18004250011","Coimbatore - 641001"
"State Bank Of India","+ 91  422 2410949","Lakshmi Illam, Podanur Main Road, Podanur, Coimbatore - 641023, Opposite Sai Nagar Bus Stop"
"Fedex Express Transportation a...","1800226161","Coimbatore"
"Hanu Reddy Realty India Pvt Ltd","+ 91  422 4049999","No 10, West Club Road, Racecourse, Coimbatore - 641018, Near Rainbow Manor"
"India Infoline LTD","+ 91  422 4514333","No 657 3rd & 4th Floor Tri Star Tower, Avinashi Road, Papanaickenpalayam, Coimbatore - 641037"
"Bank Of India","+ 91  422 2302596","Star House, Oppanakara Street, Town Hall, Coimbatore - 641001, Opposite To Sri Ganapathy Silks"
"United Bank Of India","+ 91  422 2537886","No 20/1, Sathy Road, Ganapathy, Coimbatore - 641006, Ramakrishnapuram Near R K Mills Bus Stop"
"Pepsico India Holdings Pvt Ltd","+ 91  422 2615630","Pepsi Green Field, Siruvani Road, Nallurvayal, Coimbatore - 641114, Karunaya Post Chadivayal"
"TNT India Pvt Ltd","+ 91  422 3084410","No 2, Kattoor Road, Papanaickenpalayam, Coimbatore - 641037, Near Maheshwari Cars"
"Microsoft Mobile Device","+ 91  9843284918","114-C , New Door No 153, Race Course Road, R S Puram, Coimbatore - 641002, Coimbatore"
"The Country Club India Ltd","+ 91  422 3009800","No 49, West Venkataswamy Road, R S Puram, Coimbatore - 641002, Near Green Trends"
"LIC Of India","","No 176 S I Complex, Ukkadam Bypass Road, Ukkadam, Coimbatore - 641001, Opposite TNSTC Depot, Podanur"
"State Bank Of India","+ 91  422 2474533","No 1/1 SF No 69/2, Mariamman Koil Street, Veerakeralam, Coimbatore - 641007, Near Bus Stand"
"Home Credit India Finance Priv...","+ 91  7838874063","6th floor classic tower, 1547 trichy road, Coimbatore - 641001, GH"
"Bata India Ltd","+ 91  422 4213870","Old No 243 New No G 247 Sowma Complex, Sathy Road, Gandhipuram, Coimbatore - 641012, Above KPN Travels"
"Airzone Travels India","+ 91  422 2490649","No 882, DR Radhakrishnan Road, Gandhipuram, Coimbatore - 641012, Near Omni Bus Stand back side"
"The Institute Of Company Secre...","+ 91  422 5385760","594 D, Mettupalayam Roa, Coimbatore - 641001, Near North Ccoimbatore Flyover,"
"Total Oil India Pvt Ltd","+ 91  422 2434366","No 3 1st Floor Bharathi Park, 2nd Cross Road, Saibaba Colony, COIMBATORE - 641011, Near Vijay Paradise"
"Bank Of India","+ 91  422 2422024","Bharathiar University Branch, Marudhamalai Road, Bharathiar University, Coimbatore - 641046"
"United India Insurance Company...","180042533333","No 1347g, Sathy Road, Ganapathy, Coimbatore - 641006, Near Surya Hospital"
"M INDIA LAND DEVELOPERS","+ 91  9865658531","WILSON BUILDING, Sidhapudur, Coimbatore - 641044, NEAR IYYAPAN TEMPLE"
"Bank Of India","+ 91  422 2397221","No 324, Oppanakara Street, Coimbatore - 641001"
"Med India Hospitals","+ 91  422 2230090","No 96, Vivekananda Road, Ram Nagar, Coimbatore - 641009, Kattoor Above Rajarathnam Hospital"
"State Bank Of India","+ 91  422 2236624","No 482 & 483 Snv Chambers, Ponni Street, Ram Nagar, Coimbatore - 641009"
"MD INDIA HEALTH CARE SERVICE (...","+ 91  422 2302171","89, Gray town, Coimbatore Central, Coimbatore - 641018, Near Nehru stadium"
"United Bank Of India","+ 91  422 2301030","24/831-832,Oppankara Street,, Oppanakara Street, Coimbatore - 641001"
"Thulasi Pharmacies India Pvt ltd","+ 91  422 2605902","No 15 Kurinchi Pharmacies, Kovaipudur, Coimbatore - 641042, Near Indian Overseas Bank Omsakthi Nagar"
"Union Bank Of India","+ 91  422 2680299","No 44, Trichy Main Road, Sulur, Coimbatore - 641402, Near Rvs College"
"State Bank Of India","+ 91  422 2672806","No 38, Kurichi, Coimbatore - 641021, LIC Colony"
"Samsung India Electronics Pvt Ltd","+ 91  422 4204800","Sri Murugan Towers, 1st Floor, 1524/1287, Trichy Road, Coimbatore Central, Coimbatore - 641018"
"State Bank Of India","+ 91  422 2220502","No 104 Excellence 2nd Floor, Race Course Road, Racecourse, Coimbatore - 641018"
"Orion Broking Service India Pr...","+ 91  422 4143001","No 11 M K Complex 3rd Floor, East Periyasamy Road, R S Puram, Coimbatore - 641002"
"Dell International Services In...","+ 91  9629969575","No 28, Sindhu Nagar, Samichettipalayam, Coimbatore - 641047"
"True Value Homes India Ltd","+ 91  422 4346666","No 1126 Aurora Township, Trichy Road, Singanallur, Coimbatore - 641005, Opposite Perk's Arch"
"State Bank Of India","+ 91  422 2655245","No 12, Highways Road, Chettipalayam, Coimbatore - 641201"
"Aloha Tours & Travels India Pv...","+ 91  422 2234216","422,, Dr Nanjappa Road, Coimbatore Central, Coimbatore - 641018, corner of city tower"
"Ramesh Iron & Steel Company In...","+ 91  422 4504500","No 234 & 235, Thiruvenkata Swamy Road, R S Puram, Coimbatore - 641002, Near Ponnaih Hospital & Barista"
"Bridgestone India Pvt Ltd","+ 91  422 4216158","No 42/2 & 43/2 1st Floor, Sungam Bye Pass Road, Ramanathapuram, Coimbatore - 641045"
"Berger Paints India Ltd (Regio...","+ 91  422 4368288","No 1/1, Mettupalayam Main Road, Gnanambika Mills, Coimbatore - 641029, Cheran Nagar Opposite C B C E"
"LIC Of India","+ 91  422 2668227","No 760, Sathy Main Road, Saravanampatti, Coimbatore - 641035"
"South india motors","+ 91  422 2592579","No 9a, Avinashi Road Civil Aero Drome, Aerodrome, Coimbatore - 641014, Near Kovai Medical Hospital"
"Hirotech India PVT LTD","+ 91  9894522499","Kgisl Campus, Thdiyalur Road, Saravanampatti, Coimbatore - 641035"
"South India Corporation (Agenc...","","Coimbatore - 641007"
"A 1 Chips & Exports India Pvt Ltd","+ 91  422 2232456","No 99 Lakshmi Complex 1st Floor, Cross Cut Road, Gandhipuram, Coimbatore - 641012"
"Sony India Pvt Ltd (Regional O...","","No 1025/1 Skander Square 3rd Floor, Avinashi Road, Coimbatore Central, Coimbatore - 641018, Above Cotek Mahindra"
"Builders Association Of India ...","+ 91  422 2547070","93-S, Veera Towers, Krishnaswamy Road, R S Puram, Coimbatore - 641002"
"KPN Travels India Ltd","+ 91  422 2697899","Shop no 90 C 1 Sri Ranga Complex, MTP road, Perianaickenpalayam, Coimbatore - 641020, Near to old Bridge"
"Hewlett Packard India Pvt Ltd ...","18004254999",""
"THE INSTITUTE OF CHARTERED ACC...","+ 91  422 4270058","44,45 ICAI Bhawan, Mettupalayam road, Thudialur, Coimbatore - 641034, Opposite to Union bank of India"
"Star Colour Park India Pvt Ltd","+ 91  422 3356582","Door No 483 110 Ashok Plaza, Dr Nanjappa Road, Gandhipuram, Coimbatore - 641012, Near Mafsal busstand"
"Stanes Motors South India Ltd","+ 91  422 6584295","Shop No: 1596, Government Arts College Road, Racecourse, Coimbatore - 641018, Opp to Indian Oil Petrol Bunk"
"GTN Engineering India Ltd","+ 91  422 2563328","No 18, K R Puram Road, Ganapathy, Coimbatore - 641006"
"Fosroc Chemicals India Pvt Ltd","+ 91  9842249807","No 988 Selvam Buildings, Thadagam Road, R S Puram, Coimbatore - 641002, Post Box No 1137"
"State Bank Of India","+ 91  422 2532160","# 1, Nehru Avenue, Bharathy Road,, Maniakkarampalaym, Coimbatore - 641006"
"Chandra Automobile india Pvt Ltd","+ 91  422 2426001","No 1/5 C, Thondamuthur Road, Vadavalli, Coimbatore - 641041, Near Marudhamalai Higher Secondary School"
"Central Bank Of India","+ 91  422 2573315","No 7/25, Avanashi Road, Aerodrome, Coimbatore - 641014, Opposite Sitra"
"South India Motors","+ 91  422 2627601","No 2/290, Karayampalayam Road, Chinniampalayam, Coimbatore - 641062, Mayilampatti Po"
"Covai Raja Metals India Pvt Ltd","+ 91  422 2656675","No 100 A, Avarampalayam Road, Ganapathy, Coimbatore - 641006"
"Tulsi Retail Stores India Priv...","+ 91  422 4506668","No : 698 A, Deepam Hospital Building, Trichy Road, Ramanathapuram, Coimbatore - 641045, Opp Alvenia School"
"Rieter India Pvt Ltd","+ 91  422 2320520","L Tower S-Wing Comb Stock Exchange Building 4th Floor, Trichy Road, Singanallur, Coimbatore - 641005"
"Visionary RCM Infotech India P...","+ 91  422 4029243","Module No 404 Tidel Park Elcot Sez 4th Floor, Aerodrome, Coimbatore - 641014, Aerodrome Post"
"A V Properties India Pvt Ltd","+ 91  422 6573265","No 392, Lakshmanan Nagar, 2nd Street Extn., Gandhipuram, Coimbatore - 641012"
"Intex Technologies India Ltd","+ 91  422 4380096","No 45, 9th Street Extension 100 Feet Road, Gandhipuram, Coimbatore - 641012, Near CMS Primary School"
"The New India Assurance Compan...","+ 91  422 2212303","No 11-19 & 20 Peoples Park, Govt Arts College Road, Coimbatore Central, Coimbatore - 641018"
"Auditors Association Of Southe...","+ 91  422 4366934","No 8, D B Road, R S Puram, Coimbatore - 641002, Opp To Savitha Hall"
"Emerald Jewel Industry India P...","+ 91  422 4303131","No 230, East Thiruvenkatasamy Road, R S Puram, Coimbatore - 641002, near ponnaya hospital"
"Central Bank Of India","+ 91  422 2561181","No 32, Mariamman Koil Street, Avarampalayam, Coimbatore - 641006, Ganapathy R O"
"Samsung India Electronics Limited","+ 91  9894640036","1524/1287 C Murugan Towers, Trichy Main Road, COIMBATORE - 641001"
"State Bank Of India","+ 91  422 2311220","No 171, Nanjundapuram Road, Ramanathapuram, COIMBATORE - 641045"
"ABC Agro & Food Machines India...","+ 91  422 2442380","No 284, Dr Amedkar Road, Velandipalayam, Coimbatore - 641025"
"Bank Of India","+ 91  422 2607960","No 56, Siruvani Main Road, Perur, Coimbatore - 641010, Siruvani"
"Emerald Jewel Industry India Ltd","+ 91  422 2461541","300, Mettupalayam Road, Narasimhanaickenpalyam, Coimbatore - 641031, Thoppampatti Pirivu"
"LIC Of India","+ 91  9842144364","No 9/3 P K C Complex, Coimbatore - 641001"
"Steel Authority Of India Limited","+ 91  422 2215527","Cheran Towers, Government Arts College Road, Coimbatore - 641001"
"Pest Control India Pvt Ltd","+ 91  422 4347675","No 5, Brooke Bond Layout, Krishnasamy Mudaliyar Road, R S Puram, Coimbatore - 641002"
"Dresser Valve India Pvt Ltd","+ 91  422 3011000","S F No 608, Chettipalayam Road, Eachanari, Coimbatore - 641021, Near L&T Road"
"Fullertrn India Credit Company...","+ 91  422 2307795","No 729, Raja Street, Coimbatore - 641001, Above Raymond Showroom"
"United India Insurance Co Ltd","+ 91  422 2311128","New No 1940 B Old No 6/659, Trichy Road, Ramanathapuram, Coimbatore - 641045"
"United India Insurance Company...","+ 91  422 2566696","No 104 A Lakshmi Complex 2nd Floor, Peelamedu, Coimbatore - 641004, Near RTO Office South, Peelamedu Pudhur"
"Digital Nirvana Information Sy...","+ 91  422 3957777","No 365 KG Campus, Thudiyalur Road, Saravanampatti, Coimbatore - 641035"
"State Bank Of India","+ 91  422 2610026","S F No 248 Site No 3, Pollachi Main Road, Malumichampatti, Coimbatore - 641050"
"Datafield India Pvt Ltd","+ 91  421 2913151","No 119/1 B, Mudalipalayam Road, Arasur, Coimbatore - 641407, Arasur Post Near L&T Byepass"
"Institutes Of Cost Accountant...","+ 91  422 2236470","No 13 & 14 Sfi Apartments, Sathiyamoorthy Road, Ram Nagar, Coimbatore - 641009, Near Ayyappa Seva Sangam"
"Central Bank Of India","+ 91  422 2522869","No 65-A, Menon Road, Sidhapudur, Coimbatore - 641044, Near Jaya Bakery"
"WILDCRAFT India Pvt ltd","+ 91  422 4350044","No. 577/4, DB Road, R S Puram, Coimbatore - 641002, Opposite KFC"
"Jayachandra Bearings India Pvt...","+ 91  422 2300245","1002, Avinashi Road, Coimbatore - 641014"
"Amway India Enterprises","+ 91  422 2238344","1603, Indian Airlines Building, Trichy Road, Coimbatore - 641001"
"Infinite Displays India Privat...","+ 91  9047022384","Sf 412, Pattanam Pudur, Coimbatore - 641016, L & T Bye pass"
"Vaccine Center India PVT LTD","+ 91  422 4377101","No 47, 8th Street 100 Feet Road, Tatabad, Coimbatore - 641012, Opp To State Bank Of Mysore"
"Super Sales India Limited (Reg...","+ 91  422 2222404","No -34 A, Kamaraj Road, Coimbatore Central, Coimbatore - 641018, Racecourse"
"SGS India Pvt Ltd","+ 91  422 2220674","No 1025/1 Skanda Square 1st Floor, Avinashi Road, Coimbatore Central, Coimbatore - 641018, DOWNSTAIR TO KOTAKMAHINDRA BANK"
"Pepsico India Holdings Pvt Ltd","+ 91  422 4041900",""
"Khadims India Ltd","+ 91  422 6450391","No 532, Oppanakara Street, Coimbatore - 641001, Near Pothys & Prakasam Bus Stop"
"Integrated Enterprises India Ltd","+ 91  422 2471944","No 29/176 Janaki Appartments, Ramalingam Road West, R S Puram, Coimbatore - 641002, Near Db Road"
"Aadhava Garments India Private...","+ 91  9629385222","2/166a,Prega Compound,, Peelamedu, Coimbatore - 641004"
"Point Perfect Transcription Se...","+ 91  422 2220179","No 11 Janaki Nilayam, Coimbatore Central, Coimbatore - 641018, Race Course"
"Best Pumps India Pvt Ltd","+ 91  422 3202456","No 6 B, Thadagam Road, Velandipalayam, COIMBATORE - 641025"
"Bata India Ltd","+ 91  422 3226233","261,avinishi road, hope college, Coimbatore - 641004, opposite GrG school,Near Bullet show room"
"Indrola Steel Rolling Mills In...","+ 91  422 2461160","No 28, N G G O Colony, Coimbatore - 641022, Maniyakaranpalayam Idigarai Post"
"State Bank Of India","+ 91  422 2460016","No 9/2 A R P Swamy Complex, M T P Road, Narasimhanaickenpalyam, Coimbatore - 641031"
"Seyyone Learning Solutions Ind...","+ 91  422 2320304","No 73 Anna Nagar, Ramanathapuram, Coimbatore - 641045"
"Whirlpool Of India Limited","+ 91  9600887766","260, Avarampalayam Road, Sidhapudur, Coimbatore - 641044, 3rd Floor V V Complex"
"Vinn Bpo Services India Pvt, Ltd","+ 91  422 6530653","Coimbatore - 641018"
"Stock Holding Corporation Of I...","+ 91  422 2241606","Door No A-108 1st Floor Raheja Centre No 1073/74, Avinashi Road, Coimbatore Central, Coimbatore - 641018, Near Residency Hotel"
"United Bank Of India","+ 91  9444536813","Souethern Colony, Railway Road, Racecourse, Coimbatore - 641018"
"Inter India Express","+ 91  422 6737716","No 63 Nachi Complex 1st Floor, Kaleswara Mill Road, Katoor, Coimbatore - 641009"
"P R Readymiix India Pvt Ltd","+ 91  422 2433333","No 124 A, Raja Annamalai Road, Saibaba Colony, Coimbatore - 641011, Near Bharathi Park Water Tank"
"IIFL Gold Loan","+ 91  422 4347358","J Mettupalayam Road, Kavundampalayam, Coimbatore - 641030, Sanganur Village,Kauvandampalayam"
"State Bank Of India","+ 91  422 2971323","Elcot S IT Sez, Aerodrome, Coimbatore - 641014, Civil Aerodrome"
"Information Evolution India Pv...","+ 91  422 4528282","768a 1st Floor, Puliyakulam Road, Papanaickenpalayam, Avinashi Road, Coimbatore - 641014, Idea building"
"Pepsi-Cola India Marketting Co...","+ 91  422 2873595","421-C, Palghat Main Road, Kunniyamuthur, Coimbatore - 641008"
"MModal Global Services Pvt Ltd","+ 91  422 4225000","Techno Park Block No 4 Rathnam Techzone, Pollachi Road, Eachanari, Coimbatore - 641021, Near Karpagam Arts"
"Small Industries Development B...","+ 91  422 2243896","No 1055/7 Gowtham Centre Post Box No 4033, Avinashi Road, Racecourse, COIMBATORE - 641018"
"Central Bank Of India","+ 91  422 2305966","No 1603 BMH Srinivas Towers, Trichy Road, Coimbatore Central, Coimbatore - 641018"
"Kaakateeya Marriages India Pvt...","+ 91  9842314444","No 4, Ramakrishna Nagar, Sidhapudur, Coimbatore - 641044, Opposite to Polymer channel"
"India Post","+ 91  9500626370","Postmaster, R S Puram, Coimbatore - 641002"
"Briggs And Stratton India Pvt Ltd","+ 91  422 3008555","No 37/1-C, Palladam Road, Ondipudur, Coimbatore - 641016, Pappam Patti Privu"
"United India Insurance Company...","+ 91  422 2688778","No 6, Railway Feeder Road, Sulur, Coimbatore - 641402, Near LIC Office"
"Lic Of India","+ 91  9789544888","India Life Building Annexe, 4th floor (Singanallur branch), Trichy Road, Coimbatore Central, Coimbatore - 641018, Coimbatore G.H.signal"
"Bank Of India","+ 91  422 2414123","No 4/143, Podanur Road, Vellalore, Coimbatore - 641111, Near Vellalore Government School"
"Macmillan Publishers India Ltd","+ 91  422 3918201","No 136, Sarojini Street, Ram Nagar, Coimbatore - 641009"
"Aptus Value Housing Finance In...","+ 91  422 4399444","No 95 A Vyshnav Complex 3rd Floor, Race Course Road, Coimbatore Central, Coimbatore - 641018, Opposite KG Theatre"
"Saint Gobain Glass India Ltd","+ 91  422 4373670","No 211 Mayflower Complex, 10th Street, Tatabad, Coimbatore - 641012"
"IIFL Gold Loan","+ 91  422 4270574","Door No1946, Trichy Road, Ramanathapuram, Coimbatore - 641045, (Opp) Karur Vysya Bank"
"Sabols Marketing India Pvt Ltd","+ 91  9843860055","No 22, Kannusamy Road, R S Puram, Coimbatore - 641002, Behind Annapoorna Hotel"
"Crisp System India Pvt Ltd (Co...","+ 91  422 4036900","No 120 Crisp Towers Ground Floor, Nehru Street, Ram Nagar, Coimbatore - 641009, Gandhipuram"
"Apc India Pvt Ltd (Customer Care)","18004254877","COIMBATORE - 641001"
"M D INDIA HEALTHCARE SERVICES ...","+ 91  422 2436051","No 12, Thadagam Road, Govt College Of Technology, COIMBATORE - 641013, Near Rajkamal Estate Venkitapuram"
"IBM India Pvt Ltd (Customer Care)","1800425333 18004256666","Thudialur, Coimbatore - 641034"
"Ampo Valves India Pvt Ltd","+ 91  422 4640900","S F No 420, 6th Cross V K Road, Peelamedu, Coimbatore - 641004, Near Thaneer Pandal"
"Indus Electronics India P Ltd","+ 91  422 2626020","Plot No 3, Aerodrome, Coimbatore - 641014, Electronics Industrial Estate Civil Aerodrome Post"
"Sree Dhaksha Property Develope...","+ 91  9600971752","1,Gandhi Layout ,, 1st Floor,Sree Veera's Tower, Bharathiar University, Coimbatore - 641046, Maruthamalai Road"
"Sri Renga Apparels India Pvt Ltd","+ 91  422 2648556","No 4/188 A, Vadamadurai Kurudampalayam, Coimbatore - 641017, Palanigoundanpudur"
"Barani Hydraulics India Pvt Ltd","+ 91  422 2669081","No 1043/1 1044/1, Kurumbapalayam Main Road, Kalapatti, Coimbatore - 641048, opposite duraisamy thottam"
"United India Insurance Company...","+ 91  422 2693326","No 1/48-E Jayanthi Complex, Mettupalayam Road, Sri Ramakrishna Vidyalaya, Coimbatore - 641020, Periyanaickenpalayam"
"State Bank Of India","+ 91  4254 272988","No 37, East Car Street, Karamadai, Coimbatore - 641104, Near Aranganathanswamy Temple"
"LIC Of India","+ 91  9842209162","104/2, Mahadevapuram, Mettupalayam, Coimbatore - 641301, ,"
"Metlife India Insurance Co Pvt...","+ 91  422 4368200","170a 1st Floor, Silver Monnt, R S Puram, Coimbatore - 641002, D B Road"
"M Square Ventures & Consulting...","+ 91  422 2590402","No 55 Rangasamy Layout, Peelamedu, Coimbatore - 641004, Lakshmipuram"
"Bharadwaj Careways India Pvt. ...","+ 91  422 2342577","Selvapuram, Coimbatore - 641026, Ramamurthi Road"
"PCS India Pvt Ltd","+ 91  422 4243500","No 12 Suhas Nest, N G Narayanasamy Street, Sidhapudur, Coimbatore - 641044, Gandhipuram New Siddhapudur"
"Vision Express India","+ 91  422 2255255","No G 5 A 67/71 Brookefields Plaza Ground Floor, Brookebond Road, Coimbatore - 641001, Near Railway Station"
"Otis Elevator Company India Ltd","+ 91  9677039599","No 14-17 V J Business Centre First Floor, Trichy Road, Coimbatore Central, Coimbatore - 641018, Grg Layout Near G H Hospital"
"Redington India Ltd","+ 91  422 2430115","No 247, Alagesan Road, Saibaba Colony, Coimbatore - 641011, Saibaba Mission Post"
"Lafarge Aggregates & Concrete ...","+ 91  422 2361300","No 481/2, Achankulam Road, Coimbatore - 641001, Mudilipalayam Pirivu Muthugoundenpudur"
"EXL India Pvt Ltd","","No 90, Nadar Street, Coimbatore - 641001, Naicker Thottam"
"Spectra Plast India Pvt Ltd","+ 91  422 2665872","No 2/108, Kanchi MAA Nagar, Vilankurichi, Coimbatore - 641035, Cheran Maanagar 5th Bus Stop"
"Circor Flow Technologies India...","+ 91  421 2321600","S F 337/2 No 15, Thennampalayam Annur Road, Karumathampatti, Coimbatore - 641659, Naranapuram Village Ponnandampalayam"
"Union Bank Of India","+ 91  422 2626025","No 1/507, Avinashi Road, Nilambur, Coimbatore - 641062"
"Tranz India Corporate Network ...","+ 91  422 4213050","No 204 Sanjayraaj Towers, 100 Feet Road, Tatabad, Coimbatore - 641012, Near Karpagam Theatre"
"Supreme Computers India Pvt Ltd","+ 91  422 4372858","No 272 2nd Floor, Dr Alagappa Chettiyar Road, Gandhipuram, COIMBATORE - 641012, Opposite Kamarajar Matriculation School"
"Kone Elevator India Pvt Ltd","+ 91  422 2242227","N0 125, Dpf street, Papanaickenpalayam, Coimbatore - 641037, Ramasamy Naidu Layout"
"South India Corporation Ltd","+ 91  422 2223358","No 43, Race Course Road, Coimbatore Central, Coimbatore - 641018, Behind Sigma Opp To Collector Bunglow"
"Avery India Ltd","+ 91  422 2221857","No 6/1 A, North Hosur Road, Coimbatore Central, Coimbatore - 641018"
"R R Housing India Pvt Ltd","+ 91  422 4355222","No 87, Ponnurangam Road West, R S Puram, Coimbatore - 641002, Opposite Chandra Honda"
"South India Steel Corporation","+ 91  422 4508389","No 15/349, Mettupalayam Road, Sriavanashilingam Hsc, Coimbatore - 641043, Near Murugan Mill"
"World Vision India","","No 75 B, Peelamedu, Coimbatore - 641004, Kangayam A D P Sri Nagar Near Hopes College"
"WEDNESDAY CORPORATE SOLUTIONS ...","+ 91  422 4359119","109,, Dhaskand street, B R puram, Hopes, Coimbatore - 641004, Near aircel office"
"G4S Facility Services India Pv...","+ 91  422 2597296","No 2/1 Ab, Perks Arch Road, Uppilipalayam, Coimbatore - 641015"
"Sabols Marketing India Pvt Ltd","+ 91  422 6455411","No 1/1, Singanallur, Coimbatore - 641005, Thiru Nagar Near Ranganayagi Kalyana Mandapam"
"India Airlines Ltd (Airport Of...","+ 91  422 2574672","Aerodrome, Coimbatore - 641014"
"Thulasi Pharmacies India Pvt Ltd","+ 91  422 2617800","Door No 6/8, Mathampatti Road, Thondamuthur, Coimbatore - 641109, Near Police Station"
"Classic Suzuki India Pvt Ltd","+ 91  8754002669","No 36/1, Trichy Road, Sulur, Coimbatore - 641402, Ranganathapuram Opposite Eb Office"
"J S Auto Cast Foundry India Pv...","+ 91  422 2653787","No 165/1, Ganesapuram, Coimbatore - 641107, Semba Gounden Pudur Kuppapalayam"
"Icsi Of India","+ 91  422 2340797","No C 3 No 16/17 A R Plza, North Rali St, , Madurai"
"Saint - Gobain India Pvt Ltd G...","+ 91  9489487554","No 300, 5th Street Extension, Gandhipuram, Coimbatore - 641012, Behind Kalyan Sarees"
"Armour Steel Buildings India P...","+ 91  422 4380982","No 76 C 2nd Floor, Ansari Street, Ram Nagar, Coimbatore - 641009"
"Real Link Engineering India Pv...","+ 91  422 2236022","No 4, Park Street, Ram Nagar, Coimbatore - 641009, Kattoor"
"United India Insurance Company...","+ 91  422 2438254","No 266 Kapila Towers, Mettupalayam Road, Sriavanashilingam Hsc, Coimbatore - 641043, opposite to saibaba temple"
"USAM CADSoft India Private Lim...","+ 91  9382249434","No 122, 2nd Street Extension, Gandhipuram, Coimbatore - 641012, Near Kalyan Sarees"
"Tuv Rheinland India PVT LTD","+ 91  9894066500","41, Shristi Mahal, II Level, 8th Street, Coimbatore - 641001, Tatabad"
"Saytaxi India","+ 91  8124440444","No 180 2nd Floor, Orbit Avenue, Racecourse, Coimbatore - 641018"
"Legrand India Pvt Ltd (Marketi...","+ 91  422 2223634","D/15, Thirumalai Towers, 4/D, 4th Floor, 723, Avinashi Road, Coimbatore Central, Coimbatore - 641018"
"State Bank Of India Home Loans","+ 91  422 2302845","Kurinchi Complex 1st Floor, State Bank Road, Coimbatore Central, Coimbatore - 641018"
"State Bank Of India (Agri Comm...","+ 91  422 2300755","No 1605 Bmh Srinivas Air India Building 3rd Floor, Trichy Road, Coimbatore Central, Coimbatore - 641018"
"India Bulls Credit Services","+ 91  422 6456547","No 182 Satyam Towers 2nd Floor, D B Road, R S Puram, Coimbatore - 641002"
"Victory Point Communications I...","+ 91  422 4270546","No 209 S S Complex, Mettupalayam Road, Saibaba Colony, Coimbatore - 641011, Opposite Ganga Hospital"
"Pope Professional India Pvt Ltd","+ 91  422 4273557","No 89 B R Layout Phase I, 80 Feet Road, Sowripalayam, Coimbatore - 641028, Rajiv Gandhi Nagar Near Perks School"
"LIC Of India","+ 91  422 2492308","Tatabad Branch, 224-B, 100 Feet Road, Tatabad, Coimbatore - 641012"
"Covai Property Centre India Pv...","+ 91  422 6572625","No.8, Rakavis Square,, Rahuman Sait Colony, Sowripalayam Road, Ramanathapuram, Coimbatore - 641045"
"Adventures India","+ 91  422 4355560","No 78/A 1st Floor, Kongu nagar, Ramanathapuram, COIMBATORE - 641045, Alvenia School"
"State Bank Of India","+ 91  422 2414116","No 1/2 Phase 2, Vellalore Main Road, Vellalore, Coimbatore - 641111, L G Nagar"
"Central Bank Of India","+ 91  422 2574761","No 48 B, Kamarajar Road, Uppilipalayam, Coimbatore - 641015, Opp To Bus Stand"
"Orbinox India Pvt Ltd","+ 91  422 6691261","S F No 608/3 A 2 B & 608/3 A A B, Eachanari Chettipalayam Road, Eachanari, Coimbatore - 641021, Opposite Road Ganesh Temple"
"Messer Cutting Systems India P...","+ 91  422 7155521","No 198/2a2b & 199/2b, Snmv College Road, Malumichampatti, Coimbatore - 641050, towards lnt"
"Schuf Speciality Valves India ...","+ 91  421 2264622","No 6/16, Karumathampatti, Coimbatore - 641659, Ponnandampalayam, Kaniyur Post"
"Dot Com International Solution...","+ 91  422 4393331","No 1056/1 2nd Floor Lakshya Building, Avinashi Road, Coimbatore Central, Coimbatore - 641018, Near State Bank Of India"
"transport corporation of indi...","+ 91  422 3254641","Coimbatore - 641001"
"life insurance corparation of ...","+ 91  9159730120","red rose chambers, trichy road, Coimbatore - 641007, direct marketing unit"
"Mahindra Holidays & Resorts In...","+ 91  9843111954","4-A,Srimathi Complex Cowley Brown Road Coimbatore, Coimbatore - 641001"
"Fanuc India Pvt Ltd","+ 91  422 2240302","No 41 J Prabhu Complex 1st Floor, Dr Balasundaram Road, Coimbatore Central, Coimbatore - 641018, near kovai towers"
"Epson India Pvt Ltd (Regional ...","+ 91  9894219200","No 112/A, Senthil Jeyaraj Complex, Dr Nanjappa Road, Coimbatore Central, Coimbatore - 641018, Near Alagendra Automobiles"
"State Bank Of India ATM","1800112211","No 285, Sathy Road, Gandhipuram, Coimbatore - 641012, Near Ellen Hospital & 100 Feet Gp Signal"
"G Ramamoorthi Construction Ind...","+ 91  422 2496675","No 93/81, Vinayagar Street, Gandhipuram, Coimbatore - 641012, Sivanandha Colony Near Sheela Health Centre"
"Cads Software India Pvt Ltd","+ 91  422 2306991","No 17, Mill Road, Coimbatore - 641001, Near Andhra Bank"
"Asec Resource India Pvt Ltd","+ 91  422 5379203","No 752 Sjb TVS 1st Floor, Avinashi Road, Coimbatore Central, Coimbatore - 641018, Opposite Vodafone Store"
"Infonic India Financial servic...","+ 91  422 4510100","108A/92, West ponunuranga road, R S Puram, Coimbatore - 641002, leftside Barath Petrol Bunk"
"Automobile Association Of Sout...","+ 91  422 2302994","No 1246 India House, Trichy Rd, Coimbatore Central, Coimbatore - 641018, Elgi"
"Angler Technologies India Pvt Ltd","+ 91  422 2313938","No 1144 Jupiter House, Trichy Road, Ramanathapuram, Coimbatore - 641045"
"Lic Of India","+ 91  422 2695700","P.n.palayam, Coimbatore, Papanaickenpalayam, Coimbatore - 641045"
"Erc Parcel Services East India...","+ 91  9843025348","241 A, Thyagi Kumaran Street, Coimbatore - 641001"
"Water Tec Systems India Pvt Lt...","+ 91  422 2361447","No 10/60, Sengoda Goundan Pudur Road, Muthugoundenpudur, Coimbatore - 641406, Neelambur Village"
"IIFL gold loan pvt ltd","+ 91  422 2670280","No 299a, 1st Floor, Pollachi Main Road, Sundarapuram, Coimbatore - 641024, Opposite Reshmika Hospital"
"Unirols Card Clothing India (P...","+ 91  9500461555","S. F. No: 362 / 4, Bharath Nagar, Anna Nagar Extension, Neelikonampalayam, Neelikonampalayam, Coimbatore - 641033"
"Gilbarco Veeder-Root India Pvt...","+ 91  422 6628001","No 628/2 & 627/2 Coimbatore Campus W-4, Malumichampatti, Coimbatore - 641050"
"Century Wells Roofing India Pv...","+ 91  9789974899","No 1/166-4-5-6, Arasur, Coimbatore - 641407, Ranga Nagar Post Mudhalipalayam"
"United India Insurance Company...","+ 91  4254 222113","280, Ooty Main Road, Mettupalayam, Coimbatore - 641301, Mettupalayam"
"Metlife India Insurance Pvt Ltd","+ 91  9787707001","No 170a, First Floor,D B Road, R S Puram, Coimbatore - 641002"
"Ems Cargo India Pvt Ltd","+ 91  422 2510713","No 15, Third Street Vilankurichi Road, Peelamedu, Coimbatore - 641004, Maheshwari Nagar"
"Fullerton India Credit Co Ltd","+ 91  422 3220490","B 4 Ground & 1st Floor Kurichi Housing Unit, Phase 1, Sidco Industrial Estate, Coimbatore - 641021"
"Citi Financial Consumer Financ...","+ 91  9943729437","No 442/443 Arthi Building, Cross Cut Road, Gandhipuram, Coimbatore - 641012"
"South India Trading Agencies","+ 91  422 2380717","No 156 Parsn Trade Plaza, Dr Nanjappa Road, Coimbatore Central, Coimbatore - 641018, Near Eb Office"
"Laptop store india pvt Ltd","+ 91  422 2255554","Tk 2 3rd Floor Brookefields Mall, Krishnasamy Road, R S Puram, Coimbatore - 641002, Opposite KFC Near Lift Lobby"
"Hewlett Packard India Sales Pv...","+ 91  422 2215486","No 8/10, G D Naidu Street, Coimbatore Central, Coimbatore - 641018, Race Course Back Side Of Nilgiris"
"Schneider Electric India Pvt Ltd","+ 91  422 3940400","No 104 Classic Tower 3rd Floor, Trichy Road, Racecourse, Coimbatore - 641018, Near Government Hospital"
"South India Hardware and Tools","+ 91  8680036800","850, Mettupalayam Road, Coimbatore - 641001, Opp to flower market"
"United Bank Of India Ltd","+ 91  422 2397889","No 24 / 831-832, Oppanakara Street, Coimbatore - 641001"
"The Southern India Mills Assoc...","+ 91  422 2221391","No 41, Race Course Road, Racecourse, Coimbatore - 641018"
"Amulya Infotech India Pvt Ltd","+ 91  422 4225888","No 132 GSV Centre 2nd & 3rd Floor, East Bashyakaralu Road, R S Puram, Coimbatore - 641002, Near Vedhanayagam Hospital"
"Export Credit Guarantee Corpor...","","No B-209, Race Cse Road, Coimbatore Central, Coimbatore - 641018"
"Bank Of India","+ 91  422 2396271","Star House, 324 Oppanakara Street, Coimbatore - 641001"
"Aryan Motors India Pvt Ltd","+ 91  422 02442025","Sriavanashilingam HSC, Coimbatore - 641043"
"Sun Cabs Travels India Pvt Ltd","+ 91  422 2551194","No 86, T V Samy Road West, R S Puram, Coimbatore - 641002"
"PR Readymix India PVT LTD","+ 91  9443318553","124, Raja Annamalai Road, Saibaba Colony, COIMBATORE - 641011, Saibaba Colony"
"G K Management Services India Ltd","+ 91  422 4385850","No : 142 Gkm Towers, Alagesan Road, Saibaba Colony, Coimbatore - 641011, Near Ramesh Mess"
"Netafim Irrigation India Pvt Ltd","+ 91  422 2451284","Door No 89 Ramachandra Layout 1st Floor, Raja Annamalai Road, Saibaba Colony, Coimbatore - 641011, Opposite Rashion Shop"
"Atlas Copco India Ltd Fortune ...","+ 91  422 2221135","No 42-C, Race Course Road, Coimbatore Central, Coimbatore - 641018"
"Renold Chains India Pvt Ltd","+ 91  422 4226800","No 6/16/13, Krishnarayapuram Road, Ganapathy, Coimbatore - 641006"
"A R Moulds & Dies India Pvt Ltd","+ 91  422 2532815","New No 33 & 34 Anns Estate, Ganapathy, Coimbatore - 641006, Alamelumangapuram"
"Ion Exchange India Ltd","+ 91  422 02526012","Ganapathy, Coimbatore - 641006"
"Emerald Jewel Industry India P...","+ 91  422 2394180","No 333 2nd Floor, Big Bazaar Street, Coimbatore - 641001"
"Sri Karpagam Mills India Pvt Ltd","+ 91  422 2666384","No 3, Ganapathy, Coimbatore - 641006, Udayampalayam Chinnavedampatti Post Samian Thottam"
"Reshmi Industries India PVT LTD","+ 91  422 3251294","S F No 274, Anna Private Industrial Estate, Vilankurichi Road, Vilankurichi, Coimbatore - 641035, Hope College - IT Park Opp. Water Tank Next R&D Soft"
"Merrill technology Services In...","+ 91  422 6657400","Module No 103 Tidel Park Elcot Sez IT Es, Vilankurichi Road, Aerodrome, Coimbatore - 641014"
"Department Of Botanical Survey...","+ 91  422 2432788","Lawley Road, Coimbatore - 641003"
"Indian Cotton Federation","+ 91  422 2572115","No 477, Kamarajar Road, Uppilipalayam, Coimbatore - 641015, Near Peelamedu Telephone Exchange"
"Quattro Engineering India Ltd","+ 91  422 2571606","No 1/A 1, 1st Street, Uppilipalayam, Coimbatore - 641015, Jothi Nagar"
"Mother India City Shelters Pvt...","+ 91  422 3199100","No 438 A, 2nd Floor, Kamaraj Road, Lakshmipuram, Peelamedu, Coimbatore - 641004, Near Hope College"
"Fine Fab India","+ 91  422 2673459","No 48, Pollachi Main Road, Sidco Industrial Estate, Coimbatore - 641021, SAI Nagar Behind Titan Paints"
"Dynavac India Pvt Ltd","+ 91  422 6526211","No 302 ALG Farms, Vedapatti, Coimbatore - 641007, Near MGR Nagar, Nambiyalagan Palayam"
"International Sky Services Ind...","+ 91  422 4399099","Old No 3 New No 41a & B, Avinashi Road, Aerodrome, Coimbatore - 641014, Raj Priya Avenue Near Psg College Of Arts & Science"
"Atlas Healthcare Software Indi...","+ 91  422 4203256","Building A1 Span Ventures Pvt Ltd, Sez Pollachi Main Road, Eachanari, Coimbatore - 641021, opposite to mahaveer temple"
"Univercell Telecommunications ...","+ 91  9840398888","No 16/496, Metupalayam Road, Perianaickenpalayam, Coimbatore - 641020, Next Meenakshi Bhavan & Below Muthoot Fincorp"
"Ascent Aquajack India Pvt Ltd","+ 91  422 4234100","No 9/10 Sharp Tools Building, Chitra Road, Kalapatti, Coimbatore - 641048, Sharp Nagar"
"Makino India Pvt Ltd","+ 91  421 6661700","Survey No 81, Arasur, Coimbatore - 641407, Sulur Taluk"
"State Bank Of India","+ 91  422 2683005","No 3/182, Kamdampadi Road, Kangayampalayam, Coimbatore - 641401"
"Union Bank Of India (Phone Ban...","1800222244","Coimbatore"
"Intex Technologies India Ltd","+ 91  9789488089","469, Ponnlan Street, Gandhipuram, Coimbatore - 641012, Cross Cut Road"
"Bata India Ltd","+ 91  422 3226229","No 17/145, Oppenakara Street, Oppanakara Street, Coimbatore - 641001, Near Ganapathy Silks"
"G2 Technology Solutions India ...","+ 91  422 6451489","S.F. No. 174 / 2, First Floor,, Thiruvalluvar Street, Gnanambika Mills, Coimbatore - 641029, Vellakinar Pirivu"
"Maharani Sports India","+ 91  422 2304502","No 674 1st Floor, Thomas Street, Town Hall, Coimbatore - 641001"
"JMC projects india ltd","+ 91  422 2423952","Coimbatore - 641005"
