"Name","Phone","Address"

"Guru Aatam Vallabh Jain Instit...","+ 91  9417002930","Jain Bhawan, Jain Mandir Street, AMRITSAR - 143001"
"Garg Pharma","+ 91  183 2556875","Amritsar - 143001"
"Jolly Pharma","+ 91  9855776711","Amritsar - 143001"
"K R Jain","+ 91  183 2548685","77, Amritsar - 143002, Hall Bazar"
"S S Jain Jewellers","","Amritsar - 143001"
"Around The World Tours And Tra...","+ 91  183 5018840","Laxmansar, Amritsar, Amritsar - 143001"
"Concepts The Interior Shop","+ 91  183 2402198","14 A, Dasondha Singh Road, Amritsar - 143001"
"Kishan Chand Ruri LAL Jain Di ...","+ 91  183 2543735","151, Amritsar - 143001, Idh Mkt,Opp Suraj Chanda Cinema"
"Pharma Machines & Polymers","+ 91  183 2588373","228, Mehta Rd, Amritsar - 143001, Focal Point"
"Med Fox Pharma Pvt Ltd","+ 91  183 2580925","423, Amritsar - 143001, Focal Point"
"Veeru Mal Mulkh Raj Jain Rice ...","+ 91  183 2431584","Amritsar - 143001, Gehri Mandi"
"Yorks Pharma","+ 91  183 2711880","Fatehgarh Churian Road, Amritsar Bus Stand, Amritsar - 143001, Near Brindaban Garden,,21milestone"
"Mahaveer Pharma","+ 91  9814802314","No-60-B, Rani Ka Bagh, Rani Ka Bagh, Amritsar - 143001, Amritsar"
"Johal Homoeopathic Clinic","+ 91  9781444801","Mehta Road, Amritsar - 143002, Near Focal Point, Jawahar Nagar,"
"Approach Pharma","+ 91  9217728400","39, Chaudhary Plaza, Amritsar - 143001, Nr Nandan Cinema"
"Directions The Firm","+ 91  183 2508091","116-b, anand avenue, Amritsar - 143001, Manav Public School"
"Gian Chand Kapur Chand Jain","+ 91  183 2554544","Bazar Barlwa, Amritsar - 143001, Inside Maha Gate"
"SHIVA PHARMA","+ 91  9872815928","Jinda wala chowk, Amritsar - 143001, I/s Hakima gate"
"MAA-The Ultimate","+ 91  8198085289","F.C.Road, Amritsar Kutchery, Amritsar - 143001"
"The Pizza Studio & The Brew Be...","+ 91  9780090314","SCO 116,1st Floor, B-Block Ranjit Avenue, Ranjit Avenue, Amritsar - 143001, Near Cafe Coffee Day"
"Care N Cure Homoeopathic Healt...","+ 91  183 6548733","292-A, Shivala Colony, Opp Govt Girls Senior Secondary School, Amritsar - 143001"
"Rajat Pharma","+ 91  183 2275883","Shop No 6a, Amritsar - 143001, Dhan Dhan Guru Ram Dass Market, Kucha Dal Khana, Katra Sher Singh"
"Raghu Verma In The Prem. Unite...","+ 91  183 2532598","Gokul Market No.2 Ist Fl, M/S United Tradersmoti Bazar, Katra Ahluwalia, Amritsar - 143006"
"Care N Cure Pharma","+ 91  183 2580059","Plot Number- 373 A, Mohan Nagar, Amritsar - 143006, Near Sand Market, East Mohan Nagar"
"Ess Pee Pharma Agency","+ 91  183 2557864","Katra Sher Singh Building Hall Bazar Amritsar, Katra Sher Singh, Amritsar - 143006"
"Shri Gee Vet Pharma","+ 91  183 5014993","Super Market,Furniture Bazar,Near Gain Lassi Wala,Kt.sher Singh,Amritsar., Katra Sher Singh, AMRITSAR - 143006"
"Sahni And Sahni Pharma Distrib...","","Katra Sher Singh, Katra Sher Singh, Amritsar - 143006"
"Ganpati Pharma","+ 91  183 5010006","Katra Sher Singh, Katra Sher Singh, Amritsar - 143006"
"A. B. Pharma","","Katra Sher Singh, Katra Sher Singh, Amritsar - 143006"
"Fair Pharma","","Katra Sher Singh, Katra Sher Singh, Amritsar - 143006"
"YOG Ratan Pharma","+ 91  183 2534851","Katra Sher Singh, Katra Sher Singh, Amritsar - 143006"
"Rameshwar Pharma","","Katra Sher Singh, Katra Sher Singh, Amritsar - 143006"
"Indra Sehgal Pharma","+ 91  183 5008648","Katra Sher Singh, Katra Sher Singh, Amritsar - 143006"
"K K Pharma","+ 91  183 3112204","47, Hide Road Singh Complex, Near Hussainpura Chowk, Amritsar - 143001"
"MAINI TELECOM THE MOBILE hut","+ 91  9780931204","HUSSIANPURA Chownk, Gt Road, Amritsar - 143001, NEAR BUS STANd"
"Glossy Melbourne The Unisex salon","+ 91  8437959113","36, Lawrence Road, Amritsar - 143001, Above SBI ATM, Nai Sarak"
"Om Pharma","+ 91  183 2425342","Katra Sher Singh, Amritsar - 143001, Telephone Exchange"
"Angel The World Of Beauty","+ 91  183 5089116","Pultighar, Amritsar, G T Road, Amritsar - 143001"
"Jiten Jain","+ 91  8146865555","H No-161/11-2 Gali,Tiwarian Inside Lohgarh,Gate, Lohgarh Gate, Amritsar - 143006"
"Bhatia Sons The Diamond People","+ 91  183 2535119","Shop-4-5, Guru Bazar, Amritsar - 143006, Near Darshni Deori, Guru Nagar"
"B.R. Jain Jewellers","+ 91  183 2547506","Guru Bazar Amritsar Gpo, Guru Bazar, Amritsar - 143006"
"Amit Pharma","+ 91  183 5005168","Katra Sher Singh, Amritsar - 143006"
"Arun Pharma","+ 91  183 3093763","Katra Sher Singh, Amritsar - 143006"
"Bio Pharma","+ 91  183 2551035","Katra Sher Singh, Amritsar - 143006"
"Sonu Pharma","+ 91  183 5063425","Katra Sher Singh, Amritsar - 143006"
"Shakti Pharma","+ 91  183 2542509","Katra Sher Singh, Amritsar - 143006"
"FANTASY the lingerie shop","+ 91  8528472362","Shop no 110, Ganpati tower, Lawrence Road, Amritsar - 143001, Near custom colony"
"NIRMAL BOUTIQUE The Fashion St...","+ 91  9814699565","Flat no. 3, Ranjit Avenue B Block, Ranjit Avenue, Amritsar - 143001, Near Ram Sharnam Hospital"
"VERSATILE - THE GIFT PLANET","+ 91  9653410441","53, Ranjit Avenue A Block, Ranjeet Avenue Block A, Amritsar - 143001, Near Parvati Devi Hospital"
"A S Wehgal Pharma","+ 91  183 2530550","Shop No-7, Katra Sher Singh, Amritsar - 143006, Harman Market,"
"Deep Pharma","+ 91  183 5096479","Shop Number 2, Katra Sher Singh, Amritsar - 143006, Khanna Market"
"Pharma General Traders","+ 91  183 2555532","Katra Sher Singh, Amritsar - 143006"
"Sethi Pharma","+ 91  183 2543672","Shop Number-15, Katra Sher Singh, Amritsar - 143006, New Medicine Market"
"Aman Pharma","+ 91  183 5093136","Katra Sher Singh, Amritsar - 143006"
"Satyam Pharma","+ 91  183 5050346","Shop No-3, Katra Sher Singh, Amritsar - 143006, Dhanguru Ramdas Market, Gali Kuchha Dai Khanna"
"Joshi Pharma Chemist & Druggists","+ 91  183 2553557","2056/12, Katra Sher Singh, Amritsar - 143006, Kucha Daikhana, Hall Bazar"
"Bhasin Pharma","+ 91  9814152854","2488/12, 1st Floor, Katra Sher Singh, Amritsar - 143006, Near Dav College"
"Union Pharma","+ 91  183 2543686","Katra Sher Singh, Amritsar - 143006, Kucha Dai Khana,Near Hall Bazar"
"RANAS The ROCK GYM","+ 91  8437712400","184, 2nd floor, main bazar, Rani Ka Bagh, Amritsar - 143001, Back side Model Town mandir"
"Standard Pharma","+ 91  183 2534233","Shop No-15, Katra Sher Singh, Amritsar - 143006, Opposite Khera College, Kucha Dat Khana"
"O-zone the fittness world","+ 91  8968439952","3, Police line, Lawrence Road, Amritsar - 143001, Near d a v public school"
"SUN CHASER THE MUSIC SHOP","+ 91  9872544188","Shop No 1, Lawrence Road, Amritsar - 143001, Opp Pizza Hut"
"Race the fire of fashion","+ 91  9780660801","Shop no 629, Basant nagar, Amritsar - 143001, Near mata mandir"
"Thindz The Mobile Shop","+ 91  9888536751","Shop no. 68, Railway link road, Amritsar - 143001, Walia market"
"PARKASH HARDWARE STORE the har...","+ 91  9914058013","In side ram bagh bazar, Ram Bagh, Amritsar - 143001, Opp sunder mobile communication"
"Ghungroo The Music Arcade","+ 91  9888924919","Amritsar - 143001, Ranjit Avenue"
"Hardeep Homoeopathic Hospital","+ 91  183 2560408","Amritsar - 143001, Putligarh , Opposie Railway Workshop"
"S R Jain Shawls","+ 91  183 2545177","9,Uppal Building, Amritsar - 143001, Shastri Market"
"Ravi The Little World","+ 91  183 5067069","Amritsar - 143001, Chowk Amrit Cinema,Near Katra Jaimal Singh"
"A K Pharma","+ 91  183 5069856","9, Amritsar - 143001, Shree Guru Dass Market, Kucha Dal Khana, Katra Sher Singh"
"Shree Ram Pharma","+ 91  183 2549264","Amritsar - 143001, Opposite Ramgarhia School, Cheel Mandi"
"Ravi The Fashion World","+ 91  7837202791","Amritsar - 143001, Main Bazar,Atta Mandi,Opposite BSNL Office"
"Dhananjay Pharma","+ 91  183 2291440","No.6, G R D Market,, Amritsar - 143001"
"Bandhu Pharma","+ 91  183 2558929","No.5, B D Market, Amritsar, Amritsar - 143001"
"Anish Pharma","+ 91  183 2555944","No.1, Mahajan Market,, Amritsar - 143001"
"Trendz The Boutique","+ 91  9646015656","Main Road, Amritsar - 143001"
"Dynamic Homoeopathic Store","+ 91  9814180233","Hussain Pura Chowk, Amritsar - 143001"
"Hotel The Great","+ 91  183 2558100","136, Amritsar - 143001, Goal Bagh Opposite Railway Station"
"SONA for the gorgeous one","+ 91  183 5098024","shop no.19, 1st floor, Amritsar - 143001, Alfa one mall"
"Humed Pharma","+ 91  183 2560377","No.A-3, Canal Road, Amritsar - 143001"
"A P Pharma","+ 91  183 2558089","No.5, Harman Market,, Amritsar - 143001"
"Lebon Pharma","+ 91  183 3951860","Katra Sher Singh, Amritsar - 143006"
"Hotel The Bharat Residency","+ 91  183 2550217","Hussainpura Chowk, 4 Kot Atma Singh Road, Amritsar Bus Stand, Amritsar - 143001, Near Bus Stand"
"Bhagwati Pharma","+ 91  183 2306873","Katra Sher Singh, Amritsar - 143006"
"NEO Herbs Pharma","+ 91  183 2744014","Vpo Jethuwal, Amritsar - 143001"
"Prabhat Pharma","+ 91  183 5004067","Shop Number-1, Building Number- 68, Katra Sher Singh, AMRITSAR - 143006, Medicine Market, Near Subhash Park"
"S C Jain Construction PVT. LTD.","+ 91  183 2431555","G.t. Road, Bazar Kasera, Amritsar - 143001"
"Trumpets The Family Restaurant","+ 91  183 5003963","L - 14, Batala Road, Amritsar - 143001, Near Celebration Mall"
"Tuli s The Academy","+ 91  9888808693","5,Basant Nagar, Majitha Road, Amritsar - 143001, Inside Ghala Mala Chowk, Lane Opp. Gopal Mandir"
"Gagan Pharma","+ 91  183 5010107","inside hall gate,khana market, Katra Sher Singh, Katra Sher Singh, Amritsar - 143006"
"M/S. The Millenium School","+ 91  183 2425908","Phase - I, S.G.Enclave, Majitha Road, Majitha, Amritsar - 143601"
"avon the company for women","+ 91  183 5051960","7, Court Road, Amritsar - 143001, oppsite doaba"
"JYOTI HOMOEOPATHIC STORE","+ 91  9888861579","GT road, Amritsar Kutchery, Amritsar - 143001, opp raiway station ner taxi stand"
"Dining By The Garden","+ 91  183 2566618","47- A , Welcomheritage Ranjit's Svaasa, Amritsar - 143002, The Mall"
"Aab The Roof Top Dhaba","","47- A , Welcomheritage Ranjit's Svaasa, Amritsar - 143002, The Mall"
"Boi Pharma","","Schea No. 2, Katra Sher Singh, Amritsar - 143104"
"PHULKARI THE BOUTIQUE","+ 91  9988886102","shop no8 9 10, Golden Plaza, Queens Road, Amritsar - 143001, Near Crystal"
"Ayush Pharma","+ 91  183 2545197","Harman Market, Amritsar, Amritsar - 143001"
"MFH the hub of international b...","+ 91  9878586786","5, Taylor road, Amritsar - 143001, The mall"
"PAGE 3 The glam gallery","+ 91  183 5096900","Crystal chowk, MM MALVIYA road, Amritsar - 143001, Near crystal restaurant"
"NOOR THE LADIES STORE","+ 91  9888339217","Shop no 9, Pink plaza, Pink Plaza Market, Amritsar - 143001, Near chohan Stamps"
"Maheep Homoeopathic store","+ 91  183 2294769","Shop No 3, O/s Hall Gate, Hall Bazar, Amritsar - 143001, Near Ravi Dass Mandir"
"Radhika Pharma Distributors","+ 91  183 2210213","379, Gali Number-2, Amritsar - 143001, Model Town Near Amandeep Hospital"
"Mannu Hills The Shoe Shop","+ 91  9780258183","Shop no 2, D.A.V College, Amritsar - 143001, Katra sher singh"
"Computronix the computer shopee","+ 91  183 5005148","Kalyan Singh Rd, Amritsar - 143001, Opp. NIIT, Inside Hathi Gate"
"Laabh The Complete Jewellers","+ 91  183 5069500","Ff-16 Nehru Complex, Amritsar - 143001"
"ELEGANCE THE KIDS ZONE","+ 91  9814251010","Shop Number 14 GF, Nehru shopping complex, Lawrence Road, Amritsar - 143001, Lawrence road"
"P L Jain & Sons","+ 91  183 2562640","Shop No-34, National Shopping Complex, Amritsar - 143001, Opposite Hide Market,"
"POPCORN THE FASHION ZONE","+ 91  9356112628","Inside hathi gate, Amritsar - 143001, Near NIIT CENTRE"
"Sun Chasers The Music Shop","+ 91  9872544186","shop no 35, Lawrence Road, Amritsar - 143001"
"LAKSHYA-THE AIM","+ 91  8699608826","house no. 14, beauty avenue,phase 4, Lawrence Road, Amritsar - 143001, trillium mall"
"Sonu Pharma","+ 91  183 3243536","Shop No 4 Khanna Mkt Kucha Dai Khana, Katra Sher Singh, Amritsar - 143006"
"S D Pharma","+ 91  183 5058852","1405, Katra Sher Singh, Amritsar - 143006, Kucha Dai Khana"
"Sa Sanctifier Pharma","+ 91  9417277462","Shop No-3 1st Floor Swami Market, Katra Sher Singh, Amritsar - 143006"
"Great Pharma","+ 91  9815268354","Amritsar - 143001, Kucha Dal Khana, Katra Sher Singh"
"Khadke Glassy The Punjabi Rest...","+ 91  9815108027","Amritsar - 143001, BMC Chk"
"V P Rogantak Pharma","+ 91  183 5016057","106, Tilak Nagar, Amritsar - 143001"
"Chohan Pharma","+ 91  183 5006821","No.5, B D Market,, Amritsar - 143001"
"Harbans LAL Parmod Kumar Jain","+ 91  183 2293710","Shop Number-6, Amritsar - 143001, New Idh Market"
"Gagan Vet Pharma","+ 91  183 5069885","Gali Kucha Dai Khana,, Amritsar - 143001, Katra Sher Singh"
"Cure Pharma","+ 91  9815262376","41- Industrial Estate, P.O. Rayon & Silk Mills, Chheharta, Amritsar - 143001"
"Saffrino -The Art Of Furniture","+ 91  8427951119","Saffron Tower, Gt Road, Paragpur, Jalandhar City, Amritsar - 143002"
"Shrijan Pharma","+ 91  9814004181","Amritsar - 143001"
"Saffrino -The Art Of Furniture","+ 91  8427951102","Saffron Tower, G T Road,Paragpur,Jalandhar City, Amritsar - 143002, Jalandhar City"
"Vaibhav Jain","+ 91  8587044406","Amritsar - 143001"
"Whiteline Pharma","+ 91  7432594170","Amritsar - 143002, Near Indra Palace Cinema"
"Ravi The Family Wear Shop (Ol...","+ 91  9216576516","Amritsar - 143001, Katra Jaimal Singh, Chowk Amrit Cinema"
"Raj Pharma","+ 91  183 2720558","Sco-165-69, Sec-9-C,, Amritsar - 143002"
"Neeraj K Jain","+ 91  183 2546643","882, Jain Street, Amritsar - 143001, Katra Mohar Singh"
"Himalchal Durg Pharma","+ 91  9021654654","Bz, Gandan Wala, Amritsar - 143002"
"Lakheras Homoeopathic Hospital","+ 91  183 2591843","Gali No-1, Near G T Road Putlighar, AMRITSAR - 143001"
"Ess Pee Pharma Agencies","+ 91  183 2557867","1347, Katra Sher Singh Building, Amritsar - 143002"
"Krishna Homoeopathic Clinic","+ 91  9855963174","Near Sun Valley Public School, Gopal Mandir Road, Amritsar - 143001, Gopal Nagar"
"Vng Pharma","+ 91  9814572126","Shop No-2,1st Floor, Amritsar - 143002, Swami Market,Katra Sher Singh"
"K4 The Family Restaurant","+ 91  183 2458666","Garha Road, Amritsar - 143001"
"ROYAL STUDY HUB ( An education...","+ 91  9653932199","206,208 II Floor Grand Mall, Amritsar - 143002, Near BMC Chowk, Jalandhar"
"N K Jain","+ 91  183 2221472","Kothi No 8, R B Duni Chand Road, Amritsar - 143001"
"Sidharth Drug Pharma","+ 91  183 6572137","Batala Road, Amritsar - 143001, Bharat Nagar, Opposite HDFC Bank"
"Manu Jain","+ 91  183 5006028","H.No 485 Block A Ranjit Avenue, Amritsar - 143001"
"Care The Spinal Therapy Centre","+ 91  9872247071","Scf-61, Kabir Park Market, Kabir Park Colony, Amritsar - 143002, Opp. Gndu"
"Jain Auto Center","+ 91  9354829300","Nizampur, Amritsar - 143002"
"CAT WALK THE SALOON","+ 91  9988636250","SCF 55, 1st Floor, Amritsar - 143001, Kabir Park, Gndu Market"
"Jain Kheti Store","+ 91  9815041601","Jandiala Guru, Amritsar - 143115"
"Piyush Pharma","+ 91  183 2542157",""
"Jain Jari House","+ 91  9356713111","Guru Bazar, Amritsar - 143006"
"Jain Nursing & Maternity Home","+ 91  183 2433745","Sarai Road,, Jandiala Guru, Amritsar - 143115, Opp. Obc Bank,"
"Anmol Pharma","+ 91  183 5005044",""
"Jain Sons Collection","+ 91  9216134617","Guru Bazar, Amritsar - 143006, Opp Mali Ram"
"Jain Rice Mills","+ 91  9814395207","Rayya, Amritsar - 143112"
"M B Pharma","+ 91  183 2558428",""
"Jain Gift Centre","+ 91  9888383188","shop no 5, a-block market,ranjit avenue, Amritsar - 143001, near parvati hospital"
"Jain Rice Mills","+ 91  1853 222194","Rayya, Amritsar - 143112"
"Shri Kesari Nandan Pharma","+ 91  183 2533038",""
"Jain Sales","+ 91  183 2273995","5, Chandigarh - 143001, Asr"
"Jain Telecom","+ 91  9878390327","ravu dass road, Baba Bakala, Amritsar - 143202"
"Jain Jewellery Store","+ 91  183 2533976",""
"Dhamus Pharma","+ 91  183 5067250","Shop No 1-2, Harman Market, Katra Sher Singh, Amritsar - 143006"
"Jain Nursingh Home","+ 91  183 2433866","S/O Dr. Raj Kumar Jain ,Jandiala Guru, ,Local Bus Stand ,Teh. Amritsar ,Distt., , Amritsar-143115"
"jain","+ 91  8288070555",""
"Gmk Pharma","+ 91  9878664400","Katra Sher Singh, Katra Sher Singh, Amritsar - 143006"
"Mapple The Salon","+ 91  183 5051376","F7 Jsr Complex, Golden Avenue, Amritsar - 143001, Opposite Bhullar Hospital And Near Shri Guru Harkishan Public School"
"Jain Brothers","+ 91  183 2543389",""
"Vee Bros Pharma","+ 91  183 5093235","2078/2, Himalaya Dhaba, Katra Sher Singh, Amritsar - 143006, Kucha Dalghana,Near Doctore Sohan Eye Hospital"
"Hob London The Unisex Salon","+ 91  183 5091010","Scf 2 Gill Complex, C Block Market, Ranjit Avenue, Amritsar - 143001"
"Jain Medicos","+ 91  183 2558758",""
"The Remedies English For The R...","+ 91  9988839484","Shop Number 1-3, Loharka Road, Amritsar - 143001, Near R B Estate"
"Bon Gateau The European Bakery","+ 91  183 5091111","Scf 27, C Block Market Ranjit Avenue, Amritsar - 143001, Near Royal Arms"
"D THE CURTAIN","+ 91  9988276384",""
"Jain store","+ 91  183 2423792","Na, Majitha road, Amritsar - 143001, Near dumble 88"
"Ozone The Fitness World","+ 91  8968439958","Number 3, Police Lines, Lawrence Road, Amritsar - 143001, Near Dav Public School"
"Narang Pharma","+ 91  9864651654",""
"Jain Radio","+ 91  183 2530951","Ravi Dass Roa, Amritsar - 143002, Opposite Jail Gali,Hall Bazar"
"Sheetal Again (The Boutique...","+ 91  183 2211403","39-A, Circular Road, Amritsar - 143001, Nr. Khetar Pal Hospital"
"Pharma Sales","+ 91  1858 2544619",""
"Jain Seed Store","+ 91  9815620320","50, Naer Water Tank, Amritsar - 143002, Station Road"
"Vibgyor Education, The Engl...","+ 91  183 2562922","R.B.K.C. Tower, Opp. St. Francis School, Amritsar - 143001, Mcleod Road, Rani Ka Bagh"
"Jain Kheti Store","+ 91  9872641602",""
"Aman Jain & Company","+ 91  9888862084","Verwal Road, Jandiala Guru, Amritsar - 143115, away 20 km,near sangam palce"
"Pazzaz The Beauty Salon","+ 91  9781708803","D-560, Ranjit Avenue, Amritsar - 143001"
"Jain cloth store","+ 91  183 2551316",""
"Kashmiri LAL Sanjeev Kumar Jai...","+ 91  183 2432861","Choura Bazar, Jandiala Guru, Amritsar - 143115"
"Hotel 42","+ 91  183 5094242","Mall Road, Amritsar - 143001, Oppsite KFC Restaurant"
"Jain Glass House","+ 91  9814922710",""
"Jagan Nath Kundan LAL Jain","+ 91  183 2432240","Shop Number- 3111, Jandiala Guru, Amritsar - 143115, Choura Bazar, Main Bazar"
"Narulas The Restaurant","+ 91  183 2565232","Plot Number- 5, Taylor Road, Amritsar - 143001, The Mall"
"Jain silver palace","+ 91  9815586226",""
"Kamal Jain","+ 91  9888318078","H No 2651/2 Ghee Mandi Chowk, Near Old Improvment Trust, Ajnala, Amritsar - 143102"
"H2O The Saloon","+ 91  183 5005580","2nd floor, The celebration mall, Amritsar - 143001, Batala road"
"Jain Madicos","+ 91  9873212306",""
"N B Pharma","+ 91  9855193312","Taylor wali gali, rayya, Amritsar - 143112, near railway line"
"SANJAY The Complete Game Shop","+ 91  9815001996","shop no.7, Bawa Market, Opposite Parkash Plaza, Amritsar - 143002, near railway station"
"The Jain Homoeopathic Pharma","+ 91  183 2554469",""
"Arora Homoeopathic","+ 91  9872957308","Pheruman Road, Phitte Wali Gali, Rayya, Amritsar - 143112"
"KUNDAN DHABA THE BACHANS","+ 91  183 2565109","RAILWAY ROAD, Amritsar - 143001, OPP MEHRA HOTEL"
"The Jain Homoeopathic Pharma","+ 91  183 2556777",""
"M S The Punjab & Sind Bank Ltd","+ 91  183 2545462","Area Office -1 ,Chk Phawara , ,Amritsar, 143006-,"
"Shri Krishna Pharma","+ 91  183 5012746","Shop No-3, Gali Deputy Aziz Din, Amritsar - 143001, Katra Sher Singh,Krishna Medicine Mkt"
"Jain Nursing & Maternity Home","+ 91  183 2433745","Dr.raj Kumar Jain (Sole Prop) ,S/O, Sohan LAL Jain ,Sarai Road ,Jandiala, , Guru-"
"M S The Secretary Punjab Bank Emp","+ 91  183 2545005",""
"Dr Dedar Singhs Homoeopathic C...","+ 91  183 2221212","Model Town Market, Amritsar - 143001, Near Railway Station & Amandeep Hospital"
"Jain Home Idea","+ 91  9356221633",""
"Piara LAL Jain & Sons","+ 91  183 2552474","Darshani Deori,"
"Amritsar Sewa Samiti Homoeopat...","+ 91  183 2534419","Khuh Suniarian 66/10-I ,H.o. Khoo, Suniarian ,Amritsar ,-,"
"THE JAIN HOMEOPATHIC PHARMACY","+ 91  9316323002",""
"M S Jain Nursing & Maternity Home","+ 91  183 2433746","Dr.raj Kumar Jain (Sole Prop) ,S/O, Sh.sohan LAL Jain ,Sarai Road ,Jandiala, , Guru-"
"Chandan Drugs Pharma","+ 91  288 2500052","Plot M-27, Amritsar - 143002, Gate Number- 3, Green Avenue,Near Holiheart School"
"Jain & Sons Jewellers","+ 91  183 2563414",""
"H L Parmod Kumar Jain","+ 91  183 2554371","6-A, Idh Mkt,,"
"Mochi The Shoe Shoppe","+ 91  183 2221917","Shop Number-23A, The Malls, Lawrence Road, Amritsar - 143001, Near Novelty Sweets"
"jain agro industries","+ 91  9876693317",""
"Sethi the complete menz wear","+ 91  9780336385","2, mohni park lane, Amritsar - 143001, near king enclave"
"Ruby the womens world","+ 91  183 2542679","87, Pink plaza market, Amritsar - 143001, Outside hall gate"
"Jain Traders","+ 91  183 6535601",""
"Sajan Herbs Pharma","+ 91  9356030161","Ram Tirath Road, Amritsar - 143002, Opposite DTO Office"
"Hotel Le Golden The Glass A Mu...","+ 91  183 5068000","Gollden Temple Clock Tower Extn, Bazaar MAI Sewan, Amritsar Kutchery, Amritsar - 143001"
"Jain Jewellers","+ 91  183 2283068",""
"Upjohn Pharma","+ 91  9876040403","Main bazar, Partap nagar, Amritsar - 143002, g.t road"
"Institute For The Blind","+ 91  183 2555244","Booth Number- 753, Amritsar - 143001, Durgiana Mandir, Near Lohgarh"
"Jain Jewellers","+ 91  9872423006",""
"Swag The Fashion","+ 91  183 2255222","Shop Number- 1, Gt road, Amritsar - 143002, Bank of baroda"
"Dr Shorey The Amritsar Clinica...","+ 91  183 2542979","Chowk Regent Cinema, Gandhi Bazar, Amritsar - 143006, Chowk Regent Cinema"
"Jain Sales Corp","+ 91  183 2534887",""
"r.s medi pharma","+ 91  183 5068282","15 haram market, katra sher singh, Amritsar - 143002"
"BOSS The Chef","+ 91  183 6578055","Majitha Road, Amritsar - 143002, Near Ghala Mala Chowk"
"Jain Sales Corporation","+ 91  183 2544312",""
"chirgan pharma","+ 91  9814004181","shop no 18 1st floor, harman mkt katra shersingh, Amritsar - 143002, harman mkt"
"Amritsar Sewa Samiti Regd Homo...","+ 91  183 2534072","66/X-1 , , ,Inner Circular Road ,Beri, Gate , ,Amritsar-,"
"Jain corner","+ 91  9876531697",""
"ZABI PHARMA","+ 91  9888333878","KUMAR MARKET SHOP NO. 4, KATRA SHER SINGH, Amritsar - 143002, MEDICINE MARKET"
"Hardeep Homoeopathic Hospital","+ 91  183 2560308","GT Road, Amritsar - 143002, Opposite Railway Workshop,,,putli Ghar"
"JAIN CORNER","+ 91  9041009194",""
"Visionaries The Visa Consultants","+ 91  9517172626","184,Deep Enclave, Gumtala By Pass, Amritsar - 143002, Near Royal Nursery,Kashmir Garden"
"Milkhi Mal Des Raj Jain","+ 91  183 2530979","No.88,, I D H Market,, Amritsar - 143001"
"Jain light house","+ 91  9855041926",""
"prime pharma,","+ 91  9988037550","kA /1, KRISHNA NAGAR, Amritsar - 143002, TARANTARAN ROAD"
"PEOPLES The diamond jeweller","+ 91  183 2222256","Shop no 108, Nehru complex, Lawrence Road, Amritsar - 143001, Opp novelty sweets"
"Jain Light House","+ 91  9814155048",""
"Around The World Tour & Travels","+ 91  183 2000000","3, Dilawari Tower, First floor, Court Road, Amritsar - 143002, Near IDBI Bank"
"Homoeopathic Mahinder Singh Ad...","+ 91  9815536560","Amritsar - 143002"
"En Route - The Travel Boutique","+ 91  183 5004777","No. 72- A, Taylor Road, Amritsar, Amritsar - 143002"
"Narinder Kumar Jain","+ 91  183 2553241","8, Chand Road, Amritsar - 143002, R B Duni"
"Wedding Dreams The Luxury Wedd...","+ 91  9559719111","Shop No. 1 , 1st Floor , Kapoor Arcade , Madan Mohan , Malviya Road, Amritsar - 143002"
"C V Jain And Sons","+ 91  183 2546353","52 idh, ruri di hatti, Amritsar - 143002, Opposite Suraj Chanda Cinema,, IDH Market"
"Om Pharma","+ 91  9888280239","Om Pharma, Amritsar - 143002, Infront Of Gate No-3 Telephone Exchange"
"S.P. Pharma","","1st Floor, Dav College Parking, Katra Sher Singh, Amritsar - 143006, Katra Sher Singh"
"SHIVAM PHARMA","+ 91  9417012120","house no.58, krishna square-3, Amritsar - 143001, celebration mall"
"Le Madonna The Beauty Shop","+ 91  183 2508040","68, 1st Floor, Ranjit Avenue, Amritsar - 143001, B Block, Near Bachat Bhawan"
"Kamyas The Real Boutique","+ 91  183 3222224","103 Dsc, Ranjit Avenue, Amritsar - 143001"
"Exhale The Beauty Saloon","+ 91  183 5002880","Dsc Ranjit Avenue, Amritsar - 143001"
"Roger - The Taste Of Lahore","+ 91  9855032312","shop no.100-101, Ranjit Avenue C Block, Ranjit Avenue, Amritsar - 143001, Near Bukhara"
"The Forzen Factory The Live Ic...","+ 91  9988481457","Booth Number-100, Ranjit Avenue, Amritsar - 143001, Near Bukhara, C- Block"
"Dr Vijay Sharma Homoeopathic C...","+ 91  9888680053","Amritsar - 143001, Namak Mandi Chowk, Near Chintpurni Mandir, Opposite Sohan Halwai"
"Bon Gateau The Uropean Bakery","+ 91  9988768895","scf 27, c block market, Ranjit Avenue, Amritsar - 143001, nr royal arms"
"Bon Gateau The European Bakery","+ 91  183 5091111","Scf 27c Block Ranjit Avenue, Amritsar - 143001"
"Dr Sandeep Homoeopathic & Ayur...","","Ajit Nagar, Amritsar - 143001"
"Vishal Pharma Sales","+ 91  183 2544612","Shop Number- 1348/10, katra shersingh Kucha Daikhana amritsar, Amritsar - 143001, Kucha Daikhana"
"Vintage The Saloon","+ 91  183 2571278","137, Circular Road, Medical Enclave, Amritsar - 143001, Near Trilium Mall"
"Swagat The Marriage Palace","+ 91  9815431199","279, East Mohan Nagar, Amritsar - 143001, 100 Feet Road"
"Dr Sonali Jain Devgan (K2rs He...","+ 91  183 2210296","C/o K2rs Health Care Company Limited,187, Shastri Nagar, Amritsar - 143002"
"Surya The Fashion","+ 91  9914418838","236, Sultanwind Road, Amritsar - 143001, Taj Nagar Chowk, Near Pathran Wali Park"
