"Name","Phone","Address"

"Sterling Studies","+ 91  9815554371",""
"Fouriers Institute","+ 91  9888852821",""
"Kapur Tutorial","+ 91  183 2223223",""
"Soami Coaching Centre","+ 91  9779549371",""
"Satish Sehdev","+ 91  9501111864",""
"Abhishek Diwan","+ 91  9915505060",""
"Raspinder","+ 91  9988410773",""
"Bharat","+ 91  9417373732",""
"Geetika Sharma","+ 91  8146509709",""
"Hena","+ 91  9781513191",""
"Kautilya Home Tuition","+ 91  7030476668",""
"Akshit Pandit","+ 91  8427284207",""
"Radiance Institute","+ 91  183 5080005",""
"SAI HOME TUTORS","+ 91  9592765181",""
"Spectrum World Of Education","+ 91  9779412766",""
"D K HOME TUTORS","+ 91  9814928782",""
"Tuitions & Home Tutors","+ 91  9781068916",""
"Achiever Academy","+ 91  9815097416",""
"Tution for All Computer Subjects","+ 91  8591133133",""
"Shveta Tution","+ 91  9815769124",""
"Bhatia Tuition Centre","+ 91  7355529476",""
"kumar karyana store","+ 91  9915002105",""
"NATH HOME TUTIONS","+ 91  8679251892",""
"Kapoor Tuition Center","+ 91  8860970909",""
"BRILIANT COACHING CENTER","+ 91  9250986232",""
"Toppers Academy","+ 91  183 5067569",""
"Keen Home Tutorial","+ 91  9041598889",""
"Rohin Tuition Centre","",""
"Sharma Tuition Centre","+ 91  9569746713",""
"Home 2tors","+ 91  9888616431",""
"Kusum","+ 91  9781531011",""
"Anesha","+ 91  9815586172",""
"Vikas Gupta","+ 91  9888175434",""
"Mridula","+ 91  9464551810",""
"piya","+ 91  9478665730",""
"Fourier Institute","+ 91  9815407902",""
