"Name","Phone","Address"

"Rattan Institute of Education","+ 91  9815024920","Sultanwind, Amritsar - 143021, Jodh Nagar, Nr Chungi Mandir"
"Rattan Chand & Sons","+ 91  9888883589","Hall Bazar Amritsar, Rattan Chand & Sons, Amritsar - 143006"
"Rattan Advocates","+ 91  183 2572059","House Number 23 First floor, Majitha Road, Amritsar - 143001, Sandhaya Enclave Near Bawa Hospital"
"Rattan Sarees","+ 91  183 2403430","3-Ann Kay Victory Tower, M M Malviya Rd, Amritsar - 143001"
"Rattan stores","+ 91  9815980767","Hall bazar, Hall Bazar, Amritsar - 143001, Near R S TOWER"
"Rattan Asia Cycles Inds","+ 91  183 6535829","216 /13 , Hussain Pura East. Amritsar, Amritsar - 143001"
"Rattan Lal Raj Kumar Jewellers","+ 91  9417273610","Shop Number-4/6, Amritsar - 143001, Guru Bazar, Chowk Chaursti Attari Gurudwara"
"Rattan Photo Studio","+ 91  8968883500","Amritsar - 143001"
"Rattan Sewing Machine Company","+ 91  183 5009634","Gole Hatti Chowk,, Amritsar - 143001"
"RATTAN CHAND AND SONS","+ 91  9041140343","9/1, Hall bazar, Amritsar - 143001, Opp reliance digital express"
"Rattan Watch Co","+ 91  183 2540885","Hall Bazar, Amritsar, Main Road, Amritsar - 143001, Opp Congress Bhawan"
"Rattan Digital Photo Studio","+ 91  8968782671","Lohgarh Gate, Amritsar - 143006, Inside Durgiana Mandir"
"Rattan Asia Cycle Industries","+ 91  183 2584629","216/13, Hussainpura, Amritsar - 143001, Near Kamal Tent House, Hussain Pura East"
"Rattan Cloth Store","+ 91  183 2554239","89, Katra Jaimal Singh, Gandhi Bazar, Amritsar - 143006"
"Rattan Studio","+ 91  9876682671","Lohgarh Gate, Amritsar - 143006, Inside durgiana Mandir"
"Rattan Steel Industries","+ 91  183 2272793","224, Mehta Road, Amritsar - 143001, Focal Point"
"Rattan Singh Pasricha Charitab...","+ 91  183 6575094","Main Road, Haripura, Amritsar - 143001"
"Rattan Chand & Sons","+ 91  9988840000","Amritsar - 143001, Hall Bzr"
"Rattan Automobiles","+ 91  183 5095134","plot no.66, G T Road,near alpha mall, Amritsar - 143001, Opposite Narain Auto Agency"
"Rattan Singh Pave Wale","","Katra Sher Singh, Navi Gali, Katra Sher Singh, Amritsar - 143006"
"Rattan Photo Studio","+ 91  183 2549151","Sitla Mandir,Katra Jaimal Singh, Amritsar - 143006"
"Rattan Singh Kartar Singh","+ 91  183 2544343","Amritsar - 143001, New Mishri Bzr"
"Rattan exclusive fashion point","+ 91  9465479621","shop. No.3, Shakti nagar, Amritsar - 143001, Near Kali Mata Mandir"
"Rattan Singh Darshan Singh","+ 91  9915108008","opp gali Murti khanna, Amritsar - 143001, NR R.D traders"
"RATTAN SHOE MAKER","+ 91  9780161071","SHOP NO 1, HALL BAZAR, Amritsar - 143002, Opp.dav college"
"Rattan singh darshan singh","+ 91  9803038008","Batala road, Amritsar - 143002, Near Rd traders"
"Rattan Travels","+ 91  9815006316","L-2/28, Sultan Wind Rd, Amritsar - 143001, Jodh Ngr"
"Rattan Telecom","+ 91  9815306555","First Floor, National Hoshiarpur Road, Boroti, Akkalkot - 413216, Near Civil Hospital, Near Bus Stand"
"Rattan Cycle Works","+ 91  183 2490696","Tarn Taran Road,,"
"Mohan LAL Memorial Institute O...","+ 91  183 5095636","Batala Rd, Amritsar - 143001, Vill Mudhal"
"Bright Star Institute of Educa...","+ 91  183 2484845","Tarn Taran Road, Chatiwind, Amritsar - 143022, Near Bajwa Gas Service"
"Ramiit Technologies Institute ...","+ 91  183 5057651","Sandhu Colony, B-Block, G.t.road, Chheharta,, Chheharta Railway Station, Amritsar - 143105, Near Ocm Mill,"
"PACIFIC INSTITUTE OF EDUCATION","+ 91  183 5008894","PACIFIC TOWER, TARN TARAN ROAD, Amritsar - 143001, O/S MATA KAULAN HOSPITAL"
"NexGen Institute of Education ...","+ 91  9915533073","I/s Khazana gate, Khazana Gate, Amritsar - 143001, Opp.Punjab Gas service"
"Sidana Institute Of Education","+ 91  9988461002","13, Khiala Khurd Near Ram Tirth, Amritsar - 143002"
"Mohan LAL Memorial Institute O...","+ 91  9815516403","12, Near Verka, Amritsar - 143002, Batala Road Amritsar"
"Vlcc Institute Of Beauty & ...","+ 91  183 2501738","SCO -28 2nd Floor ,B Block Market, Ranjit Avenue, Amritsar - 143001"
"NIFS INSTITUTE OF FIRE ENGI...","+ 91  9780034977","Sco 55 f, 2nd floor, City centre, gt road, Amritsar - 143002, Near webberz"
"Vidhya Sagar Institute of Ment...","+ 91  183 2423920","Circular Road, Amritsar - 143002, Near Premium Mall"
"Khalsa College Of Education","+ 91  183 2258283","Amritsar - 143002"
"Central Institute Of Plastic E...","+ 91  183 2256602","Govt., Polytechnic Road, Amritsar - 143003, PO: Rayan & Silk Mills,"
"Dav College Of Education","+ 91  183 2559648","Amritsar - 143001, Beri Gate"
"Frankfinn Institute Of Air Hos...","+ 91  183 3258529","7, China Complex, District Shopping Centre, Amritsar - 143001, Block B, Ranjit Avenue"
"Shri Guru Ram DAS Institute Of...","+ 91  183 2583388","9855403443, Main G T Road, Amritsar - 143001, Old Mall Mandi, Near Alha One Shopping Mall"
"Satyam Institute Of Engineerin...","+ 91  8437075072","ramtirath road, kotla doon, Amritsar - 143002"
"Global Institute Of Management...","+ 91  9915757932","Amritsar - 143002"
"CKD INSTITUTE OF MANAGEMENT AN...","+ 91  183 2560148","G t road, G t road, Amritsar - 143001, Opp. Model town"
"Punjab Institute Of Textile Tech","+ 91  183 2257799","G T Road, Amritsar - 143001, Opp Gndu,Post Office R & S Mills"
"Sgrd Institute Of Medical Scie...","+ 91  183 2426200","Ground Floor, 206,Medical Enclave,Circular Road, Amritsar - 143001, Near Trilium Mall"
"Sbs Institute Of Nursing","+ 91  183 2777388","Fatehgarh Churian Road, Amritsar - 143002, Village Sohian Kalan,Tehsil Majitha"
"Anand College Of Education For...","+ 91  183 2744301","Batala Road, Amritsar - 143001"
"Institute Of Banking Services","+ 91  9216878310","Amritsar Bus Stand, Amritsar - 143001, Nr Bus Stand, Behind Sangam Cinema, Asr"
"SMART SCHOLAR INSTITUTE OF CAR...","+ 91  9501880225","485-A Macloed Road, Rani Ka Bagh, Amritsar - 143001, Near Sadar Thana"
"Sri Guru Ram Das Institute of ...","+ 91  183 2870200","vpo valla, Mehta Road, Amritsar - 143001, Post Office Vallah,"
"J D Institute Of Fashion Techn...","+ 91  183 2505780","Sco-15, Dsc, Ranjit Avenue,,"
"Institute Of Commerce & Maths","+ 91  183 2225149","A-82, Rani Ka Bagh, Amritsar - 143001"
"Amritsar Institute Of English ...","+ 91  9216225060","25 C4 Ff, Amritsar - 143001, Opp Karan Palace"
"Paradigm Institute Of IT & Man...","+ 91  183 5055333","Scf - 53, Ist Fl, Kabir Park,, Guru Nanak DEV University, Amritsar - 143005, Opp.guru Nanak DEV University"
"Hi Tech Institute Of Advance T...","","Scf No. 62, 63, 2nd Floor, Amritsar - 143001, Opp. Guru Nanak DEV University"
"Government Institute Of Garmen...","+ 91  183 2421763","Majitha Road, Amritsar - 143001, Near Byepass"
"Sri Guru Teg Bahadur College O...","+ 91  9888754601","Khankot, Amritsar - 143501"
"Soul & Mind Institute Of Careers","+ 91  9815330800","118,2nd Flr, Cooper Rd, Amritsar - 143001, Super Plaza Mkt"
"Sukhmani Institute Of Manageme...","+ 91  183 5016849","Simit Academy,(Sukhmani Institute Of Management & Information Technology Society Regd .) Sukhmani Bu, Amritsar - 143001"
"Institute Of Shorthand","+ 91  9463756475","Amritsar - 143001, Near Hindu College, Dhab Khatikan"
"Manas Institute Of Fine Arts","+ 91  183 5016688","8-Gf, Ghumar Madni,, Amritsar - 143001"
"Sigma Institute of Mathematics","+ 91  9872019464","48,saloon wala complex Rani Ka Bagh, Opp. Distt. Library, Amritsar - 143001"
"Ashirwad Institute Of Fashion ...","+ 91  183 2528443","Khazan Road,, Amritsar - 143001"
"Nifa National Institute Of Fin...","+ 91  183 2566748","15 Second Floor Queens Complex, Amritsar - 143001"
"Cambridge Institute of IELTS","+ 91  9888567007","Lawrence Road, Lawrence Road, Amritsar - 143001, Nr. Ganpati Tower"
"Varindavan Institute Of Chemistry","+ 91  183 5056446","Bombay Wala Khoo, I/S Hathi Gate, Hathi Gate, Amritsar - 143001"
"IBEST INSTITUTE OF BANKING AND...","+ 91  183 5002004","FIRST FLOOR ,30-A, SBI BANK ROAD, Rani Ka Bagh, Amritsar - 143001, NEAR NIRANKARI SATSANG BHAVAN"
"Dav College Of Education","+ 91  183 2258415","Dav College Of Education, Amritsar, Amritsar - 143001"
"Competition Coaching Institute...","+ 91  183 2212666","85, Rani Ka Bagh, Amritsar - 143001, Adjoining SCI Office"
"Gurukul-a professional institu...","+ 91  8447551479","4 satnam park, main road chander nagar, Amritsar - 143001, near jeet restaurant"
"NEC INSTITUTE OF MULTIPURPOSE ...","+ 91  183 2554135","Amritsar - 143001"
"Kapri Institute Of English Spe...","+ 91  183 2402144","1-D, Street No. 1, Lawrence Road, Amritsar - 143001, Dayanand Nagar, Opp. Bijli Pehalwan Mandir"
"Dav College Of Education","+ 91  183 2541564","O/S Beri Gate, Amritsar - 143001"
"Surya College Of Education","+ 91  9815257867","Hussainpura, Amritsar - 143001, Near Shiwala Railway Fatak"
"Spectrum World Of Education","+ 91  9779412766","129 madhuban estate, konsa bag Ram Tirath Road, Amritsar - 143001, Opp. D. T. O Office"
"National Institute Of Management","","Sco-26,5tth & 6th Floor,T T Shopping Complex, Amritsar - 143001, Ranjit Avenue"
"Govt Institute Of Textile Tech","+ 91  183 2263034","G T Rd, Chheharta Railway Station, Amritsar - 143105, Chheherta"
"Canadian Institute Of Vocation...","+ 91  183 2504466","Amritsar - 143001"
"Austere Institute Of English A...","+ 91  9815920004","Opp. Bus Stand, Above Central Bank, Amritsar Bus Stand, Amritsar - 143001, Amritsar"
"Sant Bab Bhag Singh Institute ...","+ 91  183 2711162","Amritsar - 143001"
"KE Institute Of Management Sci...","+ 91  183 2721765","Sco-94-95,, Sector - 17c,, Amritsar - 143001"
"Masters Institute Of Fashion D...","+ 91  183 2500735","Mifd Campus, 2966, Ranjit Avenue, A K Line, Ambala - 133001, C-Block , Behind Shambhu Nath Chemical Works"
"Navrang Institute Of Computer ...","+ 91  183 5062632","Amritsar - 143001, Nr Kali Mata Mandir, Tunda Talab"
"Chugh Institute Of Chemistry","+ 91  183 2237337","A-180, Rani Ka Bagh, Amritsar - 143001"
"Standard Institute of English","+ 91  9803118229","H. No. 4653, Gali No. 5, Amritsar - 143001, Guru Nanakwada, P.o. Khalsa College"
"Guru Aatam Vallabh Jain Instit...","+ 91  9417002930","Jain Bhawan, Jain Mandir Street, AMRITSAR - 143001"
"Master Institute Of Fashion De...","+ 91  183 2500735","Inifd Campus, 2966,, Ranjit Avenue, Amritsar - 143001, C-Blk, Behind Shambhu Nath Chemical Works"
"Chemiz Ins Of Education And Co...","+ 91  9815411206","Amritsar - 143001, 22 No Phatak"
"Tace Institute Of IT And Manag...","+ 91  183 2422872","Shop No 2, Tungawali Puli, Amritsar - 143001"
"Kirpal Institute Of Vocational...","+ 91  183 2550126","84,3rd Floor, City Centre, Amritsar - 143001, Opp Pingalwara, Near Sangam Cinema"
"Chanana Institute of Physics","+ 91  183 2266343","326, Tilak Nagar, Amritsar - 143001, Near Parshuram Mandir"
"Master Institute Of Fashion De...","+ 91  183 2500735","2966, Mifd Campus, C-Block, Ranjit Avenue, Amritsar - 143001, opp to 2140 ranjit kbc block"
"Institute of British and amari...","+ 91  9888699631","City centre, Gt Road, Amritsar - 143001, Near bus stand"
"Premium Institute Of Physics","+ 91  9463725905","13, Sardar Avenue, Tung Bala, Majitha Road, Amritsar - 143001, Near Govt. School tungbala"
"Marshall Institute Of Physics ...","+ 91  7814461122","1, G.T Road, Amritsar - 143001, Opp. Khalsa College Amritsar"
"Tace Institute Of I.t & Manage...","+ 91  183 2571164","Bldng No. 2, Tunga Wai Pulli, Majitha Road, Amritsar - 143002"
"Ints Group of Education","+ 91  183 5006596","Preet Vihar, AIRPORT ROAD, Gumtala, Amritsar - 143008, NR JANTA HOSPITAL"
"Society Of Education, Environm...","+ 91  183 2555714","131, G T Road, Pratapnagar, Amritsar - 143006, Opp Main Gurudwara"
"Outshine Institute of competit...","+ 91  183 2222333","69 Rattan Market, Opp Golden Medical Store, Rattan Market chowk, Amritsar - 143002, Circular road"
"Eye coaching institute of engl...","+ 91  9780649282","Scf 34, Kabir park, Amritsar - 143001, Opp. Gndu university"
"Institute of memory power","+ 91  9803273425","456,EAST MOHAN NAGAR, CHAMRANG ROAD, Amritsar - 143006, NEAR GUPTA BAKERS"
"Aiwwa Group Of Education","+ 91  9517600945","C-271, First Floor, Shivala Colony, Amritsar - 143001, Bus Stand , East Hassan Pur, Near Amritsar Public School"
"Raj Group Of Education","+ 91  183 5050921","Sco-8, 3rd Floor, Ranjit Avenue, Amritsar - 143002, B-Block"
"The Institute Of Banking Training","+ 91  183 5005250","30-A, Amritsar - 143002, Near Nirankari Bhawan,Rani Ka Bagh"
"Guru Arjan DEV Institute Of De...","+ 91  183 2426045","Director Gad Institute Of Development Studies 14-Preet Avenue, Majitha Road,Po Naushera, Amritsar, Naushehra Nangli, Amritsar - 143008"
"Red Wing Institute Of Aviation...","+ 91  7837652571","Airport Road, Raja Sansi, Amritsar - 143101, Opposite Punjab National Bank"
"Tace Institute Of IT & Mgmt","+ 91  9815263291","Shop No-2, Majitha Rd, Majitha, Amritsar - 143601, Tunga Wali Ggali"
"Advance Technology Institute O...","+ 91  9803987487","G T Road, Tangra, Amritsar - 143149"
"new tech group of educations,","+ 91  9815157225","old lic building, gt road, Rayya, Amritsar - 143112, near post office and punjab & sind bank"
"Brightway Inst Of Education","+ 91  183 2540670","G.t. Road,,"
"Dr Om Parkash Eye Institute...","+ 91  183 2221128","117 A The Mall, Lawrence Road, Amritsar - 143001, Near Novelty Chowk"
"Texture Salon & Spa - A Fla...","+ 91  183 6532777","5 Taylor Road , Narula 's Mall, Mall Road, Amritsar - 143001, Opp. Hotel Blue Moon"
"Oxl School Of Multimedia","+ 91  183 2503555","Sco 6 Level 4 Ranjeet Avenue 6 Floor Bllock, Amritsar - 143001, Near Ajit Hospital"
"Heart Of Fire Tattooz","+ 91  9872372774","Shop Number 15 Basement Floor Alpha One Mall Amritsari Bazaar, G T Road, Amritsar - 143002"
"Nfci Hotel Management & Coo...","+ 91  183 5067222","33 A Second Floor, Model Town Road, Rani Ka Bagh, Amritsar - 143001, Near Archies Gallery"
"Toris An Education Hub","+ 91  183 2228082","Opp. Uppal Hospital,, Rani Ka Bagh, Amritsar - 143001, Main Road, Near State Bank Of India,"
"Bds Abacus Institute","+ 91  9814170828","49 Ajit Nagar, Sultanwind Road, Amritsar - 143001, Opposite to Back Side Gate Of Ajit Vidyalaya School"
"Pegasus Institute","+ 91  183 5093334","458-459 First Floor Kabir Park, Kot khalsa road, Amritsar - 143002, Opposite Gndu"
"Welfare Industrial Training...","+ 91  9162187216","Amritsar - 143001, Near Chawla Sweets"
"Spltrip A Unit Of Himalya A...","+ 91  183 5040000","Shop No 27, din dyal updhai markit, Bhandari Brigde, Amritsar - 143001, Pandit Deen Dayal Upadhyay Market, Near Subhash Chandra Bose Statue"
"Ajanta Institute","+ 91  183 5052899","Dhab Khatikan, Hindu Sabha College, Amritsar - 143006, Near Hindu Sabha College"
"Scholar Destiny Education S...","+ 91  183 6555503","108 Second Floor, Ranjit Avenue, Amritsar - 143001, Near Passport Office"
"Vibgyor Education, The Engl...","+ 91  183 2562922","R.B.K.C. Tower, Opp. St. Francis School, Amritsar - 143001, Mcleod Road, Rani Ka Bagh"
"Arora Group Of Institutes","+ 91  183 5097487","arora market, Ram Bagh, Amritsar - 143001, near Water Tank"
"Cherish Education Centre","+ 91  9814827794","69 First Floor Ratan Market, Maqbool Road Main Ratan Singh Chowk, Amritsar - 143001"
"Corners Of Earth","+ 91  9855561818","Majitha Road, Medical Enclave, Amritsar - 143001"
"Shah E Meera Institute","+ 91  183 5097932","Batala Road, Amritsar - 143001, Backside Gaurav Marble And Opposite Punjab & Sind Bank"
"Need India Career Institute","+ 91  8437860605","Guru Nanak Dev University, Amritsar - 143005, Opposite Khalsa College Near Mohni Park Gurudwara"
"Fouriers Institute","+ 91  9888852821","Plot No 7, LOHARKA ROAD, Amritsar - 143001, Ranjit Enclave"
"Shwetas Waves Hair Beauty S...","+ 91  183 5007772","Navrang Collage Building Shakti Nagar, Amritsar - 143006, Near. Kali Mata Mandir"
"Fortis Escorts Hospital","+ 91  183 3012222","Verka Byepass, Amritsar - 143001"
"State Bank Of India customer care","18004253800","AMRITSAR - 143001"
"State Bank Of India","1800112211","Amritsar - 143001, Town Hall"
"Life Insurance Corporation Of ...","+ 91  183 2555517","Branch Code Number 143, Unit Number 1, City Center, Amritsar - 143002, Near Bus Stand"
"Commissioner Of Police","+ 91  183 2227779","Amritsar - 143001, Opposite Swaroop Rani College, Near Port Complex"
"Bank Of India","2503898","Sco-10, Amritsar - 143001, Blk-B,Distt Shopping Cplx,Ranjit Avenue"
"Bank Of Baroda","+ 91  183 2554042","Amritsar - 143001, Town Hall"
"Lic Of India","+ 91  183 2564561","Sainik Bhawan, Court Road, Amritsar - 143002, Sainik Bhawan, Opposite Gpo"
"State Bank Of Patiala","+ 91  183 5014635","J K Tower, Mall Road, Amritsar - 143001, Civil Lines"
"Oriental Bank Of Commerce","+ 91  183 5030066","483, Basant Avenue, Amritsar - 143001, Near Ajanta Public School"
"State Bank Of India","+ 91  183 5016421","Sco 5 Distt Shopp Cmplx, Ranjit Avenue, Amritsar - 143001"
"Republic Of Chicken","+ 91  183 5098623","Shop No-85, Ranjit Avenue, Amritsar - 143001, Block B, Opposite MK Hotel"
"Union Bank Of India","+ 91  183 2220087","14, Lawrence Road, Amritsar - 143001, Dayanand Ngr"
"Idp Education India Pvt Ltd","+ 91  183 2063041","SCO 28, 1st Floor, Taneja Towers, Ranjeet Avenue Block B, Amritsar - 143001, DSC, Near Amritsar Bus Stand"
"Bank Of India","+ 91  183 2272876","Batala Road, Vijay Nagar, Amritsar - 143001, Post Office Khanna Nagar"
"Amritsar College Of Engineerin...","+ 91  183 5069536","G.t. Road, Amritsar - 143001"
"Central Bank Of India","+ 91  183 2557711","Amritsar - 143001, Guru Bzr, Nr Bzr Kathiar"
"The Art Of Living","+ 91  9815985973","275/12, Amritsar - 143001, Katra Parja, Inside Haathi Gate, Nr Sanji Halwai"
"Nayyar Heart Institute & Super...","+ 91  183 2210051","3, Lawrence Road Extn,Dasondha Singh Road, AMRITSAR - 143001"
"TIME Institute","+ 91  183 2401818","9 AB, Nai Sadak, opp BBK DAV College, Lawerence Road, Amritsar, Lawrence Road, Amritsar - 143001"
"State Bank Of India Karmon Deo...","+ 91  183 2294496","Amritsar - 143002"
"Bank Of Maharashtra","+ 91  183 2212437","Modella Wollen Mills Bldg, M M Malyiya Rd, Amritsar - 143001"
"State Bank Of Bikaner And Jaipur","+ 91  183 2566102","6, Lawrence Road, Amritsar - 143001"
"Radical Technical Institute","+ 91  183 2104042","Village Thande, Dist. Amritsar, Amritsar - 143001"
"State Bank Of Patiala","+ 91  183 2543562","Mukherji Marg, Amritsar - 143001, Jalianwala Bagh"
"Bank Of Baroda","+ 91  183 2225739","Br Mgr 18, Amritsar - 143001, Rani Ka Bagh"
"MY KIND OF PLACE","+ 91  9888890508","SCO -2, Ranjit Avenue, Amritsar - 143001, Near Brijwasi Chat, C-Block"
"Union Bank Of India","+ 91  183 2556067",": Podar Sadan, Chowk Fuwara, Golden Temple Rd, Amritsar - 143001, Podar Sadan, Chowk Fuwara"
"State Bank Of India","+ 91  183 2210026","Lawrence Road, Amritsar - 143001"
"State Bank Of India Khasa","+ 91  9417103434","Dograi Complex, Distillery Khasa, Amritsar - 143107"
"State Bank Of India Gopal Naga...","+ 91  183 2570182","Majitha Road, Gopal Nagar, Amritsar - 143001"
"Union Bank Of India","+ 91  183 2555318","H No -B-11-369/1410-A, Amritsar - 143001, Golden Temple"
"Oriental Bank Of Commerce","+ 91  183 2501286","Sco 10 Distt Shopping Complex, Ranjit Avenue, Amritsar - 143001"
"Global Institutes","+ 91  183 5029928","11th Km Stone, Amritsar-Batala Road, Amritsar - 143001, Sohian Khurd"
"LIC Of India","+ 91  9417835404","B.o- Unit-1, City Centre, Amritsar, Amritsar - 143001, Near- Suraj Chanda Tara Cinema"
"LIC Of India","+ 91  183 2555140","29, Dharam Singh Mkt, Amritsar - 143001"
"State Bank Of India Rayya","+ 91  9417312435","Pheruman Road, Rayya, Amritsar - 143112"
"Food Corporation Of India","+ 91  183 2226257","86, Rani Ka Bagh, Amritsar - 143001, Near Mata LAL Devi Mandir"
"Canara HSBC Oreiental Of Comme...","+ 91  9888223324","Iiird Floor Cee Tee Mall, Mall Road, Amritsar - 143001, Amritsar"
"Bank Of Maharashtra","+ 91  183 2564766","5, Amritsar - 143001, Rani Ka Bagh"
"Central Bank Of India (Regiona...","+ 91  183 2565219","1, Queens Road, Amritsar - 143001, Post Box No-83"
"State Bank Of India","+ 91  183 2220440","Ram Tirath Rd, Amritsar - 143001"
"Aakash Institute","+ 91  183 5051029","Sco No 11, 1st & 2nd Floor, District Shopping Complex, Ranjit Avenue, Amritsar - 143001, B Block"
"Bank Of Baroda","+ 91  183 2270095","322 Kr Sy, Amritsar - 143001, Shivala Rd"
"State Bank Of Patiala","+ 91  183 2554130","Taran Taran Rd, Amritsar - 143001, Chatiwind Gate"
"Davesar College Of Sciences","+ 91  183 2275455","288,F-7,, Arre Wali Gali, Batala Road, Amritsar - 143001, Kashmir Avenue"
"State Bank Of Hyderabad","+ 91  183 2500357","Sco No 93, District Shopping Centre, Ranjit Avenue, Amritsar - 143001, Near Passport Office"
"United Colors Of Benetton","+ 91  183 2223116","Union Store 117-A, Ground & 1st Floor, Amritsar - 143002, The Mall"
"Oriental Bank Of Commerce (Pho...","+ 91  183 2500043","Amritsar - 143001"
"Guru Teg Bahadur College Of Nu...","+ 91  183 6578833","Vairowal Road, Jandiala Guru, Amritsar - 143115, Bagh Heera Singh Colony"
"State Bank Of India Tarn Taran...","+ 91  1859 278446","Fatehbad (Tarn Taran), Amritsar - 143407"
"State Bank Of Bikaner & Jaipur","+ 91  183 2229678","H.no.5 , , ,Branch Manager ,Circular, Road ,Mehra's House ,Basant Avenue, , Amritsar-"
"State Bank Of Patiala","+ 91  183 5095034","Dynasty Tower, Circular Road, Amritsar - 143001"
"United Bank Of India","+ 91  183 2555594","Uppal Buliding,9, Amritsar - 143001, Shastri Market"
"Dr Om Prakash Eye Institute Pv...","+ 91  9855099984","1, The Mall, Amritsar Bus Stand, Amritsar - 143001, Main Road"
"State Bank Of Patiala","+ 91  183 2571722","Joshi Complex, Majitha Road, Amritsar - 143104, Near Guru Nanak DEV Hospital"
"Oriental Bank Of Commerce","+ 91  9814998321","Majitha Road, Amritsar - 143001"
"Central Bank Of India","+ 91  183 2556870","Majith Mandi, Amritsar - 143001"
"Bank Of Baroda","+ 91  183 2502749","6, Amritsar - 143001, Hbd Clny,Green Avenue"
"Union Bank Of India","+ 91  183 2547098","Majitha Mandi, Amritsar - 143006"
"Sri Sai Group Of Institutes","+ 91  8826240202","Sri SAI college of engineering & Technology, Amritsar - 143002, Amritsar-Mannawala"
"Central Bank Of India","+ 91  183 2325110","Jandiala Guru, Amritsar - 143115, Railway Station,Gehri Mandi"
"State Bank Of India Jandiala Guru","+ 91  183 2430101","Jandiala Guru, Amritsar - 143115"
"State Bank Of India","+ 91  1858 500340","Old Post Office Road, Ajnala, Amritsar - 143102"
"State Bank Of Bikaner & Jaipur","+ 91  183 2566912","M.m Malviya Road ,Lawrence Road, ,Amritsar ,Civil Albert Road-,"
"Oriental Bank Of Commerce","2501032 2501035","10, Distt Shopping Cplx, Amritsar - 143001, Ranjit Avenue"
"World Of Titan","+ 91  183 5063888","117,The Mall, Amritsar - 143001, Nr Blue Moon Hotel, Opp HDFC Bank, Asr"
"Bank Of Baroda Amritsar","+ 91  183 2566417","40-A, Amritsar - 143001, Kennedy Avenue"
"Union Bank Of India (Loan Divi...","+ 91  183 2508855","Sco - 20-21, District Shopping Complex, Amritsar - 143001, B-Block, Ranjit Avennue"
"Oriental Bank Of Commerce","+ 91  9888524247","Chherata, Amritsar - 143105"
"Bank Of Baroda","+ 91  183 2557303","908/6, Majitha Mandi, Amritsar - 143006, Bazar Gandanwala, Majith Mandi"
"Oriental Bank Of Commerce","+ 91  183 2556682","Amritsar - 143001, Hall Bzr"
"Central Bank Of India","+ 91  183 2562416","Amritsar - 143001, Ranjit Avenue"
"Oriental Bank Of Commerce","+ 91  9872066678","Jail Rd, Amritsar - 143001"
"State Bank Of India","+ 91  183 2564797","Amritsar - 143001, Putlighar"
"Oriental Bank Of Commerce","+ 91  9872218193","Civil Lines, Amritsar - 143001"
"lic of india","+ 91  9878527777","72-a, krishna square-1, Amritsar Bus Stand, Amritsar - 143001, shivala bhaiyan"
"Dainik Bhaskar Group Of Public...","+ 91  183 3988884","SCF-35-36, Ranjeet Avenue Block D, Amritsar - 143001, Near M K Hotel"
"Gyanm College Of Competitions","+ 91  9592042233","Scf-12,, Kabir Park Market,, Amritsar - 143001, Opp. Guru Nanak DEV University,"
"United Bank Of India","+ 91  183 2555594","9, Uppal Building, Amritsar - 143001, Shastri Market"
"REPUBLIC OF CHICKEN","+ 91  183 5098623","B block market, Ranjit Avenue, Amritsar - 143001, Near mk hotel"
"State Bank Of Travancore (Cust...","18004255566","Amritsar - 143001"
"Central Bank Of India","+ 91  183 2554203","Amritsar - 143006, Hall Bazar, Kairon Market"
"Art of Living Amritsar","+ 91  9417022457","Dwarkadheesh Complex, Queens Road, Amritsar - 143001, Opposite Alexandra School"
"IBT Institute","+ 91  183 5005250","30 A, 2nd Floor, Rani Ka Bagh, Amritsar - 143001, Near Nirankari Bhawan"
"Life style A centre of total n...","+ 91  9646030601","gt road, Amritsar - 143001, near railway workshop"
"Bank Of India","+ 91  183 2556204","Majitha Mandi, Amritsar - 143006, Golden Temple Post Off"
"Ohri Hospital & Chest Care Ins...","+ 91  183 2563250","G T Rd, Amritsar - 143001, Putlighar,Opp Railway Workshop"
"ARC HEIGHTS HUB OF DESIGNING","+ 91  9814683737","scf 26, A block market, Ranjit Avenue, Amritsar - 143001, Ranjit avenue"
"Oriental Bank Of Commerce","+ 91  9779081607","Hall Bazar, Amritsar - 143001"
"State Bank Of India","+ 91  183 2562262","Amritsar - 143001, Hqr Army Cantt"
"Transport Corporation Of India...","+ 91  183 2552823","1597, Shaheed Bhagat Singh Rd, Amritsar - 143001"
"LIC OF INDIA","+ 91  9569611600","H.no-69, Officer Enclave.p.o-Rayon & Silk Mills. Opp-Thums UP Factory, AMRITSAR - 143001"
"Bearings Corporation Of India","+ 91  183 2582711","272-A, East Mohan Nagar, Amritsar - 143001"
"Central Bank Of India","+ 91  183 2229597","Amritsar - 143001, Beauty Avenue"
"Swami Satyanand College Of Mgm...","+ 91  183 5023633","Ajnala Rd, Amritsar - 143001, Blk-A,Guru Amardass Avenue"
"United Colors Of Benetton","+ 91  9876255448","Shop No 48, The Mall Road, Amritsar Cantt, Amritsar - 143001"
"State Bank Of Patiala","+ 91  183 5014634","G T Road, Chheharta, Amritsar - 143105"
"Oriental Bank Of Commerce","+ 91  183 2258224","Sarain Rd, Jandiala Guru, Amritsar - 143115"
"Sbs Group Of Educational Insti...","+ 91  183 9878273488","- 143401"
"State Bank Of India","+ 91  183 2382628","Attari, Amritsar - 143108"
"Dr Shyam LAL Thapar College Of...","+ 91  183 2237232","Dr Shyam LAL Thapar College Of, Nursing,G T Road, Amritsar - 142001, Amritsar-Barnala Bypass Road"
"Oriental Bank Of Commerce","+ 91  183 2564682","Ltd. The Area Manager ,Civil Lines, Queens Road ,Amritsar 143001 ,Civil, , Albert Road-"
"Central Bank Of India","+ 91  183 2585890","G T Road, Amritsar - 143002, Near Canal, Focal Point"
"ACET- Amritsar College Of Engi...","+ 91  9501033881","12km Stone Nh3, Grand Trunk Road Mehar Banpur, Manawala, Amritsar - 143109"
"Khalsa College Of Pharmacy","+ 91  183 5027000","Gt Road, Ajit Nagar, Amritsar - 143001, Near ICICI Bank"
"Vmm Education","+ 91  183 2222923","3, 991487487, Amritsar - 143001"
"WORLD OF TITAN","+ 91  183 5034436","shop no ff 33, jalandhar roqd, Amritsar - 143001, Alfa one mall"
"LIC Insurance Corporation Of I...","+ 91  9876321099","626/7, Gali Banian, Amritsar - 143001, Lachhmansar Chowk"
"United Colors Of Benetton","+ 91  9041821524","Trillium Mall,- Shop No 24 & 25, Ground Floor, Amritsar - 143001"
"New Gobind School Of Nursing","+ 91  183 6540458","Muthal Near Verka, Amritsar - 143001"
"Oriental Bank Of Commerce","+ 91  183 2234124","Mehta Road, Vallah, Amritsar - 143001"
"AIMS Computer Institute","+ 91  183 2225870","118-A, Rani Ka Bagh, Near Model Town, Amritsar - 143001"
"Institute For The Blind","+ 91  183 2555244","Booth Number- 753, Amritsar - 143001, Durgiana Mandir, Near Lohgarh"
"dr Pandey Centre of Excellence","+ 91  183 3203232","Sco no 19, Ranjit Avenue Block B district shopping complex, Ranjit Avenue, Amritsar - 143001, Opp Ajit Hospital Besides Mund hospital"
"Oriental Bank Of Commerce","+ 91  9915285488","Sharifpura, Amritsar - 143001"
"Oriental Bank Of Commerce","+ 91  9815254646","Vallah, Amritsar - 143001"
"Bank Of Baroda","+ 91  183 2230172","G T Rd, Amritsar - 143001, Pratap Ngr"
"Oriental Bank Of Commerce","+ 91  9872621215","Katra Ahluwalia, Amritsar - 143001"
"State Bank Of India","+ 91  183 2401851","Amritsar - 143001, Railway Station"
"Bank Of India","+ 91  183 2530194","Amritsar - 143001, Hall Bzr"
"Amritsar College Of Engineerin...","+ 91  183 5069532","12 Km. Stone, G.t.road, Amritsar - 143001, Amritsar - Jalandhar"
"Oriental Bank Of Commerce","+ 91  9915194898","Putlighar, Amritsar - 143001"
"Medway Education Consultant PV...","+ 91  183 5051900","47, Tilak Nagar, Amritsar - 143001, Near Shivala Mandir"
"Sharp Mind Computer Institute ...","+ 91  9876643658","ranjit avenue, Street No-2,gnt unit, Amritsar - 143001, Samrat Bakers"
"State Bank Of Patiala","+ 91  183 2440171","State Bank Of Patiala, Amritsar - 143001, Village Mananwala"
"LIC Of India","+ 91  183 0555204","Unit No-2, Hall Bazar, Amritsar, Amritsar - 143001"
"Bank Of India","+ 91  183 2213909","Kennedy Avenue, The Mall, Mall Rd, Amritsar - 143001"
"Bank Of Baroda Amritsar Pratap...","+ 91  183 2584172","P No-1, G T Rd, Pratapnagar, Amritsar - 143006"
"Khalsa College Of Nursing","+ 91  183 2258097","G T Rd Chheharta Rd, Amritsar - 143001"
"Jetking Computer Hardware & Ne...","+ 91  183 5065222","Sco-112, ICICI Buikding, Distt. Shopping Complex,, Amritsar - 143002, Ranjit Avenue,"
"State Bank Of India","+ 91  183 2773341","Majitha Mandi, Amritsar - 143006, Majhithia"
"World Of Titan","+ 91  183 5064194","Alpha One Mall, Amritsar - 143001"
"State Bank Of India","+ 91  183 2773341","Majitha, Amritsar - 143601"
"State Bank Of India Adb Tangra","+ 91  183 2246584","Tangra, Amritsar - 143149"
"Lic Of India","","Padda Complex, G T Road, Rayya, Amritsar - 143112"
"State Bank Of Patiala","+ 91  183 2506485","580-A, A-Block ,Ranjit Avenue ,Amritsar,"
"State Bank Of India","+ 91  183 2500588","B-I , ,SBI Officer Flat ,29 The Mall, Road , ,Amritsar ,Amritsar-143001,"
"Union Bank Of India","+ 91  183 2272957","Extension Counter ,189 Shivala Colony, ,Amritsar ,143001-,"
"State Bank Of India","+ 91  183 2580378","A 386 , , ,East Mohan Nagar ,New, Partap Nagar East Mohan Nagar ,Asr, , ,Amritsar-143001"
"State Bank Of India","+ 91  183 2224950","Rani Ka Bagh ,Amritsar Cantt , ,Civil, Albert Road-,"
"Union Bank Of India","+ 91  183 2500755","Sco 21 , , ,Hemkut Towers ,Ranjit, Avenue ,Asr ,Asr-143001,"
"State Bank Of Patiala","+ 91  183 2702548","State Bank Of Patiala ,Plot No.36, Ground Floor ,Hig Flats Mall Amndi, , G.t.road ,Amritsar"
"Bank Of Maharashtra","+ 91  183 2566985","M.m Malviya Road ,Amritsar , ,Civil, Albert Road-,"
"Union Bank Of India","+ 91  183 2511787","Daim Ganj ,Amritsar , ,Asr-,"
"Bank Of Baroda","+ 91  183 2702678","Bank Of Baroda , , ,153.partap Nagar ,, ,G.t.road ,Amritsar-143001,"
"Anand College Of Nursing & Cha...","+ 91  183 2228623","Jethuwal Batala Road, Amritsar - 143002"
"State Bank Of India Tarn Taran","+ 91  1859 222559","Fatehbad (Tarn Taran), Amritsar - 143407"
"My Kind Of Place","+ 91  183 5004005","Amritsar - 143001, The Mall"
"Charms Education & Immigration...","+ 91  183 5095585","Sco 26, First Floor, District Shopping Centre, Amritsar - 143001, Ranjit Avenue, Block B"
"IIJT Education Pvt Ltd","+ 91  183 2211188","Sco-21, Hemkunt Tower, District Shopping Complex, Ranjit Avenue, Amritsar - 143001"
"VMM institutes","+ 91  9803953531","Hotel venus, Crystal Chownk, Amritsar - 143001, Nr. Sheraz hotel"
"Bharat Academy Of Oracle","+ 91  9988316149","2074/13, Amritsar - 143001, Sharifpura, Nr Bus Stand"
"Bank of India - ATM","1800220088","Amritsar - 143001, Amritsar Railway Station"
"Bank Of Baroda Amritsar","+ 91  183 2291492","Amritsar - 143001, Town Hall"
"D Link Institute","+ 91  183 2224146","Shop No 12 2nd Floor, Nehru Shop Complex, Lawrence Road, Amritsar - 143001, Near Ritu Wears"
"Behl Academy Of Chemistry","+ 91  183 2229957","148, Rani Ka Bagh, Amritsar - 143001, near fci"
"State Bank Of India - ATM","1800114545","Amritsar - 143001, Gopal Ngr"
"Central Bank Of India","+ 91  183 2230097","Amritsar - 143001, Sultanwind Gate"
"Central Bank Of India","+ 91  183 2293416","B No 11, Amritsar - 143001, Katra Ahluwalia"
"State Bank Of India","+ 91  183 2530858","Amritsar - 143001, Dhab Wasti Ram"
"Oriental Bank Of Commerce","+ 91  9814055884","Ranjit Avenue, Amritsar - 143001"
"Universal Education Consultants","+ 91  183 2700681","24 Jawahar Ngr, Amritsar - 143001, Nr Industry Office"
"Oriental Bank Of Commerce","+ 91  9878633930","Batala Road, Amritsar - 143001"
"Central Bank Of India","+ 91  183 2565473","1 Queens Rd, Amritsar - 143001, Pb No -83"
"Bank Of India","+ 91  183 2531902","Golden Temple Rd, Amritsar - 143001"
"Central Bank Of India","+ 91  183 2590172","Raja Sansi Rd, Amritsar - 143001, Gumtala"
"Union Bank Of India","+ 91  183 2524109","Amritsar - 143001, Main Bzr,Daim Ganj"
"Amritsar College Of Engg & Tech","+ 91  183 2440675","Amritsar Jalandhar G T Rd, Amritsar - 143001, Mananwala"
"State Bank Of India Mutual Fun...","+ 91  183 2221755","State Bank Of India, Personal Banking Branch, Sco-3, Lawrence Road, Amritsar - 143001"
"Central Bank Of India - Atm","1800200191","Bazar Kathiar, Amritsar - 143001, Guru Bzr, Nr Bzr Kathiar"
"M K Group Of Institutes","+ 91  9814050871","Batala Rd, Amritsar - 143001, Suia Khurd"
"Central Bank Of India","+ 91  183 2234334","Gt Rd, Amritsar - 143001, Sharifpura"
"ICI Computer Education In","+ 91  183 2450433","G.t. Road, Amritsar - 143001"
"whirlpool of india ltd","+ 91  9216082185","Amritsar - 143001"
"Season 5 Family Salon Spa & In...","+ 91  9646604044","Sco 43 B-Block Ranjit Avenue, Amritsar - 143001, Near M K Hotel"
"Escorts Heart & Super Speciali...","+ 91  9814751157","Main Road,, Amritsar - 143001"
"Bank Of Baroda","+ 91  183 2291677","Amritsar - 143001, G G Nimak Mandi"
"Ajanta School Of Foreign Langu...","+ 91  183 2223121","Basant Avenue mrkt, near trillum mall, -, Amritsar - 143001, Near Race Court road"
"Canadian Institute For Intl St...","+ 91  183 5096300","Sco-112, ICICI Bank Bldg, Mk Hotel Rd, Amritsar - 143001, Ranjit Avenue"
"New Zealand School Of English","+ 91  183 6050007","G Tower, Meerakot, Amritsar - 143001, Adjoining Manor Estate & Near Canara Bank"
"Bank Of India","+ 91  183 2271593","Kashmir Avenue, Amritsar - 143001, Mata Kaulan Mg"
"Oriental Bank Of Commerce ATM","18001801235","Dr. Dharmpal Premises, Shakti Nagar, Amritsar - 143006, Main Chowk, Near Bazar Tokarian Wala"
"United colors of Benton","+ 91  183 5066861","Sh no 13, Celebration mall, Amritsar - 143001, Batala road"
"Aryans Herbal Yogic Institute","+ 91  183 2589278","65,Golden Avenue, Amritsar - 143001"
"State Bank Of India","+ 91  183 2424954","Majitha Rd, Majitha Mandi, Amritsar - 143006, Gopal Ngr"
"Republic Of Chicken","18001031033","Shop No-429/23, Ganga Bldg, Amritsar - 143002, Nr Khalsa College"
"Republic of Chicken","+ 91  183 5050434","Shop Number- 4296, Ganga Building, G T Road, Putligarh, Amritsar - 143002"
"ADARSH INSTITUTE","+ 91  9780072511","opp khalsa college for women, Amritsar - 143001, ner 22no .phatak"
"Shaheen Beauty Parlour & Insti...","+ 91  9878049449","H No 64-A,Avtar Avenue, Amritsar - 143001, near New Medical Enclave"
"Bank Of Maharashtra","+ 91  183 2272991","Ahs Rd, Amritsar - 143001"
"Lucky Group Of Industries","","Near Bombay Foundry, Batala Road, Amritsar - 143001"
"Victoria Immigration & Education","+ 91  183 5098112","Scf-35, Amritsar - 143001, Kabir Park,Opposite Guru Nanak DEV University"
"United Colors Of Benetton","+ 91  8860069969","Trillium Mall, Plot No-C-4, Amritsar - 143001, Opposite Basant Avenue Medical Enclave"
"Bank Of Baroda","1800223344","New Amritsar Branch, New Colony, Amritsar - 143501"
"Central Bank Of India","+ 91  183 2263074","Verka, Amritsar - 143501, Post Office Verka"
"Wall Of Asia (Radisson Blu Hotel)","+ 91  183 6611111","C/O Radisson Blu Hotel, Airport Road, Amritsar - 143001"
"Bank Of Baroda","1800223344","Majitha Branch, Majitha, Amritsar - 143601"
"Sarsawati Intitute Of Commerce","+ 91  9803848111","Jandiala Guru, Amritsar - 143115, Near Sant Day Boaring School, Nagh Hira Singh"
"Jaro Education","+ 91  9920902440","No.99,, 5th Block, Ajnala, Amritsar - 143102, Koramangala Industrial Area"
"State Bank Of Patiala","+ 91  1853 222046","G T Rd, Rayya, Amritsar - 143112"
"S V Memorial College Of Nursing","+ 91  1871 2783517","Batala Rd, Batala, AMRITSAR - 143505, Nr Verka, Mukhala"
"Oriental Bank Of Commerce","+ 91  183 2530568","Hall Bazar Katra Baggian ,Near Town, Hall , ,Amritsar-,"
"State Bank Of India","+ 91  183 2578452","Br (8016) ,Batala Road ,Amritsar, ,Majitha Road-,"
"Oriental Bank Of Commerce","+ 91  183 2400931","Opp Railway Workshop ,G T Road, ,Putlighar ,Amritsar-,"
"State Bank Of Patiala","+ 91  183 2557936","Mukherji Marg ,Jallianwala Bagh, ,Amritsar ,Katra Sher Singh-,"
"Bank Of Maharashtra","+ 91  183 2228205","M.m. Malviya Road ,Amritsar-,"
"Uppal College Of Paramedical T...","+ 91  183 3119672","Majitha Road,"
"Bank Of Maharashtra","+ 91  183 2508281","H.no.555.b-Block ,Ist Floor ,Ranjit, Avenue ,Amritsar-,"
"Oriental Bank Of Commerce","+ 91  183 2557748","Majith Mandi Branch ,776/6 Bazar Ganda, Wala ,Majith Mandi ,Amritsar-,"
"State Bank Of India","+ 91  183 2580733","Staff Training Centre ,E Mohan Ngr, Ind.area 100 ,Ft Road Amritsar ,Guru, , Ravi Dass Marg-"
"Union Bank Of India","+ 91  183 2557921","Majith Mandi , ,Amritsar-,"
"World Of Interiors","+ 91  183 2224564","1-Deep Complex, Court Road, Amritsar - 143001, Opposite Doaba Auto Dealer"
"Prof Sodhis Academy Of Competi...","+ 91  8054920092","House Number-92, Railway Link Road, Amritsar - 143001, Behind Chinnar Hotel"
"State Bank Of India - ATM","1800114545","Amritsar - 143001, Katmon Deori"
"State Bank Of India","+ 91  183 2265186","Batala Road, Amritsar - 143001"
"Oriental Bank Of Commerce","+ 91  183 2508098","Sco-10, Distt Shopping Cplx, Ranjit Avenue, Amritsar - 143001"
"English Dot Com Education Serv...","+ 91  183 4094378","Ho Sco-26,Distt Shopping Cplx, Amritsar - 143001, B Blk,Ranjit Avenue"
"Life Insurance Corp. Of India","+ 91  183 2563801","35 The Mall, Amritsar - 143001"
"Manohar Lal Rattan Lal","+ 91  183 5533726","Shop No 37, Amritsar - 143001, Shed No 3, New Sabji Mandi"
"State Bank Of Patiala ATM","18001802010","Mukherjee Marg, Amritsar - 143001, Near Jallianwala Bagh"
"Central Bank Of India ATM","18002001911","Amritsar - 143001, Old Chungi, Near Gndu"
"Apex Education Group","+ 91  183 2213899","208, Amritsar - 143001, Opposite Khalsa College, Mohni Park"
"State Bank Of Patiala ATM","18001802010","Amritsar-Taran Taran Road, Amritsar - 143001, Chatiwind Gate"
"Central Bank Of India ATM","18002001911","Shop No 3664/15, Mehta Road, Amritsar - 143001, Focal Point"
"Oriental Bank Of Commerce ATM","18001801235","G T Road, Amritsar - 143001, Opposite Railway Workshop, Putlighar"
"State Bank Of Patiala ATM","18001802010","Amritsar - 143001, East Mohan Nagar"
"Lath Institute","+ 91  9463724265","House No. 364, Gali No.5, Bhawani Nagar, Majitha Road, Amritsar - 143001, Gurudware Wali Gali"
"Life Insurance Corp. Of India","+ 91  183 2502184","Amritsar - 143001, Ranjit Avenue"
"Education Visa Consultants","+ 91  183 5067592","Amritsar - 143001, Thana Sadar"
"B N Overseas Education Service","+ 91  183 2452093","Jal Road, Amritsar - 143001"
"Rhythm Thrill Dance Modeling A...","+ 91  9814534503","Rhythm Thrill Dance Institute, Pushpa Market, Amritsar - 143001, Lawrence Road"
"Oriental Bank Of Commerce ATM","18001801235","Ajnala Road, Amritsar - 143001, Adjoining Bank Of Maharashtra"
"Oriental Bank Of Commerce ATM","18001801235","Ramtirath Road, Amritsar - 143001, Village Mahal"
"Art Of Fitness","+ 91  9988690001","Amritsar - 143001, Anand Nagar Maqsudan"
"Channakya Academy Of Commerce","+ 91  9814793863","182 B 2f, Rani Ka Bagh, Amritsar - 143001, Main Road"
"Bbs Overseas Education","+ 91  183 2222232","2nd Flor Lawrence Road, Amritsar - 143001"
"Bachpans Education & Consultancy","+ 91  183 5014861","Mm Malviya Road, Amritsar - 143001"
"Central Bank Of India ATM","18002001911","Cemetary Road, G T Road, Amritsar - 143001, Pultighar"
"Central Bank Of India ATM","18002001911","31, Circular Road, Amritsar - 143001"
"Central Bank Of India ATM","18002001911","P B No. 83, 1, Queen's Road, Amritsar - 143001"
"Central Bank Of India ATM","18002001911","Amritsar - 143001, Novelty Chowk"
"State Bank Of Patiala ATM","18001802010","J K Tower, Mall Road, Amritsar - 143001, Civil Lines"
"Travcare Education System","+ 91  183 5011595","Amritsar - 143001, B/S Gagan Cinema"
"Babra College Of Botony","+ 91  183 2508950","98-A, Rani Ka Bagh, Amritsar,, Amritsar - 143001"
"Abhishek Rattan Advocate","+ 91  9888051036","H.No.660/12, Shastri Market, Near Telephone Exchange, Amritsar, Amritsar - 143001"
"I E C School Of Art & Fashion","+ 91  183 2228144","5-C, Krishan Nagar,, Amritsar - 143001"
"Amritsar Education Society And...","+ 91  183 2507622","72 Sector 4 Amritsar, Amritsar - 143001"
"Sgs Education & Visa Consultant","+ 91  9888570202","G T Road, Amritsar - 143001, Near PNB Bank Rayya"
"Wide Education Board","+ 91  9417984118","Amritsar Gpo,Amritsar, Amritsar - 143001"
"Sharp Institutes","+ 91  8054938303","27 Feet Road, Majitha Road, Amritsar - 143001, Diamond Avenue, Near Green Field"
"Linear Maths Institute","+ 91  9876947277","137 ( F-16/40 ), Majitha Road, Amritsar - 143001, Friends Avenue"
"Saligram Rattan Chand","+ 91  183 2222688","Lawrance Road, Amritsar - 143001"
"House of precure","+ 91  9814779990","Amritsar - 143001"
"Oriental Bank Of Commerce ATM","18001801235","Sarpai Palace, G T Road, Amritsar - 143001, Chowk Maqboolpura"
"Chanakya Coaching & Computer I...","+ 91  183 2223232","456, Majitha Road, Amritsar,, Amritsar - 143001"
"Automobile Association Of Uppe...","+ 91  183 2223700","Chowk Gole Hatti, Hall Bazar,, Amritsar - 143001"
"Kay Cee Group Of Trade & Indus...","+ 91  183 2588817","Plot Number- 1, Kay Cee House, Amritsar - 143001, Kay Cee Avenue, Tehsilpura"
"Sai institute","+ 91  9814554901","Amritsar - 143001, Sarifpura"
"All Blacks Immigration & Educa...","+ 91  8146541236","Ptk Bye Pass, Amritsar - 143001"
"B.B.K.D.A.V College Of Women","+ 91  9876460397","Lawrence Road, Amritsar - 143001, Amritsar"
"Oriental Bank Of Commerce ATM","18001801235","6, Sharda House, Amritsar - 143001, Diamond Avenue"
"Tulec Computer Education","+ 91  183 2212346","Lawrence Road, Amritsar,, Amritsar - 143001"
"Banking exam institute","+ 91  9888393277","Gt Road, Amritsar - 143001, New amritsar"
"MFH the hub of international b...","+ 91  9878586786","5, Taylor road, Amritsar - 143001, The mall"
"Oriental Bank Of Commerce ATM","18001801235","Aventura Mall, 1st Floor, Mall Road, Amritsar - 143001"
"Oriental Bank Of Commerce","+ 91  183 2401856","1st Flr , Aventura Mall, Mall Rd, Amritsar - 143001"
"Roshni Immigration & Education...","+ 91  183 2560926","Super Plaza, Cooper Road,, Amritsar - 143001, Cristal Chowk Toward Bridge Left Side."
"Ascend Global Travel & Oversea...","+ 91  183 5098372","4th Floor Eminent Mall,Kennedy Avenue, Mall Road, Amritsar - 143001, Near New Passport Office"
"Bank Of Baroda ATM","18001024455","Kennedy Avenue, Amritsar - 143001"
"VISION IMMIGRATION & EDUCATION...","+ 91  183 5065348","102,Sunrise Plaza, Crystal Chownk ,Cooper Road, Amritsar - 143001, Near Nokia Care"
"Roof A House Of Footwear","+ 91  9357357221","A -24, Pink Plaza Market Amritsar, Amritsar - 143001"
"State Bank Of India","+ 91  183 2500640","70-B,Green Avenue, Amritsar - 143001, Nr Kakkar Hospital"
"Career Institue Of Commerce","+ 91  9872021022","31/a, rani ka bagh, Amritsar - 143001, Main Road,near archies gallery"
"Aims Global Education","+ 91  183 2542355","Hide Market, Amritsar - 143001, Nr Tourist Guest House"
"Mata Charan Kaur College Of Pu...","+ 91  183 5060598","Pink Palace Partap Nagar G . T Road, Sec Add Tunga Wali Puli Majitha Road, Amritsar - 143001"
"PANACHE essence of Splendid At...","+ 91  183 2226122","40-B, Mall Road, Kennedy Avenue, Amritsar - 143001, Opposite Kalyan Jewellers"
"Future vision institutes","+ 91  9779959000","64 third floor, Nehru shopping complex, Lawrence Road, Amritsar - 143001, Opposite novelty sweets"
"Oriental Bank Of Commerce","+ 91  183 2556476","Mich Centre,201-202, Amritsar - 143001, Chitra Talkies"
"Randhawa Institute","+ 91  183 2210823","#30-F, Rani Ka Bagh, Rani Ka Bagh, Amritsar - 143001"
"World 4u Overseas Education & ...","+ 91  183 5062020","1st Floor, Nanak Building, Opp. Nehru Shopping Complex, Lawrence Road, Amritsar, Lawrence Road, Amritsar - 143001"
"Tgcl Abroad Education","+ 91  183 5007772","shop no 42, 2ND Floor, nehru shopping complex, Lawrence Road, Amritsar - 143001, near chaupati res"
"SRM INSTITUTE","+ 91  183 2532164","JEWEL PLAZA BUILDING FIRST FLOOR LAWRENCE ROAD, Lawrence Road, Amritsar - 143001, OPP. RITU WEARS"
"A.V. Gurukul Educational Insti...","+ 91  183 2226564","352, first floor, shastri nagar, Lawrence Road, Amritsar - 143001"
"Central Bank Of India ATM","18002001911","Inside Hall Gate, Katra Sher Singh, Amritsar - 143006, Corner Shop, Opposite Mahajan Dairy, Katra Baghian"
"GEHNA AMRITSAR - A House Of Fa...","+ 91  9988221148","C/O Fancy Tent House, Lawrence Road, Lawrence Road, Amritsar - 143001, Opposite Ritu Wears"
"Knowledge Villa institute","+ 91  183 5058409","7/3, Rani Ka Bagh, Amritsar - 143001, Near hp petrol pump"
"Oriental Bank Of Commerce ATM","18001801235","Old Jail Road, Green Avenue, Amritsar - 143001"
"VK Institutes","+ 91  8872768888","16, Park Lane, Rani Ka Bagh, Amritsar - 143001"
"STATE BANK OF INDIA","+ 91  183 5019803","SBI BUILDING, 3 RANI KA BAGH, Rani Ka Bagh, Amritsar - 143001, NEAR COURTS CHOWK"
"Gts Computer Institute","+ 91  183 2403566","10 B, Rani Ka Bagh, Amritsar - 143001, Near Distt. Library"
"Radiance Institute","+ 91  183 5080005","85, Rani Ka Bagh, Amritsar - 143001, Adjoining Fci Office, Near Shivaji Park"
"International School of Design...","+ 91  9988863388","33a/1,Ground floor, Rani Ka Bagh, Amritsar - 143001, Next to Archies galery"
"Neo Expressionist School of Art","+ 91  9988827799","1st Floor, Upstairs HP Jewellers, Rani Ka Bagh, Amritsar - 143001, Near Sensations"
"SpringAhead Education Pvt Ltd","+ 91  183 5096464","7/3, Rani Ka Bagh, Amritsar - 143001, Near SBI, Adjoining HP Petrol Pump"
"Race the fire of fashion","+ 91  9780660801","Shop no 629, Basant nagar, Amritsar - 143001, Near mata mandir"
"Amritsar Commerce Education","+ 91  9815193154","2 old jail road, Care of Arora gift and greet, Amritsar - 143001, Ranjit avenue"
"AMRITSAR OVERSEAS EDUCATION CO...","+ 91  183 9814797331","156 PRITAM NAGAR, 100FEET ROAD, Amritsar - 143001, NEAR DEEP BAKERY"
"E-Tech Computer Education","+ 91  183 5008813","1st Floor, Sunny Market, Mcleod Road, Rani Ka Bagh, Amritsar - 143001, Near Radical & Out Side Rani Ka Bagh"
"Oriental Bank Of Commerce ATM","","Bbk Dav College For Women, Lawrence Road, AMRITSAR - 143001"
"Oriental Bank Of Commerce ATM","18001801235","Hall Bazar, Amritsar - 143001"
"Oriental Bank Of Commerce ATM","18001801235","Lawrence Road, Amritsar - 143001, Bbk Dav College For Women"
"New Rattan Sewing Machine Co.","+ 91  9217779630","Bazar Ram Bagh, Amritsar, Amritsar Road, Amritsar - 143001"
"Bawa College Of Physics","","Amritsar - 143001"
"United Bank Of India ATM","18003450345","571,, Tarn Taran Road, Amritsar - 143001, Guru Arjun DEV Nagar, Opp Baba Deep Singh Avenue"
"radical technical institute","+ 91  9988734212","718 mcleod road, Amritsar - 143001, near st francis school"
"Global Education Solutiions","+ 91  9888877900","2nd Floor,Singh Complex, Nr. Post Office, Amritsar Bus Stand, Amritsar - 143001, Hussainpura Chowk"
"Vidyashri School Of Dance & Music","+ 91  183 2560237","Rbkc Towers,, Rani Ka Bagh, Amritsar - 143001, Opposite St Francis School, Rani Ka Bagh"
"Fame Institute","+ 91  183 2400088","Rbkc Tower, Mcleod Rd, Rani Ka Bagh, Amritsar - 143001"
"Angel The World Of Beauty","+ 91  183 5089116","Pultighar, Amritsar, G T Road, Amritsar - 143001"
"MASK CHANGES FACES OF FASHION","+ 91  9888714787","6, Nai sadak, Lawrence Road, Amritsar - 143001, Opp.BBK DAV"
"STRONG BASICS INSTITUTE","+ 91  8557063968","Sco no 40, Main chowk, Lawrence Road, Amritsar - 143001, new Garden Colony"
"Sacred institute","+ 91  9888760468","1, Race course road, Basant Avenue, Amritsar - 143001, Near marble house"
"State Bank Of India - ATM","1800114545","Amritsar - 143001, Railway Station"
"ATM state bank of india ATM","+ 91  9855872700","ATM STATE BANK OF INDIA ATM, GREEN AVENUE TEMPLE LANE KRISHAN DHAM, Green Avenue, Amritsar - 143001, GREEN AVENUE TEMPLE LANE"
"Mak Institute","+ 91  183 6555516","House Number 353 B, Lawrence Road, Shastri Nagar, Amritsar - 143001, Near Dav College Ground"
"Global migration & education s...","+ 91  183 2508020","Sco-6 2nd floor, B block market distt,shopping complex, Ranjit Avenue, Amritsar - 143001, Ranjit avenue"
"Bnoc education board","+ 91  183 5006444","Sco - 6 2nd floor, Distt. Shopping complex b block ranjit avenue, Amritsar - 143001, Near oxl"
"XPOSURE MEDIA DANCE AREOBICS &...","+ 91  183 5064662","Sh No. G-1 2nd Floor Ganpati Tower, Lawrence Road, Amritsar - 143001, Nr. Income Tax Colony"
"State Bank Of India - ATM","1800114545","Town Hall, Amritsar - 143001"
"R.K. INSTITUTE ISO CERTIFIED","+ 91  8968500546","2550, Sharifpura, Amritsar - 143001, Near Hotel Axis Inn"
"Union Bank Of India","+ 91  183 2592323","Baba Guruditta Ji Complex, Airport Road, Amritsar - 143001, Near Vijay Petrol Pump"
"Oriental Bank Of Commerce","","Hall Bazar, AMRITSAR - 143006"
"State Bank Of India - ATM","","Dhabwasti Ram, Amritsar - 143006"
"State Bank Of India - ATM","","Air Cargo Complex Amritsar, Amritsar - 143006"
"Superflyrz Institutes","+ 91  183 6504000","Sco 36 First Floor, B Block Ranjit Avenue, Amritsar - 143001, Above Peddlers"
"Central Bank Of India - Atm","1800200191","Queens Road, Amritsar - 143001, Civil Lines, Pb No 83"
"Central Bank Of India ATM","18002001911","Booth No. 18,, Ranjit Avenue, Amritsar - 143001, A Block Market, Premises Of Sh. Harpal Singh"
"Gulmohar Education HUB","+ 91  183 5094923","A-Block Market, Amritsar - 143001, Court"
"Krishco Group Of Industries","+ 91  183 2558150","39, Amritsar - 143001, Shastri Market"
"State Bank Of India Amarkot","+ 91  1851 233841","Mehndipura, Amritsar - 143419"
"sam higginbottom institute","+ 91  9814660022","Amritsar - 143001"
"Bank Of Baroda","+ 91  183 2541430","Amritsar - 143001, Town Hall"
"Suraj Rattan","+ 91  9464021943","651 A,, Gali Telian Wali,Bagh Jhanda Singh, Amritsar - 143001"
"British Institute","+ 91  9780501810","19-D, Majitha Rd, Amritsar - 143001, Dr Lane Ghala Mala Chowk, Nr Karam Singh Hospital"
"Students Efficacious Education","+ 91  9217195744","407 B Blk, Ranjit Avenue, Amritsar - 143001"
"State Bank Of India","+ 91  183 2565264","Amritsar - 143001, Amritsar Cantt"
"British English School Of Teac...","+ 91  183 2212105","3-Aga,Heritage Club Cplx, Amritsar - 143001"
"sam higginbottom institute","+ 91  9815107666","Amritsar - 143001, Barnala"
"Oriental Bank Of Commerce","+ 91  9814674287","Majith Mandi, Amritsar - 143001"
"Shokeenda Hardware & Networkin...","+ 91  183 6575099","Amritsar - 143001"
"B And B Institute","+ 91  9888424740","Majitha Bye Pass, Majitha Road, Amritsar - 143001, Nr Umang Juice Bar"
"Oriental Bank Of Commerce","+ 91  183 2705977","G T Rd,Guru Ravi Dass Marg, Amritsar - 143001, Sharifpura"
"State Bank Of India","+ 91  183 2520596","Amritsar - 143001, Ngm Bhagtanwala"
"Gurus Overseas Education","+ 91  183 2223353","226,1st Flr, Cooper Rd, Amritsar - 143001"
"Oriental Bank Of Commerce","+ 91  183 2440732","Manawala, Amritsar - 143001"
"Oriental Bank Of Commerce","+ 91  9815803168","Maqbool Pura, Amritsar - 143001"
"Oriental Bank Of Commerce","+ 91  9815803109","Khasa, Amritsar - 143001"
"Bhasker College Of Mathematics","+ 91  183 2212454","Amritsar - 143001"
"Oriental Bank Of Commerce","+ 91  9815803192","Nawanpind, Amritsar - 143001"
"State Bank Of India","+ 91  183 2500186","Amritsar - 143001, Katra Khazana"
"Central Bank Of India","+ 91  183 2400554","Cemetary Rd, Amritsar - 143001, Pultighar"
"Central Bank Of India","+ 91  9463475429","Circular Road, Amritsar - 143001"
"Life Insaurance Corporation Of...","+ 91  183 2421332","Guru Gobind Singh Nagar, Gali No. 4, Majitha Road, Amritsar - 143001"
"Royal Travels & Education","+ 91  183 1243175","Taran Taran Rd, Amritsar - 143001, Gurdain Clny Patti"
"Marshal Career Institute","+ 91  183 3205700","26/4, Rani Ka Bagh, Amritsar - 143001"
"Oriental Bank Of Commerce","+ 91  183 2585767","Sarpal Place, G T Rd, Amritsar Bus Stand, Amritsar - 143001, Chowk Maquboolpura"
"Oriental Bank Of Commerce","+ 91  9815803127","Golden Ave, Amritsar - 143001"
"State Bank Of Patiala","+ 91  183 2555850","Amritsar - 143001, Katra Jaimal Singh"
"Daljeet & Simar Group Of Art","+ 91  9815111054","497/37, Sw Rd, Amritsar - 143001, Sarwanpura Nr Central Bank"
"Oriental Bank Of Commerce","+ 91  183 2584124","Amritsar - 143001, Balla"
"Oriental Bank Of Commerce","","Majith Mandi, AMRITSAR - 143001"
"Oriental Bank Of Commerce ATM","","C-O U.k International, Ajnala Road, AMRITSAR - 143001"
"Oriental Bank Of Commerce","+ 91  183 2502625","Old Jail Rd, Amritsar - 143001"
"Oriental Bank Of Commerce","+ 91  183 2225750","G T Rd, Amritsar - 143001, Sandhu Mkt,Opp Sandhu Clny,B Blk,Chheharta"
"Bank Of Punjab Ltd Gndu Shoppi...","+ 91  183 2257276","Gndu Shopping Centre, Amritsar - 143001"
