"Name","Phone","Address"

"Jsr Group","+ 91  9463648542",""
"Rythmx Cosmetic Formulations","+ 91  9650035811",""
"Murphy Cosmetics Co.","+ 91  183 2264050",""
"An Essence Pvt Ltd","+ 91  11 33413254",""
"Par Enterprises","+ 91  9930674653",""
"Magic Of Herbs","+ 91  9138198485",""
"Innate Biotech Pvt Ltd","+ 91  9839611313",""
"Adidev Herbals Pvt Ltd","+ 91  761 4041115",""
"M P Business Combine","+ 91  11 33436271",""
"Vasa Global Company","+ 91  22 25080011",""
"Hindustan Natural Care","+ 91  8000065041",""
"Sitara Cosmetics","+ 91  9876927338",""
"Herbotech","+ 91  9815120922",""
"Rythmx cosmetic","+ 91  9650035811",""
