"Name","Phone","Address"

"Humpal Travel And Immigrati...","+ 91  1884 250073",""
"HM International","+ 91  1882 505252",""
"Naviguer Education Pvt. Ltd.","+ 91  1882 505506",""
"HEIGHTS OVERSEAS CONSULTANTS P...","+ 91  1882 253544",""
"Green Immigration Consultants","+ 91  1882 502582",""
"telford unicom pvt ltd","+ 91  9915569693",""
"Eurowise Consultants Privat...","+ 91  161 4641313",""
"A V Immigration And Careers...","+ 91  11 48077782",""
"Caan Wings Consultants Pvt Ltd","+ 91  181 4606666",""
"Sky High Immigration","+ 91  183 2422283",""
