"Name","Phone","Address"

"Humpal Travel And Immigrati...","+ 91  1884 250073",""
"HM International","+ 91  1882 505252",""
"Healthyway Immigration Consult...","+ 91  1882 326234",""
"Naviguer Education Pvt. Ltd.","+ 91  1882 505506",""
"HEIGHTS OVERSEAS CONSULTANTS P...","+ 91  1882 253544",""
"Green Immigration Consultants","+ 91  1882 502582",""
"Dolphin Overseas Consultants","+ 91  1882 520622",""
"Minaar Immigration Consultants...","+ 91  9815389911",""
"Ogic","+ 91  1882 221948",""
"WD Immigration Consultants","+ 91  1882 258135",""
"Total Solutions","+ 91  1886 502701",""
"telford unicom pvt ltd","+ 91  9915569693",""
"NHIS Consultants Private Li...","+ 91  172 5201213",""
"Eurowise Consultants Privat...","+ 91  161 4641313",""
"A V Immigration And Careers...","+ 91  11 48077782",""
"Royal Study Hub","+ 91  181 4050022",""
"Royal Study Hub","+ 91  181 4050022",""
"Columbus Consultant Pvt Ltd","+ 91  2642 645659",""
"Pyramid Overseas Education Con...","+ 91  79 27497551",""
"Caan Wings Consultants Pvt Ltd","+ 91  181 4606666",""
"Sky High Immigration","+ 91  183 2422283",""
"Max Overseas Consultants","+ 91  154 2480244",""
"JAGDEEP EDUCATIONAL CONSULTANT","+ 91  154 2480242",""
"Panache Immigration & Educa...","+ 91  181 4673999",""
"Eurowise Consultants Privat...","+ 91  175 5006743",""
"British Educare","+ 91  1824 462002",""
"Abroad Holidays","+ 91  172 5013239",""
