"Name","Phone","Address"

"Humpal Travel And Immigrati...","+ 91  1884 250073",""
"HM International","+ 91  1882 505252",""
"Param Immigration Consultant P...","+ 91  1882 500800",""
"Sukhman Immigration & Educati...","+ 91  1883 244113",""
"Naviguer Education Pvt. Ltd.","+ 91  1882 505506",""
"International Immigration Serv...","+ 91  9815601300",""
"HEIGHTS OVERSEAS CONSULTANTS P...","+ 91  1882 253544",""
"Green Immigration Consultants","+ 91  1882 502582",""
"Globus Consulting","+ 91  1882 654543",""
"Global Institute And Consultants","+ 91  9876894533",""
"Health Way Immigration Comopany","+ 91  9988011536",""
"Overseas Career Consultant","+ 91  9855156176",""
"Target Consultancy","+ 91  9814919546",""
"Oceans Across","+ 91  1882 500011",""
"Amit Visa Service","+ 91  9417398897",""
"ACE Consultants","+ 91  9872826986",""
"Dolphin Overseas Consultants","+ 91  1882 520622",""
"Guru Nanak Enterprises","+ 91  1882 502551",""
"International Immigration Serv...","+ 91  9316461300",""
"Oxford Travel & Educational Se...","+ 91  1882 503502",""
"Minaar Immigration Consultants...","+ 91  9815389911",""
"Sunny Enterprises","+ 91  1882 220058",""
"Ogic","+ 91  1882 221948",""
"Euro Asia Educational Services","+ 91  1882 520177",""
"Fly High Consultancy Ltd","+ 91  9988776402",""
"Wd Professional Career Develop...","+ 91  9872040696",""
"Total Solutions","+ 91  1886 502701",""
"Morgan Immigration Consultants","+ 91  9041532359",""
"Tanda Imigration & Education S...","+ 91  9815785661",""
"SAI Trade Centre","+ 91  1883 510077",""
"Smart Education","+ 91  7355885310",""
"telford unicom pvt ltd","+ 91  9915569693",""
"Deep Tour & Travel","+ 91  1883 272327",""
"Gurukirpa Travels","+ 91  1883 502609",""
"Aus Canus","+ 91  1883 503111",""
"Fly Abroad","+ 91  9815667328",""
"NHIS Consultants Private Li...","+ 91  172 5201213",""
"Eurowise Consultants Privat...","+ 91  161 4641313",""
"A V Immigration And Careers...","+ 91  11 48077782",""
"Royal Study Hub","+ 91  181 4050022",""
"Royal Study Hub","+ 91  181 4050022",""
"Columbus Consultant Pvt Ltd","+ 91  2642 645659",""
"Caan Wings Consultants Pvt Ltd","+ 91  181 4606666",""
"Sky High Immigration","+ 91  183 2422283",""
"Max Overseas Consultants","+ 91  154 2480244",""
"JAGDEEP EDUCATIONAL CONSULTANT","+ 91  154 2480242",""
"Panache Immigration & Educa...","+ 91  181 4673999",""
"Eurowise Consultants Privat...","+ 91  175 5006743",""
"British Educare","+ 91  1824 462002",""
"Abroad Holidays","+ 91  172 5013239",""
