"Name","Phone","Address"

"Ruddra Agriculture Industries","+ 91  9257241324","Near Libra Motors,, Jalandhar Road,, Hoshiarpur - 146001"
"New Moga Agriculture Industries","+ 91  9463906101","Industrial Area, Hoshiarpur - 146001, Opp ITI Jalandhar Road"
"G S Agriculture Industries","+ 91  1882 251222","10 A Ind Estate, Hoshiarpur - 146001, Jalandhar Road,"
"Sonalika Agro Industries","+ 91  9814663466","6 Indl. Area Jalandhar Road, Hoshiarpur - 146001"
"Sonalika Agro Industries Corpo...","+ 91  1882 250376","6,, Industrial Estate, Jalandhar Road, Hoshiarpur - 146001"
"Reliance Industries Ltd","+ 91  1882 660339","Reliance Industries Limited, Dharamshala Road, Hoshiarpur - 146024, Village & P.o- Chohal"
"Auto Industries","+ 91  1882 264744","Jalandhar Road,, Hoshiarpur - 146001, Village Chak Gujran,"
"Modern Industries","+ 91  9356436289","52 Indl. Area Jalandhar Road, Hoshiarpur - 146001"
"Navyug Industries","+ 91  1882 253754","17-Industrial Estate,, Jalandhar Road, Hoshiarpur Punjab, Hoshiarpur - 146001"
"Samrat Industries","+ 91  1882 252354","18, Industrial Area, Jalander Road, Hoshiarpur Punjab, Hoshiarpur - 146001"
