"Name","Phone","Address"

"The Marulla Co Operative Agric...","+ 91  9417847007","Hoshiarpur - 146001"
"Hoshiarpur Central Co Operativ...","+ 91  9417062880","Ram Colony Camp, Hoshiarpur - 146001, Near Hanuman Mandir"
"Hoshiarpur Central Co Operativ...","+ 91  9463720199","V P O Beh Nangal, Hoshiarpur - 146001, Near Udupi Hotel"
"The Unati Co - Operative Marke...","+ 91  8588804960","Hoshiarpur, Panjab, Hoshiarpur - 146001"
"National Agro Supply Co Operat...","+ 91  9464212265","Hoshiarpur - 146001"
"Hoshiarpur Co-Operative Bank L...","+ 91  1882 224100","District Courts Road,, Hoshiarpur - 146001"
"Adarsh Credit Co-Operative Soc...","+ 91  1882 254718","1st Floor, Gogia Complex, Jalandhar Road, Hoshiarpur - 146001, Near Passport Office"
"Hoshiarpur Central Co Operativ...","+ 91  9463706614","Dhada Kalan, Hoshiarpur - 146001"
"Hoshiarpur Central Co Operativ...","+ 91  9417349220","Harsamansar Manser, Hoshiarpur - 146001"
"Hoshiarpur Central Co Operativ...","+ 91  9815322578","Piplanwala Main Road, Piplanwala, Hoshiarpur - 146022, Near Jalandhar Road"
