"Name","Phone","Address"

"Design Workshop Rajkot","+ 91  281 2463251","Sardar Nagar, Rajkot, Rajkot - 360001"
"hapiness pro design","+ 91  9924355599","Rajkot - 360001"
"EYE DESIGN INDUSTRIES","+ 91  9725069797","nr.Kishan Steel, Oppo,Ram Mandir, Rajkot - 360001, Jamnagar Road Rajkot-360006"
"Raj Design","+ 91  9879491515","ganesh ngar gundala road, near gangotri school, Rajkot - 360001, gondal"
"FIESTA DESIGNS","+ 91  7600020541","PATTNI BULDING, M.G.ROAD, Trikon Baug, Rajkot - 360001, M.G.ROAD"
"Venus Design","+ 91  9825963401","Panchnath Plot, Plot No 11, Limda Chowk, Rajkot - 360001, Opposite Rekhaben Shah Hospital"
"Omega Web Design","+ 91  8866668487",""
"Design Institiute","+ 91  9978842286","Rajkot City, Rajkot - 360001"
"Complete Fire Design Solutions","+ 91  9825079730","Ahmedabad, Rajkot - 360001"
"Designs","+ 91  281 2577319","Shop No. 311, Kalawad Road, Rajkot - 360001"
"Miracle The Design Solution","+ 91  9228125884","Ff/116 Samruddhi Bhavan 3rd Floor, Gondal Road, Rajkot - 360002, Opp Bombay Petrol Pump"
"The Galaxy Design","+ 91  9824844184","113 Cosmo Complex, Rajkot - 360001, Near mahila College Circle"
"Grabanim Creative Design","+ 91  9998625847","102, Samruddhi Bhavan, Gondal Road, Rajkot - 360002, Opposite Bombay Petrol Pump"
"HUE & Design","+ 91  9725055110","Vijay Plot, Rajkot - 360002, 12/27 Vijay Plot"
"Kwick & Kwality Wedding Album ...","+ 91  9099943604","25, Vijay Plot, Vijay Plot, RAJKOT - 360002, Near Lodhavad Police Chowky"
"Interior Design","+ 91  9978174871","Krishna Krupa, 5- Ram Nagar, Gondal Road, Rajkot - 360002"
"Avadh Design Solutions","+ 91  9737477572","10 Sukrut Complex 1st Floor, Guruprasad Chowk, Gondal Road, RAJKOT - 360002, Doshi Hospital Main Road"
"Aims Design Unit","+ 91  281 2232464","223/224 Plenary Arcade, Dhebar Road, Gondal Road, Rajkot - 360002, Near Bombay Garag Petrol Pump"
"vishwkala designs","+ 91  9824451754","19, Aarthik Bhavan, Gondal road, Gondal Road, Rajkot - 360002, Near bombay petrol pump"
"Vastra Design House (Closed Down)","","Venus Gold, Sunrise Residency, Kalawad Road, Rajkot - 360007"
"Center Of Jewellery Design","+ 91  9824533481","Chadramauli Bungalow No 27, Kalawad Road, Rajkot - 360007"
"Design Pixel","+ 91  8238221904","Rajkot - 360002"
"Design 3D View","+ 91  9427727333","Ram Krishna Complex 1st Floor, Rajnagar Chowk, Nana Mava Main Road, RAJKOT - 360005"
"Aakar Offset & Design","+ 91  9909016399","15/28, Vijay Plot, Gondal Road, Rajkot - 360002, Behind Avantibai Lodhi Bhavan"
"Panash Design Hub","+ 91  9824412434","Amrut complex first floor, Main road, Amin Marg, Rajkot - 360001, Opposite Cosmos Bank"
"Design Craft","+ 91  9537222276","11, Designcraft, Dhruvraj Complex, Opp. Backbon Marriage Hall, Chandreshnagar, Rajkot - 360004, Mayani Nagar"
"Ashahit Designs","+ 91  9825516275","2, Vidhaya Kunj Apartment,, Amin Marg, Rajkot - 360001, Opp. Only Parathas,"
"Creative Institute of Design","+ 91  9824272949","2/4 Nalanda Society Corner, Kalawad Road, Rajkot - 360007, Near World Of Titan Showroom"
"Hi-Design","+ 91  9824208503","131, 4th floor, Samrudhdhi Bhavan, Main road, Gondal Road, Rajkot - 360002, Opp. Bombe petrol pump"
"Hi Design","+ 91  281 2234246","131, 4th Floor, Samrudhi Bhavan, Gondal Road, Rajkot - 360002, Opposite Bombay Petrol Pump"
"Eightt Design Studio","+ 91  281 2480130","Ul-14 Samruddhi Bhavan, Gondal Road, Rajkot - 360002, Opposite Bombay Petrol Pump"
"Micromagine Embedded System De...","+ 91  9429160113","3rd Floor, Triveni Sangam Appartment,, Kishanpara, Rajkot - 360001, Opp. Divya Bhashkar Appartment,"
"R World Graphic Design Studio","+ 91  281 2223172","226, Royal Complex, Bhutkhana Chowk, Dhebar Road, Rajkot - 360002"
"True Design","+ 91  9510957363","UL-62, Shrimad Bhavan, Dhebar Road, Rajkot - 360002, Opposite Kanta Stri Vikas Gruh"
"M TECH HUB DESIGN SOLUTION","+ 91  8460409095","SHRIMAD BHAVAN, DHEBAR STREET, Bhaktinagar Circle, Rajkot - 360002, KANTA STREE VIKAS GRUH SCHOOL"
"Vraj Design Studio","+ 91  9825446668","Kantastri Vikas Gruh Main Road, Millpara, Rajkot - 360002, Opp.Akshar Travels"
"Design portfolio","+ 91  7698960702","Shop no 113 mansatirth 1, bhaktinagar road, Bhaktinagar Circle, Rajkot - 360002, opp deep fast food"
"Adorn Design","+ 91  9725454562","302 Krishna Complex 3rd Floor, University Road, RAJKOT - 360005, Nr Panchayat Chowk"
"True Design Concept","+ 91  9426231824","2, Africa Colony, Saurashtra Kala Kendra main Road, University Road, Rajkot - 360005, Nr. Nilkanth mahadev Temple"
"interior DESIGNS GAP","+ 91  9601133737","NAKSHATRA-5, SADHU VASVANI MAIN ROAD, University Road, Rajkot - 360005, RAJ PALACE"
"palace design studio","+ 91  7405900676","Star plaza, Amin marg, Amin Marg, Rajkot - 360001, opp only parathas"
"sky design","+ 91  8866845505","Laxmiwadi, Rajkot - 360002"
"Kalakruti Design","+ 91  7405757997","Ofc No- 47, 3rd floor Samruddhi bhavan, Gondal Road, Rajkot - 360002, Opp.Bombay Petrol Pump"
"Om Interior Design","+ 91  8866188188","Plot No 328, Vitt Bhawan Complex, Gondal Road, Rajkot - 360002, Behind Bus Stand, Above Icici Bank"
"Blue Planet Design Studio","+ 91  281 2383422","321, Sagar Arcade, Gondal Road, Rajkot - 360002, Opposite Gurukul"
"Imaginative The Design Studio","+ 91  9898028871","410, Rashtradeep, Rajkot - 360001, Opposite Rashtriyashala Road"
"designs","+ 91  9898295013","103,shree mahalaxmi complex, near kkv hall, Kalavad Road, Rajkot - 360005, opp.saint marry school"
"Design Club","+ 91  9638577781","9/17, Naval Nagar, Mavdi Main Road, Rajkot - 360004, Near Malviya Police Station"
"Om Interior Design And Furniture","+ 91  9033690835","Shed No.2, Mahatej Society, Mavdi Main Road, Rajkot - 360004, Near New Swaminarayan Gurukul,"
"VAB Graphics & Design","+ 91  9558678530","Rajkot - 360001"
"Architectural Design Shop","+ 91  9825109138","1st Floor, Kiran Complex, Mavdi Main Road, Rajkot - 360004, Opposite Fire Station"
"Parikshit Vyas Design Colabrative","+ 91  281 2481128","315, Dhanrajni, 20, New Jagnath Plot, Yagnik Road, Rajkot - 360001"
"Inventive Design Services","+ 91  8866101225","10/6, Bhaktinagar Station Road, Bhaktinagar, Rajkot - 360002, Opposite Kalyan Pan"
"Palache Design Studio","+ 91  9712999907","Star Apartment, Amin Marg, Rajkot - 360001, Opposite Only Parathas, Near Chandan Provision Store"
"Shyam Design","+ 91  9427977535","Bhaktinagar Railway Station, Rajkot - 360002, 4/12 Bhaktinagar St Plot, Nr Sanjay Mandap"
"Sarv Design","+ 91  9898784278","302, C J Complex, Virani Chowk, Tagore Road, Rajkot - 360002"
"In Design Evoque","+ 91  9824978780","Shop No. 306, Ratnaraj Complex, Tagore Road, Rajkot - 360002, Near Atul Motors"
"Design Plywood","+ 91  9909010902","Prime Square, Tagore Road, Tagore Road, Rajkot - 360002, opp.SBI of Patiyala"
"Smile Design Ceramic Dental La...","+ 91  281 2465006","323, Rajratna Complex, Tagore Road, Rajkot - 360002, Near Bhaktinagar Station"
"Khyati Art Design","+ 91  281 2464378","310/311 Golden Plaza,,, Manhar Plot, Rajkot - 360002"
"Niraj Vaidya Architects & Inte...","+ 91  8401410676","406, Golden Plaza, Tagore Road, Rajkot - 360002, Near Atul Motors"
"Active Designs","+ 91  9723240840","213, Golden Plaza, Tagore Road, Rajkot - 360002"
"Design Plus","+ 91  281 2466055","Tagor Road, Tagore Road, Rajkot - 360002, Opposite Atul Motors"
"ARC Design","+ 91  9909186254","tagore road, Tagore Road, Rajkot - 360002, Near Bhaktinagar Station Circle"
"Finaltuch Design","+ 91  9924160340","Near Balaji Hall,Raviraj-1 Complex,Office No-206, 150 Feet Ring Road,, Rajnagar, Rajkot - 360004"
"In design studio","+ 91  9879748748","Panchshil complex, kotechanagar, Amin Marg, Rajkot - 360001, near Patel bhel"
"Lavanya Design Studio","+ 91  9974845459","Apple Resi, Comm-Complex,Opp. Chandan Provision Store,, Amin Marg, Rajkot - 360001"
"Design Creation","+ 91  9925694512","215 Krishna Con Arc 2, Tagore Road, Rajkot - 360002, Godown Rd Corner"
"Evolving Interiors Design Cons...","+ 91  8141553553","Krishna con arc, Office number 205, Tagore Road, Rajkot - 360002, Near J.P.Tower"
"Design Plywood","+ 91  281 2468222","Prime Square, Tagore Road, Rajkot - 360002, Goodown Road Corner"
"Icon Designs","+ 91  281 2467026","305 Sorath Plaza, 2/10 Bhaktinagar St Plot, Tagore Road, Rajkot - 360002, Near Udan Furniture"
"Lavanya design studio","+ 91  9979845459","Apple complex, Main Road, Amin Marg, Rajkot - 360001, near only parathas"
"Threedot Design","+ 91  9376128683",""
"Anees Designs","+ 91  281 3091577","2nd Floor, Shiv Arcade, Palace Road, Rajkot - 360001, Opposite Yamuna Jewellers, Opposite Ram Aur Shyam Golawala"
"Design Point","+ 91  281 2562235","Block A-38, Alap Avenue, Puskardham Main Road, University Road, Rajkot - 360005, Near Royal Hall"
"The Dot Design","+ 91  9979244675","12, Sonal Complex-2, Bhaktinagar Railway Station, Rajkot - 360002, Near Dahyabhai Clinic"
"Dot Design","+ 91  9913332312","207, Sagar Arcade, Gondal Road, Rajkot - 360002, Near Swami Vivekanand Over Bridge, Opposite Jaynath Complex"
"Kartik Bhatt Design Studio","+ 91  281 2451074","301, Atul Building, Ring Road, Race Course Road, Rajkot - 360001"
"UID Universal Institute Of Design","+ 91  8866055531","10 Sardarnagar, Boss Colour Lab Street, Yagnik Road, Rajkot - 360001, Near Astron Chowk Near Yagnik Road"
"Vnb Designs","+ 91  9824167971","150 Feet Ring Road, Rajkot - 360005, Opp. K.k.v. Hall"
"Fiesta Designs","+ 91  9033808461","104 Pattani Building, M G Road, RAJKOT - 360001, Opp Jubilee Garden"
"Design Point","+ 91  9824251792","309, Backbon Commercial Center, Nana Mava, Rajkot - 360005, Chandreshnagar Mainroad, Mayani Chowk"
"JAY Design","+ 91  281 2223058","113, Kunj Complex, Canal Road, Rajkot - 360002, Near Raj Petrol Pump"
"Jewelery Designs","+ 91  281 2465055","109 Alap B, Limda Chowk, Rajkot - 360001"
"Design Shop","+ 91  281 2466717","Prime Square, Tagore Road And Godown Road Corner, Tagore Road, Rajkot - 360002, Opposite Bavishi Plywood"
"Design Innovative","+ 91  9727253535","314, Rajeshwari Complex, Yagnik Road, Rajkot - 360001, Opposite Ramkrishna Ashram"
"Website Design & Developer","+ 91  8866763423","Pratik, Nandi Park 5, University Road, Rajkot - 360005, Near Jyotinagar Chowk"
"National School Of Interior De...","+ 91  281 2468660","Rachana Bhavan, Rashtiyashala, Manhar Plot, Rajkot - 360002"
"Bhanwar Rathore Design Studio","+ 91  281 2930690","201, 2nd Floor, Arya Building, Kalawad Road, Rajkot - 360001, Opposite Punjab Honda Showroom, Near Kkv Hall"
"Institute of Fashion & Jewelle...","+ 91  281 3050986","305, Shreeji Complex, Kalawad Road, Kalawad Road, Rajkot - 360007, Oppsite Jalaram Petrol Pump"
"Xplora Design Skool","+ 91  281 2588665","301, Crystal Commercial Complex, 150 Feet Ring Road, Rajkot - 360005, Opp K K V Hall"
"Jawahar Mori Design Workshop","+ 91  281 2463785","Vraj Complex, Rajkot City, Rajkot - 360001"
"Design Workshop","+ 91  281 2570671","Trisha Complex,2nd Floor, Amin Marg, Rajkot - 360001, Above General Super Market,Near Ganga Hall"
"Dreams Design India","+ 91  9724763757","Bhagavati, Vallabh Nagar 1, Kuvadva Road, Maruthi Nagar Main Road, 50 Feet Road, Rajkot - 360002"
"Aakar Offset & Design","+ 91  7359233868","B/H. Avantibai Lobhi Bhavan, 15/28. Vijay Plot, Vijay Plot, Rajkot - 360002, Gondal Road"
"IQ Designs","+ 91  281 2220002","Street No 27, Gunawadi, Rajkot - 360002, Behind Pankaj Sentring, Opposite Gayatri Timber, Palang Chowk"
"Marvin Design Studio","+ 91  9725979990","No 10, Manhar Plot, Mangla Main Road, Manhar Plot, Rajkot - 360002, Near Virani Chowk"
"Star Fashion Jewelery India","+ 91  9904954487","No. 1007, Gurukrupa Tower, Moti Tanki Chock, Rajkot, Rajkot - 360002"
"Arch Web Design Solution","+ 91  8866090212","105, Amrut Plaza, Khodiyarnagar, Rajkot - 360002, Opp Aditi Height Building"
"Gauri Design","+ 91  9998481389","Gujarat Husing Board B-189, Jetpur Road, Gondal, Rajkot - 360311, Gauri Design"
"A B Design","+ 91  8905351753","Old Jail Road, Gondal, Rajkot - 360311, Near Chirag Puc Center"
"Nachiketa Designs","+ 91  8980600526","Kailashbaug Society, Street No 19, Gondal, Rajkot - 360311"
"Raj Design","+ 91  2825 221692","Near Gundala Chokdi, Gondal, Rajkot - 360311"
"Akshar Design","+ 91  9824820150","High School Road, Gondal, Rajkot - 360311, At Dedu Kumbhaji Village,"
"Jasmin Design and Graphics","+ 91  9724113350","Nayanjyot Chambers, Gondal, Rajkot - 360311, Opposite Vikram Shriji Complex"
"Swastik Design","+ 91  2821 220321","Amar Complex, Samat Road, Jasdan, Rajkot - 360050, Behind New Bus Station"
"ACS Design","+ 91  9998576357","Civil Hospital Road, Jasdan, Rajkot - 360050, Near Old Post Office"
"The Design Intirior Designer","+ 91  9712364465","4,First Floor,, Om Comercial Complex, Jetpur, Rajkot - 360370, Junagadh Road"
"Patel Design","+ 91  2823 227336","Shreeji Complex, Jetpur Road, Jetpur, Rajkot - 360370, JAY Chowk"
"Radical Design Studio","+ 91  9925533637","106, Neelgagan Complex, Amar Nagar Road, Jetpur, Rajkot - 360370, Opp Shreeji High School"
"Design Point","+ 91  7600640083","Badabaj Rang Road, Upleta Lati Plot, Rajkot - 360490, Opposite Sonivadi"
"Constructure Designs Pvt Ltd","+ 91  11 22776008","3rd Floor Abhishek Plaza Part 1, New Delhi, Delhi - 110091, Pkt B Phase II Mayur Vihar"
"Hi Design (Tagpor Road Shifted...","",""
"AVANT GARGE DESIGN STUDEO","",""
"Archland Design Studio","+ 91  9998919240","205- Decora square, Sadhuvasvani main road, University Road, Rajkot - 360005, Opp.Sadhuvasvani school"
"Shree Interior Design","+ 91  9898613939","Near Pavan Tyre, 150 Feet Ring Road, Rajkot - 360005, Opposite Balaji Hall"
"Design Hub","+ 91  7698355479","Krishna Complex New Bus stand, 03, Kalavad Road, Rajkot - 360005, Bus stand"
"Design Decorators","+ 91  281 2388411","5-Sainath Estate, Laxminagar, Rajkot - 360004, Udyog Nagar"
"AD Designs","+ 91  281 2772022","Chamunda Bhuvan No. 5, Nehru Nagar Co-Operative , H. S. G. Society, No. 150 Feet Ring Road, Nana Mav, Rajkot - 360004"
"Atut Designs","+ 91  9033966861","Jamnagar Road, Rajkot - 360006, Nageshwar temple"
"I Con Design","+ 91  9998061818","107, 1st Floor, Avkar Squre, Krishna Nagar Main Road, Krishnanagar, Rajkot - 360004, Near Anand Magla Chowk"
"RK Dream Kitchen Design","+ 91  9925465326","Rajkot - 360004"
"Descon Design","+ 91  7567690393","Girnar Society 1, Street No 2, Chandreshnagar, Rajkot - 360004, Behind Mama Saheb Temple, Near Maha Pujadham Chowk"
"Destiny Design","+ 91  9725788444","Rajkot - 360004, Mavdi Chokdi"
"A B Design","+ 91  9427410190","Morbi Road, Rajkot - 360003, Opposite Dinesh Pan, Village Gauridad"
"Rudra Fashion Design Hub","+ 91  9662466249","Pushkardham Society, Pushkar Dham Main Road, Street No 6, University Road, Rajkot - 360005"
"J K Patel Design Hub","+ 91  9909609500","Shree Krushna Kunj, Setubandh Society, Kalavad Road, Rajkot - 360005, Near Swaminarayan Temple"
"Design Origin","+ 91  281 2563143","142, 1st Floor, Wadhar Chamber, Kalavad Road, Rajkot - 360005"
"Design Space","+ 91  281 3096499","305 Krishna Conark, University Rd, Rajkot - 360005"
"Design Dreams","+ 91  9033518901","309 Golden Space, Sardarnagar Main Road Corner, Yagnik Road, Rajkot - 360001, Opp ABC Medical"
"Nilesh CAD Design","+ 91  7622957520","Rajaram Society, Rajkot - 360001, Sant kabir road"
"Freedom Designs","+ 91  281 3245453","Pedak Road, Ranchhodnagar, Rajkot - 360003"
"Design Development","+ 91  281 2471905","Karma, 45 Ashutosh Society, Raiya, Rajkot - 360006, Opposite Income Tax Society, Near Airport"
"Think Design","+ 91  281 2581745","Kavita, Kalawad Rd, University Campus, Rajkot - 360005, Nr Gayatri Mandir"
"Whiteline Design","+ 91  9825074953","1, Amar Nagar, Chandresh Nagar Main Road, Mavdi Plot, Rajkot - 360004, Asopalav Park"
"Sai Design","+ 91  9327570253","13, Bhaktinagar Station Plot, Bhaktinagar Railway Station, Rajkot - 360002, Opposite Avantiben Lodhi Bhavan, Opposite Pentagon Paper"
"Glorious design","+ 91  9979683959","Anand plaza, Raiya road, Rajkot Raiya Road, Rajkot - 360007, Above Gangotri dairy farm"
"BridgeStone Design Center","+ 91  9586612774","Darshan Arcade, University road, Indira Circle, Rajkot - 360007, HP Petrol Pump"
"Design Fuel","+ 91  281 2588281","4, Vrundavan, Raiya Road, Rajkot - 360007, Kidwai Nagar"
"Design World jewellery designing","+ 91  8866680346","303,1st floor,Thakral Arcade, uppar vajubhai jewellers, Palace Road, Rajkot - 360001, Uppar Vajubhai Jewellers"
"S R Design Studio","+ 91  9099855844","Golden Square, Palace Road, Rajkot - 360001, Behind Ashapura Temple"
"Ravi Fibber & Design Door","+ 91  9879192915","Shyam Complex, bapashitaram chowk, Mavdi Main Road, Rajkot - 360004, near shyamal"
"Web Development India, Mobile ...","+ 91  281 2468364","315 Raj-Ratna Complex Tagore Road Beside Maruti Atul Auto, Rajkot - 360001"
"Balaji Design","+ 91  9712351977","Jasdan, District Rajkot, Rajkot- 360005, Rajkot - 360001"
"Tilsi Immitation Jewelery","+ 91  9428200234","No. 308-309, Parul Complex, 3rd Floor, Sant Kabir Main Road, Rajkot- 360 003, Rajkot - 360001"
"Jay Patel Planning & Designs","+ 91  7698044385","Yamuna steel, Behind cosmoplex cinema, Rajkot - 360007, Near andhvrudhashram"
"Manavi Creative Designs","+ 91  9925207846","3/A, Sadguru Vandana Dham, 5 Africa Colony, Africa Colony, Rajkot - 360007"
"Centre For Jewellery Design","+ 91  9824533781","2nd Floor, Business Plaza, Kalavad Road, Rajkot - 360005, Opposite Parimal School"
"Design Space Furniture","+ 91  281 5540114","Gayatri Complex, Opp. Parimal School,, Kalavad Road, Rajkot - 360005, Kalawad Road,"
"Balaji Design (Closed Down)","","Moon Light Street , 150 Feet Ring Road, Mavdi Main Road, Rajkot - 360004"
"Anu Designs","+ 91  281 2453600","Bhagya Rekha, 3, Tagore Nagar, Kalawad Road, Rajkot - 360007, Opposite Saurashtra High School"
"Design Workshop","+ 91  9374112062","Indira Circle, Rajkot - 360007"
"Shree Design Solution","+ 91  9942829830","Siddharth Complex,1st Floor,F-1,, University Road, University Road, Rajkot - 360005, Opp.sbs Bank"
"E Design Store","+ 91  9033404638","Shivam, 1 Gitanagar, Dhebar Road, Rajkot - 360002"
"Chauhan Design Point","+ 91  9904280252","Shop No 27, Gunawadi, Rajkot - 360002, Opposite Gayatri Timbers"
"Omkar Design","+ 91  9830536949","Takudipara-15,, JAY Street, Rajkot - 360001, Near Iob Bank"
"Design Square","+ 91  9825463203","Moti Tanki Chowk, Rajkot - 360001"
"Newleaf Interior Design","+ 91  9978174871","Krishna Krupa, Gondal Road, Rajkot - 360004, 5 - Ramnagar"
"Fabulous Design","+ 91  9998740969","Samrat Industrial Area, Rajkot - 360004"
"Feeler Design","+ 91  9067733233","15, Raj Laxmi Society, Kotharia Main Road, Rajkot - 360002, Near Saraswati School"
"Prayosha Design Point","+ 91  9824838026","Bharti Nagar, Kotharia Main Road, Rajkot - 360002, C/5 Corner"
"Design World","+ 91  8866680346","Kotharia Main Road, Rajkot - 360002, Behind Madhav Marriage Hall"
"Heaven Creativity","+ 91  9099044404","Haven Building, Amin Marg, Rajkot - 360001"
"VIRTUAL design","+ 91  7621857425","Harsiddhi Society, Street no.1, near Sterling Hospital, 150 Feet Ring Road, Rajkot - 360005, Nanavati Circle"
"Balaji Design","+ 91  9376868655","Block No. D-8, Shashtri Nagar, Nana Mauva Road, Rajkot- 360005, Nana Mava, Rajkot - 360005"
"CAD Design Services","+ 91  9428298308","F-105, Vinayak Complex, Sadhu Vasvani Road, Gandhigram, Rajkot - 360007, Near Gangotri Dairy"
