"Name","Phone","Address"

"Hoop Media","+ 91  9815510170",""
"R K Advertising","+ 91  9855986699",""
"Scaling Heights Advertiser","+ 91  9878665511",""
"Manpreet Advertising","+ 91  9256971313",""
"PlanMyOOH.com","+ 91  712 6066888",""
"Mac Advertisers","+ 91  9634981570",""
"Nation Times Advt Agency","+ 91  181 4608691",""
"Group K Media","+ 91  161 4647012",""
"Madhu Publicity Service","+ 91  291 2654500",""
"Garg Advertisements","+ 91  9988545000",""
"The Hawk & Dainik Hawk","+ 91  1334 233131",""
"Kanhiya Advertisers","+ 91  164 2255005",""
"Mileage Advertising","+ 91  7879409990",""
"Srk Advertising","+ 91  183 2570503",""
"Sukrit Advertising","+ 91  175 2350040",""
"Ridhi Sidhi Advertising","+ 91  9829251333",""
"Kat Advertising","+ 91  816 2254541",""
"Sky Advertising","+ 91  8979427003",""
"My Publicity","+ 91  755 4908916",""
"Dainik Bhaskar Group Of Public...","+ 91  183 3988884",""
"Indian Express","+ 91  9876129183",""
"Ajit Press","+ 91  9914515922",""
"Punjab Kesari","+ 91  9888142924",""
"NARANG ADVERTISING & NEWS AGENCY","+ 91  183 5067795",""
"Hindustan Times House","+ 91  183 2403651",""
"Sun Glow Sign","+ 91  183 5018391",""
"Artman Advertisers","+ 91  7837922433",""
"Rudraksha Advertising","+ 91  9316048229",""
"United Press","+ 91  9417074699",""
"Golden Apple","+ 91  9780499881",""
"Star Advertising Enterprises","+ 91  9872106482",""
"Sehgal advertising agency","+ 91  8557989779",""
"Suresh sumit advertser agency","+ 91  9888462999",""
"ajit samachar","+ 91  8146309768",""
"Bhandari Advertiesing","+ 91  9815751950",""
"Sunny Advertisers","+ 91  183 2533333",""
"Soni publicity","+ 91  183 2556868",""
"Kiran Studio","+ 91  183 2555748",""
"Kali Advertiser","+ 91  8566889967",""
"Kamlesh Ads","+ 91  9417455427",""
"A Square Media","+ 91  9914777714",""
"S K Advertiser","+ 91  9501307853",""
"OM Advertisers","",""
"White Hope","+ 91  183 2506456",""
"White Hope Media","+ 91  9815772100",""
"Pixel Media Communication","+ 91  183 2544674",""
"Action Punjab Newspaper","+ 91  9646469657",""
"Sharn Advertisement","+ 91  9855997865",""
"Daily Sach DI Pattari","+ 91  9781970019",""
