"Name","Phone","Address"

"HDFC Bank LTD Customer Care","+ 91  9815331111","Amritsar - 143001"
"State Bank Of India customer care","18004253800","AMRITSAR - 143001"
"State Bank Of India","1800112211","Amritsar - 143001, Town Hall"
"Axis Bank Ltd","+ 91  183 2566840","29, Kennedy Avenue, Court Road, Amritsar - 143001"
"ICICI Bank Ltd","+ 91  7307667777","107/1, Upper Ground Floor, R S Towers, Amritsar - 143001, Hall Bazar"
"Punjab National Bank","+ 91  183 2482351","Amritsar - 143001, Kot Mit Singh"
"IDBI Bank LTD","+ 91  183 5025020","Opp. Anjali Saree Shop, Amritsar - 143001, Majitha Road, Amritsar"
"Bank Of India","2503898","Sco-10, Amritsar - 143001, Blk-B,Distt Shopping Cplx,Ranjit Avenue"
"Axis Bank Ltd","18002335577","Shop No 136 & 137, City Center Scheme, Amritsar - 143001, Opposite Bus Stand"
"Punjab National Bank Customer ...","18001802222","Amritsar - 143002"
"Icici Bank Ltd","+ 91  7307667777","Ground Floor, Gt Road, Amritsar - 143001, Near Khalsa College"
"ICICI Bank Ltd","18001024242","Nidhi 2, Lawrence Road, Amritsar - 143001"
"Bank Of Baroda","+ 91  183 2554042","Amritsar - 143001, Town Hall"
"Canara Bank","+ 91  183 2566494","38-A, Amritsar - 143001, The Mall,Opp Blue Moon Hotel"
"State Bank Of Patiala","+ 91  183 5014635","J K Tower, Mall Road, Amritsar - 143001, Civil Lines"
"Corporation Bank Amritsar","+ 91  183 2228521","8,Ground Floor, Lawrence Road, Amritsar - 143001"
"Kotak Mahindra Bank Ltd","+ 91  183 5002960","10, Eminent Mall, Kennedy Avenue, Mall Rd, Amritsar - 143001"
"Oriental Bank Of Commerce","+ 91  183 5030066","483, Basant Avenue, Amritsar - 143001, Near Ajanta Public School"
"State Bank Of India","+ 91  183 5016421","Sco 5 Distt Shopp Cmplx, Ranjit Avenue, Amritsar - 143001"
"Union Bank Of India","+ 91  183 2220087","14, Lawrence Road, Amritsar - 143001, Dayanand Ngr"
"Standard Chartered Bank","+ 91  183 5003758","360, The Mall, Amritsar - 143001"
"Bank Of India","+ 91  183 2272876","Batala Road, Vijay Nagar, Amritsar - 143001, Post Office Khanna Nagar"
"Central Bank Of India","+ 91  183 2557711","Amritsar - 143001, Guru Bzr, Nr Bzr Kathiar"
"Indusind Bank Ltd","+ 91  183 2221055","39,Platinum Plaza, Mall Rd, Amritsar - 143001"
"Andhra Bank","+ 91  183 2533700","1st Flr, Kundan Plaza, Amritsar - 143001, Hall Bazar, Katra Sher Singh"
"HDFC Bank Ltd","+ 91  183 5093765","107/1,R S Towers, Amritsar - 143001, Hall Bzr"
"Indian Overseas Bank","+ 91  183 2504181","10-B, Amritsar - 143001, Green Avenue"
"Vijaya Bank","+ 91  183 2221468","378, M M Malviya Road, Amritsar - 143006, Opposite Childrens Park"
"IDBI Bank Ltd","+ 91  183 2224574","9, Deep Complex, Court Road, Amritsar - 143001, Near Raj Intercontinental"
"Axis Bank Ltd Customer Care","18002095577","Amritsar"
"Indian Bank","+ 91  183 2556126","42, Katra Sher Singh, Amritsar - 143006, Chowk Farid, Katra Sher Singh"
"Bank Of Maharashtra","+ 91  183 2212437","Modella Wollen Mills Bldg, M M Malyiya Rd, Amritsar - 143001"
"Indusind Bank Ltd.","18002090061","55, City Centre, G T Road, Amritsar - 143001, Near Main Bus Stand"
"Yes Bank Ltd","18002000","Ground Floor & First Floor, Plot No- 103, Amritsar - 143001, Scheme Ram Bagh, Hall Bazaar"
"Dena Bank","+ 91  183 2566539","Civil Ln, Amritsar - 143001, Cl Madan Mohan Malviya Rd"
"State Bank Of Bikaner And Jaipur","+ 91  183 2566102","6, Lawrence Road, Amritsar - 143001"
"Syndicate Bank","+ 91  183 5651182","80 Court Rd, Amritsar - 143001, P B No-126"
"Bank Of Baroda","+ 91  183 2225739","Br Mgr 18, Amritsar - 143001, Rani Ka Bagh"
"State Bank Of Patiala","+ 91  183 2543562","Mukherji Marg, Amritsar - 143001, Jalianwala Bagh"
"Allahabad Bank","+ 91  183 2505244","Scf 25, Amritsar - 143001, C Block Market"
"Axis Bank Ltd","+ 91  183 2324041","Khata No 185/371-374/1, 375/376, Ground Floor, Amritsar - 143104, Gehri Mandi"
"HDFC Bank Ltd","+ 91  183 2611299","273 East Mohan Nagar, 100 Street Road, Mohan Nagar, Amritsar - 143006, Opp Jaycee Motors"
"State Bank Of India Khasa","+ 91  9417103434","Dograi Complex, Distillery Khasa, Amritsar - 143107"
"HDFC Bank Ltd","+ 91  9815331111","No. Sco.. 5, 6, Lawrence Road, Amritsar - 143001"
"State Bank Of India","+ 91  183 2210026","Lawrence Road, Amritsar - 143001"
"Union Bank Of India","+ 91  183 2556067",": Podar Sadan, Chowk Fuwara, Golden Temple Rd, Amritsar - 143001, Podar Sadan, Chowk Fuwara"
"Axis Bank Ltd","+ 91  183 5070602","Ground Floor & First Floor, Plot No 34, Khana Sumari No 1564/11, Amritsar - 143001, Chowk Farid, Katra Jaimal Singh, Bazar Pashamwala"
"Oriental Bank Of Commerce","+ 91  183 2501286","Sco 10 Distt Shopping Complex, Ranjit Avenue, Amritsar - 143001"
"Punjab National Bank","+ 91  183 2565126","Putligarh, Amritsar - 143002"
"Kotak Mahindra Bank Ltd","+ 91  183 5017536","49, J.K. Tower, Amritsar - 143001, The Mall"
"Canara Bank","+ 91  183 2556397","18-20, Golden Temple Rd, Amritsar - 143001, Dharam Singh Mkt"
"Union Bank Of India","+ 91  183 2555318","H No -B-11-369/1410-A, Amritsar - 143001, Golden Temple"
"HDFC Bank Ltd","+ 91  9815331111","Khasra No.60// 6/1/3-6, Gumtala Suburban, Abadi New Ranjit Vihar, Ranjit Avenue, Amritsar - 143001"
"ICICI Bank Ltd","+ 91  9888707778","ICICI Bank Ltd ., Upper Ground Floor 107/1 Rs Towers, R S Towers, Amritsar - 143001, Hall Bazar"
"Punjab National Bank","+ 91  183 2505781","123, Ranjit Avenue, Amritsar - 143001, District Shopping Complex"
"Ranjit Avenue HDFC Bank Ltd","+ 91  9356119359","Old Jail Road, Ranjit Avenue, Amritsar - 143001, Opp Distt Shopping Complex"
"State Bank Of India Amritsar C...","+ 91  183 2565319","Amritsar Cantt, Amritsar - 143001"
"State Bank Of India Rayya","+ 91  9417312435","Pheruman Road, Rayya, Amritsar - 143112"
"Canara Bank","+ 91  183 2572167","Majitha Rd, Majitha Mandi, Amritsar - 143006, Gopal Ngr"
"Bank Of Maharashtra","+ 91  183 2564766","5, Amritsar - 143001, Rani Ka Bagh"
"Central Bank Of India (Regiona...","+ 91  183 2565219","1, Queens Road, Amritsar - 143001, Post Box No-83"
"State Bank Of India","+ 91  183 2220440","Ram Tirath Rd, Amritsar - 143001"
"IDBI Bank Ltd","1800221070","Plot No. 2 & 3, Majitha Road, Amritsar - 143001, Opposite Anjali Saree Shop"
"Punjab Gramin Bank","+ 91  183 2424269","Amritsar - 143001, Akash Aven"
"ICICI BANK LTD","1800224848","Shop No-3,A-1,Green Avenue, Court Rd, Amritsar - 143001, Kichloo Chowk"
"Corporation Bank Amritsar","+ 91  183 2532284","LIC Of India,Jeevan Udyog Bldg, Amritsar - 143001, City Centre"
"HDFC Bank Ltd","+ 91  9815331111","Sco 12 - 13, Gndu Shooping Complex, Gndu Amritsar G T Road, Kabir Park Colony, Amritsar - 143002"
"State Bank Of India Tarn Taran...","+ 91  1859 278446","Fatehbad (Tarn Taran), Amritsar - 143407"
"Punjab & Sind Bank","+ 91  183 2402569","12, Lawrence Road, Amritsar - 143001"
"State Bank Of Patiala","+ 91  183 2554130","Taran Taran Rd, Amritsar - 143001, Chatiwind Gate"
"State Bank Of Hyderabad","+ 91  183 2500357","Sco No 93, District Shopping Centre, Ranjit Avenue, Amritsar - 143001, Near Passport Office"
"Oriental Bank Of Commerce (Pho...","+ 91  183 2500043","Amritsar - 143001"
"Bank Of Baroda","+ 91  183 2270095","322 Kr Sy, Amritsar - 143001, Shivala Rd"
"Canara Bank","+ 91  183 2502760","Amritsar - 143001, Ranjit Avenue"
"Indian Bank","+ 91  183 2542214","Amritsar - 143002, 42 Chowk Farid"
"State Bank Of Patiala","+ 91  183 2571722","Joshi Complex, Majitha Road, Amritsar - 143104, Near Guru Nanak DEV Hospital"
"Indian Overseas Bank","+ 91  183 2553799","Amritsar - 143001, Hall Bzr"
"Karnataka Bank","+ 91  183 2228597","37 A, Mall Road, Amritsar - 143001"
"Union Bank Of India","+ 91  183 2547098","Majitha Mandi, Amritsar - 143006"
"Central Bank Of India","+ 91  183 2325110","Jandiala Guru, Amritsar - 143115, Railway Station,Gehri Mandi"
"Uco Bank","+ 91  183 2555948","Amritsar - 143001, Rambhag"
"South Indian Bank Ltd","+ 91  183 2221770","Plot No.26, Kennedy Avenue, Court Road, Amritsar, Amritsar - 143001"
"State Bank Of Patiala","+ 91  183 5095034","Dynasty Tower, Circular Road, Amritsar - 143001"
"Kotak Mahindra Bank","+ 91  183 5002952","10 Akennedy Avenue Emminent Mall, Amritsar - 143001"
"United Bank Of India","+ 91  183 2555594","Uppal Buliding,9, Amritsar - 143001, Shastri Market"
"Punjab National Bank","+ 91  183 2562038","Lawrence Road, Amritsar - 143001"
"Punjab National Bank","+ 91  183 2456170","Amritsar - 143001, Kallah"
"Jammu & Kashmir Bank Ltd","+ 91  183 2402769","Amritsar - 143001, Shastri Mkt"
"Punjab & Sind Bank","+ 91  183 2555573","Amritsar - 143001, Golden Temple"
"Punjab & Sind Bank","+ 91  183 2545097","Amritsar - 143001, Hall Bzr,Opp Town Hall"
"Central Bank Of India","+ 91  183 2556870","Majith Mandi, Amritsar - 143001"
"Oriental Bank Of Commerce","+ 91  9814998321","Majitha Road, Amritsar - 143001"
"Punjab National Bank","18001802222","Attari Road, Amritsar Cantt, Amritsar - 143001, Armed Birgade, New Cantt, Khasa"
"HDFC Bank Ltd","+ 91  9815331111","Batala Road, Amritsar - 143001, Near Milan Palace Near Vijay Nagar Police Station"
"State Bank Of India","+ 91  1858 500340","Old Post Office Road, Ajnala, Amritsar - 143102"
"Punjab National Bank","+ 91  183 2541825","Amritsar - 143001, Hall Bazaar"
"Bank Of Baroda","+ 91  183 2502749","6, Amritsar - 143001, Hbd Clny,Green Avenue"
"State Bank Of India Jandiala Guru","+ 91  183 2430101","Jandiala Guru, Amritsar - 143115"
"Punjab National Bank","+ 91  183 5013488","Katra Jaimal Singh, Amritsar - 143006, Currency Chest Back Office"
"Hdfc Bank","+ 91  183 5010512","Sco-25, District Shopping Cmplx, Amritsar - 143001, Ranjit Avenue"
"Oriental Bank Of Commerce","2501032 2501035","10, Distt Shopping Cplx, Amritsar - 143001, Ranjit Avenue"
"The Federal Bank Ltd","+ 91  183 2563924","39, Court Rd, Amritsar - 143001"
"Bank Of Baroda Amritsar","+ 91  183 2566417","40-A, Amritsar - 143001, Kennedy Avenue"
"Karur Vysya Bank","+ 91  9988691728","Lawrence Road, Amritsar - 143001"
"Indian Overseas Bank","+ 91  183 2566435","169, Rani Ka Bagh, Amritsar - 143001"
"Bank Of Baroda","+ 91  183 2557303","908/6, Majitha Mandi, Amritsar - 143006, Bazar Gandanwala, Majith Mandi"
"State Bank Of India","+ 91  183 2564797","Amritsar - 143001, Putlighar"
"Punjab National Bank Khasa","+ 91  183 2476726","Amritsar - 143001"
"Central Bank Of India","+ 91  183 2562416","Amritsar - 143001, Ranjit Avenue"
"Uco Bank","+ 91  183 2555738","Amritsar - 143001, Katra Ahluwalia"
"Karnataka Bank Ltd","+ 91  183 2818868","37,R K Bldg, Male Rd, Amritsar - 143001, The Male"
"Uco Bank Court Rd","+ 91  183 2565209","Court Rd, Amritsar - 143001, Civil Lines"
"Oriental Bank Of Commerce","+ 91  9872218193","Civil Lines, Amritsar - 143001"
"Oriental Bank Of Commerce","+ 91  9872066678","Jail Rd, Amritsar - 143001"
"Punjab National Bank","+ 91  183 2548650","Amritsar - 143001, Regional Collection Centre, Jallianwala Bagh"
"Allahabad Bank","+ 91  183 2556421","Amritsar - 143001, Katra Ahluwalia"
"Allahabad Bank","+ 91  183 2542287","Dav Senior Secondary School, Amritsar - 143001, Hathi Gate"
"United Bank Of India","+ 91  183 2555594","9, Uppal Building, Amritsar - 143001, Shastri Market"
"Oriental Bank Of Commerce","+ 91  9888524247","Chherata, Amritsar - 143105"
"HDFC Bank Ltd","+ 91  9815331111","Majitha, Amritsar - 143601, Opposite Obc Bank"
"Yes Bank Ltd","18002000","Ground Floor, Khasra No 199, Old Padda Hospital Building, Padda Complex, G T Road, Rayya, Amritsar - 143112"
"Axis Bank Ltd","+ 91  1853 222211","Khasra No 203/1, Municipal No 474, G T Road, Rayya, Amritsar - 143112"
"ICICI Bank","+ 91  9257255810","Near Kiran Cinema, Main Bazar, Amritsar - 143104"
"State Bank Of Travancore (Cust...","18004255566","Amritsar - 143001"
"Central Bank Of India","+ 91  183 2554203","Amritsar - 143006, Hall Bazar, Kairon Market"
"Amritsar HDFC Bank Ltd","+ 91  9316993563","Plot No 39, Amritsar - 143001, Main Bajar"
"Court Road HDFC Bank Ltd.","+ 91  9316001669","Court Road, Amritsar - 143001, Near Doaba Automobiles"
"HDFC Bank LTD ATM Ranjit Avenue","+ 91  9815331111","Sco-25, Distt Shopping Cplx, Ranjit Avenue, Amritsar - 143001"
"Punjab National Bank","+ 91  183 2562081","A-1 Park Lane,, Beauty Avenue, Amritsar - 143001, Basant Avenue"
"Dena Bank","+ 91  183 2555704","10, Amritsar - 143001, New Mkt Bzr Savuniya"
"HDFC Bank Ltd","+ 91  9815331111","Centre One Mall, Old Jail Road, Green Avenue, Amritsar - 143001"
"Punjab National Bank Batala Road","+ 91  183 2579036","Batala Rd, Amritsar - 143001, Nr Vijay Ngr Police Station"
"Canara Bank","+ 91  183 2562296","Amritsar - 143001, Race Course Rd"
"State Bank Of India","+ 91  183 2562262","Amritsar - 143001, Hqr Army Cantt"
"ICICI Bank LTD","+ 91  9930146679","Delta Chamber, Gt Road, Amritsar Bus Stand, Amritsar - 143001, Opp Bus Stand"
"Oriental Bank Of Commerce","+ 91  9779081607","Hall Bazar, Amritsar - 143001"
"HDFC Bank Ltd","+ 91  9316291339","Hall Bazar, Amritsar - 143001"
"Punjab And Sindh Bank","+ 91  183 5020101","G T Road, Amritsar - 143001, Adjoining Sohalhotel"
"Bank Of India","+ 91  183 2556204","Majitha Mandi, Amritsar - 143006, Golden Temple Post Off"
"Canara Bank","+ 91  183 2562468","Amritsar - 143001, Kashmir Avenue"
"Central Bank Of India","+ 91  183 2229597","Amritsar - 143001, Beauty Avenue"
"Indian Overseas Bank","+ 91  183 2500906","Sco-7,Dist Shopping Centre, Amritsar - 143001, Ranjit Avenue"
"Kabir Park- Amritsar HDFC Bank...","+ 91  9356688710","Main Road, Kabir Park Colony, Amritsar - 143002, Opp Guru Nanak DEV University"
"State Bank Of Patiala","+ 91  183 5014634","G T Road, Chheharta, Amritsar - 143105"
"Punjab National Bank","+ 91  183 2255693","Chheharta, Amritsar - 143105, Near Gurudwara, Vill Basarke Gillan"
"Oriental Bank Of Commerce","+ 91  183 2258224","Sarain Rd, Jandiala Guru, Amritsar - 143115"
"Yes Bank Ltd","18002000","Khasra No 286, Jandiala Guru, Amritsar - 143115, Main Jandiala Bazar"
"State Bank Of India","+ 91  183 2382628","Attari, Amritsar - 143108"
"Punjab National Bank","+ 91  183 2571532","Majitha Road, Majitha, Amritsar - 143601"
"Punjab National Bank","+ 91  1853 273229","Beas, Amritsar - 143201, Maharaj Sawan Singh Charitable Hospital"
"Punjab National Bank Beas","+ 91  9872850088","Charitable Hospital, Beas, Beas, Amritsar - 143201"
"Punjab And Sindh Bank","+ 91  183 5025501","Golden Temple, Amritsar - 143006, Clock Tower"
"Central Bank Of India","+ 91  183 2585890","G T Road, Amritsar - 143002, Near Canal, Focal Point"
"Bandhan Bank","18002588181","Sco - 9, District Shopping Complex, Ranjit Avenue, Amritsar - 143001, Burj Punjab, Civil Lines"
"Amritsar HDFC Bank Ltd","+ 91  183 3018603","Main Road, Amritsar - 143002, Nr Police Line"
"Golden Temple HDFC Bank Ltd","+ 91  9356025606","Main Road, Golden Temple, Amritsar - 143006, Nr Ghanta Ghar Chowk"
"Oriental Bank Of Commerce","+ 91  183 2234124","Mehta Road, Vallah, Amritsar - 143001"
"Punjab & Sind Bank","+ 91  183 2504860","201, Green Avenue, Amritsar - 143001"
"HDFC Bank Ltd","+ 91  9815331111","Batala Road, G T Road, Amritsar - 143001"
"Punjab National Bank","+ 91  183 2562088","Amritsar - 143001, The Mall"
"Karur Vysya Bank","+ 91  183 2222338","4, City Mall, Lawrence Road, Amritsar - 143001"
"Jammu & Kashmir Bank Ltd","+ 91  183 2555008","Majitha Mandi, Amritsar - 143006"
"Punjab & Sind Bank","+ 91  183 2583306","Sultan Wind Rd, Amritsar - 143001"
"Punjab & Sind Bank","+ 91  183 2556705","1st Flr, Amritsar - 143001, Chowk Pharwa"
"State Bank Of India","+ 91  183 2401851","Amritsar - 143001, Railway Station"
"Bank Of India","+ 91  183 2530194","Amritsar - 143001, Hall Bzr"
"Bank Of Baroda","+ 91  183 2230172","G T Rd, Amritsar - 143001, Pratap Ngr"
"Axis Bank Ltd","+ 91  183 222211","Khasra No 203/1, Municipal No 474, G T Road, Amritsar - 143001, Rayya"
"Oriental Bank Of Commerce","+ 91  9872621215","Katra Ahluwalia, Amritsar - 143001"
"Oriental Bank Of Commerce","+ 91  9915194898","Putlighar, Amritsar - 143001"
"Oriental Bank Of Commerce","+ 91  9915285488","Sharifpura, Amritsar - 143001"
"Oriental Bank Of Commerce","+ 91  9815254646","Vallah, Amritsar - 143001"
"Punjab National Bank","+ 91  183 2555729","Mewa Mandi, Amritsar - 143001"
"Punjab And Sindh Bank","+ 91  183 5057541","Lawrence Road, Amritsar - 143001, Civil Lines"
"State Bank Of Patiala","+ 91  183 2440171","State Bank Of Patiala, Amritsar - 143001, Village Mananwala"
"HDFC Bank Ltd","+ 91  9815331111","Manjhwind Gopalpura, Gopal Nagar, Amritsar - 143001, Adjoining Shri Guru Harkishan Public School"
"State Bank Of India","+ 91  183 2773341","Majitha Mandi, Amritsar - 143006, Majhithia"
"Punjab National Bank","+ 91  183 2490052","Sultan Wind Road, Sultanwind, Amritsar - 143006"
"Uco Bank","+ 91  183 2258374","G T Road, Chheharta, Amritsar - 143105"
"Allahabad Bank","","Majitha, Amritsar - 143601, Near Bus Stand, Opposite Police Station"
"Canara Bank","+ 91  183 2326106","Taran Taran Bypass Road, Bundala, Amritsar - 143413, Jandiala Guru"
"HDFC Bank Ltd","+ 91  9815331111","Tehsil Khadur Sahib Jandiala-Khadur Sahib Road, Jandiala Guru, Amritsar - 143115"
"State Bank Of India","+ 91  183 2773341","Majitha, Amritsar - 143601"
"ICICI Bank LTD","+ 91  183 2573888","Tung Memorial School,Guru Nanak Avenue, Majitha Road, Majitha, Amritsar - 143601"
"Punjab National Bank","+ 91  1858 2456153","Ajnala, Amritsar - 143102"
"State Bank Of India Adb Tangra","+ 91  183 2246584","Tangra, Amritsar - 143149"
"Punjab National Bank","+ 91  1858 245288","Sangatpura Road, Chetanpur, Amritsar - 143606, Village Chetanpura"
"Punjab National Bank - Khasa","+ 91  1851 2264737","Vpo Kaleke, Kacha Pacca Amritsar, Amritsar - 143304"
"Punjab And Sindh Bank","+ 91  183 256060","Mehta Chowk, Amritsar - 143114, Village Mehta Chowktehsil Baba Bakaladistt Amritsar"
"Bank Of India","+ 91  183 2213909","Kennedy Avenue, The Mall, Mall Rd, Amritsar - 143001"
"Bank Of Baroda Amritsar Pratap...","+ 91  183 2584172","P No-1, G T Rd, Pratapnagar, Amritsar - 143006"
"ICICI Bank","+ 91  9356024008","568/1, Shiv Market, 1st Fl; Chowk, Karmon Deori, Amritsar - 143104"
"Punjab & Sind Bank","+ 91  183 2554101","Dhab, Amritsar - 143001, Wasti Ram"
"Batala Road HDFC Bank Ltd","+ 91  9316882770","Batala Road, Amritsar - 143001, Vijay Nagar"
"Punjab National Bank","+ 91  183 2432185","Jandiala Guru, Amritsar - 143115"
"Spring Dales E/C HDFC Bank Ltd","+ 91  9317550219","Fathegarh Churian Road, Amritsar - 143001, Nr Krishna Dhaba"
"Karnataka Bank Ltd","+ 91  183 2210224","No.35b -(36-13), Sco3, Aventura Mall, Amritsar - 143001"
"Bank Of Baroda Amritsar","+ 91  183 2291492","Amritsar - 143001, Town Hall"
"Lawrence Road HDFC Bank Ltd","+ 91  9356688456","Main Road, Lawrence Road, Amritsar - 143001, Nr Edaen Garden"
"Allahabad Bank","+ 91  1853 273806","G T Road, Beas, Amritsar - 143201, BDS Market"
"Central Bank Of India","+ 91  183 2230097","Amritsar - 143001, Sultanwind Gate"
"Punjab & Sind Bank","+ 91  183 2212996","Amritsar - 143001, Basant Avenue"
"Canara Bank","+ 91  183 2504049","Green Avenue, Amritsar - 143001"
"Central Bank Of India","+ 91  183 2590172","Raja Sansi Rd, Amritsar - 143001, Gumtala"
"Bank Of India","+ 91  183 2531902","Golden Temple Rd, Amritsar - 143001"
"Punjab & Sind Bank","+ 91  183 2565013","Amritsar - 143001, Islamabad"
"Central Bank Of India","+ 91  183 2565473","1 Queens Rd, Amritsar - 143001, Pb No -83"
"State Bank Of India","+ 91  183 2530858","Amritsar - 143001, Dhab Wasti Ram"
"Central Bank Of India","+ 91  183 2293416","B No 11, Amritsar - 143001, Katra Ahluwalia"
"Union Bank Of India","+ 91  183 2524109","Amritsar - 143001, Main Bzr,Daim Ganj"
"Canara Bank, Amritsar, Punjab","+ 91  183 2275145","Sursingh (Bhikiwind) Amritsar-143 302, Amritsar - 143001"
"Akali Market","+ 91  183 2557418","Akali Market, Amristar, Amiritsar, Amritsar - 143001"
"HDFC Bank Ltd","+ 91  183 5019236","273 East Mohan Nagar, 100 Feet Road, Amritsar - 143001, Opp Jaycee Motors"
"Oriental Bank Of Commerce","+ 91  9814055884","Ranjit Avenue, Amritsar - 143001"
"Punjab National Bank","+ 91  183 5013488","Amritsar - 143001, Katra Jaimal Singh Amritsar"
"Punjab And Sindh Bank","+ 91  183 5057539","Amritsar - 143001, Sultanwind Road"
"Punjab And Sindh Bank","+ 91  183 5025506","Amritsar - 143001, Guru Harkrishan Public School, Basant Avenue"
"Punjab National Bank","+ 91  183 2557423","Katra Ahluwalia, Amritsar - 143006"
"Bank Of India","+ 91  183 2271593","Kashmir Avenue, Amritsar - 143001, Mata Kaulan Mg"
"State Bank Of India","+ 91  183 2424954","Majitha Rd, Majitha Mandi, Amritsar - 143006, Gopal Ngr"
"Punjab National Bank","+ 91  183 2570024","Amritsar - 143001, Guru Nanak DEV Hospital"
"HDFC Bank Ltd","+ 91  9815331111","Airport Road , Mera Kot Chownk, Kot Atma Ram, Amritsar - 143006"
"Punjab & Sind Bank","+ 91  183 2258616","Khalsa College, Amritsar - 143001"
"Bank Of Maharashtra","+ 91  183 2272991","Ahs Rd, Amritsar - 143001"
"HDFC Bank Ltd","+ 91  9815331111","Dhab Wasti Ram, Majitha Mandi, Amritsar - 143006"
"Punjab National Bank","+ 91  183 2264765","Verka, Amritsar - 143501"
"HDFC Bank Ltd","+ 91  9815331111","Khasra No.38, Sub Division No.2, N H 1, Chheharta, Amritsar - 143105"
"Canara Bank","+ 91  183 2432269","Jandiala Guru, Amritsar - 143115, Grane Mkt"
"HDFC Bank Ltd","+ 91  9815331111","Canal Bridge, Tarsikka, Amritsar - 143116"
"HDFC Bank Ltd","+ 91  9815331111","G T Road, Adjoining Surjit Palce, Tangra, Amritsar - 143149"
"Punjab National Bank","+ 91  1858 221009","Amritsar Road, Ajnala, Amritsar - 143102, Vill & Po Ajnala"
"HDFC Bank Ltd","+ 91  9815331111","Mehta, Amritsar - 143114, Opposite Buttar Filling Station"
"State Bank Of Patiala","+ 91  1853 222046","G T Rd, Rayya, Amritsar - 143112"
"Punjab National Bank","+ 91  183 222024","G.T.Road, Rayya, Amritsar - 143112"
"HDFC Bank Ltd","+ 91  9815331111","Pheruman Road, Rayya, Amritsar - 143112"
"Punjab National Bank Rayya","+ 91  9876160433","Currency Chest Back Office, Rayya, Amritsar - 143112"
"HDFC Bank Ltd","1800221006","Cheema Building, Beas, Amritsar - 143201, Near Maharaja Sawan Singh, Charitable Hospital"
"HDFC Bank Ltd","+ 91  9815331111","1st Floor, Dera Baba Jaimal Singh, Amritsar - 143204, Near Canara Bank"
"Axis Bank Ltd","+ 91  183 244106","No B/12/443,Mehraj & Sons Bldg, College Rd, Amritsar - 143001"
"Central Bank Of India","+ 91  183 2234334","Gt Rd, Amritsar - 143001, Sharifpura"
"Oriental Bank Of Commerce","+ 91  9878633930","Batala Road, Amritsar - 143001"
"Bank Of Baroda","+ 91  183 2291677","Amritsar - 143001, G G Nimak Mandi"
"HDFC Bank Ltd","+ 91  9815331111","No.273, East Mohan Nagar, Amritsar - 143006, Opposite Jaycee Motors"
"Central Bank Of India","+ 91  183 2263074","Verka, Amritsar - 143501, Post Office Verka"
"Indian Overseas Bank - New Amr...","+ 91  183 2580330","Scf No. S44,, New Amritsar Market., AMRITSAR - 143001"
"HDFC Bank Ltd","+ 91  183 5066739","Scf-38, Amritsar - 143001, Kabir Park,Opp Guru Nanak DEV University"
"Allahabad Bank Sultanwind Rd","+ 91  183 2231434","Sultanwind Rd, Amritsar - 143001"
"Punjab And Sindh Bank","+ 91  183 202003","G T Road, Rayya, Amritsar - 143112, Rayya Mandi"
"Bharat Overseas Bank Ltd Court Rd","+ 91  183 2221855","P No-5 To 10,Deep Cplx, Court Rd, Amritsar - 143001"
"State Bank Of India","+ 91  183 2265186","Batala Road, Amritsar - 143001"
"Oriental Bank Of Commerce","+ 91  183 2508098","Sco-10, Distt Shopping Cplx, Ranjit Avenue, Amritsar - 143001"
"Punjab National Bank","+ 91  183 2545017","Amritsar - 143001, Hansli Bazar"
"Punjab & Sind Bank","+ 91  183 2545819","1161, Parag Dass Chowk,, Amritsar - 143001"
"Punjab & Sind Bank","+ 91  183 2220407","285, Police Line, Amritsar,, Amritsar - 143001"
"Punjab & Sind Bank","+ 91  183 2503515","364-E, Ranjit Avenue, Amritsar - 143001"
"Punjab & Sind Bank","+ 91  183 2544075","44, Mewa Mandi, Amritsar, Amritsar - 143001"
"Punjab & Sind Bank","+ 91  183 2501585","65, Ranjit Avenue, Amritsar,, Amritsar - 143001"
"Punjab & Sind Bank","+ 91  183 2502844","85, Block-B, Ranjit Avenue, Amritsar - 143001"
"HDFC Bank Ltd","+ 91  9815331111","G T Road, Butala, Amritsar - 143001, Opposite Sarkaria Model School"
"HDFC Bank Ltd","1800221006","Khasra No. 11/25 (0-12)13/4 (4-0)5/25 (6-8)6/1(2-9)7/1(5-16), Amritsar - 143001"
"HDFC Bank Ltd","+ 91  9815331111","Vponaushera, Majitha Road, Amritsar - 143001"
"HDFC Bank Ltd","+ 91  9815331111","Vpo Kohali Tehsil, Amritsar - 143001"
"HDFC Bank Ltd","+ 91  9815331111","Bakarpur Village, Amritsar - 143001, Near Gurudwara Dera Sahib"
"Punjab & Sind Bank","+ 91  9814674024","D14/680, Amritsar - 143001, Amar Kot"
"HDFC Bank LTD ATM Centre","+ 91  9815331111","39, Amritsar - 143001, The Mall"
"The Mall","+ 91  183 2403511","#39, Amristar, The Mall Road, Amiritsar, Amritsar - 143001"
"Oriental Bank Of Commerce","+ 91  183 2401856","1st Flr , Aventura Mall, Mall Rd, Amritsar - 143001"
"State Bank Of India","+ 91  183 2500640","70-B,Green Avenue, Amritsar - 143001, Nr Kakkar Hospital"
"National Bank For Agriculture ...","+ 91  183 2656068","11, Bhandari Estate, Rani Ka Bagh, AMRITSAR - 143001, Near District Library"
"Oriental Bank Of Commerce","+ 91  183 2556476","Mich Centre,201-202, Amritsar - 143001, Chitra Talkies"
"ICICI BANK LTD","+ 91  183 2552983","568/1,1st Flr, Amritsar - 143001, Karmondeori Chowk"
"Punjab National Bank","+ 91  183 2556761","Amritsar - 143001, Dav College"
"Karur Vysya Bank","+ 91  183 2562338","No.4, Citi Mall, Lawrence Road, Amritsar - 143001"
"Amritsar Central Coop Bank LTD","+ 91  183 2508765","D-68, Amritsar - 143001, Ranjeet Avenue"
"HDFC Bank Ltd","+ 91  9815331111","R S Tower, Hall Bazar, Amritsar - 143001"
"Hall Bazar HDFC Bank Ltd.","+ 91  9316927170","Main Road, Hall Bazar, Amritsar - 143001, R S Towers"
"Punjab National Bank","+ 91  183 2557429","Amritsar - 143001, Jalian Wala Bagh"
"Punjab National Bank --Sahnsara","+ 91  183 2250637","Bhalla Pind, Bazar Kasera, Amritsar - 143001"
"Central Bank Of India","+ 91  9876181518","Beas, Amritsar - 143201"
"Union Bank Of India","+ 91  183 2592323","Baba Guruditta Ji Complex, Airport Road, Amritsar - 143001, Near Vijay Petrol Pump"
"Punjab And Sindh Bank","+ 91  183 5057548","Amritsar - 143001, Hindu Sabha Senior Secondary School, Dhab Khatikan"
"Oriental Bank Of Commerce","+ 91  183 2584124","Amritsar - 143001, Balla"
"Oriental Bank Of Commerce","+ 91  183 2555157","Amritsar - 143001, Chowk Shakti Ngr,Majith Mandi"
"ICICI Bank Ltd","+ 91  7307667777","Amritsar - 143001"
"Punjab & Sind Bank","+ 91  183 2554255","Durgiana Mandir, Amritsar - 143001"
"Punjab & Sind Bank","+ 91  183 2587515","Gt Rd, Amritsar - 143001, Dental Hospital"
"Punjab & Sind Bank","+ 91  183 2554129","Amritsar - 143001, Tunda Talab"
"Punjab National Bank","+ 91  183 2546158","Amritsar - 143001, Jaintipur"
"Punjab & Sind Bank","+ 91  183 2272952","Batala Rd, Amritsar - 143001"
"Punjab & Sind Bank","+ 91  183 2570188","Amritsar - 143001, Bal Kalan"
"Punjab & Sind Bank","+ 91  183 2545706","Amritsar - 143001, Chowk Phawara,Hall Bzr"
"State Bank Of Patiala","+ 91  183 2555850","Amritsar - 143001, Katra Jaimal Singh"
"Punjab & Sind Bank","+ 91  183 2258257","Amritsar - 143001, Nr Ocm,Kalaghanpur"
"Bank Of Baroda","+ 91  183 2229000","29-A, Ram Tirath Rd, Amritsar - 143001, Sewa Ngr"
"Bank Of India","+ 91  183 2562689","32, Amritsar - 143001, Rose Avenue"
"Bank Of India","+ 91  183 2503548","53,Grd Flr, Amritsar - 143001, B Blk"
"Bank Of India","+ 91  183 2557126","Amritsar - 143001, Katra Bhagian"
"Bank Of Punjab","+ 91  183 2501070","Amritsar - 143001, Ranjit Avenue"
"Canara Bank","+ 91  183 2500413","Amritsar - 143001, Meera Kot"
"Central Bank Of India","+ 91  183 2522228","Amritsar - 143001, Bhagtanwala Gate"
"Central Bank Of India","+ 91  183 2236572","Amritsar - 143001, Guru Ram DAS Ngr"
"Indian Overseas Bank","+ 91  183 2501729","Amritsar - 143001, Ranjit Avenue"
"Oriental Bank Of Commerce","+ 91  183 2585767","Sarpal Place, G T Rd, Amritsar Bus Stand, Amritsar - 143001, Chowk Maquboolpura"
"Punjab & Sind Bank","+ 91  183 2547456","Hindu Sabha Higher, Amritsar - 143001, Sec School Dhabkhatika"
"Punjab National Bank Kot Khalsa","+ 91  183 2450040","Amritsar - 143001, Kot Khalsa,Distt Amritsar"
"Central Bank Of India","+ 91  183 2400554","Cemetary Rd, Amritsar - 143001"
"Canara Bank","+ 91  183 1245050","Amritsar - 143001, Patti Takhar,Vpo Shankar"
"Punjab & Sind Bank","+ 91  183 2565534","Court Rd, Amritsar - 143001"
"Punjab & Sind Bank","+ 91  183 2555915","Sri Guru Ram DAS Hospital, Amritsar - 143001"
"Punjab & Sind Bank","+ 91  183 2584321","Amritsar - 143001, Sharif Pura"
"Punjab National Bank Mecloid ...","+ 91  183 2565119","Amritsar Mecloid Rd, Amritsar - 143001"
"Punjab & Sind Bank","+ 91  183 2565179","Railway Rd, Amritsar - 143001"
"Allahabad Bank Chaurausta Attari","1800220363","Bke & Girls School Extn Counter, Amritsar - 143001, Chaurausta Attari Dist Amritsar"
"HDFC Bank Ltd","+ 91  183 501689","B-12,263/64, College Rd, Amritsar - 143001"
"Punjab & Sind Bank","+ 91  183 2521898","Amritsar - 143001, Bhagtanwala Gate"
"Punjab & Sind Bank","+ 91  183 2258827","Guru Nanak, Amritsar - 143001, DEV Uniserty"
"Punjab & Sind Bank","+ 91  183 2482571","Amritsar - 143001, Kot Mangal Singh"
"Punjab & Sind Bank","+ 91  183 2788078","Amritsar - 143001, Verpal"
"Punjab & Sind Bank","+ 91  183 2500066","Fatehgarh Churian Rd, Amritsar - 143001, Opp Nirankari Clny"
"Punjab & Sind Bank","+ 91  183 2563863","Amritsar - 143001, Orphange Putligarh,Centre Khalsa"
"Punjab & Sind Bank","+ 91  183 2221675","Amritsar - 143001, Civil Lines"
"Punjab & Sind Bank","+ 91  183 2746306","Amritsar - 143001, Sham Nagar"
"Punjab & Sind Bank","+ 91  183 2223128","Sant Sukha Sing Sr Sec School The Mall, Amritsar - 143001"
"Punjab & Sind Bank","+ 91  183 2556706","Amritsar - 143001, Chhowk Prag Dass"
"Punjab & Sind Bank","+ 91  183 2557421","Amritsar - 143001, Guru Ram Dass Sarai"
"Bank Of Baroda","+ 91  183 2541430","Amritsar - 143001, Town Hall"
"Punjab National Bank","+ 91  183 2757246","Amritsar - 143001, Rasulpura Kalan"
"Canara Bank","+ 91  183 2533450","18-20, Amritsar - 143001, Dharam Singh Mkt"
"State Bank Of India","+ 91  183 2522556","Amritsar - 143001, Haripura"
"Bank Of India","+ 91  183 2482361","Singh Tarn Taran Rd, Amritsar - 143001, Chabha Sangram Sahib"
"Canara Bank","+ 91  183 2223972","Majitha Rd, Amritsar - 143001"
"Oriental Bank Of Commerce","+ 91  183 2541410","Katra Ahluwalia, Amritsar - 143001, Nr Po Off"
"Bank Of India","+ 91  183 2552842","Sangam Cinema Bldg, G T Rd, Amritsar - 143001"
"Central Bank Of India","+ 91  183 2222802","Amritsar - 143001, Green Avenue"
"State Bank Of India","+ 91  183 2555667","Amritsar - 143001, Karmon Deori"
"Indian Overseas Bank","+ 91  183 2500419","Ajnala Rd, Amritsar - 143001, Air Force"
"Bank Of Punjab Ltd Gndu Shoppi...","+ 91  183 2257276","Gndu Shopping Centre, Amritsar - 143001"
"Oriental Bank Of Commerce","+ 91  183 2225750","G T Rd, Amritsar - 143001, Sandhu Mkt,Opp Sandhu Clny,B Blk,Chheharta"
"Oriental Bank Of Commerce","+ 91  183 2502625","Old Jail Rd, Amritsar - 143001"
"State Bank Of India","+ 91  183 2500186","Amritsar - 143001, Katra Khazana"
"State Bank Of India","+ 91  183 2520596","Amritsar - 143001, Ngm Bhagtanwala"
"Oriental Bank Of Commerce","+ 91  183 2705977","G T Rd,Guru Ravi Dass Marg, Amritsar - 143001, Sharifpura"
"State Bank Of India","+ 91  183 2565264","Amritsar - 143001, Amritsar Cantt"
"State Bank Of India","+ 91  183 2580245","Amritsar - 143001, Mohan Ngr,Indl Area"
"State Bank Of India","+ 91  183 2556167","Amritsar - 143001, Atta Mandi"
"Oriental Bank Of Commerce","+ 91  183 2508979","B-340, Amritsar - 143001, Ranjit Avenue"
"Oriental Bank Of Commerce","+ 91  183 5030071","Queens Rd, Amritsar - 143001, Civil Line"
"Oriental Bank Of Commerce","+ 91  183 2500238","15,Kapoor Spinning Mill, Jail Rd, Amritsar - 143001, Green Avenue"
"State Bank Of India","+ 91  183 2507561","Amritsar - 143001, Ranjit Avenue"
"Central Bank Of India","+ 91  183 2223732","Circular Rd, Amritsar - 143001"
"Bank Of India","+ 91  183 2556253","Jaishiman Bldg, Amritsar - 143001, Pratap Bzr"
"Bank Of India","+ 91  183 2557860","Amritsar - 143001, P B No-65,Hall Bzr"
"Central Bank Of India","+ 91  183 2556860","Amritsar - 143001, Farid Chowk"
"Central Bank Of India","+ 91  183 2258723","Byala Brothers Building,, Amritsar - 143001, Gurunanak University Area"
"Oriental Bank Of Commerce","+ 91  183 2584779","Amritsar - 143001, Amritsar College Engg & Tech"
"Bank Of Punjab Ltd Court Rd","+ 91  183 2225883","Court Rd, Amritsar - 143001"
"ICICI Bank Ltd","+ 91  7307667777","Amritsar - 143001"
"National Bank For Agritculture...","+ 91  183 2502180","H.no.156 A(Ff), A-Blockranjeet Avenue, Amritsar - 143001"
"Canara Bank, Amritsar, Punjab","+ 91  183 2222049","Rayya Mandi Amritsar- 143 112, Amritsar - 143001"
"Canara Bank, Amritsar, Punjab","+ 91  183 2222020","Tarn Taran Amritsar-, Amritsar - 143001"
"Axis Bank Ltd","+ 91  183 2277014","Ground Floor, Amritsar Road, Amritsar - 143001, Jhabal Kalan"
"State Bank Of India","+ 91  183 2556167","Atta Mandi, Amritsar - 143001"
"Central Bank Of India","+ 91  183 2522228","Bhagtanwala, Amritsar - 143001"
"Central Bank Of India","+ 91  183 2400554","Cemetary Rd, Amritsar - 143001, Pultighar"
"Central Bank Of India","+ 91  9463475429","Circular Road, Amritsar - 143001"
"Oriental Bank Of Commerce","+ 91  9814674287","Majith Mandi, Amritsar - 143001"
"Oriental Bank Of Commerce","+ 91  9815803109","Khasa, Amritsar - 143001"
"Oriental Bank Of Commerce","+ 91  9815803168","Maqbool Pura, Amritsar - 143001"
"Oriental Bank Of Commerce","+ 91  9815803192","Nawanpind, Amritsar - 143001"
"Oriental Bank Of Commerce","+ 91  9815803127","Golden Ave, Amritsar - 143001"
"Oriental Bank Of Commerce","+ 91  183 2440732","Manawala, Amritsar - 143001"
"Canara Bank","+ 91  183 2421507","Canara Bank, Majitha Road,Gopalnagar,Amritsar-143 001, Punjab, Gopal Nagar, Amiritsar, Amritsar - 143001"
"Punjab And Sindh Bank","+ 91  183 5015207","Amritsar - 143001, Khalsa Collage"
"Punjab And Sindh Bank","+ 91  183 5057544","Amritsar - 143001, Sharifpura"
"Punjab And Sindh Bank","+ 91  183 5057555","Amritsar - 143001, Dhab Wasti Ram"
"Punjab And Sindh Bank","+ 91  183 5057559","Amritsar - 143001, Islamabad"
"Punjab And Sindh Bank","+ 91  183 5057563","Tarn Taran Road, Amritsar - 143001, Kot Mangal Singh"
"Punjab And Sindh Bank","+ 91  183 5011211","Chief Khaksa Devan Building, Railway Road, Amritsar - 143001"
"Punjab And Sindh Bank","+ 91  183 5025514","Amritsar - 143001, City Centre, Navdeep Chowk"
"Punjab And Sindh Bank","+ 91  183 5057528","Court Road, Amritsar - 143001"
"Punjab And Sindh Bank","+ 91  183 5057557","Fatehgarh Churian Road, Amritsar - 143001, Opp Nirankari Colony"
"Punjab And Sindh Bank","+ 91  183 5757552","Amritsar - 143001, Tunda Talab"
"Punjab And Sindh Bank","+ 91  183 5057530","Amritsar - 143001, Outside Bhagtanwala Gate"
"Punjab And Sindh Bank","+ 91  183 5057567","Chowk Phawara, 1st Floor, Amritsar - 143001"
"Punjab And Sindh Bank","+ 91  183 5025503","Amritsar - 143001, Sri Guru Ramdass Hospital"
"Punjab And Sindh Bank","+ 91  183 5014789","Punjab & Sind Bank ARB Branch, Zonal Office, Campus, Amritsar - 143001, Hall Bazar"
"Punjab And Sindh Bank","+ 91  183 5015202","G T Road, Amritsar - 143001, Central Khalsa Orphanage"
"Punjab And Sindh Bank","+ 91  183 5057532","Hall Bazar, Amritsar - 143001"
"Punjab And Sindh Bank","+ 91  183 5015205","G T Road, Amritsar - 143001, Near Ocm Kalaghanupur"
"State Bank Of Patiala","+ 91  183 2481718","State Bank Of Patiala, Opposite Milap Tent House, Amritsar - 143001, Near Namdhari Kanda"
"State Bank Of Patiala","+ 91  183 2450042","Gndu Campus , Near Arts Block, Gt Road, Amritsar - 143001"
"State Bank Of Patiala","+ 91  183 2263071","Amritsar - 143001, Opp Gurdwara Nanaksar"
"Angel Broking Ltd.","+ 91  183 5069090","SCO 16 3RD FLOOR, NEHRU SHOPPING COMPLEX, Lawrence Road, Amritsar - 143001, NEAR NOVELTY"
"Allahabad Bank","+ 91  183 2551574","Amritsar - 143006, Patel Chowk, Haveli Zamadar Chaurasta"
"Punjab & Sind Bank","+ 91  183 2547661","City Center, Amritsar - 143001"
"Bank Of Punjab Ltd Clock Tower","+ 91  183 2545068","Clock Tower, Amritsar - 143001, Ghanta Ghar"
"Punjab National Bank","+ 91  183 2588228","Mehta Road, Amritsar - 143001, Opposite District Industries Centre"
"Punjab And Sindh Bank","+ 91  183 5025507","Majitha Road, Amritsar - 143001, Sant Singh Sukha Singh Senior Sec. School"
"Canara Bank, Amritsar, Punjab","+ 91  183 2268990","Bhure Kohna Amritsar-143 419, Amritsar - 143001"
"Punjab And Sindh Bank","+ 91  183 5011213","Sco - 3, District Shopping Center, Ranjit Avenue,, Amritsar - 143001"
"Oriental Bank Of Commerce","+ 91  183 2426768","Kashmiri Plaza, Batala Rd, Vijay Nagar, Amritsar - 143001"
"Central Bank Of India","+ 91  183 2483097","Sultanwind Road, Sultanwind, Amritsar - 143021, Post Box No-42"
"Mohan Nagar HDFC Bank Ltd","+ 91  9356336582","Ft Road, East Mohan Nagar, Amritsar - 143006, Opposite JAY Cee Motors"
"Punjab And Sindh Bank","+ 91  183 5015201","Batala Road, Amritsar - 143002"
"HDFC Bank Ltd","+ 91  9815331111","Zero Point, Bharour Chownk , Chamba Himachal Chamba, Amritsar - 143002"
"Allahabad Bank Sultanwind","+ 91  183 2485434","Amritsar - 143001, Vill & P O Sultanwind Dist Amritsar"
"Punjab And Sindh Bank","+ 91  183 5057549","Chheharta, Amritsar - 143105"
"Punjab And Sindh Bank","+ 91  183 5057561","Guru Nanak DEV University, Amritsar - 143005"
"Majith Mandi HDFC Bank Ltd","+ 91  9356532587","Main Road, Majitha Mandi, Amritsar - 143006, Near Fire Brigade Office"
"Punjab National Bank","+ 91  183 2490051","Kot Mit Singh, Amritsar - 143022"
"Canara Bank","+ 91  1858 2590413","Central Jail Rd, Raja Sansi, Amritsar - 143101, Miran Lot Kalan"
"Central Bank Of India","+ 91  1853 273132","G T Road, Beas, Amritsar - 143201"
"Punjab National Bank","+ 91  183 2450100","Chheharta, Amritsar - 143105, Pratap Steel"
"Chheharta HDFC Bank Ltd","+ 91  9317840002","Gt Road, Chheharta, Amritsar - 143105, Nr High School"
"Punjab And Sindh Bank","+ 91  183 5024989","Amritsar - 143104, Mudhal"
"Punjab And Sindh Bank","+ 91  183 2756070","Amritsar - 143104, Village Loharka Kalan"
"Punjab And Sindh Bank","+ 91  183 5071501","Amritsar - 143104, Mallian, Distt. Amritsar"
"Punjab And Sindh Bank","+ 91  183 5024991","Warpal, Amritsar - 143022"
"Oriental Bank Of Commerce","+ 91  183 2476743","Bhakna Kalan, Distillery Khasa, Amritsar - 143107, Camped At V & Po"
"Punjab And Sindh Bank","+ 91  183 2773080","Kathunangal Road, Majitha, Amritsar - 143601"
"Oriental Bank Of Commerce","+ 91  183 5071522","Jandiala Guru, Amritsar - 143115"
"Punjab And Sindh Bank","+ 91  183 5057341","Jandiala Guru, Amritsar - 143115"
"Punjab National Bank","+ 91  183 2767024","Batala Road, Jaintipur, Amritsar - 143502"
"Punjab National Bank","+ 91  183 2763719","Kathu Nangal, Amritsar - 143502"
"Punjab & Sind Bank","+ 91  183 2791029","Majitha, Amritsar - 143601, Bangali Kalan"
"Punjab & Sind Bank","+ 91  183 2725090","Bhindi Saidan, Majitha, Amritsar - 143601, Distt Amritsar"
"HDFC Bank Ltd","+ 91  9815331111","Khasra No.91/10/2, Amritsar Road, Tarn Taran, Chabhal, Amritsar - 143301"
"Bank Of India","+ 91  183 2765539","Chawinda Devi, Amritsar - 143504"
"Punjab And Sindh Bank","+ 91  9463170393","Chogawan, Amritsar - 143109, Manawala Block Chogawan Tehsil Ajnala Distt Amritsar"
"Punjab National Bank","+ 91  1858 243378","Bdpo Office Building, Chogawan, Amritsar - 143109"
"Oriental Bank Of Commerce","+ 91  1858 243353","Chogawan, Amritsar - 143109, Adjoining Preet Hospital"
"Punjab National Bank","+ 91  1858 256002","Fatehgarh Churian Road, Chamiari, Amritsar - 143103, Vill Chamiari"
"HDFC Bank Ltd","+ 91  9815331111","Preet Nagar Road, Vpo Lopoke, Preet Nagar, Amritsar - 143110"
"Axis Bank Ltd","+ 91  1858 8244040","Ground Floor, Amritsar Road, Chogawan, Amritsar - 143109"
"HDFC Bank Ltd","+ 91  9815331111","Fateh Garh Churian Road, Chamiari, Amritsar - 143103, Opposite Senior Secondry School"
"Ajnala","+ 91  1858 2821009","Ajnala, Amritsar Cantonment Area, Ajnala, Amritsar - 143102"
"Central Bank Of India","+ 91  1858 2500572","Ajnala Rd, Ajnala, Amritsar - 143102"
"Central Bank","+ 91  1858 2260090","Othian, Village & Post Othian Via Ajnala, Ajnala Amritsar, Amritsar - 143102, Village & Post Othian Via Ajnala"
"Oriental Bank Of Commerce","+ 91  9463380280","Ajnala, Amritsar - 143102"
"Punjab National Bank","+ 91  1853 267735","Tarsikka, Amritsar - 143116"
"HDFC Bank Ltd","+ 91  9815331111","Ajnala, Amritsar - 143102, Opposite Bus Stand"
"HDFC Bank Ltd","+ 91  9815331111","Khasra No. 248, Vpo Gaggo Mahal Tehsil, Ajnala, Amritsar - 143102"
"HDFC Bank Ltd","1800221006","Vpo Othian Ajnala, Chogawan Road Tehsil, Ajnala, Amritsar - 143102"
"HDFC Bank Ltd","+ 91  9815331111","Scf 7, Anaj Mandi Bhawanigarh, Ajnala, Amritsar - 143102"
"Yes Bank Ltd","18002000","Ground Floor, A S Tower, Khasra No 265, Amritsar Road, Ajnala, Amritsar - 143102"
"Punjab National Bank","+ 91  183 2382034","Attari, Amritsar - 143108"
"Punjab And Sindh Bank","+ 91  183 2382102","Main Road, Attari, Amritsar - 143108"
"HDFC Bank Ltd","+ 91  9815331111","Vpo Attari, Attari, Amritsar - 143108, Near Bus Stand"
"Punjab National Bank","+ 91  1858 254212","Chetanpur, Amritsar - 143606, Vachhoya, Adda Dayal Bharang"
"Punjab And Sindh Bank","+ 91  1853 501525","Bank Bazar, VPO Khilchian, Amritsar - 143111"
"HDFC Bank Ltd","+ 91  9815331111","Khasra No.890/1/1/2, Tarn Taran, SUR Singh, Amritsar - 143302"
"Punjab National Bank","+ 91  1853 243322","Khilchian, Amritsar - 143111, Vpo Dhulka"
"Punjab National Bank","+ 91  1859 237033","College Road, Khadur Sahib, Amritsar - 143117"
"HDFC Bank Ltd","+ 91  9815331111","Dhotian Tehsil & Tarn, Dhotian, Amritsar - 143411"
"HDFC Bank Ltd","+ 91  9815331111","Khadur Sahib, Amritsar - 143117, Opposite New Bus Stand"
"Central Bank Of India","+ 91  1859 237237","Nagoke Road, Khadur Sahib, Amritsar - 143117, Tehsil Tarn Taran"
"HDFC Bank Ltd","+ 91  9815331111","Main Road, Naushehra Pannuan, Amritsar - 143409"
"Amritsar Central Co Operative ...","+ 91  9876567400","Rajatal Amritsar, Rajdhan, Amritsar - 143114"
"HDFC Bank Ltd","+ 91  9815331111","Khasra No.226, Main Road, Kairon, Amritsar - 143415"
"HDFC Bank Ltd","+ 91  9815331111","Vpo Khalra Lahore Road, Khalra, Amritsar - 143305"
"Central Bank Of India","18002001911","Pahuwind Road, Bhikhiwind, Amritsar - 143303, Post Office Pahuwind"
"Central Bank Of India","+ 91  1851 273894","Main Road, Bhikhiwind, Amritsar - 143303"
"Central Bank Of India","+ 91  9876684492","Bhikhiwind, Amritsar - 143303"
"Punjab National Bank","18001802222","Rayya, Amritsar - 143112, Currency Chest Back Office"
"HDFC Bank Ltd","+ 91  9815331111","Bhikhiwind, Amritsar - 143303, Opposite Punjab National Bank"
"Central Bank Of India","+ 91  1853 255446","Mehta Chowk, Amritsar - 143114, At & Post Chowk Mehta"
"Punjab National Bank","+ 91  183 256217","Chananke, Amritsar - 143114"
"Punjab And Sindh Bank","+ 91  183 260136","Mehta Chowk, Amritsar - 143114, Mattewal"
"Punjab And Sindh Bank","+ 91  9876764773","Ram Dass, Amritsar - 143603"
"K S TV Center","+ 91  9815180111","Baba Bakala, Amritsar - 143202, Opp Bus Stand"
"Punjab National Bank - Village...","+ 91  1853 2273177","Bhudha Theh, Baba Bakala, Amritsar - 143202"
"Punjab And Sindh Bank","+ 91  9501905498","Baba Bakala, Amritsar - 143202"
"HDFC Bank Ltd","+ 91  9815331111","Khadoor Sahib Road, Vpo Khalchian Tehsil, Baba Bakala, Amritsar - 143202"
"Punjab National Bank - Barnala...","+ 91  1853 2243343","Main Bazar Barnala, Baba Bakala Amritsar, Amritsar - 143202"
"Punjab National Bank","+ 91  1853 242339","Sathiala, Amritsar - 143205"
"HDFC Bank Ltd","+ 91  9815331111","Sandhu Market, Butala, Amritsar - 143203, Near New Bus Stand"
"Punjab National Bank","+ 91  1853 241409","Butala, Amritsar - 143203, Village Butala"
"Punjab National Bank Butala","+ 91  9781106193","Butala, Amritsar - 143203"
"Punjab And Sindh Bank","+ 91  9872870697","Chohla Sahib, Amritsar - 143408"
"Punjab National Bank","+ 91  1853 271460","Dera Baba Jaimal Singh, Amritsar - 143204, Beas"
"Canara Bank","+ 91  1853 272261","Dera Baba Jaimal Singh, Amritsar - 143204, Beas"
"HDFC Bank Ltd","+ 91  9815331111","Patti Road, Harike, Harike, Amritsar - 143412"
"HDFC Bank Ltd","+ 91  9815331111","Main Road Khemkaran, Khem Karan, Amritsar - 143419"
"Indusind Bank Ltd","+ 91  183 5066708","Amritsar"
"State Bank Of Patiala","+ 91  1851 2244974","Railway Rd, Patti, Tarn Taran - 143416, Patti Distt
(Also serves AMRITSAR)"
"Corporation Bank","18004252407","Ground Floor, Amritsar Road, Patti, Tarn Taran - 143416, Ward No 2
(Also serves AMRITSAR)"
"HDFC Bank Ltd","+ 91  9815331111","Kot Bhudda, Patti, Tarn Taran - 143416
(Also serves AMRITSAR)"
"Corporation Bank","+ 91  9779781605","G.Floor, Ward No.2, Amritsar Road, Patti, Tarn Taran - 143416
(Also serves AMRITSAR)"
"Punjab And Sindh Bank","+ 91  1851 244612","Old Court Road, Patti, Tarn Taran - 143416
(Also serves AMRITSAR)"
"Axis Bank Ltd","+ 91  1851 245962","Khasra No 116/26/2/50, Patti, Tarn Taran - 143416, Ward No 16
(Also serves AMRITSAR)"
"Punjab National Bank","+ 91  1851 244586","Court Road, Patti, Tarn Taran - 143416
(Also serves AMRITSAR)"
"Punjab And Sindh Bank","+ 91  1851 233637","Valtoha, Tarn Taran - 143416, Adda Market
(Also serves AMRITSAR)"
"ICICI BANK LTD","+ 91  183 2501315","Sco-112 , , ,District Shopping Complex, ,C-Block Ranjit Avenue , ,Amritsar-,
(Also serves AMRITSAR)"
"State Bank Of Bikaner & Jaipur","+ 91  183 2229678","H.no.5 , , ,Branch Manager ,Circular, Road ,Mehra's House ,Basant Avenue, , Amritsar-
(Also serves AMRITSAR)"
"Syndicate Bank","+ 91  183 2573788","671 , , ,Syndicate Bank (Resi) ,Gali, Bangalian ,Basant Nagar Majitha Road, , ,Amritsar-
(Also serves AMRITSAR)"
"Vijaya Bank","+ 91  183 2452999","Show Room NOM 10 , , ,Shopping, Complex ,G T Road G N D U Asr, , ,Asr ,Asr-143001
(Also serves AMRITSAR)"
"Indusind Bank Ltd","+ 91  183 2221056","39 , , ,Asr ,The Mall ,Asr ,Asr-143001,
(Also serves AMRITSAR)"
"Syndicate Bank","+ 91  183 2565118","80 Court Rd. ,Amritsar ,143001 ,Civil, Albert Road-,
(Also serves AMRITSAR)"
"Oriental Bank Of Commerce","+ 91  183 2564682","Ltd. The Area Manager ,Civil Lines, Queens Road ,Amritsar 143001 ,Civil, , Albert Road-
(Also serves AMRITSAR)"
"State Bank Of India","+ 91  183 2224950","Rani Ka Bagh ,Amritsar Cantt , ,Civil, Albert Road-,
(Also serves AMRITSAR)"
