"Name","Phone","Address"

"Khalsa College","","Khalsa College Campus, Chheharta Railway Station, Amritsar - 143105, Chheharta"
"Amritsar College Of Engineerin...","+ 91  183 5069536","G.t. Road, Amritsar - 143001"
"Bbk Dav College For Women","+ 91  9878768008","1, Amritsar Punjab, Amritsar - 143002"
"Khalsa College For Women","+ 91  183 2258207","G T Rd, Amritsar - 143001"
"Khalsa College","+ 91  9814518877","3, Amritsar Punjab, Amritsar - 143002"
"Government Medical College Amr...","+ 91  183 2426918","Circular Road, Amritsar - 143001"
"Satyam Institute Of Engineerin...","+ 91  8437075072","ramtirath road, kotla doon, Amritsar - 143002"
"Global Institute Of Management...","+ 91  9915757932","Amritsar - 143002"
"Dav College Of Education","+ 91  183 2559648","Amritsar - 143001, Beri Gate"
"Dav College","+ 91  183 2551872","Katra Sher Singh Rd, Amritsar - 143001"
"Govt Dental College","+ 91  183 2223235","Hukam Singh Rd, Amritsar - 143001"
"Hindu College","+ 91  183 2556824","Dhab, Amritsar - 143001, Dhab Khatikan"
"Gyanm College Of Competitions","+ 91  9592042233","Scf-12,, Kabir Park Market,, Amritsar - 143001, Opp. Guru Nanak DEV University,"
"Shree Lakshmi Narayan Ayurvedi...","+ 91  183 2551053","Sant Tulsi DAS Mg, Amritsar - 143002, O/S Logarh Gate"
"Shahzada Nand College For Girls","+ 91  183 2502423","Shahzada Nand College For Girls, Amritsar - 143001, Amritsar"
"Govt Medical College","+ 91  183 2220618","Circular Rd, Amritsar - 143001"
"Shahzada Nand College For Women","+ 91  183 2502690","Maqbool Rd, Amritsar - 143001, Green Avenue"
"Swami Satyanand College Of Mgm...","+ 91  183 5023633","Ajnala Rd, Amritsar - 143001, Blk-A,Guru Amardass Avenue"
"Dav College","+ 91  183 2553377","Katra Sher Singh, Amritsar - 143006"
"Khalsa College Of Pharmacy","+ 91  183 5027000","Gt Road, Ajit Nagar, Amritsar - 143001, Near ICICI Bank"
"D A V College","+ 91  183 2534971","Katra Sher Singh, Amritsar - 143006"
"Sri Guru Teg Bahadur College","+ 91  183 2551105","Mahma Singh Rd, Amritsar - 143001"
"Amritsar College Of Engineerin...","+ 91  183 5069532","12 Km. Stone, G.t.road, Amritsar - 143001, Amritsar - Jalandhar"
"Anand College Of Education For...","+ 91  183 2744301","Batala Road, Amritsar - 143001"
"Guru Nanak English Girls College","+ 91  183 6268146","Bangh Khesian Teh-Goraya, Distt-Jalandhar, Amritsar - 143001"
"Amritsar College Of Engg & Tech","+ 91  183 2440675","Amritsar Jalandhar G T Rd, Amritsar - 143001, Mananwala"
"Trai Shatabdi Guru Gobind Sing...","+ 91  183 2544910","Amritsar - 143001"
"Khalsa College Of Education","+ 91  9815150030","1 Khalsa Coll Campus, Amritsar Pujab, Amritsar - 143002"
"Sri Guru Teg Bahadur College O...","+ 91  9888754601","Khankot, Amritsar - 143501"
"S V Memorial College Of Nursing","+ 91  1871 2783517","Batala Rd, Batala, AMRITSAR - 143505, Nr Verka, Mukhala"
"Sharda University","+ 91  8447394358","Amritsar - 143001, Hotel Narulla's Aurrum"
"Mata Charan Kaur College Of Pu...","+ 91  183 5060598","Pink Palace Partap Nagar G . T Road, Sec Add Tunga Wali Puli Majitha Road, Amritsar - 143001"
"RV College","+ 91  183 2212277","Rani Ka Bagh, Amritsar - 143001, Opp. District Library"
"S R Govt College For Women","+ 91  183 2225818","Amritsar - 143001, Nr District Courts"
"S.N. College Jouse","+ 91  183 2220034","S.n. College Jouse, Amritsar, Amritsar - 143002"
"S.B.S. College Of Pharmacy","+ 91  183 2245792","Patti, Amritsar - 143001, Amritsar"
"D.R. Modern Sr. Sec. School & ...","+ 91  183 2258222","Gt Road,Opposite Cococola Factory,Chheharta, Amritsar - 143001"
"Baba Kuma Singh Ji Engineering...","+ 91  183 2384311","Gurusar Satlani Sahib, Hoshiar Nagar, Amritsar - 143001"
"Icfai National College Inc","+ 91  183 5070509","B-30 Distt Shopp Cmplx, Ranjit Avenue, Amritsar - 143001"
"Sant Sohan Singh Academy","+ 91  9991530375","1, Sant Sohan Singh Academy 79 80 Dalip Avenue Nea, Amritsar Cantt, Amritsar - 143001, Main Road"
"Shaheed Bhagat Singh College O...","+ 91  183 2401213","1743/11-25, Gt Road, Putlighar, Amritsar - 143002, Near Putlighar Gurudwara"
"New India College","+ 91  9815782032","Hall Bazar, AMRITSAR - 143002, Amritsar"
"MATA CHARAN KAUR GROUP OF INST...","+ 91  183 5060698","Pink Palace,Partap Nagar,Tunga Wali Puli,Majiitha Road, Amritsar - 143002, Near Alpha One Mall"
"Shahzada Nand College","+ 91  9915305353","5, Maqbul Road Amritsar, Amritsar - 143002"
"Sr Govt College For Women","+ 91  9417081267","6, Amritsar Punjab, Amritsar - 143002"
"Mohan LAL Memorial Institute O...","+ 91  9815516403","12, Near Verka, Amritsar - 143002, Batala Road Amritsar"
"Sidana Institute Of Education","+ 91  9988461002","13, Khiala Khurd Near Ram Tirth, Amritsar - 143002"
"Baba Budha College","+ 91  9815463329","22, Bir Sahib Tarn Taran, Amritsar - 143002"
"Baba Kharak Singh Baba Darshan...","+ 91  183 2482325","Amritsar - 143002, Chattiwind Gate,"
"Trai Shatabdi Ggs Khalsa College","+ 91  183 2533910","Ramsar Road,,, Amritsar - 143002"
"Baba Kuma Singh Ji Engg. College","+ 91  9517781781","Amritsar - 143002, Hoshiar Nagar"
"Zeroplus Consultant Pvt Ltd","+ 91  8800447899","C-4, 1st Floor, Masoodpur, Vasant Kunj, Delhi-70, Amritsar - 143002"
"Govt Polytechnic College","+ 91  183 2258269","Chheharta, Amritsar - 143105, Chhehrta,Near Gurunanak DEV University"
"Khalsa College","+ 91  8528828200","New Colony, Amritsar - 143501"
"Ssss College Of Commerce For W...","+ 91  9872784646","7, Mall Road Chowk, Majitha, Amritsar - 143601, Majitha Road Amritsar"
"Shri Raghunath Girls College","+ 91  9780300630","11, Jandiala Guru Amritsar, Jandiala Guru, Amritsar - 143115, Circular Road"
"Govt. College","+ 91  9872200630","8, Ajnala Distt Amritsar, Ajnala, Amritsar - 143102"
"Khalsa College For Women","+ 91  9815648501","2 A Khalsa College, Amritsar Punjab, Khalsa College, Amritsar - 143001"
"S.G.A.D. College","+ 91  1859 2237226","S.g.a.d. College, Khadoor Sahib, Khadur Sahib Amritsar, Amritsar - 143117"
"Sdsp Memorial College","+ 91  9878024250","9, Rayya Distt Amritsar, Rayya, Amritsar - 143112"
"Sgtb Govt College","+ 91  1853 242377","10, Sathiala Amritsar, Sathiala, Amritsar - 143205"
"Guru Gobind Singh Khalsa College","","Sarhali, Amritsar - 143410, Sarhali Vpo"
"Govt College","+ 91  9478222526","16, Patti Distt Tarn Taran, Patti, Tarn Taran - 143416
(Also serves AMRITSAR)"
"Shaheed Bhagat Singh College O...","+ 91  1851 243468","1, Patti Tarn Taran, Patti, Tarn Taran - 143416
(Also serves AMRITSAR)"
"Desh Bhagat Group Of Institutes","+ 91  1765 520521","Almoh Road, Mandigobindgarh, Fatehgarh sahib - 147301, Mandi Gobindgarh
(Also serves AMRITSAR)"
