"Name","Phone","Address"

"Scholar Destiny Education S...","+ 91  183 6555503",""
"E Oscar","+ 91  183 5010980",""
"West champion academy","+ 91  8968421420",""
"Need India Career Institute","+ 91  8437860605",""
"Idp Education India Pvt Ltd","+ 91  183 2063041",""
"Oceanic Consultants Pvt Ltd","+ 91  183 3300300",""
"Davesar College Of Sciences","+ 91  183 2275455",""
"Time Travels Amritsar","+ 91  183 2400143",""
"Dhawan Educational Consultancy","+ 91  183 5098940",""
"Wisdom Services","+ 91  183 2422114",""
"Parishram Academics","+ 91  183 2508889",""
"VIEC","+ 91  183 5070660",""
"Medway Education Consultant PV...","+ 91  183 5051900",""
"Boarding Pass Consultancy Pvt Ltd","+ 91  183 5063442",""
"Charms Education & Immigration...","+ 91  183 5095585",""
"Canam Group Amritsar","+ 91  183 3067525",""
"Canadian Institute For Intl St...","+ 91  183 5096300",""
"Divine Education Consultant","+ 91  183 5006971",""
"ROYAL STUDY HUB ( An education...","+ 91  9653932199",""
"Melbourne Migration And Educat...","+ 91  8968083852",""
"Star Educational Services","+ 91  8283820296",""
"Sgs Education & Visa Consultant","+ 91  9888570202",""
"Sky Tax Inc","+ 91  9501104850",""
"Book Cab In Amritsar","+ 91  183 5007187",""
"Aaui","+ 91  183 2230336",""
"Express Immigration","+ 91  9815258826",""
"Dashmesh","+ 91  183 5066000",""
"Shree Balaji Overseasl","+ 91  9356011555",""
"Bagga Healthcare Services","+ 91  183 2212721",""
"World 4 u Group","+ 91  183 5062020",""
"Tgcl Abroad Education","+ 91  183 5007772",""
"Global Opportunitites","+ 91  183 5096512",""
"Anzanc Consultants","+ 91  9888485994",""
"First Teach Services","+ 91  183 5061244",""
"Sophiya Consultants","+ 91  183 5053964",""
"Gurus Overseas Education","+ 91  183 2223353",""
"Rimwea Career Forum LTD","+ 91  183 5058880",""
"Auscan","+ 91  183 5002055",""
"Educational Consultancy","+ 91  183 2450023",""
"OCA Education PVT LTD","+ 91  183 5079050",""
"Columbus Intl Education Consul...","+ 91  9872978695",""
"Turning Point Studies Consulta...","+ 91  183 3298286",""
"Connect Overseas","+ 91  183 2229055",""
"Namtech Business School","+ 91  183 2224144",""
"Winner Immigration Services","",""
"Gulmohar Education HUB","+ 91  183 2555252",""
"Abhi Educational Consultants","+ 91  183 5028128",""
"Future Education Consultants","+ 91  183 5015038",""
"Ssa Educational Institute","+ 91  9915555334",""
"Ogic","+ 91  183 6571948",""
"Edu Pedia Overseas Pvt Ltd (Co...","+ 91  9914085663",""
"Expert Educare Solutions","+ 91  8559044081",""
"Ajanta School Of Foreign Langu...","+ 91  9414180951",""
"B S Overseas Education Consultant","+ 91  183 2531495",""
"Career Bridge Academy (Cba)","+ 91  183 5008156",""
"Supreme Education & Immigratio...","+ 91  183 5030202",""
"Studywell Education Pvt Ltd","+ 91  183 5019795",""
"Winning Edge Learning Pvt. Ltd","+ 91  183 5013144",""
"Texila American University","+ 91  9894598945",""
"Om Sai Ram Tuition Center","+ 91  9888322399",""
"OM SAI Educational Center","+ 91  9878793233",""
"Visa World","+ 91  9888194266",""
"Superior Education","+ 91  183 5008849",""
"Canin World Wide Consultant PV...","+ 91  183 5097534",""
"Shiva Institute","+ 91  9814675255",""
"VISQM Immigration","+ 91  9888855220",""
"Dove Education Services","+ 91  183 3018104",""
"Challenge To Win","+ 91  9464051610",""
"Zeroplus Consultant Pvt Ltd","+ 91  8800447899",""
"Angels Immigration & Education...","",""
"Smart Web Shiksha","+ 91  183 5015232",""
"Raj Group Of Education","+ 91  183 5050921",""
"21st Century HRD Society","+ 91  8568000666",""
"Y Linc Academy","+ 91  8427572211",""
"Eeurotech Overseas Education C...","+ 91  9888440886",""
"S K Education","+ 91  9646270000",""
"Eeurotech Overseas Education C...","+ 91  172 5019300",""
"ACPL","+ 91  8800447899",""
"A V Career Vision Overseas ...","+ 91  9940669932",""
"NHIS Consultants Private Li...","+ 91  172 5201213",""
"Touchstone Educationals","+ 91  172 5000060",""
"Sai Baba Consultancy","+ 91  9793059991",""
"Emerge Education USA","+ 91  9999411991",""
"Excel Education","+ 91  172 5044581",""
"Times Scholars Gurukul","+ 91  9777441652",""
"Sanjivani Education","+ 91  9214343661",""
"M K Education & Immigration...","+ 91  181 2236293",""
"Bright Future Abroad Studies","+ 91  7206671815",""
"Local Guardian And Educatio...","+ 91  744 2421140",""
"M S RAJU EDUCATION CONSULTA...","+ 91  9739841899",""
"Patel Education Trust","+ 91  2692 290610",""
"St Josephs International Fi...","+ 91  7771877711",""
"The Global Download Links","+ 91  80 41109188",""
"NMC The Intellect Consultancy","+ 91  9530065111",""
"Broadway Immigration Services","+ 91  9041038410",""
"Make My Future Career Guida...","+ 91  8963897045",""
"Educatter","+ 91  7373333916",""
"Innovative Hr Solution","+ 91  9825830563",""
"Alpha Mary International Ad...","+ 91  471 2341111",""
"The ambitious overseas educ...","+ 91  9860482690",""
"Panache Immigration & Educa...","+ 91  181 4673999",""
"Shri Guru Educational Services","+ 91  9229224499",""
"New Life Education Academy ...","+ 91  8147105980",""
"Global Consultancy","+ 91  294 2494050",""
"British Educare","+ 91  1824 462002",""
"FUTURE CAREER","+ 91  8811005068",""
"Balaji Educational Society","+ 91  326 6555509",""
"Global Focus Education Group","+ 91  674 2546500",""
"Brain Excel","+ 91  9111960006",""
"Dronacharya Group","+ 91  9001099110",""
"Valmiki Foreign Education","+ 91  9373705454",""
"Career Engine","+ 91  7387577770",""
"Indian Career Consultants","+ 91  9314282444",""
"Kanasu Groups","+ 91  8884793959",""
"Rusasia Pvt. Ltd.","+ 91  657 2422216",""
