"Name","Phone","Address"

"Umesh Malliram Designer Jew...","+ 91  183 6579777",""
"P C Jeweller Limited","+ 91  183 2400066",""
"Le Khanna Jewellers","+ 91  161 5052000",""
"Aurangabadkar Jewellers Mot...","+ 91  217 2626280",""
"Tanishq Showroom","+ 91  183 2403708",""
"Kalyan Jewellers","+ 91  183 2503433",""
"Reliance jewels","+ 91  183 2400250",""
"Nagi Jewellers","+ 91  183 2225738",""
"Sai gold india","+ 91  183 5050109",""
"Haryana Jewellery","+ 91  183 2543858",""
"Neel Kamal Jewellers","+ 91  183 6537528",""
"Darpan Lehnga House Western Un...","+ 91  183 5002985",""
"NEW LAKSHMI ORNAMENT HOUSE","+ 91  183 2222192",""
"Mohinder Singh Jewellers(Machi...","+ 91  183 2544178",""
"Gitanjali Jewels Gold & Precious","+ 91  183 2224466",""
"Tanishq Jewellers","+ 91  9216575756",""
"Devanshu Trading Co.","+ 91  183 5058689",""
"S S Chohan Jewellers","+ 91  183 2534577",""
"Radhe Radhe Jewellers","+ 91  183 2423232",""
"Chauhan Jewellers","+ 91  183 2546849",""
"Deepak Jewellers","+ 91  183 2521775",""
"B S Dhunna Jewellers","+ 91  183 2549362",""
"Kanchan Jewellers","+ 91  183 2545761",""
"P S Seth Sons","+ 91  183 5011444",""
"Nagi Jewellers","+ 91  183 2433178",""
"Khurana Jewellery House","+ 91  183 5055400",""
"Naveen Jewellers","+ 91  183 2547599",""
"Manohar Lal Raj Kumar","+ 91  183 2541386",""
"Pooja Jewellery Center","+ 91  183 2551226",""
"Malli Ram Jewellery House","+ 91  183 6544999",""
"PC Jeweller","+ 91  9910897647",""
"Gian Chand Kapoor Jewellers","+ 91  183 2224872",""
"New Lakshmi Ornament House","+ 91  183 2544241",""
"Durga Dass Seth Jewellers","+ 91  183 2227337",""
"Durga DAS Seth Jewellers","+ 91  183 2274104",""
"PEOPLES The diamond jeweller","+ 91  183 2222256",""
"Jain & Sons Jewellers","+ 91  183 2563414",""
"BOMBAY JEWELLERS","+ 91  183 2222652",""
"Shree Manohar LAL Raj Kumar Je...","+ 91  183 2221182",""
"Aabhushan Art Jewellery","+ 91  183 2560602",""
"Prince Jewellery","+ 91  183 2572239",""
"Satpal Johri Diamond Jewellers","+ 91  183 5096375",""
"Alankar D And S Palace","+ 91  183 2547197",""
"DC Jewellers","+ 91  183 2533677",""
"MANINDER JEWELLERS","+ 91  183 2543488",""
"Diamond Plaza","+ 91  183 2550233",""
"Kali Charan Jewellers","+ 91  183 2543542",""
"Dhawan Jewellers","+ 91  183 2553879",""
"Orro Jewels","+ 91  9814072307",""
"Manohar LAL & Son","",""
"Ravi Jewellers","+ 91  183 2545601",""
"Trilok Chand Saraf","+ 91  183 2542949",""
"Fancy Sona Jewellers","+ 91  183 2558814",""
"Dwarka DAS Seth Jewellers","+ 91  183 5098191",""
"Satyam Jewellery House","+ 91  183 2558284",""
"Chouhan jewellers","+ 91  9872774508",""
"Golden jewellers","+ 91  9216877992",""
"B S Gems n Jewellery","+ 91  183 5070573",""
"Daljeet Singh Fateh Jewellers","+ 91  9915605118",""
"Sanjeev Jewellers","+ 91  1853 221954",""
"KUNDAN JEWELLERS","+ 91  9417249586",""
"ORRA Jewellery","+ 91  183 5050762",""
"Dhani ram durga dass jewellary...","+ 91  183 2221641",""
"Aggarwal Jewellers","+ 91  183 2558941",""
"Lucky Jewellers","+ 91  183 2482288",""
"Ramesh Kumar & Sons Jewellers","+ 91  9888151600",""
"Vishal Jewellers","+ 91  183 2543876",""
"Handa Jewellers Pvt Ltd","+ 91  9876558599",""
"Balbir Jewellers","+ 91  183 2542343",""
"Luxmi House","+ 91  183 2557712",""
"Jain Jewellers","+ 91  9872423006",""
"Nirdosh Singh & Sons","+ 91  183 2535355",""
"Aditya & Sudhanshu Jewellers","+ 91  183 5099350",""
"Ramesh Kapoor & Sons","+ 91  183 2542833",""
"Subhash Chander Jewellers","+ 91  183 2556578",""
"V V Jewellers","+ 91  183 2552547",""
"Sargam Jewellers","+ 91  183 2547314",""
"Sadiura Jewellers","+ 91  183 5009083",""
"Harpreet Jewellers","+ 91  183 2483277",""
"Kuldip Sons Jewellers","+ 91  183 2532607",""
"Prem LAL Sehdev Jewellers","+ 91  183 2541066",""
"OM Parkash & Sons","+ 91  183 2291461",""
"Sona Jewellers","+ 91  183 2540574",""
"Bhag Mal SAT Paul Jewellers","+ 91  183 2548433",""
"Bagga Jewellers","+ 91  9417162874",""
"Rattan Lal Raj Kumar Jewellers","+ 91  9417273610",""
"Sharma Jewellery House","+ 91  183 2293651",""
"S Jagtar Singh","+ 91  183 2773090",""
"Uma Jewellers","+ 91  9216179997",""
"Khushi Jewellers","+ 91  9888427020",""
"Simran Jewellers","+ 91  8567078640",""
"Bhatia Jewellers","+ 91  9855430918",""
"Kohinoor Jewellers","+ 91  8198012980",""
"Guru Nanak Jewellers","+ 91  9915070554",""
"Mandeep Jewellers","+ 91  9815699182",""
"Shankar Jewellers","+ 91  9855430906",""
"Chopra Jewellers","+ 91  9815331310",""
"Radhe Sham Garments & Jewellers","+ 91  9501652510",""
"Raju Diamond Mundri Wala","+ 91  9417489627",""
"Malkit Jewellers","+ 91  9780564585",""
"Taneja Fashion","+ 91  9888406289",""
"Sagufta Jewellers","+ 91  9971503409",""
"Sorav Jewellers","+ 91  183 5098428",""
"Capt Sheehn Jewellers","+ 91  9872577898",""
"Bala Ji Kalire &Imitation Jewe...","+ 91  9888701186",""
"Dhunna Jewellers","+ 91  9855075100",""
"Jandiala Jewellers","+ 91  9815370281",""
"Sadioda Jewellers","+ 91  9872524137",""
"Roshan Jewellers","+ 91  9419136133",""
"Tejas Jewellers","+ 91  9888188736",""
"Laxmi Narayan Jewellery","+ 91  9815571474",""
"Shree Arjuna Gold Palace","+ 91  183 2558100",""
"Grover Jewellers","+ 91  9888218757",""
"Satguru Jewellers","+ 91  9815847813",""
"Jagmohan Jewellers","+ 91  7508602119",""
"Simran Jewellers","+ 91  9815090128",""
"Bittu Jewellers","+ 91  9855323988",""
"Amit Jewellers","+ 91  183 2531988",""
"Pritam Singh & Sons Jewellers","+ 91  9915302487",""
"R S Jewellers","+ 91  9815707766",""
"Guru Nanak Jewellers","+ 91  9855618618",""
"China Jewellers","+ 91  9872755897",""
"G S Jewellers","+ 91  183 2531399",""
"Joda Jewellers","+ 91  183 2757502",""
"R D Ramesh Jewellers","+ 91  183 2545123",""
"Art Jewellery","+ 91  183 2548850",""
"Singh Jewellers","+ 91  183 2586196",""
"Gagan Jeweller","+ 91  8146364422",""
"Dima Jewellery Corner","+ 91  9216735381",""
"Prince Ornaments","+ 91  183 2483597",""
"J R Jewellers","+ 91  183 2220674",""
"Malli Ram Jewellers","+ 91  183 2544999",""
"Anmol Jeweller","+ 91  9569383877",""
"Sukhman Jewellery","+ 91  183 2226362",""
"Gurunanak Jewellers","+ 91  9463384301",""
"Pooja Jewellery","+ 91  9915363425",""
"Khalsa Jewellery House","+ 91  183 5068608",""
"JAI Jwala Ji Jewellery & Casti...","+ 91  9814120099",""
"J K Jewellers","+ 91  183 2483353",""
"Zevar Mahal","+ 91  9814109450",""
"Manohar LAL & Son","+ 91  183 2526529",""
"Mohinder Singh Jewellers","+ 91  183 2292933",""
"M K Jewellers","+ 91  9872921399",""
"Chana Mal Dina Nath Saraf","+ 91  183 2282326",""
"Chaudhary Jewellers","+ 91  183 5056652",""
"D J Soliters","+ 91  183 5004931",""
"Dalip Singh & Sons Jewellers","+ 91  183 2552219",""
"Deepak Jewellers","+ 91  9814394082",""
"Jain Jewellers","+ 91  183 2283068",""
"Ganpati Jewellers","+ 91  9888470524",""
"Kohinoor Diamond Jewellers","+ 91  183 5060690",""
"Pawan Jewellers","+ 91  183 5095584",""
"S J Jewellers","+ 91  9814011715",""
"Zeivar","+ 91  9356262533",""
"Uttam Jewellers","+ 91  183 5112422",""
"Shri Radha Govind Ji","+ 91  9988019493",""
"Shingar Jewellery","+ 91  183 5081733",""
"Seth Jewellers","+ 91  183 2222918",""
"Inder Singh Jewellers","+ 91  9814121505",""
"Bhagwati Kids Corner","+ 91  9814086148",""
"Mehak Jewellers","+ 91  9417277077",""
"Mani Jewellers","+ 91  183 5114560",""
"Baban Jewellers","+ 91  9814055385",""
"V K Jewellers","+ 91  9814355736",""
"P C Jewellers","+ 91  183 2440006",""
"Ram Singh & Sons Jewellers","+ 91  183 2527967",""
"Parveen Seth & Sons","+ 91  8427002912",""
"Hiralal Verma","+ 91  183 2552924",""
"Gold Antik Jewellery","+ 91  8283090433",""
"Krishna Krishna Jewellers","+ 91  9316074954",""
"Rajan Chawla","+ 91  183 2533109",""
"Mehra Jewellers","+ 91  183 2579666",""
"R.K jewellers","+ 91  183 2227007",""
"Balwinder Binda Dhalai Wale","+ 91  183 2555448",""
"Mehra Jewellers","+ 91  183 5064671",""
"Luthra Jewellers","+ 91  183 2557443",""
"Seth Diamonds","+ 91  183 2224406",""
"Ram Saran Dass Om Parkash Saraf","+ 91  183 2558817",""
"Ramesh Diamond Jewels","+ 91  183 2226639",""
"S S jewellers","+ 91  183 5011121",""
"Laabh The Complete Jewellers","+ 91  183 5069500",""
"NAVYA jewellers","+ 91  9815922793",""
"M M Jewellers","+ 91  183 5053895",""
"Swaran Rachna Jewels","+ 91  9855771116",""
"Vishal jewellers","+ 91  183 2403306",""
"Bhatia bros. jewellers","+ 91  183 2221516",""
"Naqsh Jewellery","+ 91  183 2566565",""
"DJ Soliters","+ 91  9417312554",""
"D D Trading Co.","+ 91  9872870011",""
"Deepak Collection","+ 91  9316598989",""
"Jackson Jewellers","+ 91  9815480400",""
"Khalsa Gift Corner","+ 91  9915001213",""
"Laxmi Narayan Jewellery","+ 91  9316068972",""
"Malikaz","+ 91  9815022440",""
"Preet Jewellers","+ 91  9356031299",""
"Shakti Jewellers","+ 91  9815037990",""
"Sunny General Store","+ 91  183 2000261",""
"Swis Jewellers","+ 91  183 2225747",""
"Kasvi Diamonds","+ 91  9646499820",""
"C L Khanna Jewellers","+ 91  183 2566887",""
"Hp jewellers","+ 91  9356443009",""
"Bhalla Jewellers","+ 91  183 2560766",""
"New Megh Nath Jewellers","+ 91  183 2400882",""
"vp jewellers","+ 91  9855307828",""
"M G Jewellers","+ 91  183 2003424",""
"Yuvana Shawls And Accessories","+ 91  9316161332",""
"James Gold & Diamond World","+ 91  7837414435",""
"Girdhari Lal Chopra & Sons","+ 91  183 2557315",""
"Swiss Jewellers","+ 91  183 2223747",""
"Sachdevra Jewellers","+ 91  183 2556859",""
"Laxmi Narayan Jewellers","+ 91  183 2557046",""
"solutions for shaadi","+ 91  183 2345678",""
"Shivnath Jewellers","+ 91  9646143143",""
"Sham Sunder & Sons","+ 91  9316236937",""
"Radha Gobind ji moti wale","+ 91  9888392822",""
"Nischal Jewellers","+ 91  183 2551672",""
"Nischal Jewellers","+ 91  183 2277471",""
"Shubham Jewellers","+ 91  9417004164",""
"Sofine Selection","+ 91  9872271664",""
"Kewal Kumar Kapoor Jewellers","+ 91  183 2222379",""
"Beauty Store","+ 91  9815444561",""
"Maha Laxmi Jewellers","+ 91  183 2271505",""
"SETH Jewellers","+ 91  9779790220",""
"Gold Smith","+ 91  183 2552373",""
"Laxmi Narayan jewellery","+ 91  183 6576360",""
"Satpal Johri","+ 91  183 2555231",""
"S K Jewellers","+ 91  183 2545063",""
"New Sultanwind Jewellers","+ 91  183 2587533",""
"Deepak Jewellers","+ 91  183 5060313",""
"Chaudhary Jewellers","+ 91  183 2554658",""
"Gold Palace Jewellers","+ 91  183 2540088",""
"Kuldip Jewellers","+ 91  183 2554138",""
"BABBAR JEWELLERS","+ 91  183 2572449",""
"Kochar Sons Diamond","+ 91  183 5004546",""
"Manpreet Jewellers","+ 91  183 2547382",""
"Chawla Jewellers","+ 91  9814219525",""
"Om Parkash Kalesha Jeweller","+ 91  183 2544780",""
"Prem LAL Sehdev Jewellers","+ 91  183 2541066",""
"Rajan Jewellers","+ 91  183 2548840",""
"Bhagwan Singh And Sons","+ 91  183 2553588",""
"DEV Parkash Jeweller","+ 91  183 2291412",""
"Ahuja Diamond Jewellery","+ 91  183 2551437",""
"B Madan LAL Saraf","+ 91  183 2558605",""
"Export Jewellers","+ 91  183 2555468",""
"Gurcharan Singh Gurpal Singh","+ 91  183 2546192",""
"Kapoor Jeweller House","+ 91  183 2546246",""
"Kewal Krishan And Sons","+ 91  183 2541927",""
"M M Jewellers","+ 91  183 2544179",""
"New Amritsar Ornaments House","+ 91  183 2547093",""
"Paris Jewellers","+ 91  183 2544348",""
"Raj Jewellers","+ 91  183 2541515",""
"Standard Jewellers","+ 91  183 2548778",""
"Ram Saran Dass Om Parkash Saraf","+ 91  183 2558817",""
"Bhalla Jewellers","+ 91  183 2558555",""
"Kali Charan Jewellers","+ 91  183 2543542",""
"Shekhar Jewellers","+ 91  183 2558201",""
"Amrik Chand And Sons","+ 91  183 2547266",""
"B.R. Jain Jewellers","+ 91  183 2547506",""
"Bombay Jewellers","+ 91  183 2556955",""
"Maha Laxmi Jewellers","+ 91  183 2533957",""
"Pawan Kumar Goldsmith","+ 91  183 2554184",""
"Shree Maha Laxmi Amba Jewellers","+ 91  183 2545987",""
"Bal Kishan Jewellers","+ 91  183 2547577",""
"Ambay Jewellers","+ 91  183 2534326",""
"S Gold Smith","+ 91  183 2548940",""
"Shagjun Jewellers","+ 91  183 2547500",""
"Ringo Jewellers","+ 91  183 2534808",""
"Alankar Diamond & Silver Palace","+ 91  183 2554915",""
"Ram Lubhaya Jewellers","+ 91  9356001531",""
"Jugaal Kishore & Co Jewellers","+ 91  9815648281",""
"Jagdish Jeweller House","+ 91  183 2543737",""
"Kundra Jewellers","+ 91  183 2552597",""
"Chohan Ornaments","+ 91  183 2224668",""
"S K Tridev Jewellers","+ 91  183 2558629",""
"New Lahorian Di Hatti","+ 91  183 2543012",""
"Kamal Jewellers","+ 91  183 2545537",""
"Gandhi Jewellers","+ 91  183 2294301",""
"Vir Di Hatti Jewellers","+ 91  183 2548778",""
"Lahorian Di Hatti","+ 91  183 2541351",""
"Ritika Jewellers","+ 91  183 2548372",""
"Swaran Jewellers","+ 91  183 2548947",""
"Sant Jewellers","+ 91  183 2550222",""
"Bhagtan Di Hatti Jeweller","+ 91  183 2546618",""
"Rohit Jewellers","+ 91  9888205574",""
"Raj Sons Jewellers","+ 91  183 2541515",""
"Kewal Ornaments","+ 91  183 3201693",""
"Girdhari LAL Hazari LAL Saraf","+ 91  9814163900",""
"Parduman Singh Jewellers","+ 91  183 2547415",""
"A One Karan Jewellers","+ 91  183 2774844",""
"Ashok Kumar & Sons","+ 91  183 2556135",""
"Babli Jewellers","+ 91  183 2531162",""
"DEV Parkash Jewellers","+ 91  183 2291412",""
"Dhan Lakshmi Jewellers","+ 91  183 2293482",""
"OM Jewellery House","+ 91  9888432024",""
"K C Mehra Jewellers","+ 91  9814219394",""
"M S Jewellers","+ 91  183 2292613",""
"Mohan Jewellers","+ 91  183 2570306",""
"Mandeep Jewellers","+ 91  183 2551882",""
"Manjit Jewellers","+ 91  183 2258905",""
"N K Bandel Tili Supplier","+ 91  183 2233623",""
"Mehta Jewellers","+ 91  183 2550153",""
"New High Class Jewellers","+ 91  183 5097736",""
"Neeraj Jewellers","+ 91  183 5050365",""
"Nice Gold Jewellery","+ 91  183 5006828",""
"N M Manav Kumar Jewellers","+ 91  9417015717",""
"R P Jewellers","+ 91  183 2543852",""
"Rajput Jewellers","+ 91  183 2583972",""
"R K Gujranwala Jewellers","+ 91  183 2291475",""
"Ratra Jewellers","+ 91  183 2555232",""
"Rupinder Singh","+ 91  183 3115316",""
"S H Jewellers & Sons","+ 91  183 5008793",""
"S Hazara Singh & Sons","+ 91  183 2483246",""
"Rohini Diamond Jewellers","+ 91  183 2560510",""
"S Lakhwinder Singh Jaura","+ 91  183 2481998",""
"S R Jewellers","+ 91  183 5007854",""
"Seth Jewellery Centre","+ 91  183 2552680",""
"Suri Jewellers","+ 91  183 2553218",""
"Surinder Singh Jaspal Singh Jaria","+ 91  183 2484316",""
"Vijay Handa Jewellers","+ 91  183 2556852",""
"Sukhwant Singh & Sons","+ 91  183 2547294",""
"Surinder Kumar & Sons","+ 91  183 2532117",""
"Tilak Raj Jewellers","+ 91  183 2558356",""
"Tarlok Johri","+ 91  183 3114321",""
"Vishal Gems & Jewels PVT LTD","+ 91  183 2546769",""
"Verma Bros","+ 91  183 2548311",""
"Alankar Ornament House","+ 91  183 2531625",""
"Ashok Chauhan Jewellers","+ 91  183 2543280",""
"Ashok Seth","+ 91  183 3108499",""
"Ajit Singh Kanda & Sons","+ 91  183 2485831",""
"Anandsar Jewellers","+ 91  183 2535764",""
"Darshan Singh & Sons","+ 91  183 2542256",""
"Dinesh Ornaments","+ 91  183 2272662",""
"Export Jewellers","+ 91  183 2555468",""
"Computer Jewellery","+ 91  183 2484677",""
"G S Jewellers","+ 91  183 2265019",""
"Gurdeep Jewellers","+ 91  183 2257925",""
"Hare Krishna Jewellers","+ 91  183 2559204",""
"G S Masaun","+ 91  183 2483945",""
"Harjinder Singh","+ 91  183 2547338",""
"Guljar Jewellers","+ 91  183 2578375",""
"H K Jewellers","+ 91  183 2293965",""
"H R Jewellers","+ 91  183 2705363",""
"Kanhya LAL & Sons","+ 91  183 2543846",""
"Kapoor Jeweller House","+ 91  183 2546246",""
"Kohli Jewellers","+ 91  183 2547499",""
"Kapoor Jewellery","+ 91  183 5098876",""
"Ravi Kant Dhalai Wale","+ 91  9814321194",""
"Ram Sharma DAS Arun Kumar Jewe...","+ 91  183 2554659",""
"Jagdish Mittar Jewellers","+ 91  183 2271167",""
"Ashwani Kumar Gold Ornament Mfrs","+ 91  183 5098255",""
"Kishan Chand Ruri LAL Jain Di ...","+ 91  183 2543735",""
"New Design Jewellers","+ 91  183 4282012",""
"Madan LAL Jewellers","+ 91  183 2558377",""
"Mani Jewellers","+ 91  183 2547034",""
"Prabhjot Jewellers","+ 91  183 2582108",""
"R N Silver & Gold Ornaments","+ 91  183 2556519",""
"Ralia Ram Rikhi Ram","+ 91  183 2543547",""
"Ramgarhia Jewellers","+ 91  183 2552866",""
"Sadiura Jewellers","+ 91  183 2581806",""
"Senior Jewellers","+ 91  183 2547946",""
"Sri Krishna Jewellers","+ 91  183 2271226",""
"Vijay & Co","+ 91  183 2556382",""
"Tridev Jewellers","+ 91  183 2558629",""
"Zevar Mahal","+ 91  183 2552899",""
"Kashmiri LAL Arun Kumar","+ 91  183 2552073",""
"Super Star Jewellers","+ 91  183 2563584",""
"Amrik Singh & Sons Jeweller","+ 91  9417470506",""
"Adhya Exports","+ 91  9914007869",""
"Gurcharan Jewellers","+ 91  9988588786",""
"Sunita Exports","",""
"Amar Singh Jewellers","+ 91  9814434888",""
"Singh Jewellers","+ 91  183 5011465",""
"Gurmeet Jewellers","",""
"D. D. Trading Co.","",""
"Gopal Jewellers","+ 91  9855347472",""
"Sarbjeet Jewellers","+ 91  9888800702",""
"Mukhtyar Singh Jewellers","+ 91  9988270107",""
"Shree Ganesh Chains & Jewellers","+ 91  9216430501",""
"Rashpal Singh Jewellers","+ 91  9872573799",""
"Vishal Akash Jewellers","+ 91  9646163042",""
"M/S. Chauhan Jewellery","+ 91  183 2543487",""
"Envee International","+ 91  183 2227221",""
"Kenway Sartaj Worldwide","+ 91  183 2500691",""
"Ram Prakash Di Hatti","+ 91  9872712361",""
"Jiwan LAL Roshan LAL & Sons","+ 91  183 2548518",""
"Dalip Singh SM Jewellrs","+ 91  183 5066528",""
"Shri Ganesh Enterprises","+ 91  183 2565817",""
"S S Jain Jewellers","",""
"Shree Salasar Balaji Jewellers","+ 91  9779555002",""
"Vijay Shree Jewellers","+ 91  9815294921",""
"Fashion House amritsar","+ 91  9988554346",""
"Amritsar Jewellers","+ 91  183 2558605",""
"Ganshyam Jewellers","+ 91  183 2452083",""
"Sahdev Jeweller","+ 91  183 2440009",""
"Royal Jewellers","+ 91  183 2555999",""
"A.K Mohinder Jeweller","+ 91  183 2530292",""
"Lali Jewellers","+ 91  183 2551711",""
"Narinder Kumar Jewellers","+ 91  183 2550716",""
"Ranjit Jewellers","+ 91  183 2540276",""
"Ladi Jeweller","+ 91  183 2382814",""
"Jaura Jewellers","+ 91  183 222544",""
"B.J. Jewellers","+ 91  183 3290213",""
"Dhunna Jewellers","+ 91  183 2554932",""
"G N Silver Palace","+ 91  183 2533968",""
"Chohan Jewellers","+ 91  183 2565886",""
"Bhupinder Jewellers","+ 91  9872198749",""
"Gold Star Traders","+ 91  9888878249",""
"Annu Creations","+ 91  9814200968",""
"Apsara Jewellers","+ 91  9814962233",""
"Babbar Jewellers","+ 91  183 2556545",""
"Puji Jewellers","+ 91  183 2547672",""
"Subhash Jewellers","+ 91  9815166460",""
"Hukam Chand Jewellers","+ 91  183 2548548",""
"Sehdev Diamond Jewellery","+ 91  9463608226",""
"Talwar Jewellery House","+ 91  183 2530744",""
"Amrik Jewellers","+ 91  183 2546452",""
"MS Banwari LAL Saraf","+ 91  183 2542744",""
"S N Naresh Kumar Jewellers","+ 91  183 2555972",""
"Bhagwan Dass Bharat Bhushan","+ 91  183 2548664",""
"J. R. Mehra & Co.","+ 91  183 2544104",""
"Kishore Jewellers","+ 91  183 2543829",""
"Prince Jewellery designing","+ 91  9988101061",""
"G C Madan Mohan Jewels","+ 91  183 5017555",""
"Jaura Jewellers","+ 91  183 2586146",""
"Kanda Jewellers","+ 91  9915364682",""
"Sadiura Jewellers","+ 91  9814210453",""
"Subhash Jewellers","+ 91  9815487151",""
"Radha Swami Jewellers","+ 91  9915537140",""
"Aasd Jewellers","+ 91  9914747567",""
"Khurana Jewellers","+ 91  9814354300",""
"Aman jeweller","+ 91  9988789090",""
"Brijmohan Automobiles","+ 91  9779113606",""
"RUDRAKSH","+ 91  9815456833",""
"Beliram Jewellers","+ 91  183 2557815",""
"Royal Jewellers","+ 91  183 2292876",""
"DC Designer Jewellers","+ 91  183 2294141",""
"Mahajan Jewellers","+ 91  183 6418191",""
"Mannat Inviation","",""
"Uttam Jewellers","+ 91  183 2540231",""
"Sardar Jewellers","+ 91  183 2541657",""
"Durga Dass Seth Saraf Jewellers","+ 91  183 2227337",""
"Paramjit Jewellers","+ 91  183 2293181",""
"LAL JI Jewellers","+ 91  183 2532673",""
"Gaurav Jewellers","+ 91  183 2542369",""
"Dulhan Jewellery","+ 91  183 2552680",""
"Dhuna Jewellers","+ 91  183 2554932",""
"Satya Roop Jewellers","+ 91  183 2540403",""
"M/S Mehta Jewellers","+ 91  183 2292416",""
"Sajjan Jewellers","+ 91  183 2553763",""
"Tilak Raj Jewellers","+ 91  183 2558356",""
"Morri Gold Jeweller","+ 91  183 2544877",""
"SH.Kashmiri LAL Sethi Jeweller","+ 91  183 2552073",""
"Shagjun Jewellers","+ 91  183 2531432",""
"Shivam Jewellers","+ 91  183 2557298",""
"Sunil Jewellers","+ 91  183 2506895",""
"Swarn Jewellers","+ 91  183 2548947",""
"Chouhan Ornaments","+ 91  183 2224628",""
"Verma Jewellers","+ 91  9814503524",""
"Dulhan Jewellery Centre","+ 91  183 2213234",""
"Amrit Jewellers","+ 91  9878464102",""
"Rishabh Diamonds","+ 91  183 2545735",""
"S D Jewellers","+ 91  183 2548705",""
"Satpal Jewellers","+ 91  183 2542555",""
"Sehdev Jewellers","+ 91  183 5095445",""
"Jyoti General Store","+ 91  9888088547",""
"Aggarwal Jewellery House","",""
"Vighan harta jewelers","+ 91  9855588885",""
"Mittu Jewellers","+ 91  183 6548887",""
"Satguru jewellers","+ 91  8054129428",""
"Ramesh Jewellers","+ 91  183 2547982",""
"Ram Parkash Vijay Kumar Saraf","+ 91  183 2558794",""
"Beauty Center","+ 91  183 2546870",""
"Mohinder Singh Jatinderpal sin...","+ 91  9888690026",""
"Sourav Jewellers","+ 91  183 2276525",""
"MONEY JEWELLERS","+ 91  9780453501",""
"VK Jewellers","+ 91  9914824848",""
"Kvs Jewellers","+ 91  183 6542126",""
"Nari Ornaments","+ 91  183 5053898",""
"NEEL KANTH JEWELLERS","+ 91  9653936362",""
"Verma Jewellers","+ 91  9815145721",""
"Vidiya Jewellers","+ 91  9814012835",""
"Chohan Jewellers","+ 91  9855406951",""
"Seth Jewellers","+ 91  9855847074",""
"Shri Bala ji jewellers","+ 91  9803513137",""
"Lucky Gift Centre","+ 91  9988953819",""
"Shri Guru Nanak Jewellers","+ 91  9814675830",""
"Uttam Jewellers","+ 91  183 5096581",""
"Sharma Cosmetics & Beauty Parlour","+ 91  9872947873",""
"SHIV SHAKTI JEWELLERS","+ 91  9988061128",""
"Shiv Shakti Jewellers","+ 91  183 2545351",""
"Chohan Jewellers","+ 91  183 2483914",""
"Krishna Jewellers","+ 91  9417278010",""
"Ashwani Jewellers","+ 91  8968265414",""
"Ruby Jewellers","+ 91  183 2548656",""
"Sahdev Jewellers","+ 91  9463827532",""
"Rahul Jewellers","+ 91  9814639903",""
"Jasbir Engineering Works","+ 91  183 2483732",""
"Dhunna Jewellers","+ 91  183 2589203",""
"Baba Deep Singh Jewellers","+ 91  9915670038",""
"Suhag Jewellers","+ 91  9780649604",""
