"Name","Phone","Address"

"Habile Outsource Business S...","+ 91  9780786544",""
"Om Job Point","+ 91  9779263648",""
"Shivansh Job Placement","+ 91  9872290606",""
"Khalsa Placement","+ 91  7087968600",""
"Amritsar Placements","+ 91  183 5061919",""
"Naukri Lane","+ 91  8054809663",""
"Hunt 4 Careers","+ 91  183 5010199",""
"Lovely Placement","+ 91  8968443593",""
"Shri SAI Job Placement","+ 91  8968080981",""
"Professionals Job Consultancy","+ 91  8728871000",""
"R S Consultants","+ 91  183 5016230",""
"Mystic rose jobs and career","+ 91  9988501999",""
"Hb Associates Co","+ 91  9501208278",""
"Appin Technologies","+ 91  183 5066035",""
"Real Promotion","+ 91  9888580513",""
"A M Job Placement","+ 91  8437090863",""
"Shah Consultant & Management S...","+ 91  9888329415",""
"Sps Solution Pvt Ltd","+ 91  9814825227",""
"Bhamra Placement","+ 91  8968813383",""
"Rose Job Point","+ 91  183 5014182",""
"Shri Krishna Job Consultancy","+ 91  9780516912",""
"Dk Placements","+ 91  8054727479",""
"Lawrence Garden","+ 91  183 2565437",""
"Trinity Placements","+ 91  7837913536",""
"Next infoz","+ 91  9855255844",""
"NVS FUTURE POINT","+ 91  9780247802",""
"RESIGN TODAY INC","+ 91  8591052860",""
"Sumit Job Placement","+ 91  9988158859",""
"RK Job Placement","+ 91  7814789005",""
"Sunrise ENT","+ 91  183 6450834",""
"SV Innovatives","+ 91  183 2505593",""
"Future Development Office","+ 91  9501346083",""
"Dr Ranjit Singh","+ 91  9779609810",""
"K.K.Enterprises","+ 91  9216547547",""
"Sidhu Job Consultant","+ 91  8146333285",""
"Sidhu Consultancy","+ 91  8146333285",""
"THE PLACER & PROVIDER","+ 91  183 5068306",""
"Bright Future Job Point","+ 91  9779559991",""
"E-Learning Pvt Ltd","+ 91  183 2420262",""
"Baj Security & Placement","+ 91  9501102938",""
"Payal Coaching Hub","+ 91  9855032282",""
"Land weavers","+ 91  9855781111",""
"Achievers Consultancy","+ 91  183 5002004",""
"Jobs in Amritsar","+ 91  8591928952",""
"Bsj Placement & Security Service","+ 91  9646391928",""
"H.b associates","+ 91  8568893844",""
"Kirpa Placement","+ 91  8288044747",""
"Lovely Job Point","+ 91  9872154956",""
"Guru Amrit Job Point","+ 91  9876952990",""
"A Step To Success","+ 91  183 5002484",""
"Sigma Consultant","+ 91  8566076500",""
"The Experts Consultancy","+ 91  183 5066470",""
"Preet Placement Advisor","+ 91  8528038128",""
"uk placement services","+ 91  9115782236",""
"APS Placement Service PVT LTD","+ 91  183 5012093",""
"Kashish Placement Services","+ 91  9888706871",""
"Smart Job Placement Center","+ 91  9814139659",""
"NAV PLACEMENT WORLD","+ 91  9216666756",""
"Job Tracker","+ 91  9888770808",""
"Best Achievers Job Point","+ 91  9988866196",""
"The Apex","+ 91  183 5014966",""
"Verma Job Consultant","+ 91  9914247004",""
"A-1 Job placement services","+ 91  9855767586",""
"CONSUMER BEST SERVICES","+ 91  1858 6050007",""
"ShrinivasBalajiCharitebalTrust","+ 91  9972294477",""
"Business Infotech","+ 91  9589044555",""
"Tds Placements & Services P...","+ 91  172 5214647",""
"Sky World Services","+ 91  9814296732",""
"D.V Consultancy","+ 91  712 6960267",""
"Crest technology","+ 91  8237185135",""
"gCO of Agriculture departme...","+ 91  7379021104",""
"Lakkho HR Consultants Pvt Ltd","+ 91  9755040645",""
"Infinite Manpower Solution","+ 91  8269838429",""
"GRR Consultancy","+ 91  4142 254875",""
"Aggarwal Job Consultants","+ 91  9541382141",""
"Dreambolic Associates","+ 91  181 4659111",""
"Hiringshop.Com","+ 91  9829069780",""
"Asia Pacific","+ 91  484 4064431",""
"ORISSA DOOT CONSULTANTS","+ 91  674 6557773",""
"Varun Star Services Pvt Ltd","+ 91  8146951375",""
"Sks Consultancy","+ 91  471 3199100",""
