"Name","Phone","Address"

"Jai Resort","+ 91  8427798982","Jandiala, Taran Taran Byepass, Amritsar - 143001"
"Mukesh Decoration Corner","+ 91  9988738463","H.No: 136, F13/2623, Amritsar - 143001, Lane No:5, Friends Colony, Near Water Tank, Majitha Road"
"Haweli Resorts","+ 91  183 6570568","Wagha Border Road, Amritsar - 143001, New Cantt, Opposite Army House"
"Rivaz Lawn","+ 91  183 6611111","C/O Radisson Blu Hotel, Airport Road, Amritsar - 143001, Near Airport"
"Narang Palace","+ 91  9888625354","Ch. Chire, Katra Karam Singh, Amritsar - 143006, Opp. Post Office"
"Shahi Farm","+ 91  9501270022","Bhikhiwind Road, Chabhal, Amritsar - 143301, kheem karan"
