"Name","Phone","Address"

"Bank Of India","2503898","Sco-10, Amritsar - 143001, Blk-B,Distt Shopping Cplx,Ranjit Avenue"
"Bank Of India","+ 91  183 2272876","Batala Road, Vijay Nagar, Amritsar - 143001, Post Office Khanna Nagar"
"Central Bank Of India","+ 91  183 2557711","Amritsar - 143001, Guru Bzr, Nr Bzr Kathiar"
"HDFC Bank Ltd","+ 91  183 5093765","107/1,R S Towers, Amritsar - 143001, Hall Bzr"
"Bank Of Maharashtra","+ 91  183 2212437","Modella Wollen Mills Bldg, M M Malyiya Rd, Amritsar - 143001"
"Dena Bank","+ 91  183 2566539","Civil Ln, Amritsar - 143001, Cl Madan Mohan Malviya Rd"
"HDFC Bank Ltd","+ 91  183 2611299","273 East Mohan Nagar, 100 Street Road, Mohan Nagar, Amritsar - 143006, Opp Jaycee Motors"
"Mahindra & Mahindra Financial ...","+ 91  183 6575167","Shop No 85 City Centre 1st Floor, G T Road, Main Road, Amritsar - 143001, B/S Sangam Cinema"
"ICICI BANK LTD","1800224848","Shop No-3,A-1,Green Avenue, Court Rd, Amritsar - 143001, Kichloo Chowk"
"Central Bank Of India","+ 91  183 2325110","Jandiala Guru, Amritsar - 143115, Railway Station,Gehri Mandi"
"MUTHOOT FINANCE PVT LTD","+ 91  183 5069814","first floor hall gate, hall bazar near goal hathi chowk, Amritsar - 143001, opp congrass bhawan"
"HDFC Bank Ltd","+ 91  9316291339","Hall Bazar, Amritsar - 143001"
"Bank Of India","+ 91  183 2556204","Majitha Mandi, Amritsar - 143006, Golden Temple Post Off"
"Central Bank Of India","+ 91  183 2229597","Amritsar - 143001, Beauty Avenue"
"Fullerton India Credit Company...","+ 91  183 6576981","Pl No A-1, Court Rd Crossing, Amritsar - 143001, Green Avenue"
"Bank Of India","+ 91  183 2530194","Amritsar - 143001, Hall Bzr"
"Central Bank Of India","+ 91  183 2230097","Amritsar - 143001, Sultanwind Gate"
"Dream Capital","+ 91  9781419000","office no. 52, a-block, Ranjit Avenue, Amritsar - 143001"
"Central Bank Of India","+ 91  183 2590172","Raja Sansi Rd, Amritsar - 143001, Gumtala"
"GE Money Financial Services LTD","+ 91  183 39022000","107/1,Hall Bzr,Lower Grd Flr,R S Tower, R S Tower, Amritsar - 143001"
"Central Bank Of India","+ 91  183 2565473","1 Queens Rd, Amritsar - 143001, Pb No -83"
"Central Bank Of India","+ 91  183 2293416","B No 11, Amritsar - 143001, Katra Ahluwalia"
"Bank Of India","+ 91  183 2271593","Kashmir Avenue, Amritsar - 143001, Mata Kaulan Mg"
"Indiabulls Financial Services ...","+ 91  183 5070245","32, Shopping Centre,, Amritsar - 143001, Amritsar"
"Central Bank Of India","+ 91  183 2234334","Gt Rd, Amritsar - 143001, Sharifpura"
"HDFC Bank Ltd","+ 91  183 5066739","Scf-38, Amritsar - 143001, Kabir Park,Opp Guru Nanak DEV University"
"Mankawal Singh","+ 91  9888824569","House No 361, Gali No 2, Amritsar - 143001"
"Ws Associates","+ 91  183 5098111","Shop No-4, Amritsar - 143001, Preet Randhawa Market"
"Om Financial Services","+ 91  9988507009","36-A, 2nd Floor, Amritsar - 143001, Opposite Shiva Park Rani Ka Bagh"
"Deep Finance","+ 91  9780851573","Shop No 4, Amritsar - 143001, Majitha Road"
"Deep Finance Co","+ 91  9888394456","N-1, Queens Road, Amritsar - 143001"
"Goldy Consultancy","+ 91  9915175945","Mohkampura, Bille Wala Chowk, Amritsar - 143001, Shop No 1"
"Financial Hub","+ 91  9814043481","1-a Basement Aangan Resturant ,, Queens Road, Amritsar - 143001, Opposite Alexandra School"
"Manpooram Finance","+ 91  183 3221142","Bhawan No-104,1st Flr, Lawrence Road, Amritsar - 143001, On S S Color Lab,Nr Nehru Shopping Cplx"
"sukhwant dental clinic","+ 91  183 5052330","shop no 6, sandhu market , opp, sultanwind gate, Amritsar - 143001, opp electricity board"
"Galaxy Financial Services","+ 91  9814016607","HOUSE 128 GALI NO 1, TARAN TARN ROAD SAHID UDAM SINGH NAGAR, Amritsar - 143001, Near bus stand Amritsar"
"Bank Of India","+ 91  183 2562689","32, Amritsar - 143001, Rose Avenue"
"Bank Of India","+ 91  183 2503548","53,Grd Flr, Amritsar - 143001, B Blk"
"Bank Of India","+ 91  183 2557126","Amritsar - 143001, Katra Bhagian"
"Central Bank Of India","+ 91  183 2522228","Amritsar - 143001, Bhagtanwala Gate"
"Central Bank Of India","+ 91  183 2236572","Amritsar - 143001, Guru Ram DAS Ngr"
"Central Bank Of India","+ 91  183 2400554","Cemetary Rd, Amritsar - 143001"
"HDFC Bank Ltd","+ 91  183 501689","B-12,263/64, College Rd, Amritsar - 143001"
"Bank Of India","+ 91  183 2482361","Singh Tarn Taran Rd, Amritsar - 143001, Chabha Sangram Sahib"
"Bank Of India","+ 91  183 2552842","Sangam Cinema Bldg, G T Rd, Amritsar - 143001"
"Central Bank Of India","+ 91  183 2222802","Amritsar - 143001, Green Avenue"
"Central Bank Of India","+ 91  183 2223732","Circular Rd, Amritsar - 143001"
"Bank Of India","+ 91  183 2556253","Jaishiman Bldg, Amritsar - 143001, Pratap Bzr"
"Central Bank Of India","+ 91  183 2556860","Amritsar - 143001, Farid Chowk"
"Central Bank Of India","+ 91  183 2258723","Byala Brothers Building,, Amritsar - 143001, Gurunanak University Area"
"Dialabank","+ 91  9878981166","9, Mall Road, AMRITSAR - 143001, Near Lawrence Road"
"A K Finance","+ 91  7508353344","Lawrence Road, Amritsar - 143001, Meenu Market"
"Tamanna Enterprises","+ 91  183 5062651","16,Kapoor Plaza, 1st Floor Queens Road, Opp. PNB National Bank, Amritsar - 143001, near crystal chownk"
"Angel Broking Ltd.","+ 91  183 5069090","SCO 16 3RD FLOOR, NEHRU SHOPPING COMPLEX, Lawrence Road, Amritsar - 143001, NEAR NOVELTY"
"Perfect Money Planners","+ 91  9653862179","Shop No 211,Sun Rise Palaza, Cooper Road, Amritsar - 143001, Near Crystal Restaurant"
"Shri Herb Asia Biotech","+ 91  183 6555177","Batala Road Post Office, Amritsar - 143001, Khanna Nagar"
"Chadha Consultant","+ 91  8556962625","Ghee Mandi, 1518/13, Amritsar - 143001, Opp Bhai Veer Singh Shivala Mandir"
"Nikhil Enterprises","+ 91  9646356550","Near Celebration Mall, Batala Road, Krishna Square, Amritsar - 143001, Opposite Pabby Banquet"
"SBI LOAN SPECIALIST","+ 91  9501632695","ISLAMABAD, Amritsar - 143001, opp anandpur sahib kutia"
"Satguru Autos","+ 91  9417057042","majitha road, Amritsar - 143001, Opposite Oven Fresh"
"STAR TELECOM","+ 91  9888469300","MAIN BAZAR, SULTANWIND ROAD, Sultanwind, Amritsar - 143006, NEAR KAKA RAM SWEETS"
"Kwik Finance Solution","+ 91  9896805545","Near P And T Godown, Preet Nagar, Amritsar - 143110, Opp. D.a.v. River Side School"
"Lucky finance","+ 91  9814450450","main road, new kot atma ram, Amritsar - 143002, gurdwara toot sahib"
"Sai Advertiser","+ 91  9517521123","New surender chaudhary market, Shimla market putlighar bazaar, PUTLIGHAR BAZAAR, Amritsar - 143002, near Bedi school govt school"
"Nirman Financial Services","+ 91  9814412277","Plot-1, Court Road, Amritsar - 143002, Mall Road"
"Himanshu loan consultant AXIX ...","+ 91  8558992332","Ranjit avenue, Amritsar - 143002, near passport office"
"R Properties & Loan Advisers","+ 91  9356048000","G T Road, Amritsar - 143002, Sadar Thana"
"BLD FINANCIAL CONSULTANT","+ 91  8054142824","KABIR PARK, Amritsar - 143002, GNDU"
"SAI Enterprises","+ 91  9815839843","Shop No-8, Amritsar - 143002, Guru Nanak Market, Nandan Cinema Chowk, Near PNB"
"Ca Manjot Singh","+ 91  9872268846","Ranjit Enclave, Amritsar - 143002"
"Central Bank Of India","+ 91  1858 2500572","Ajnala Rd, Ajnala, Amritsar - 143102"
"National Financial Services","+ 91  9888453014","Amritsar Road, Tarn Taran - 143416, Kamal Hospital
(Also serves AMRITSAR)"
"ICICI BANK LTD","+ 91  183 2501315","Sco-112 , , ,District Shopping Complex, ,C-Block Ranjit Avenue , ,Amritsar-,
(Also serves AMRITSAR)"
"HDFC Bank Ltd","+ 91  183 2503810","Sco-25 , , ,Ground Floor ,Dish Shopping, Complex ,Ranjit Avenue ,Amritsar-,
(Also serves AMRITSAR)"
"Bank Of Maharashtra","+ 91  183 2508281","H.no.555.b-Block ,Ist Floor ,Ranjit, Avenue ,Amritsar-,
(Also serves AMRITSAR)"
"Bank Of Maharashtra","+ 91  183 2228205","M.m. Malviya Road ,Amritsar-,
(Also serves AMRITSAR)"
"Central Bank Of India","+ 91  183 2560992","Regional Office ,1,Queens Road ,Civil, Lines ,Amritsar-,
(Also serves AMRITSAR)"
"Central Bank Of India","+ 91  183 2553933","Ganda Wala Bazar ,Majith Mandi, ,Amritsar ,-,
(Also serves AMRITSAR)"
"ICICI Bank Ltd","+ 91  183 2402520","Bldg No.2 ,Ground Floor Bldg Nidhi, ,Lawrance Road ,Asr-,
(Also serves AMRITSAR)"
"ICICI Bank Ltd","+ 91  183 2560501","Bldg. No.-2 ,Nidhi Complex ,Lawrance, Road ,Amritsar.-,
(Also serves AMRITSAR)"
"Central Bank Of India","+ 91  183 2531609","Guru Bazar , , ,Asr-,
(Also serves AMRITSAR)"
"Central Bank Of India","+ 91  183 2491780","Sultanwind Road , , ,Amritsaar-,
(Also serves AMRITSAR)"
"Central Bank Of India","+ 91  183 2222076","31 ,Circular Road ,Amritsar. ,-,
(Also serves AMRITSAR)"
"Central Bank Of India","+ 91  183 2557856","Dharam Singh Market ,Amritsar. , ,-,
(Also serves AMRITSAR)"
"Central Bank Of India","+ 91  183 2560991","Regional Office ,1,Queens Road ,Civil, Lines ,Amritsar-,
(Also serves AMRITSAR)"
"Central Bank Of India","+ 91  183 2508360","C-2031 ,. ,Ranjit Avenue , ,Asr-143001,
(Also serves AMRITSAR)"
"Central Bank Of India","+ 91  183 2450084","G.t.road ,G.n.d.u.area,P.o.r & S Mills, ,Bayala Bros.building ,Chheherta ,Asr-0,
(Also serves AMRITSAR)"
"Central Bank Of India","+ 91  183 2274270","Resi.of Sh.t.r Dhariwal ,206 Gali No.5, ,Sunder Nagar ,Amritsar 143001-,
(Also serves AMRITSAR)"
"HDFC Bank Ltd","+ 91  183 2564616","39 ,The Mall , ,Amritsar-,
(Also serves AMRITSAR)"
"Bank Of Maharashtra","+ 91  183 2560049","Madan Mohan Malviya Road , ,Amritsar, ,Amritsar-143001,
(Also serves AMRITSAR)"
"Central Bank Of India","+ 91  183 2566473","Civil Lines ,Amritsar. , ,-,
(Also serves AMRITSAR)"
"Central Bank Of India","+ 91  183 2560993","Regional Office ,1,Queens Road ,Civil, Lines ,Amritsar-,
(Also serves AMRITSAR)"
"Central Bank Of India","+ 91  183 2550157","Kt.ahluwalia , , ,Amritsar-,
(Also serves AMRITSAR)"
