"Name","Phone","Address"

"patanjali Chikitsalayas","+ 91  9814808121","durgiyana Mandir CMPLX, Main road, Amritsar - 143001, Durgiyana mandir"
"Dr Badri Nath And Sons","+ 91  183 2401575","Cooper Road CRISTAL CHOWNK, Amritsar - 143001, Opposite Sgtb Hospital"
"More Power Capsul","+ 91  9812436676","Amritsar - 143001"
"Apollo Pharmacy","+ 91  9100023991","Shop no 16, Copper road, Amritsar - 143001, Near crystal Chowk"
"HAYAT M MUKHTAR","+ 91  9876544408","SHOP NO 6, hari om avenue, Amritsar - 143001, near mandir"
"Devgan medicos","+ 91  9115069366","Main road, Gopal nagar, Amritsar - 143002, Near main chowk"
"NIRAJ MEDICARE","+ 91  9872086666","Shop no 10, lawrence road, Lawrence Road, Amritsar - 143001, near ritu wear"
"Niraz Medicare Vichy","+ 91  183 2566787","10,Dilwari Mkt, Lawrence Rd, Amritsar - 143001, Opp ICICI Bank"
"BHARAT HERBAL PHARMACY","+ 91  9888763342","Court Atma Singh Road, Amritsar - 143001, Near Bus Stand"
"Mahajan medical store","+ 91  183 2222292","Bijli pehalwan mandir, Lawrence Road, Amritsar - 143001, Near bbk dav college"
"Apollo Pharmacy","+ 91  9100023991","Amritsar, Punjab, Baba Phulla Singh Market, Amritsar - 143001"
"Guru nanak medicos","+ 91  9592408533","Shop no.b6, sultanwind road, Amritsar - 143002, near Grd Hospital"
"JANTA MEDICOS","+ 91  9872184609","Main road, circular road, Amritsar - 143006, Opp guru ram das charitable hospital"
"GURU NANAK MEDICOS","+ 91  9876335140","new gokal ka bagh, 100 feet road, Amritsar - 143002, near ram ji mandir"
"Guru nanak medicos","+ 91  9914141320","Shop no 46, Circular road, Amritsar - 143002, Opp.guru ram dass hospital"
"Mahajan Medical Store","+ 91  7508383321","Bijli Pehalwan Mandir, Lawrence Road, Amritsar - 143001, Near Bbk Dav College"
"SEHAT PHARMACY","+ 91  9988108627","SHOP NO-1, putlighar, g.t road, Putligarh, Amritsar - 143002, opp guru nanakwara"
"Gurinder Singh & Co","+ 91  183 2224445","Lawrence Road, Amritsar - 143001, Bijli Pehalwan Temple Market"
"Behl Medical & Surgical Store","+ 91  183 5004813","Shop Number- 6, Gali Dai Wali, Katra Sher Singh, Amritsar - 143006, Guru Ram Dass Market"
"Lebon Pharma","+ 91  183 3951860","Katra Sher Singh, Amritsar - 143006"
"G S Medicine Centre","+ 91  183 2548057","Katra Sher Singh, Amritsar - 143006, New Medicine Market"
"Simran Medicos","+ 91  183 5002906","Shop No 49-50, Amritsar - 143001, Opp Shri Guru Ram Dass Hospital Near Gurudwara Baba Deep Singhji"
"Life care medicos","+ 91  183 5095691","SHOP NO 115 KATARIA TOWER, LAWRENCE ROAD, Lawrence Road, Amritsar - 143001, NEAR BBK DAV COLLAGE"
"Sunny Medicine Point","+ 91  183 5093978","Booth NO-90, Ranjit Avunue, Ranjeet Avenue Block A, Amritsar - 143001, Near Parvati Hospital"
"H H MEDICOS","+ 91  9814671751","shop no 87- 88, a block ranjit avenue, Amritsar Kutchery, Amritsar - 143001, near parvati devi hosp."
"Sachdeva Medicos","+ 91  183 2400832","8, G T Rd, Amritsar - 143001, Sekhon Mkt,Opp SBI,Putlighar"
"Gurunanak Medicos","+ 91  9464986474","Shop No-78, Mehta Road, Amritsar - 143001, Opposite Shri Guru Ramdas Charitable Cancer Hospital & Medical College, Vallah"
"KAMAL MEDICOS","+ 91  9988036366","7-D, Sant avenue, Amritsar - 143001, Opp.Tb Hospital"
"MAAN MEDICARE","+ 91  9814149963","Putlighar, near senior study, Amritsar - 143001, Gt road"
"Dashmesh Clinic & Diagnostic C...","+ 91  9915816761","Pultighar, Amritsar, G T Road, Amritsar - 143001"
"Golden medicos","+ 91  9815483710","Shop no 17, Basant avenue, Basant Avenue, Amritsar - 143001, Rattan singh chowk"
"PAL MEDICAL STORE","+ 91  9781380077","islamabad, Amritsar - 143001, near thana"
"Apollo Pharmacy","+ 91  9100023991","Shop Number- 1, G T Road, Amritsar - 143001, Ekta Market, Opposite Ganga Building"
"Apollo Pharmacy","+ 91  9100023991","Ranjit avenue c block, Amritsar - 143002, Near Khalsa college"
"Garg Medicare","+ 91  183 5002675","Katra Sher Singh, Amritsar - 143006, Kucha Daikhana"
"Shiv Shakti Medicos","+ 91  9915108709","oppt. punjab and sind bank, Kathunangal Road, Majitha, Amritsar - 143601, Near Bus Stand"
"G S MEDICAL STORE","+ 91  9814459092","Dr.surta singh road, Amritsar - 143001, Opp.khalsa college"
"Jan Aushadhi Generic Drug Store","18001808080","C/O Jbmm Civil Hospital, Amritsar - 143002"
"Swami Medical Hall","+ 91  183 2545187","Katra sher singh, Katra Sher Singh, Amritsar - 143006, Hall bazar, medicine market"
"Anil Medicine Co","+ 91  9781419090","Main Bazar, Cementary Road, Putligarh, Amritsar - 143002, Near Narang Bakery"
"Apollo Pharmacy","+ 91  9100023991","Sh no 1 Ekta market, G.T Road, Amritsar - 143001, Nr daily needs"
"new shalok medicos","+ 91  9780451766","shop no 6, railway street, Amritsar - 143001, near liberty market"
"a b traders","+ 91  9463965883","main bazaar, railway link road, Amritsar - 143001, near shiv mandir"
"Nanda Medicos","+ 91  183 2558818","Amritsar - 143001, Mahan Singh Gate"
"Harish Medical Store","+ 91  183 2534234","Shop Number 1540,, Amritsar - 143001, Katra Baghian, Near Mahajan Hall And Golden Temple"
"hans medicos","+ 91  9888047716","Main Road, Majitha Road, Amritsar - 143001, Opposite ENT Hosp."
"Deep medicos","+ 91  9888484949","Shop. No 2, Kot mahna singh, Amritsar - 143001, Near namdhari kanda"
"K C Medical Hall","+ 91  9815737532","Amritsar Road Ajnala, Amritsar - 143001"
"S P Chemist Shop","+ 91  183 6614322","Amritsar - 143001, Kucha Daikhana"
"Samrat Medical Store","+ 91  9417393963","Mehta Road, Amritsar - 143001, Fatehpur Rajputtan"
"Gyan Rajan","+ 91  183 2246900","Govt. Polytechnic Clg. For Girls, Amritsar - 143001"
"Kanwal Puneet Kaur","+ 91  9876265398","H.No. 4364, Gurunanak Wara,P.O. Khlasa College, Amritsar - 143001"
"Chirag Goda","+ 91  9417289360","Gurunanak DEV Univercity, Amritsar - 143001"
"Inderpreet Kaur","+ 91  9855209574","Punjab Amritsar, Amritsar - 143001"
"Harjugdeep Singh","+ 91  9872210971","H.No. 36, Adarsh Nagar, Ram Tirth Rd., Amritsar - 143001"
"Rati Deep","+ 91  9815612721","9 Partap Nagar, Amritsar - 143001"
"Manpreet Singh Takkar","+ 91  9872078886","1173 Shastri Nagar, Amritsar - 143001"
"Harinder Singh","+ 91  9872822947","Adda Tangra, G. T. Road, Amritsar - 143001"
"Gurpartap Singh","+ 91  9872424561","329, Silver Estate, Amritsar - 143001"
"Ramnik Singh","+ 91  9876174546","4988/25, Amar Kot, St. No. 3, Amritsar - 143001"
"Sandhya Vora","+ 91  9814654144","14, Lawrance Road, Amritsar - 143001"
"Satinder Kaur","+ 91  9855401296","227, Sudershan Nagar, Sultanwind Road, Amritsar - 143001"
"Amandeep Singh Kahlon","+ 91  9815548498","49, Gagan Clny, Batala Road, Amritsar - 143001"
"Shori LAL & Sons","+ 91  9815616586","Attari Road, Amritsar - 143001, Adda Chabhal"
"Salwan Medical Store","+ 91  9780148131","Adrash Nagar, Gali No 5, Amritsar - 143001, Fatehgarh Chudiya Road"
"Dogra Medicos","+ 91  9888973026","Shop No 2, Gumtala Ajnala Road, Amritsar - 143001"
"Shree Ram Pharma","+ 91  183 2549264","Amritsar - 143001, Opposite Ramgarhia School, Cheel Mandi"
"Khushmeet Medicos","+ 91  9417620072","Adda Rajatal, Chabhal To Attari Road, Amritsar - 143001"
"Samnotr Medicos","+ 91  7298163572","R S Pura, Ward No.1, Amritsar - 143001, Near Gym"
"Dhir Medicare","+ 91  183 2571095","Amritsar - 143001, Power Colony"
"Ess Kay Traders","+ 91  183 3299481","Cooper Road, Amritsar - 143001"
"Sukh Medical Store","+ 91  183 5542512","Batala Road-Amritsar Gpo, Amritsar - 143001"
"punet medical store","+ 91  9910167477","putlighr, Amritsar - 143001, gt rd"
"Gupta medicos","+ 91  9814861827","Shop no :4, Amritsar - 143001, Opp civil hospital"
"Sidhu medicos","+ 91  9780781139","Shop no :2, Opp guru Nanak hospital, Amritsar - 143001, Majitha road"
"Shoor medical shop","+ 91  9888873009","Shop no :4, Amritsar - 143001, Khazana gate"
"Ranjit medical store","+ 91  9646631966","Shop no :53, Amritsar - 143001, Sehaj enclave"
"gupta Medical Store","+ 91  9501970668","main bazaar, Majitha Road, Medical Enclave, Amritsar - 143001, bye pass chownk"
"Karpal Medicos","+ 91  9915595930","House no. 111, Street no. 5, Amritsar - 143001, Guru gobind singh colony,majitha road"
"Lajpat Medical Store","+ 91  7508756770","Shop no. 3, Indra colony,majitha road, Amritsar - 143001, Gulmohar avenue"
"Sai Medical Store","+ 91  9814834014","Shop no. 8, Gulmohar avenue,majitha road, Amritsar - 143001, Indra colony"
"Yog Madaan Medical Store","+ 91  9780204348","#14/326, Majitha road, Amritsar - 143001, Near tung bala gate"
"Bali Medicos","+ 91  9872596467","Gurunanak nagar, Majitha road, Amritsar - 143001, Main bazaar"
"Arora Medicos","+ 91  8437507577","shop no. 173/13, sharifpura,g t road, Amritsar - 143001, opp. bus stand"
"CITY MEDICOS","+ 91  183 2224103","Shop no 10, maqbool Rd, Amritsar - 143001, near income Tax Office"
"New Amritsar Medicare","+ 91  183 2212320","Cooper Road, Amritsar - 143001, Near Crystal Restaurant"
"Medico Dispensing Chemists","+ 91  183 2210680","Cooper Road, Amritsar - 143001, near cristal chownk"
"New City MedicoS","+ 91  183 2224103","Amritsar - 143001, Opp:-Income Tax Chowk"
"delta fresh traders","+ 91  9988384740","Shop number 51, ground floor, nehru shopping complex, Lawrence Road, Amritsar - 143001, Near chaupati restaurant"
"SHIV SHANKAR MEDICOS","+ 91  9815840255","33-A, RANI KA BAGH, Rani Ka Bagh, Amritsar - 143001, NEAR ARCHIES GALLERY"
"NEW CHANDI MEDICOS","+ 91  183 5016818","Shop no 3, Sucha singh market, Rani Ka Bagh, Amritsar - 143001, MODEL TOWN"
"Shiv Shankar Medicos","","Gali No. 17,, New Pawan Nagar, Amritsar - 143001, Main Bazar, Near Gurudwara"
"PRITAM MEDICOS","+ 91  183 2401191","11, Opp.Nehru Shopping complex, Lawrence Road, Amritsar - 143001, Braham nagar road"
"New Chandi medicos","+ 91  183 5016818","Shop number 3, Mcleod Road, Amritsar - 143001, Near mata Lal Devi mandir"
"Apollo Pharmacy","+ 91  9100023991","G T Road, Rani Ka Bagh, Amritsar - 143001, Model Town,Near Amandeep Hospital"
"G.R.D MEDICAL STORE","+ 91  183 2556549","I/s hathi gate, Amritsar - 143001, Near pal dhaba"
"Diabetic World Solutions","+ 91  9888447598","Shop number 60, 2nd floor, Nehru shopping complex, Lawrence Road, Amritsar - 143001, Near novelty chowk"
"M K Medicos","+ 91  9646418240","Rani ka Bagh, Amritsar - 143002, Near mata ka mandir"
"Lakhanpal medical store","+ 91  9815260971","Shop no : 4, Guru teg Bahadur hospital, Amritsar - 143001, Nr . Phatak"
"Arora Medicine","+ 91  9417953726","inside hthi gate road, Hathi Gate, Amritsar - 143001, inside hathi gate"
"V.R MEDICAL STORE","+ 91  9888325040","Durgiana temple road, Durgiana Mandir, Amritsar - 143001, Near Goal bagh"
"Raghunath Omprakash medicos","+ 91  9501360936","Near company bagh, Amritsar - 143001, Guru teg Bahadur hospital"
"Gurinder singh & co","+ 91  9988014890","Shop no 8, Lawrence road, Lawrence Road, Amritsar - 143001, Opposite avaas hotel"
"Seth Medicine Chamber","+ 91  183 2554754","Katra Sher Singh, Amritsar - 143006, Inside Hall Gate"
"Skv Agency","+ 91  183 2551593","Katra Sher Singh, Amritsar - 143006, Kucha Daikhana"
"Prince Chemists","+ 91  183 2549712","Katra Sher Singh, Amritsar - 143006"
"Wadhwa Medicine Company","+ 91  183 2552580","Katra Sher Singh, Amritsar - 143006, Harman Market, Near Ucha Dai Khana"
"Chopra Medicine Centre","+ 91  183 2554436","Kucha Dai Khana, Katra Sher Singh, Amritsar - 143006, Near S S Khana Surgical, Katra Sher Singh Market, Hall Bazar"
"Joshi Pharma Chemist & Druggists","+ 91  183 2553557","2056/12, Katra Sher Singh, Amritsar - 143006, Kucha Daikhana, Hall Bazar"
"National Medicos","+ 91  183 2530125","Shop no 8, Katra Sher Singh, Amritsar - 143006, Near Hall Gate,"
"Dhillon Medicine Centre","+ 91  183 2541907","Katra Sher Singh, Amritsar - 143006, Kucha Dai Khana"
"LAL JI Medicos","+ 91  183 5098172","Katra Sher Singh, Amritsar - 143006, Kucha Dai Khana"
"J J Medical Store","+ 91  183 2545784","01, Katra Sher Singh, Amritsar - 143006, medicine Market, Inside Hall Bazar, Kucha Daikhana"
"Mahesh Traders","+ 91  183 2534293","Shop No 12, Ganga Complex, Katra Sher Singh, Amritsar - 143006, New Medicine Market, Near Regent Cinema"
"Punjab Medicos","+ 91  183 2293950","Shop No-5, Katra Sher Singh, Amritsar - 143006, Guru Ram Dass Market, Kucha Dai Khana"
"Singh Pharmaceuticals","+ 91  183 2544677","shop no, Katra Sher Singh, Amritsar - 143006, Opp Sgtb Hospital"
"Dr Sukhdev Singh & Sons Clinic","+ 91  183 5052578","I/s hall bazar, Hall Bazar, Amritsar - 143001, Opp.prabhat studio"
"Baba Ji Medicos","+ 91  183 5062407","Plot Number 26 Shop Number 1, rani ka bagh, Rani Ka Bagh, Amritsar - 143001, Near Jagat Jyoti School"
"Pushap Medicos","+ 91  9814334090","Katra Sher Singh, Amritsar - 143006, Kucha Daikhana"
"Saluja Medicos","+ 91  183 5050328","Katra Sher Singh, Amritsar - 143006, Kucha Daikhana"
"Aman Pharma","+ 91  183 5093136","Katra Sher Singh, Amritsar - 143006"
"Seth Medicine Chamber","+ 91  183 2254754","Katra Sher Singh, Amritsar - 143006, Kucha Daikhana"
"Simran Medical Agency","+ 91  9217260857","Katra Sher Singh, Amritsar - 143006, Harman Market"
"Vohra Sons","+ 91  183 5063914","Katra Sher Singh, Amritsar - 143006, Gs Market, Kucha Dal Khana"
"Om Enterprises","+ 91  183 5095782","shop., Katra Sher Singh, Amritsar - 143006, Shri Ram Market, Kucha Dal Khana"
"Puri Brothers","+ 91  183 5002930","Katra Sher Singh, Amritsar - 143006, Kucha Daikhana"
"Montu Medicos U","+ 91  183 5005445","Katra Sher Singh, Amritsar - 143006, Kucha Daikhana"
"Mahajan Pharmaceuticals","+ 91  183 2532065","Katra Sher Singh, Amritsar - 143006, Bazar Kucha Dai Khana"
"R B Medicos","+ 91  9779950180","Katra Sher Singh, Amritsar - 143006"
"J N Medicos","+ 91  183 5056603","Katra Sher Singh, Amritsar - 143006, Near Peer Baba Ji Mandir, Kucha Dai Khana"
"K C Medical Store","+ 91  183 2426375","Katra Sher Singh, Amritsar - 143006, katra shersingh hall bazaar"
"A S Wehgal Pharma","+ 91  183 2530550","Shop No-7, Katra Sher Singh, Amritsar - 143006, Harman Market,"
"Sai Medicare","+ 91  183 2532612","Katra Sher Singh, Amritsar - 143006, Harman Market"
"m.S medicene centre","+ 91  183 5003213","2 katra sher singh, Katra Sher Singh, Amritsar - 143006"
"Mayank Medicos","+ 91  183 5053401","Amritsar Bus Stand, Amritsar - 143001, Near Regent Cinema, Kucha Daikhana, B D Market"
"Vijay Gupta","+ 91  183 5095129","Main Bazar Bharat Nagar, Amritsar - 143001, Batala Road"
"Anand Pharmaceuticals","+ 91  183 2546420","Katra Sher Singh, Amritsar - 143006"
"Royal medicos","+ 91  9781675555","Shop no 1, Lawrence road, Lawrence Road, Amritsar - 143001, Opp SBI BANK"
"PUNJAB DRUG HOUSE","+ 91  9417079393","Shop 397/1, Hall bazar road, Hall Bazar, Amritsar - 143001, Near masjid"
"Royal medicos","+ 91  9780681009","Lawrence road, Amritsar - 143001, opp state bank of India"
"Krishna medicos","+ 91  9876562285","Rani ka bagh, Rani Ka Bagh, Amritsar - 143001, Opp,uppal neuro hospital"
"Rosy Medical Hall","+ 91  183 5065888","Katra Sher Singh, Amritsar - 143006, Kucha Dai Khana, Hall Bazaar"
"Krishna medicos","+ 91  7355784523","Rani ka bagh, Rani Ka Bagh, Amritsar - 143001, Opp uppal Nero hospital"
"Katari Medical Store","+ 91  183 2554700","Katra Sher Singh, Amritsar - 143006"
"A P Pharmaceuticals","+ 91  183 5070510","Shop No-5, Katra Sher Singh, Amritsar - 143006, Opposite G S Medicine Centre, Harman Market"
"KATARI MEDICAL STORE","+ 91  183 2554700","Katra Sher Singh, Amritsar - 143006, Hall Bazar"
"Babadeep Singh medicos","+ 91  8427777795","Gt Road, Amritsar - 143001, Opp civil hospital"
"Sunil Sethi Medicine Co","+ 91  183 5540645","Katra Sher Singh, Amritsar - 143006"
"vijay medical store","+ 91  183 5004856","Main Bazaar, Katra Sher Singh, Katra Sher Singh, Amritsar - 143001, Opposite Himalaya Dhaba"
"Baba deep Singh medicos","+ 91  8968333393","Shop no.1, Gt Road, Amritsar - 143001, Opp civil hospital"
"SODHI MEDCO","+ 91  9855450425","Shop no.5,near Indra palace, GT road, Amritsar - 143001, Near civil hospital"
"BAL MEDICAL STORE","+ 91  9592932111","Shop no 3,Indra palace, Gt Road, Amritsar - 143001, Opp civil hospital"
"Raj medicos","+ 91  9803137000","Shop no 10, Gt Road, Amritsar - 143001, Near civil hospital"
"VICTOR MEDICO","+ 91  9417273540","Shop no 1, Gt Road, Amritsar - 143001, Opp civil hospital"
"Sidhu medicos","+ 91  9814364536","Shop no 2, GT road,Indra palace, Amritsar - 143001, Opp civil hospital"
"Swami Medical Hall","+ 91  183 5062187","Katra Sher Singh, Amritsar - 143006"
"Kirpal Chemists","+ 91  183 2545733","Katra Sher Singh, Katra Sher Singh, Amritsar - 143006"
"Dewlife pharmaceutical","+ 91  9417291701","2nd floor,Suri market, Kucha dai khanna, Amritsar - 143001, Katra sher singh"
"lk pharmacy","+ 91  9814515999","katra sher singh, Katra Sher Singh, Amritsar - 143006, opp post office"
"SHARMA MEDICOS","+ 91  9915954359","SHOP NO-3, Court Road, Amritsar - 143001, Near chaman bar"
"MAJHA MEDICOS","+ 91  9417510535","Hide market, GT road, Amritsar - 143001, Opp civil hospital"
"Sri Krishna medical store","+ 91  9876248894","Shop no 3, Gt Road, Amritsar - 143001, Opp civil hospital"
"Majha Medicos","+ 91  9646820084","Shop no 25, Holy city woods, Amritsar - 143001, Gumtala bye pass"
"City Medicos","+ 91  9988010473","Inder Palace Road, Amritsar - 143001, Opposite Civil Hospital"
"Saurabh Medicare","+ 91  9988370868","Anand Avenue, Amritsar - 143001, near Manav public school"
"PURI MEDICOS","+ 91  183 5009202","Shop no. 6, navi sadak,Lawrence road, Lawrence Road, Amritsar - 143001, opposite BBK DAV College"
"Payal medicos","+ 91  9814336406","gopal nagar, shop no 1, Amritsar - 143001, Near . Gopal mandir"
"Sethi Medicine Agencies","+ 91  9988290645","Chowk Farid, Amritsar, Golden Temple Road, Amritsar - 143001"
"New Dalip medical store","+ 91  9988985162","nr electricity office, Amritsar - 143001, Ajanala road"
"Pranav Sales Corporation","+ 91  9646227821","Majith mandi,, Amritsar - 143001, opp. Neeraj Dheeraj Trading company"
"guru ram das medicos","+ 91  9814607539","Ram tirath road, nikka Singh Colony, Amritsar - 143001, near ashirwad hospital"
"Guru RamDas medical store","+ 91  9855458817","Guru Arman Dev nagar, Putlighar, Amritsar - 143001, Near Khalsa college"
"JOSHI MEDICOSE","+ 91  9872544101","SHOP NUMBER 3, Opposite Verka Booth, Amritsar - 143001, near mata mandir"
"mahajan medical store","+ 91  183 2562938","main Bazaar, Mcleod Road, Amritsar - 143001, near mata lal devi mandir"
"Amar Medi Aid","+ 91  9914670831","SHOP NO 8, Green Avenue market, Green Avenue, Amritsar - 143001, Near Puppi chicken"
"New Mini Medical Store","+ 91  183 5002070","B-7, Amritsar - 143001, Green Avenue Market, Near Pappi Di Hatti"
"B B N Medical Store","+ 91  183 2294561","Amritsar Gpo, Amritsar, Hathi Gate Road, Amritsar - 143001"
"Mahajan Bros","+ 91  9876316114","1-A, Katra Sher Singh, Amritsar - 143006, Shri Guru Ram Dass Market"
"Bhatia Surgecal Medical Store","+ 91  183 2553914","Hall Bazar, Plot No 77 Hall Bazar Amritsar, Amritsar - 143001"
"Mahajan Medico","+ 91  9814344011","1173/1, Bagihan, Amritsar - 143001, Ram Bagh"
"Charanjeet Kaue","+ 91  9872347831","80/1, Hargobind Ave., Majitha Rd., Amritsar - 143001"
"KUCHREJA MEDICOS","+ 91  183 2555127","Chowk goal HATTI, Ram bagh market, Ram Bagh, Amritsar - 143001, Opp Chandan paints"
"Bawa Medicene Company","+ 91  183 2291223","Shop no. 3, Telephone Exchange Road, Katra Sher Singh, Amritsar - 143006, Opposite Sen Nursing Home"
"BAWA MEDICINE COmpany","+ 91  7508620062","Shop 8, telephone EXCHANGE, Amritsar - 143006, OPP Sen nursing HOME"
"SB DASS chemists","+ 91  9914814808","Shop no. 2,scooter market, Hukam Singh road, Amritsar - 143001, Near company bagh"
"PANKAJ MEDICOS","+ 91  9988823975","Shop no 15, kot atma singh, Amritsar - 143001, Near bus stand"
"SB Dass Medical Store","+ 91  183 2273087","59, Hukam Singh Rd, AMRITSAR - 143001"
"Ganguly medical store","+ 91  9876324441","Shop no : 119, Joshi Nagar, Amritsar - 143001, Near Formosa restaurent"
"New m.k. Medicos","+ 91  9876808227","Model Town, Mcleod Road, Rani Ka Bagh, Amritsar - 143001, OPPOSITE MATA LAL DEVI MANDIR"
"Mahajan medical store","+ 91  7307004604","Shop no 4, Lawrence road, Amritsar - 143001, Opp hotel Avaas"
"Mahajan medical store","+ 91  9023278981","Shop no 4, Lawrence road, Lawrence Road, Amritsar - 143001, Opposite avaas hotel,near bijli pehlwan mandir"
"Emm Ess MEDICOS","+ 91  9464023422","Railway link Road, Lohgarh Gate, Amritsar - 143006, o/s Lohgarh Gate"
"Vicky Medical Store","+ 91  183 2554521","Amritsar - 143001, Near Ram Bag, Katra Baghian"
"Shant Medical Store","+ 91  183 2583725","Shivala Rd, Amritsar - 143001, Hussianopura"
"SHANT MEDICAL STORES","+ 91  9316041735","Shivala road, hussainpura, Amritsar - 143001, Shivala phatak"
"Nayyar medicos","+ 91  9814303444","Shop no 1, Telephone exchange, Amritsar - 143001"
"VARDAN MEDICOS","+ 91  9878966912","Shop no 3, Shivala Railway Crossing, Shivala Colony, Amritsar - 143001, Hussainpura"
"Khurana chemist","+ 91  9914989272","Shivala fatak, Amritsar - 143001, Near fatak shivala bhaiyan"
"Khurana chemist","+ 91  9781989272","Near shivala phatak, Shivala road, Amritsar - 143001, Near planet x"
"ravi medical store","+ 91  8054873877","bk dutt gate, Dhab, Amritsar - 143001, near bhandari hospita"
"Anand Medicos","+ 91  9915525504","G.T. Road, Amritsar - 143001, OPPOSITE BUS TERMINAL"
"SHRI RAM PHARMA","+ 91  8557044098","Main bazar, CHEEL MANDI, Hall Bazar, Amritsar - 143001, OPP RAMGHARIA SCHOOL"
"R K medicos","+ 91  9803674751","mahan singh nagar, cheel mandi, Amritsar - 143001, near grover hospital"
"SHIVA MEDICOS","+ 91  9815684040","188,shivala road, Amritsar - 143001, Near shivala mandir"
"Asija medicos","+ 91  9872422756","Shop no 10, Shivala road, Amritsar - 143001, Near shivala mandir"
"New Guru Nanak Medical Store","+ 91  9465555667","Main Road, RAMTIRTH road, Amritsar - 143001, Near Verka Booth"
"KHURANNA MEDICOS","+ 91  183 2549255","Mahan Singh gate, Mahan Singh gate road, Amritsar - 143001, Near dail joy eye hospital"
"Arun Pharma","+ 91  183 3093763","Katra Sher Singh, Amritsar - 143006"
"Bhagwan Dass Madho Ram","+ 91  183 5005741","Katra Sher Singh, Amritsar - 143006"
"Madhu Medical Agency","+ 91  183 5543332","Katra Sher Singh, Amritsar - 143006"
"Aspire Pharmaceuticals","+ 91  183 2292043","Katra Sher Singh, Amritsar - 143006"
"Maharaj Medicos","+ 91  183 2548552","Katra Sher Singh, Amritsar - 143006"
"Amit Pharma","+ 91  183 5005168","Katra Sher Singh, Amritsar - 143006"
"Guru Nanak Medicine Co","+ 91  183 2577550","Katra Sher Singh, Amritsar - 143006"
"Pankaj Medical Agency","+ 91  183 2534133","Katra Sher Singh, Amritsar - 143006"
"Goodwill Pharmaceuticals","+ 91  183 2550097","Katra Sher Singh, Amritsar - 143006, Near Hall Bazar, Medicine Market"
"Shakti Pharma","+ 91  183 2542509","Katra Sher Singh, Amritsar - 143006"
"Shri Sunder Medical Agency","+ 91  183 2503813","Katra Sher Singh, Amritsar - 143006"
"SAN Italia Pharmaceuticals","+ 91  183 5004521","Katra Sher Singh, Amritsar - 143006"
"Sahni Bros Agencies","+ 91  183 5052924","Katra Sher Singh, Amritsar - 143006"
"Sonu Pharma","+ 91  183 5063425","Katra Sher Singh, Amritsar - 143006"
"Sarvacc Pharmaceuticals","+ 91  183 2294145","Katra Sher Singh, Amritsar - 143006"
"Wahe Guru Medical Store","+ 91  183 2534421","Katra Sher Singh, Amritsar - 143006"
"Saluja Medicos","+ 91  183 2530053","Katra Sher Singh, Amritsar - 143006"
"Gupta medicos","+ 91  9814860888","Shop no :25, Shivala road, Amritsar - 143001, Near shivala mandir"
"Baba Deep Singh Medicos","+ 91  9878651111","Shop no : 29 , Krishna square, Shivala road, Amritsar - 143001, Shiwala mandir"
"R.K GUPTA AND BROS.","+ 91  7837550601","Inside Dhab Khatikan, Dhab, Amritsar - 143001, OPP. HINDU COLLEGE"
"Sehat pharmacy","+ 91  9501349956","Shop no 16a, Lawrence road, Lawrence Road, Amritsar - 143001, Near archies gallery"
"sas medical hall","+ 91  9356424320","Basant avenue, Main road, Amritsar - 143001, Near trillium mall"
"Sheetal medicare","+ 91  9815885710","sharifpura road, Amritsar - 143001, opp hotel axis inn"
"vishu medicos","+ 91  9888893580","shop no. 39c, circular road, Amritsar - 143001, near kd hospital"
"HH Medicos","+ 91  9815132143","Shop no-87,88, Ranjit Avenue A Block, Ranjit Avenue, Amritsar - 143001, Near Parvati Devi Hospital"
"mahavir medicos","+ 91  183 5010068","Shop no. 40, a-block market, Amritsar - 143001, ranjit avenue,near oarvati hosp."
"Gill medicos","+ 91  9888754694","Shop no 52, A block ranjit avenue, Amritsar - 143001, Near Parvati Devi hospital"
"nEERAJ MEDICOS","+ 91  9872327440","Shop no 29, a BLOCK MARKET,RANJIT AVENUE, Amritsar - 143001, nEAR PARVATI HOSP."
"Jolly Pharma","+ 91  9855776711","Amritsar - 143001"
"Dr Rekha Sharma","+ 91  183 2584562","Amritsar - 143001"
"Gupta Medicare","+ 91  183 2562856","Amritsar - 143001, Shri Guru Tegh Bhadur Hospital"
"Harnam Medicos","+ 91  183 2563379","Amritsar - 143001, Sgtb Hospital"
"K S Medical","+ 91  183 2226407","Amritsar - 143001, Opp Sgtb Hospital"
"Karam Chand Aneja","+ 91  183 2546221","Amritsar - 143001, Chowk Chatti Khui"
"Mandeep Medicos","+ 91  183 2422557","Shop No-19, Majitha Rd, Amritsar - 143001, Nr Gnd Hospital"
"Mann Medicos","+ 91  183 2226374","G T Rd, Amritsar - 143001, Putlighar Chowk"
"Bata Showroom","+ 91  183 2221581","Majitha Road, Amritsar - 143001, Nr Gurudwara"
"Singh Bros","+ 91  183 2583998","Sultanwind Rd, Amritsar - 143001"
"Singh Medicos","+ 91  183 2228777","Amritsar - 143001, Sgtb Hospital"
"Surinder Medicos","+ 91  183 2549126","16-17, Amritsar - 143001, Braham Buta Mkt"
"Vikas Medicos","+ 91  183 2562033","12, G T Rd, Amritsar - 143001, Sekhon Mkt,Opp SBI"
"Sambex Drugs Pharma","+ 91  183 2255426","G T Rd, Amritsar - 143001, Chheharta"
"H S Lab","+ 91  183 2588525","183, Mehta Rd, Amritsar - 143001, Focal Point"
"Maharaja Gold Capsul","+ 91  9417047904","Amritsar - 143001"
"Lion Medicos","+ 91  183 2223156","Main Rd, Amritsar - 143001, Tehsil Chowk, Nr M.c Office"
"Prakash Medical Store","+ 91  9876586064","Near- Gurdwara Attari Sahib, Vill- Sultanwind, Amritsar, Amritsar - 143001"
"Dhaliwal Medicos","+ 91  9888691891","Amritsar - 143001, Nr-21 No,Railway Phatak,Kot Khalsa"
"Shiv Medicos","+ 91  183 5056118","Majitha Road, AMRITSAR - 143001, Kirpal Colony"
"Approach Pharma","+ 91  9217728400","39, Chaudhary Plaza, Amritsar - 143001, Nr Nandan Cinema"
"Mahajan Medico","+ 91  183 2540091","1173/1, Kt Baghian,, Amritsar - 143001, Inside-Ram Bagh"
"Hospital Medical Store","+ 91  183 6530929","Amritsar - 143001, Inside Goverment Tb Hospital, Near Radha Swami Satsang Bhawan"
"Rajindra Medical Store","+ 91  183 2547423","Jallianwala Bagh, Amritsar - 143002, Near Park Jallianwala, Purani Lakkar Mandi Chowk Amritsar"
"Kiran Medical Store","+ 91  183 5052248","Main Bz, Putlighar, Amritsar - 143001"
"Sur & Company","+ 91  9780307373","Amritsar - 143001, Katra Ahluwalia"
"Cr medicines and optics","+ 91  9988158011","shop no. 5, Majitha road, Amritsar - 143001, opp. Doctor Complex"
"Aullakh medicos","+ 91  9914343638","G.T Road, Amritsar - 143001, Opp. Sangam cinema"
"PUNJAB MEDICAL STORE","+ 91  9915582232","MAJITHA ROAD, Amritsar - 143001, Outside Govt. Eye Hospital"
"Chemist shop","+ 91  9872864928","House. No 210/13, Main GT road, Amritsar - 143001, Sangam Cinema"
"Lakhanpal Medicos","+ 91  183 2522699","Islamabad road, Nawankot, Amritsar - 143001, Lohri Gate, main Bazar"
"Tushar Medicos","+ 91  183 2227368","Shop no. 6, ram tirth road, Amritsar - 143001, near hp petrol pump"
"A.N MEDICOS","+ 91  183 5013143","SHOP NO. 2, DILAWARI GALI, Amritsar - 143001, NEW AMRITSAR GAS AGENCY"
"Mahajan Store","+ 91  183 2222292","4, lawrence road, Lawrence Road, Amritsar - 143001, Bijli Pehalwan Temple Mkt"
"KHURANA MEDICARE","+ 91  9915549951","Shop no. 7,tilak nagar, Shivala road, Tilak Nagar, Amritsar - 143001, Near shivala mandir"
"Adarsh Medicos","+ 91  183 5094799","shop no-3,, katra sher singh road, Amritsar - 143001, Inside Sri ram Market,Katra Sher Singh"
"Harsh Medicos","+ 91  9915314034","G T Road, Amritsar - 143001, Opposite CHC Hospital"
"J. B MEDICOS","+ 91  9814353428","shop no 11, RACE COURSE ROAD, Amritsar - 143001, NEAR NAYYER HOSPITAL"
"vardhman medicare","+ 91  9815663785","shop no. 56-E, katra sher singh, Amritsar - 143001, near subhash park"
"anmol medicos","+ 91  9356027196","shop no. 21, majiha road, Amritsar - 143001, opp. secred heart school"
"Shripati Traders","+ 91  9781039146","Shop No-63, Churian Road, Amritsar - 143001, Kamala Avenue, Fatehgarh"
"GROWTH BIOTECH","+ 91  9779927869","Main bazaar, Lohgarh road, Amritsar - 143001, o/s Lohgarh Gate, Opposite Gaushala"
"charanjeet medicos","+ 91  9876960715","Shop No.743/20, Bazaar Hansali, Amritsar - 143001, katra sher singh chownk"
"Manwinder Singh","+ 91  9988276774","New Azad Nagar, Kot Khalsa, Welcome Street, Azad Nagar, Amritsar - 143001"
"Krishna Medicos","+ 91  9780684492","Shop No:26, Near Gnd Hospital, Amritsar - 143001, Majitha Road"
"Partap Medical Store","+ 91  9781718181","Adda Gharinda, Bhakna Road, Amritsar - 143001, Near Police Station"
"Hotspot Mobile And More Railwa...","+ 91  183 5067877","Shop No 74, Rs Tower Hall Bazeer Railway Link Road Amritsar Gp, Amritsar - 143001"
"Jagjit Medicos","+ 91  9417430025","Amritsar - 143001"
"Puri Medical Store","+ 91  9417491500","Shop Number 7, Bank Of India Road, Batala Road, Amritsar - 143001, Sandhu Colony"
"Paras CHEMISTS","+ 91  9646961096","Near nirankari colony, fatehgarh Churian Road-Amritsar GPO, Amritsar - 143001, Main road"
"RAJESH MEDICOS","+ 91  9478693052","main road, majitha rod, Amritsar - 143001, near reliance fresh"
"R S Medicos","+ 91  9781737221","Tarn Taran Road,Gali Number- 2, Amritsar - 143001, Near Rk Public School, Shahid Udham Singh Nagar"
"Preet Medicos store","+ 91  9815283177","Shop no 3, Joura phatak, Amritsar - 143001, OPP joura PHATAK"
"R.K.MEDICOS","+ 91  8557838367","Shop number 11, Main road, Amritsar - 143001, Near tung wala gate"
"Devgan Medicos","+ 91  9855547853","Shop no. 1gali no. 2, Gopal nagar,majitha road, Amritsar - 143001, Near gurudwara"
"Apollo Pharmacy","+ 91  9100023991","Mehta Road, Vallah, Amritsar - 143001, Opposite Guru Ram Das Hospital"
"Apollo Pharmacy","+ 91  9100023991","Shop Number 45, Circulor Road, Amritsar - 143001, Opposite Guru Ram Dass Hopital"
"SHIV SHANKAR MEDICOS","+ 91  7508240306","shop no. 5-B, NAGINA AVENUE,MAJITHA ROAD, Amritsar - 143001, NEAR GURUDWARA SAHIB"
"Sahib Medicare","+ 91  7508629520","I/s Nawan kot, Nawankot, Amritsar - 143001, Near Bularia Kothi"
"Baba Deep Singh Medical Store","+ 91  9915770016","Shop no. 1, Indra colony,majitha road, Amritsar - 143001, Near transformers"
"Anmol Medicos","+ 91  9417932528","Shop mo. 5, Rishi vihar,majitha road, Amritsar - 143001, Opposite park."
"S.S CHHATWAL MEDICOS","+ 91  9872614221","CHOWK CHABUTRA, Dhab, Amritsar - 143001, OPP. DILBAGH CYCLE"
"MADAAN MEDICAL AGENCY","+ 91  9781007830","CHOWK CHABUTRAOPP, Dhab, Amritsar - 143001, OPP. MOHAN SINGH MEAT WALA"
"Satguru medicos","+ 91  9888169883","Shop no :234-13, Amritsar Bus Stand, Amritsar - 143001, Sarifpura"
"Pal Medcal Store","+ 91  9872747438","Shop no. 1, Ram tirth road, Amritsar - 143001, Pultighar"
"Mamta Medicos","+ 91  9988542702","Shop no. 323-324, Nagina avenue,majitha road, Amritsar - 143001, Near arora market"
"Jai Shiv Medical Care","+ 91  9915910560","Shop no. 10, Nagina avenue,majitha road, Amritsar - 143001, Near Arora Market"
"Vishavjeet Singh Medicos","+ 91  7837924703","Laxmi vihar, Green field,majitha road, Amritsar - 143001, Near Kali Mata Mandir"
"Mediking","+ 91  9872975225","70 b, green avenue, Green Avenue, Amritsar - 143001, Near Emc Hospital"
"Thind Medicos","+ 91  9988251677","MAIN ROAD, Amritsar - 143001, MAIN ROAD"
"Amarinder Medical Store","+ 91  9569817164","Main Bazaar, Cementry road, Amritsar - 143001, PUTLIGHAR"
"Kapoor Medicos","+ 91  7837410609","Shop no. 75, C block ranjit avenue, Amritsar - 143001, Main market"
"SHIVA PHARMA","+ 91  9872815928","Jinda wala chowk, Amritsar - 143001, I/s Hakima gate"
"Sun Medicos","+ 91  9876038709","housing board colony, E-Block Ranjit Avenue, Amritsar - 143001, Near Vaishno Mata Mandir"
"Royal medicos","+ 91  9988900314","Shop no 1, Lawrence road, Lawrence Road, Amritsar - 143001, Opposite sbi"
"Rajesh chemists","+ 91  9872773790","351a, Tilak nagar, Amritsar - 143001, Near parshuram mandir"
"Khanna Medicare","+ 91  183 6418944","Shop No 1, Beri Gate, Amritsar - 143006, NEAR KASHMIR EMPORIUM"
"RAJ MEDICOS","+ 91  9417956411","Shop no 9, BASANT AVENUE, Amritsar - 143001, OPP TB hospital"
"Vashist Medicare","+ 91  9417091954","Katra Bagian Street, Hall Bazar, Amritsar - 143001, Near Hotel Savera"
"Bedi medicos","+ 91  9814426041","Bazar bakarwana, Amritsar - 143001, I/s shera wala gate"
"SHARMA MEDICAL STORE","+ 91  9872965434","MAJITHA ROAD, Amritsar - 143001, OPPOSITE ENT HOSPITAL"
"Sharma medicos","+ 91  9855383230","Majitha road, Amritsar - 143001, Opp ent hospital"
"NEW VIJAY HOSPITAL","+ 91  9872353193","Main bazaar, Majitha Road, Medical Enclave, Amritsar - 143001, OPP ENT HOSPITAL"
"S.P. Pharma","","1st Floor, Dav College Parking, Katra Sher Singh, Amritsar - 143006, Katra Sher Singh"
"Bawa Pharmaceuticals","","Shop No. 2, 2nd Floor, Subash Park, Katra Sher Singh, Katra Sher Singh, Amritsar - 143006"
"Jain Medicos","+ 91  183 2558758","Katra Sher Singh, Amritsar - 143006, Subash Park"
"Ashirwad Medical","+ 91  183 5009320","Katra Sher Singh, Katra Sher Singh, Amritsar - 143006"
"Maharaj Medicos","","Katra Sher Singh, Katra Sher Singh, Amritsar - 143006"
"Guru Nanak Medical Store","+ 91  183 2763758","Batala Road, Kathu Nangal, AMRITSAR - 143502"
"Tej pal medicos","+ 91  9888288562","Chowk fuwara, Amritsar - 143001, Near post office"
"ANIL MEDICAL SHOP","+ 91  9781319292","putlighar, Amritsar - 143001, near wadva opticals"
"GOLDEN MEDICARE","+ 91  183 5053428","Shop no. 11, basant avenue market, Maqbool Road, Basant Avenue, Amritsar - 143001, Near ajanta school"
"Basant medicare","+ 91  9888869829","Shop no.4,basant avenue market, Basant avenue, Amritsar - 143001, Near ajanta public school"
"H. Saini Medicos","+ 91  183 5065378","New Market, Putligarh, Amritsar, G T Road, Putligarh, Amritsar - 143002"
"Sehgal medicos","+ 91  9814674161","G T ROAD, Putligarh, Amritsar - 143002, PUTLIGHAR CHOWK"
"A K Medical Store","+ 91  9815050150","Pultighar, Amritsar, G T Road, Amritsar - 143001"
"H Saini Medicos","+ 91  9855090486","main chownk, Putlighar, Amritsar - 143001, Near Bata Showroom"
"Dashmesh medi center","+ 91  9855346893","Main bazar, tehsilpura, Amritsar - 143001, Nr. Railway lines"
"DASHMESH MEDICINE CENTRE","+ 91  9915225723","main bazar, Tehsilpura, Amritsar - 143001, near gurdwara"
"GET WELL MEDICOS","+ 91  183 5081338","SHOP NO-1, basant avenue road, Basant Avenue, Amritsar - 143001, near ajanta public school"
"SIYA RAM MEDICAL STORE","+ 91  9463223790","Opp malhotra guest house, Old lakkar mandi, Amritsar - 143001, Near jalaianwala bagh"
"AMRINDER MEDICOS","+ 91  9888282308","cemetry road putlighar main bazar, Amritsar - 143001, opp shimla maket"
"MAAN MEDICARE","+ 91  183 5060005","Main Market, Putligarh chowk, gt road, Putligarh, Amritsar - 143002, Near bata showroom"
"Deepak sehgal","+ 91  9815568846","GT Road, Amritsar - 143002, Putlighar chowk"
"Amrinder Medicos","+ 91  9988049107","MAIN BAZAAR, CEMETRY ROAD, Putligarh, Amritsar - 143002, Putlighar chownk"
"Arun medical store","+ 91  9217272082","Main bazra, tehsil pura, Amritsar - 143001, Nr. Railway lines"
"PAL MEDICAL STORE","+ 91  9417128515","Main bazaar, Ram tirth road, Putlighar Bazaar, Amritsar - 143002, Near sharma dairy"
"Anil medicos","+ 91  9216235042","Main bazar, tehsil pura, Amritsar - 143001, Nr. Railway lines"
"SHANKAR MEDICOS","+ 91  9872640814","main bazar, NAWANKOT, Nawankot, Amritsar - 143001, OPP RAMLILA GROUND"
"Gobind Medicos","+ 91  9855203563","main bazar, basant nagar, Amritsar - 143001, near CHUNGI WALA BAZAR"
"R m medical store","+ 91  9815068809","Main road, Amritsar - 143001, Haripura"
"Chanchal medical store","+ 91  8283828093","Main bazaar, Cementry road,putlighar, Amritsar - 143001, Near putlighar chownk"
"Chand Medicos","+ 91  183 2532858","Shakti Nagar, Amritsar - 143006, Near Obc Bank,Shakti Nagar Chowk"
"Dawa Bazar","+ 91  183 5097623","Shop Number-1, Circular Road, Medical Enclave, Amritsar - 143001, Opposite Medical Enclave,Near Gupta Hospital"
"Swami medicos and drugist","+ 91  9417181260","SHOP NO.10, Main market Pawan nagar, Amritsar - 143001, Behind celebration mall"
"swami medicos","+ 91  8054906168","shop No 2, krishna square, Amritsar - 143001, Near celebration mall"
"Aggarwal medicos","+ 91  9988277405","Shop Number- 1,Krishna square II, Batala road, Krishna Square, Amritsar - 143001, Back side celebration mall"
"SAI Medicose","+ 91  9815885775","Batala Road, Amritsar - 143001, Main Bazar Gokul Vihar"
"Sethi Medicos","+ 91  9815856386","Fatehgarh Churian Road, Amritsar - 143001, Rattan Singh Chowk"
"tajinder medicos","+ 91  9872644844","481, gali no 2, Amritsar - 143001, near shimla market"
"Aggarwal medicos","+ 91  9988404238","11, Amritsar - 143001, Krishna square"
"Vikas medical hall","+ 91  8556888718","Shop no 4-5 building no 86, Shakti nagar chowk, Amritsar - 143001, Opp.dr.dharam pal"
"NEW SK MEDICOS","+ 91  9915448239","Plot no 80, SHAKTI NAGAR, Amritsar - 143001, Near Bank of india"
"AMRIT MEDICINE CENTRE","+ 91  9646913577","shop no :3, Gopal nagar,majitha road, Amritsar - 143001, Near gopal mandir"
"GOLDEN MEDICOS","+ 91  183 2402536","Shop number -17, Rattan Singh Chownk, Amritsar - 143001, Near trillium mall"
"Vikas Medical Hall","+ 91  9501756098","Shop no 4-5 Building no 86, SHAKTI NAGAR, Shakti Nagar, Amritsar - 143006, OPP. BANK OF INDIA"
"Dashmesh medicos","+ 91  9815089788","Main bazar sunder nagar, Amritsar - 143001"
"BHANDARI MEDICAL STORE","+ 91  9914535619","putlighar shop no.2, putlighar, Amritsar - 143001, near pipli sahib gurwara"
"Dashmesh medicos","+ 91  7508925591","Sh no 4, Sunder nagar, Amritsar - 143001, Shivala bhaiyan"
"Dashmesh medicos","+ 91  8146016786","Shop no.16, Sunder nagar, main bazar, Amritsar - 143001, Nr. Railway lines"
"Nariender medicos","+ 91  9872596394","Sunder nagar, Amritsar - 143001"
"Medical store","+ 91  8054972056","Sh no 10, Sawan nagar, Amritsar - 143001"
"Bhandari Medicos","+ 91  8968151518","Pultighar, Amritsar, G T Road, Amritsar - 143001"
"MAAN MEDICOS","+ 91  9814067093","SHOP NO. 1, MAJITHA ROAD, Amritsar - 143001, Outside Gurudwara"
"J.S Kohli medicos","+ 91  8968473561","Shop no.13745, Main bazar sunder nagar, Amritsar - 143001, Nr. Railway lines"
"Puri medical store","+ 91  9780710777","Amritsar - 143001, near darshan saini hakim"
"Shiv Medicose","+ 91  9888440137","G-11, Ganpati Tower, Lawrence Road, Amritsar - 143001"
"Ok medicos","+ 91  9872232787","Shop no 8, Fatehgarh Cherian road, Amritsar - 143001, near Rattan singh chowk"
"MANAS MEDICAL STORE","+ 91  9463133407","Shop no. 13, Pawan nagar bazar, Amritsar - 143001, Backside celebration mall"
"Naveen Medicos","+ 91  9872596428","Main chownk, Rattan singh chowk, Amritsar - 143001, Fatehgarh churian road"
"Om medicos","+ 91  9876941581","Rattan singh chowk, Amritsar - 143001, Fatehgarh churian road"
"Shiv medicos","+ 91  9855676660","Kisan kot, Nawankot, Amritsar - 143001, Near haripura"
"JOSHI MEDICOS","+ 91  9357373541","Pawan Nagar Chowk, Krishna Square, Amritsar - 143001, Near Happy Stationery"
"OM MEDICOS","+ 91  183 2508140","Chownk rattan Singh, Fathegarh Churian road, Amritsar - 143001, Opp. Golden medicos"
"SHRI GANESH MEDICOS","+ 91  9464226833","Shop No. 104, shakti nagar, Shakti Nagar, Amritsar - 143006, OPP. MP MEMORIAL PUBLIC SCHOOL"
"Deep medicare","+ 91  8437373741","main bazar, pultighar road, Putligarh, Amritsar - 143002, near chownk"
"Guru ott chemist","+ 91  9914168965","Gt Road, Amritsar - 143001, OPP hotel yellow wood"
"Bhalla Medicos","+ 91  9915096049","Main bazar, GOPAL MANDIR ROAD, Amritsar - 143001, NEAR GOPAL MANDIR MAIN BAZAAR"
"Kundra Medical store","+ 91  9814230921","Shop no 2, Haripura road, Islamabad Nagar, Amritsar - 143001, Near power house"
"mohindru medicos","+ 91  183 2426286","main bazaar, medical enclave, Amritsar - 143001, majitha road"
"HAPPY MEDICOS","+ 91  183 2563363","G.t. Road, Putlighar, Putligarh, Amritsar - 143002, NEAR SATGURU COLLECTION"
"rampal medicos","+ 91  9815001452","gali no. 2, azad nagar,putlighar, Amritsar - 143001, near bedi school"
"Janta medicos & clinic laboratory","+ 91  9465488552","Main bazar sunder nagar, Amritsar - 143001, Nr. Gali no. 5"
"RAJ MEDICAL HALL","+ 91  9855573026","Main bazar, Pawan nagar, Amritsar - 143001, B/s celebration mall"
"Kapoor Medical Store","+ 91  9417320276","Shop no. 75, C block market, Ranjit Avenue, Amritsar - 143001, Ranjit Avenue"
"Satguru medicos","+ 91  9465486410","PALKI BAZAR, Amritsar - 143001, NEAR PUNJAB AND SIND BANK"
"Harman chemist and druggist","+ 91  183 5067049","Colder avenue, GT road, Amritsar - 143001, Head water works"
"HARMAN MEDICOS","+ 91  9780105110","house no. 30-A, Shop no. 2, STREET NO. 1, Amritsar - 143001, NEAR RAKESH CLOTH HOUSE"
"Virdi medicos","+ 91  9888169943","Golden avenue, GT road, Amritsar - 143001, Near petrol pump"
"Mittar Medical Store","+ 91  9803251017","Chabal Raod, Nawankot, Amritsar - 143001, Near petrol Pump"
"Durga Chemists","+ 91  9815808393","street no. 7, Sunder Nagar, Amritsar - 143001, Near Gupta Bakery"
"Harman Chemists & Druggists","+ 91  183 2583068","6, Head Water Work Rd, Amritsar - 143001, Golden Avenue"
"Suraj medical","+ 91  9780589214","sandhu colony, Amritsar - 143001, majitha road"
"Baba Deep Singh Medicos","+ 91  9855251356","Mehta Road, Amritsar - 143001, Opposite Rotary Sgrd Cancer Hospital, Vallah"
"Bhagwati Medicos","+ 91  183 5066132","Shop No 1, Amritsar - 143001, Opposite Prince Bakers, Chowk Namak Mandi"
"cheap medical store","+ 91  9888657540","namak mandi, Amritsar - 143001, near prince baker"
"KHANNA Medical","+ 91  7666117323","kabir park market, Amritsar - 143001, opp gndu"
"NAVDEEP chemist","+ 91  9814905553","ranjit avenue, Amritsar - 143002, ear kochar call center"
"PARDEEP MEDICAL SHOP","+ 91  9646747500","Islamabad, Amritsar - 143002, near bijli ghar"
"ROBIN MEDICAL SHOP","+ 91  9779739558","hall gate, Amritsar - 143001, near karm singh"
"Mehak Medicos","+ 91  9872039198","Pawan Nagar Main Bazaar, Kangra Colony, Amritsar - 143006, Backside Celebration Mall"
"r k agencies","+ 91  183 5062091","shop no. 2, circular road, Amritsar - 143001, opp. mental hosp."
"MEHRA MEDICOS","+ 91  9888040575","148, Gurbax nagar,main bazar, Amritsar - 143001, Opp.green park"
"R K AGENCIES","+ 91  183 2562091","458-A, Hukam Singh Road, Amritsar Bus Stand, Amritsar - 143001, OPP. TRILIUM Mall Circular Road"
"Mehta Medicos","+ 91  183 2422978","Shop No-6, Majitha Rd, Amritsar - 143001, Nr Gnd Hospital"
"Gupta Medical store","+ 91  183 2222014","Main bazaar, Circullar Road, Basant Avenue, Amritsar - 143001, OPP -Trillium Mall"
"Pal Medicos","+ 91  183 6537655","Shop No. 3, new partap nagar, gt road , near by bhandari poultry farm, Amritsar Bus Stand, Amritsar - 143001, Near Bhandari Poultry Farm"
"Punj medicos","+ 91  9646842474","Gurbax nagar, Nawankot, Amritsar - 143001, Opp.police post"
"Prabh medicos","+ 91  9914191921","Shop no 2, Majitha road, Amritsar - 143001, Near GNDHOSPITAL"
"SIMRAN MEDICOS","+ 91  9878563496","shop no. 9, majitha road, Amritsar - 143001, near gurunanak hospital"
"new Mehta medicos","+ 91  9814763004","Shop no. 6, Majitha Road, Medical Enclave, Amritsar - 143001, near guru Nanak hospital"
"MEDICINE POINT","+ 91  7508180123","Putlighar, G.T. ROAD, Putligarh, Amritsar - 143002, NEAR VALMIKI MOORTI"
"Varaich Medicos","","Majitha Road, Amritsar - 143001, Near Gnd Hospital"
"Bhatia medicos","+ 91  8556987475","12, Batala road, Vijay Nagar Amritsar, Amritsar - 143001, Vijay Nagar Police Station"
"Randhawa medical store","+ 91  9517115050","Shop no 7, Majitha Road, Medical Enclave, Amritsar - 143001, Near GND hospital"
"Shiv Shanker Medical Store","+ 91  9888381530","Fatehgarh Churian Road, Amritsar - 143001, Rattan Singh Chownk"
"Varaich medicos","+ 91  9779396845","Shop no :8, Amritsar - 143001, Near Gnd hospital"
"DASHMESH MEDICOS","+ 91  9780114778","Main bazar, majitha road, Amritsar - 143001, Opp Sri guru NANAK DEV hospital"
"ARORA MEDICOS","+ 91  183 2426707","Shop n. -130, majitha road, Amritsar - 143001, Opposite gurunanak dev hospital"
"Pal Medicos","+ 91  9872655226","Shop no., circular road, Amritsar - 143001, opp Trillum mall"
"BHATIA MEDICOS","+ 91  9803476266","Shop no. 2, Batala Road, Vijay Nagar, Amritsar - 143001, near Manjot gas agency"
"Hitesh Medicare","+ 91  9815834354","New golden avenue, Amritsar - 143001, Near joura phatak"
"K S MEDICOS","+ 91  183 2582995","Shop Number- 141 & 142, Sultant Wind Gate, Amritsar - 143006, OPP SRL DIAGNOSTIC"
"GANPATI MEDICOS","+ 91  9256214743","Main Road, FATEHGARH CHURIAN ROAD,, Amritsar - 143001, Opposite preet hospital"
"WAHEGURU MEDICARES","+ 91  9877422100","Shop no. 7, gopal mandir ,majitha road, Amritsar - 143001, near payal medicos"
"Sallow medicos","+ 91  9988125913","majitha road, guru Nanak hospital, Amritsar - 143001, opp. Police station"
"vishal medical hall","+ 91  9872318383","main road, Majitha Road, Medical Enclave, Amritsar - 143001, Opp guru nanak hospital"
"sachdeva medicos","+ 91  183 2225651","8-Sekhon market, G.t. Road ,Putlighar, Amritsar - 143001, Near ranjit hospital"
"Vishal Pharma Sales","+ 91  183 2544612","Shop Number- 1348/10, katra shersingh Kucha Daikhana amritsar, Amritsar - 143001, Kucha Daikhana"
"Sidhu Medicos","+ 91  9888168960","Shop no. 2, Majitha road, Amritsar - 143001, Opposite gurunanak dev hospital"
"Gupta Medical Store","+ 91  9417546482","Near vidya sagar govt. school, Amritsar - 143001, Opposite trilium mall"
"KRISHNA MEDICARE","+ 91  183 5064531","Chowk Chira, Katra Karam Singh, Amritsar - 143006, Near Satguru Garments"
"Narula medicos","+ 91  183 5062082","Bawa market, Katra Karam Singh, Amritsar - 143006, Katra karam singh"
"Sewa Medicos","+ 91  9780478319","Majitha Road, Amritsar - 143001, Opp. Guru Nanak DEV Hospital"
"Chopra Medicos","+ 91  8968126880","Chowk Vijay Nagar, Street no. 3, Vijay Nagar, Amritsar - 143001, Near Manjot Gas Agency"
"Janta Medicare","+ 91  9815006155","Shop no 3, Majitha road, Amritsar - 143001, Opposite gurunanak dev hospital"
"Khanna Medicos","+ 91  9988447249","Shop No. 1, Majitha Road, Amritsar - 143001, Near Gopal Temple"
"SAI Medicose","+ 91  8427455226","Main Road Haripura, Haripura, Amritsar - 143006, Near Pasricha Hospital"
"Prabh Medical Store","+ 91  8872171414","Shop No. 2, Majitha Road, Amritsar - 143001, Near Guru Nanak Dev Hospital"
"Vicky Medicare","+ 91  9464320033","Shop no 1, Majitha Road, Medical Enclave, Amritsar - 143001, Opposite power colony"
"Sachdeva Medicos","+ 91  8999090000","Shop no. 11, Majitha Road, Medical Enclave, Amritsar - 143001, Main chownk"
"Health Care Medicos & Lab","+ 91  8054631593","Shop No 2, Gali No 5, Amritsar - 143001, Opp Gnd Hospital"
"New City Medicos","+ 91  9646689443","Opp Guru Nanak DEV Hospital, Majhitha Road, Amritsar - 143001"
"harman medical store","+ 91  9815270666","Shop No-2, Majitha Rd, Amritsar - 143001, Hari Mkt,Opp Guru Nanak DEV Hospital"
"Singh Medicare","+ 91  8054586852","Shop Number 18, Majitha Road, Amritsar - 143001, Opposite GND Hospital"
"Guru Nanak Medicos","","main bazaar vijay nagar, Vijay Nagar, Amritsar - 143001"
"Shakti Medical Store","+ 91  9779758272","Shop no. 3, Majitha road, Amritsar - 143001, Opposite gurunanak dev hospital"
"SANDEEP MEDICOS","+ 91  9463246528","Main Market, Street no. 11, New Pawan Nagar, Amritsar - 143001, Near Padma Clinic"
"G K Medicos","+ 91  183 2564753","Ganga Bldg, Amritsar - 143002, Putlighar"
"Gk Medicos","+ 91  183 5096295","Ganga Building, GT Road, Amritsar - 143001, Near Daily Needs"
"Medicines and surgicals hall","+ 91  183 5064704","Opposite Ganga building, Gt road, Amritsar - 143001, P.o. Khalsa collage"
"Life Line pharmacy","+ 91  183 5094640","4541/A, Gali No4,Putlighar, Amritsar - 143001, Opp Kaku Diary"
"Eurasia Healthcare","+ 91  9417364948","Lane No-4, Batala Road, Katra Sher Singh, Amritsar - 143006"
"Sharma Medicos","+ 91  9815201153","main bazaar judge nagar, Sunder Nagar, Amritsar - 143001, Near Monu Bartan Store"
"Jagjit Medical Store","+ 91  8146201981","shop no. 93NB93B, main bazaar judge nagar, Sunder Nagar, Amritsar - 143001, opposite monu bartan store"
"Radha Soami Medical Store","+ 91  9988695102","main chowk, Main bazaar bharat nagar, Vijay Nagar, Amritsar - 143001"
"Dhawan medical store","+ 91  9464265402","shop number 3, main market, Amritsar - 143001, near samrat bakery"
"Gurman Medicos","+ 91  9814690783","Vill- Sultanwind, Amritsar, Sultanwind, Amritsar - 143021"
"Gurpinder Singh Monu Goli Wala","+ 91  9464627323","Shop No 8, Sultanwind, Amritsar - 143021, Sarwar Pura"
"Dhillon medicine centre","+ 91  183 5059359","Shop no. 4, Main bazzar, bharat nagar, Amritsar - 143001, Nr. Radha krishan mandir"
"SARDAR MEDICAL STORE","+ 91  9988180780","Shop no 3, CIRCULAR ROAD, Amritsar - 143001, GURU RAM DASS HOSPITAL MARKET"
"Satguru Medicos","+ 91  9876565620","Shop No. 29, Majitha Road, Amritsar - 143001, Near gurunanak dev hospital"
"Madhuri Medicos","+ 91  9815076430","Shop no. 28, Majitha Road, Medical Enclave, Amritsar - 143001, Opposite Secred Heart School"
"Sri Ram Medicos","+ 91  9815272071","Main Bazaar Krishna Nagar, Sunder Nagar, Amritsar - 143001, Near Jaura Fatak"
"SATGURU MEDICOS","+ 91  9815395411","Sh no 29, Amritsar - 143001, OPP. SACRED HEART SCHOOL"
"Amritsar medical store","+ 91  9915925231","Ajit nagar chowk, Amritsar - 143001, Sultanwind road"
"Jolly Medico","+ 91  9876058978","Main Bazar, Street No3, Batala Road, Vijay Nagar, Amritsar - 143001"
"SATIJA MEDICINE CO.","+ 91  9814754994","BHAGTAWALA, Bhagtawala, Amritsar - 143006, MAIN BAZAAR BHAGTAWALA"
"Robin medicos","","shop no 4 gurdwara building, Sultanwind Road, Ajit Nagar, Amritsar - 143001, EAST MOHAN NAGAR"
"Sai Medical","+ 91  9592368363","main bazaar krishna nagar, opposite kala kulche wala, Sunder Nagar, Amritsar - 143001, near jaura fatak"
"Apollo Pharmacy","+ 91  9100023991","Shop No-11B, Sulltanwind Road, Ajit Nagar, Amritsar - 143001, Opposite Bhadhur Nagar"
"Cure Medicos","+ 91  9888523231","Putlighar, Gt road, Amritsar - 143001, Near Khalsa collage"
"GURU KIRPA MEDICOS","+ 91  9815081507","SHOP No 2, Fatehgarh Churian Road, Amritsar - 143001, near Nirankari colony"
"GRD Medicos","+ 91  9780208071","Ram Tirath Road, Amritsar - 143001, Opposite Panther Stadium"
"Medi Clinic","+ 91  183 2701122","Plot -166, Ajit Nagar, Amritsar - 143001, Near kalra Hospital"
"Life Line Pharmacy","+ 91  183 5094640","Pultighar, Amritsar, G T Road, Amritsar - 143001"
"Bawa medical store","+ 91  9780540025","Jawahar Nagar Chowk, main street, Amritsar - 143001, near bright day school"
"A P Medicals Store","+ 91  183 2582166","Plot Number- 4057/32, Sultanwind Road, Amritsar - 143001, Kot Baba Deep Singh, Bazar Number- 4"
"J S Medicos","+ 91  9780938369","New Golden Avenue, Amritsar - 143001, Main Bazar, Near Zora Fatak"
"Uppal Medicos","+ 91  9888702751","shop no 3, Main bazaar,majitha road, Medical Enclave, Amritsar - 143001, OPPOSITE Sukhmani hospital"
"RUPESH MEDICAL STORE","+ 91  183 2550255","Shop no 178, Durgiana Temple, Amritsar - 143001, Near Hari Castle"
"Fortune Medicare","+ 91  183 2700297","Ram Talai, G.t. Road, Amritsar - 143001"
"Ashirwad Medicos","+ 91  8195043313","#1/1208, Fatehgarh Churian Road, Amritsar - 143001, Fairland colony"
"PUNJAB MEDICAL STORE","+ 91  183 5020730","BHAI MANJ SINGH ROAD, Tarn taran raod, Sultanwind, Amritsar - 143021, vill sultanwind"
"Rajiv Medical Store","+ 91  183 5067249","Amritsar - 143001, Nr. APEX Hospital"
"S S MEDICOS","+ 91  9915764744","Shop no. 22, 88 feet road,majitha road, Amritsar - 143001, back side secred heart school"
"Shakti Medical Store","+ 91  9779720900","Shop Number -3, Majitha Road, Amritsar - 143001, Opposite Guru Nanak Dev Hospital, Hari Market"
"GURU RAM DAS MEDICOS","+ 91  9872644229","shop No 22, Majitha Road, Amritsar - 143001, GURU NANAK DEV Hospital, Opposite Sacred Heart School"
"Punjab Medicos","+ 91  9876930698","Majitha road, Amritsar - 143001, Near gurunanak dev hospital"
"Harinder Medicos","+ 91  9915326167","Shop no. 2, Hari market, Amritsar - 143001, Opposite gurunanak dev hospital"
"Hargun Medicos & Clinical Lab","+ 91  8591777778","Shop no.1, Street no. 5, Amritsar - 143001, Opposite gurunanak dev hospital"
"Harinder Medicos","+ 91  9876641570","shop no. 2, hari market,majitha road, Amritsar - 143001, opp. guru nanak dev hospital"
"Roop Medicos","+ 91  8427054859","Shop no. 2, mohhni park, Amritsar - 143001, Near apex college"
"R Smedical Storeovt Menta; Hos...","+ 91  9023324320","Nr Govt Menta; Hospital Circular Road, AMRITSAR - 143002, Amritsar"
"Maiwish Medicose","+ 91  9779094190","Bans Bazar, Main Mkt, Patti, Amritsar - 143002, Amritsar"
