"Name","Phone","Address"

"SAFE WAY Restaurant & BLUE ...","+ 91  183 5065165","S.C.O 125 Distic Shopping Complex, Ranjit Avenue, Amritsar - 143001, Adjoining Vishal Mega Mart Opp Improvement Trust"
"The Beer Cafe","+ 91  183 5070941","4th Floor, Wing B, Trilium Mall, Circular Road, Amritsar - 143001, White Avenue"
"Big Shot","+ 91  183 5050555","C/O Country Inn & Suites By Carlson, Queens Road, Amritsar - 143001"
"Bottoms Up","+ 91  183 2562424","C/O Grand Hotel, Queens Road, Amritsar - 143001, Opposite Railway Station"
"The Pizza Studio & The Brew Be...","+ 91  9780090314","SCO 116,1st Floor, B-Block Ranjit Avenue, Ranjit Avenue, Amritsar - 143001, Near Cafe Coffee Day"
