"Name","Phone","Address"

"Ahluwalia Associates","+ 91  183 2588234",""
"Raman Property Linker","+ 91  9814045862",""
"N V Property","+ 91  9988601092",""
"Deepak Property Consultant","+ 91  9779173941",""
"Partap Real Estate","+ 91  7700000491",""
"Amritsar Property Linkers","+ 91  9417292777",""
"Fair Dealz Properties","+ 91  183 5099111",""
"R R Properties","+ 91  183 2521256",""
"H S Rental Services","+ 91  9417830325",""
"Mohit International","+ 91  9311116489",""
"Aipl Ambuja Housing & Urban Ltd","+ 91  9915048016",""
"Grover Properties","+ 91  9217887810",""
"Bola Ji Builders & Contractors","+ 91  183 6535669",""
"J.S PROPERTIES","+ 91  9814180522",""
"family nest Estates pvt ltd","+ 91  9872418834",""
"Amritsar Property Linkers","+ 91  183 2502220",""
"Raj Properties","+ 91  183 5017676",""
"Ravi Property Consultants","+ 91  8968825595",""
"Bobby property dealer","+ 91  9815357186",""
"Bagga Property Advisor","+ 91  9814262770",""
"Nitin Properties","+ 91  9915569997",""
"Amritsar Builders","+ 91  183 5069907",""
"Singh Real Estate","+ 91  9855481319",""
"Gandhi Properties & STD Isd PCO","+ 91  183 5094321",""
"G. R. G. Promoters & Developers","+ 91  9463447700",""
"Arora & Sons Property Dealers","+ 91  9814875262",""
"BEST Deals","+ 91  7508545678",""
"P K Arora Properties advisor","+ 91  9878890454",""
"Kunal properties","+ 91  9814677581",""
"Gangahar Colonisers & Builders...","+ 91  183 2422288",""
"Sai Associates","+ 91  9814693333",""
"Rana Property Dealers","+ 91  183 2553921",""
"Satguru Property Advisor","+ 91  9872682069",""
"Ravi Darshan Property Dealer","+ 91  9814180194",""
"Ganesh Properties","+ 91  9357596499",""
"Mahavir Property Advisor","+ 91  9855484894",""
"Sandhu Property Dealer","+ 91  9814703447",""
"Wahe Guru Property Dealer","+ 91  9814750382",""
"Saini Property Dealer","+ 91  183 2259745",""
"Happy Property Dealer","+ 91  9876807352",""
"Mahajan Property","+ 91  183 2700791",""
"Satguru Property Advisor","+ 91  8054379415",""
"Sethi Property Dealer","+ 91  9814102713",""
"Gill Property Dealer","+ 91  7837139793",""
"Guru Nanak Property Advisor","+ 91  9814392824",""
"H R Finance & Properties","+ 91  8968126001",""
"R K Sharma & Arora","+ 91  7837058779",""
"Janta Property Dealer","+ 91  9815577338",""
"Horizon Flats","+ 91  9781890007",""
"Narayan property advisor","+ 91  9814349667",""
"Kapoor Property Dealer","+ 91  183 5081543",""
"King land Developers","+ 91  183 5052786",""
"Prinja Property Linkers","+ 91  9780973349",""
"Chopra Son Property Commision ...","+ 91  183 2554665",""
"Shankh Properties & Builders","+ 91  9781643333",""
"Maninder property consultant","+ 91  9872747474",""
"Teena associates","+ 91  9814094595",""
"DASHMESH PROPERTIES","+ 91  9878657777",""
"Sharma . Thakur & Associates","+ 91  9417085631",""
"Jaswant singh property advisor","+ 91  9872757575",""
"Bikram properties","+ 91  8872657169",""
"Bhatia property advisor","+ 91  9915501797",""
"Guru Dashmesh Properties","+ 91  9876352424",""
"SSB ENTERPRISES","+ 91  9023970292",""
"JFC TELECOM","+ 91  8054465337",""
"Shiv Shankar Property Advisor","+ 91  8054084747",""
"Big Deal Properties","+ 91  9814447343",""
"Lakshmi Property Advisor","+ 91  9417850513",""
"Shiva property advisor","+ 91  7589355066",""
"balbir property dealer","+ 91  9815841921",""
"friends property dealer","+ 91  9888132451",""
"Manpreet property advisor","+ 91  9988909108",""
"Ravi property advisor","+ 91  9779670385",""
"Bawaz Property Advisor","+ 91  9815008140",""
"Shiv Shankar property advisor","+ 91  9888819222",""
"lovely property advisor","+ 91  9814425700",""
"Bali Property Dealer","+ 91  9855305847",""
"Balaji Property Broker","+ 91  183 5019933",""
"Mehra properties","+ 91  9356016870",""
"Sarabjeet properties","+ 91  8872629999",""
"SUDHIR PG HOUSE","+ 91  9915122882",""
"Suraj international property d...","+ 91  9814298044",""
"MADAAN PROPERTY ADVISOR","+ 91  9815297101",""
"Supreme property dealer","+ 91  9815072372",""
"ASHIRWAD PROPERTY ADVISOR","+ 91  9781981981",""
"Satguru Properties","+ 91  9815348117",""
"Babbar Property Advisor","+ 91  9780761500",""
"DIAMOND PROPERTIES","+ 91  9780677755",""
"Babber Property Dealer","+ 91  9814125662",""
"Nanda Property Dealers","+ 91  9023245780",""
"Crossnet Consultants","+ 91  9814084829",""
"Golden Properties","+ 91  9814231400",""
"Dhillon ENT","+ 91  183 2257424",""
"Sawinder Singh Agent","+ 91  9815455410",""
"Lords Estate","+ 91  9810713195",""
"Shiv Shanker Property Linker","+ 91  183 5051997",""
"Dhan Baba Deep Singh Property ...","+ 91  8968134686",""
"S S Property Advisor","+ 91  9357267071",""
"Chogawan Property Advisor","+ 91  9914404739",""
"Mohindru Property Dealers","+ 91  9803657800",""
"Jatinder Singh","+ 91  8054811445",""
"Guru Kirpa Property Advisor","+ 91  9815645282",""
"Super Property","+ 91  9814835804",""
"D.p.s properties","+ 91  9872854147",""
"Sharma Property Advisor","+ 91  9465132394",""
"Deep Property Advisor","+ 91  183 2401040",""
"Sharma Property Dealer","+ 91  9417459346",""
"Vicky Property Dealer","+ 91  9646739586",""
"Babaji Property Advisor","+ 91  9915742847",""
"Bal Brother Property Advisor","+ 91  9814853673",""
"Gupta Property Advisor","+ 91  9417938304",""
"Surjeet Property Advisor","+ 91  9988929270",""
"Pratap Property Dealer","+ 91  9914643268",""
"Atul Property Dealer","+ 91  9888454880",""
"Shri Krishna Property Dealers","+ 91  183 5560138",""
"Khanna Properties","+ 91  183 2592310",""
"care of paramjit agro industry","+ 91  9814001232",""
"THIND PROPERTY ADVISOR","+ 91  8528661677",""
"Pardhan Property Advisor","+ 91  9592215988",""
"Arri property advisor","+ 91  9914597777",""
"Kulwant Property Advisor","+ 91  9815635661",""
"Sharma Property Dealers","+ 91  9356001967",""
"Sangam Property Linkar","+ 91  9888034296",""
"Eagle property advisor","+ 91  9316860508",""
"Dhillon & Co property advisor","+ 91  9779326465",""
"SHARMA PROPERTY DEALER","+ 91  9888625271",""
"khannas property consultant","+ 91  9217506471",""
"Chopra Property Dealer","+ 91  9815648264",""
"Manjit & Prince Property","+ 91  9417276761",""
"KAPAHI PG ONLY FOR GIRLS","+ 91  183 2552882",""
"Bab property dealer","+ 91  9814274718",""
"Ace Realtor","+ 91  9888885933",""
"City Property","",""
"Shivam enterprises","+ 91  9779384027",""
"Sameer Property","+ 91  9463223575",""
"Aujla property dealer","+ 91  9780557141",""
"Satjot Real Estate","+ 91  9872857499",""
"Sahara Property Dealer","+ 91  9417564323",""
"diamond property consultant s","+ 91  9814519879",""
"himanshu arora property dealer","+ 91  9356034443",""
"PREET PROPERTY DEALER","+ 91  183 5006029",""
"shiv shakti properties","+ 91  8427701111",""
"AMAR SANDHU PROPERTY DEALER","+ 91  9815105997",""
"Sukhman Property Advisors","+ 91  9256049541",""
"Sukhmani Property Dealer","+ 91  9888065009",""
"Sabarwal property advisor","+ 91  9888601671",""
"Dhillon & co Property advisor","+ 91  9780983363",""
"Bhatti Property Dealer","+ 91  9914961813",""
"Randhawa properties","+ 91  9815369815",""
"Khurana Property Advisor","+ 91  9876166677",""
"Giani Ji Property Consultants","+ 91  9814789190",""
"Amritsar Associates","+ 91  9915944266",""
"Savera Property Advisor","+ 91  9876047147",""
"Randeep Property Consultant","+ 91  9872773930",""
"Mahajan Properties","+ 91  9316016291",""
"Manjit Property Advisor","+ 91  9855642234",""
"Sharma Property Advisor & Car ...","+ 91  9781930004",""
"sesaj property","+ 91  9876472810",""
"Shiv Property Dealers","+ 91  9914479513",""
"Uttam Sharma Property","+ 91  9814928586",""
"S.P property consulant","+ 91  9814126936",""
"K P Property Linkers","+ 91  9815198133",""
"Sharma Properties","+ 91  9914096666",""
"SIngh Properties","+ 91  9915930802",""
"Simran Property Advisor","+ 91  9646418918",""
"Dutta Properties","+ 91  8054583838",""
"Sharma Property Dealer","+ 91  9888658926",""
"Gill Property Advisor","+ 91  9463589381",""
"Sashi Pal Sharma Property Cons...","+ 91  9814126936",""
"Mittal Estate agency","+ 91  9316860493",""
"Happy Homes","+ 91  8054889379",""
"Blues Property Linkers","+ 91  9814036020",""
"Property Dealears in Amritsar","+ 91  9855374705",""
"Hastir Builders And Properties...","+ 91  183 2592717",""
"alpha international city","+ 91  8288018913",""
"Bittu Property Dealer","+ 91  9876068538",""
"Shiv Kumar Property Advisor","+ 91  9814920829",""
"Friends Property Dealer & Advisor","+ 91  9815513907",""
"Guru Nanank Property Advisor &...","+ 91  9888800835",""
"Chahal Property Dealer","+ 91  9876161263",""
"Jaswinder Property Dealer","+ 91  9814816410",""
"Gobind Future Vision Ltd","+ 91  8566001333",""
"Sharma Property Dealer","+ 91  9815498468",""
"Doctor Dhillon Property Dealer","+ 91  9888224139",""
"Baba Ji Property Advisor","+ 91  9653690490",""
"Sehdev Property Dealer","+ 91  183 2563481",""
"Kandhari Properties","+ 91  9815266545",""
"Sharma & Chawinda","+ 91  9814164780",""
"Gill Real Estate","+ 91  9988000680",""
"Friends Property Dealer","+ 91  183 2426150",""
"Gill Property Dealer","+ 91  9815752533",""
"S S Real Estate","+ 91  9815280349",""
"Dashmesh Property Dealer","+ 91  1851 245045",""
"Randhawa Property Dealer","+ 91  9915533392",""
