"Name","Phone","Address"

"Kesar Ka Dhaba","+ 91  183 2552103","Chowk Passian, Amritsar - 143001"
"The Yellow Chilli","+ 91  183 5057777","Sco 108 District Shopping Center Ranjit Avenue, Amritsar - 143001, B-Block"
"La Roma Pizzeria","+ 91  183 5006060","Sco Number 6 B Block District Shopping Complex, Amritsar Cantt, Amritsar - 143001"
"Indo Aussie","+ 91  183 5002222","SCO- 121, B Block, Ranjit Avenue, Amritsar - 143001"
"Marwari Dhaba","+ 91  183 2534059","Katra Ahluwalia, Amritsar - 143001, Opposite Gurdas Ram Jalebian Wala And Near Golden Temple"
"Sukhdev Dhaba","+ 91  9988952878","Shop Number 1, G T Road Alfa Mall, Amritsar - 143002, Opposite Hyaat Hotel"
"Temptation Restaurant","+ 91  183 5060308","103, Circular Road, Amritsar - 143001, Opposite Basant Avenue Near Ratan Singh Chowk"
"Cup A Cabana","+ 91  183 5006200","Sco 90 Ranjit Avenue, District Shopping Complex, Amritsar - 143002"
"Charming Chicken","+ 91  9814096207","Shop Number 3, Majitha Road, Amritsar - 143001, Opposite Nari Nikaten"
"Amigos Grill Italian & Mexi...","+ 91  183 5007070","Scf 8 B Block Ranjit Avenue, Amritsar - 143002, District Shopping Complex"
"A One Snacks Corner","+ 91  9988940037","Dsc Booth Number 65 B B block Market, Ranjit Avenue, Amritsar - 143001, Opposite M K Hotel"
"Chefs Kitchen","+ 91  8054575747","Shop Number 27 E Block Market, Ranjit Avenue, Amritsar - 143001, Near Rose Garden"
"Pindi Soya","+ 91  9876144839","Scf 7 Kabir Park Market, G T Road, Amritsar - 143001, Opposite Guru Nanak Dev University"
"Hungers Hub","+ 91  183 2212101","Shop Number 33A/4 Rani Ka Bagh, Amritsar - 143001, Near Shiva Ji Park"
"Cafe Oz","+ 91  183 5027333","Sco Number 120 District Shopping Complex, Ranjeet Avenue Block B, Amritsar - 143001"
"Vaishno Bhojan Bhandar","+ 91  183 2292497","Katra Kanhyia Hire Di Hatti, Amrit Talkies Chownk, Amritsar - 143001, Opposite Amrit Cinema"
"Lovely Veg Champ & Foods","+ 91  9478682459","172 Kt Moti Ram C Block, Amritsar - 143001, Near Durgiana Mandhir Backside of Ranjit Avenue Inside Hathi Gate"
"Manni Chicken Corner","+ 91  7837775595","Main bazaar, Circular road, Amritsar - 143001, Near Khetarpal hospital"
"Cafe Chokolade","+ 91  183 2502999","Ground Floor Hotel PR Residency 101 District Shopping Complex, Ranjit Avenue, Amritsar - 143001, C Block"
"Cafe Connect","+ 91  183 5050220","Sco 8 District Shopping Complex, Ranjeet Avenue Block B, Amritsar - 143001"
"Bukhara Big Meals","+ 91  183 5063413","Scf 21 C Block Market, Ranjit Avenue, Amritsar - 143001"
"Punjab Dhaba","+ 91  183 5097678","Goal Hatti Chownk Hall Bazar, Amritsar - 143001, Opposite Yes Bank"
"Makhan Fish & Chicken Corner","+ 91  9815193241","21-A,, Majitha Road,, Amritsar - 143002, Near Madaan Hospital"
"The Snack Junction","+ 91  8968088862","Shop Number 25A, 100 Feet Road, Amritsar - 143001, Near Karan Palace"
"Krishna Madhur Mishthan Bha...","+ 91  183 5067474","Main Batala Road, Amritsar - 143001, Near Navjot School"
"Sheetal Again (The Boutique...","+ 91  183 2211403","39-A, Circular Road, Amritsar - 143001, Nr. Khetar Pal Hospital"
"New Rajasthan Chat Bhandar","+ 91  9876812668","Main Bazar, Lawrence Road, Amritsar - 143002, Opposite Bijli Pehalwan Mandir"
"SAFE WAY Restaurant & BLUE ...","+ 91  183 5065165","S.C.O 125 Distic Shopping Complex, Ranjit Avenue, Amritsar - 143001, Adjoining Vishal Mega Mart Opp Improvement Trust"
"Barbeque Nation","+ 91  183 6940202","Plot 77, SGK Tower, Mall Road, White Avenue, Amritsar - 143001, Near Income Tax Office,near passport office"
"Chawla Chicken","+ 91  183 2226341","shop no 14- A, 1st Floor,, Lawrence Road, Lawrence Road, Amritsar - 143001, Near Bansal Sweets"
"Sakhis Watz Kukin","+ 91  183 2503959","M-47/48, Green Avenue, Amritsar - 143001, Opposite Green Avenue Park"
"Crystal Restaurant","+ 91  183 2225555","Queens Road, Amritsar - 143001, Crystal Chowk"
"Bade Bhai Ka Brothers Dhaba","+ 91  183 6941881","Tawn Hall, Amritsar - 143001, Adj To Bhawan Dhaba , Near Town Hall"
"Pappi DI Hatti","+ 91  183 2504371","B-1, Green avenue, AMRITSAR - 143001, Near Main Market"
"Chawlas Care","+ 91  183 5053555","Shop Number-48 Ranjit Avenue, Amritsar - 143001, C Block Market"
"Virasat Haveli","+ 91  9872713434","near del;hi public school, Manawala, Amritsar - 143109, Village Rajewal, Manawala,Nh-1"
"MC GRILL","+ 91  183 5015522","Shop Number:-62, Kabir Park Market, Amritsar - 143001, Opposite Guru Nanak Dev University"
"Beera Chicken House","+ 91  183 2571025","100,, Majitha Road ,Amritsar,, Amritsar - 143001, Opposite Bandari Hospital Amritsar"
"Bharawan Da Dhaba","+ 91  183 2532575","Town Hall, Opposite- Amritsar Municipal Corporation, Amritsar - 143001"
"Formos Restro Cafe Lounge","+ 91  8558817083","New Sadak Road, Lawrence Road, Amritsar - 143001, Near BBK DAV College"
"Sagar Ratna Restaurant","+ 91  183 5007001","Sagar Ratna, 10 Queens Road, Cystral Chowk, Amritsar - 143001"
"Subway","+ 91  183 2550123","Golden Temple, Amritsar - 143006, Opposite Jallianwala Bagh"
"Brother Dhaba","+ 91  9888519765","99, Shop No-A 308, Town Hall Kotwali ,Amritsar,, Amritsar - 143001, Near Police Station"
"SURJIT FOOD PLAZA","+ 91  183 3294334","shop n 3, 4, ground floor, Nehru Shopping Complex, Amritsar - 143001, NEHRU SHOPPING COMPLEX"
"Yo China Restaurant","+ 91  183 5010001","Sco- 34,District Shopping Complex, Amritsar - 143002, Ranjit Avenue"
"Pindi Soya Wah Bhai Wah","+ 91  9815007906","109, Nehru Shopping Complex, Mall Road, Lawrence Road, Amritsar - 143001, Novelty Chowk, Opposite Company Bagh"
"Stars N Bars","+ 91  183 5069388","Sco-118, Ranjit Avenue, Amritsar - 143001"
"Eldorado restaurant","+ 91  183 2503309","Scf 17-18,c-block market, Ranjit avenue, Amritsar - 143001, Near brijwasi"
"Astoria Food Pavilion","+ 91  183 2505722","Sco -38, District Shopping Centre, Amritsar - 143002, Near Reliance Fresh, Ranjit Avenue"
"Goli vada Pav no 1","+ 91  8872704949","KHORANA CENTRE 2, Lawrence Road, Amritsar - 143001, NEAR NEHRU SHOPPING COMPLEX"
"Kobe Sizzlers","+ 91  183 2504685","sco-109, 1st flr, dist shopping copmlex, ranjit aveneu block-b, Amritsar - 143104, nr passport office"
"Open Kitchen at Astoria","+ 91  183 3205722","Sco 38, District Shopping Centre, Amritsar - 143001, Ranjit Avenue"
"Sarhad Food & Culture Park","+ 91  183 2382000","Amritsar - 143002, National Highway, Attari Wagah Border"
"Yo ! China / Hi - Que","+ 91  183 5050504","Sco 34 Dist. Shopping Complex, Ranjit Avenue B- Block, Ranjit Avenue, Amritsar - 143001, Nr. Relaince Fresh"
"Kulcha Land","+ 91  183 5050552","Shop Number 90, District Shopping Center, Ranjit Avenue, Amritsar - 143001, Opposite M K Hotel"
"SANJHA CHULHA","+ 91  183 2566855","SANJHA CHULHA, NEW SADAK ROAD, Lawrence Road, Amritsar - 143001, NEAR BBK DAV"
"Inderpuri Foods And Guest House","+ 91  183 2224513","Number 196 Ameena Bazar, Cooper Road, Amritsar - 143001, Near Bhandari Pull"
"Bakes & Beansbakes & Beans","+ 91  183 5099888","Sco- 24, Distt Shopping Complex, rajneet avenue, Amritsar - 143001"
"Pindi Soya Wah Bhai WAH","+ 91  183 6555510","Sco-14, New Amritsar Market, Gt Road, Amritsar - 143002"
"Chawlas veg and non veg","+ 91  183 2582640","Main road, SULTANWIND ROAD, Sultant Wind Gate, Amritsar - 143006, NEAR BIJLI GHAR"
"LE-Pizzeria","+ 91  183 2426666","655,, Gurdev Nagar, Amritsar - 143001, Pakhowal Road,"
"Shudh Restaurant","+ 91  183 5026600","Chowk Fuwara, Amritsar - 143001, Opposite Gurudwara Saragarhi"
"MOHANs Kitchen Korner","+ 91  9646023624","shop No. 260, 100 Ft ROAD, Amritsar - 143001, EAST Mohan Nagar"
"THE FOOD VILLAGE","+ 91  9888852849","shop Number -5 Gndu Complex, city Road, Chheharta, Amritsar - 143105, near HDFC Bank"
"Abhis Kitchen Club","+ 91  183 6528443","38A, Amritsar - 143001, Mohan Nagar"
"Chaupati Restaurant","+ 91  183 5006921","9-10, Ground Floor, Nehru Shopping Complex, Lawrence Road, Lawrence Road, AMRITSAR - 143001"
"Pind Balluchi Restaurant","+ 91  183 5066620","Sf 06 2nd Floor,, Batala Road, Amritsar - 143001, Celebration Mall"
"BOLLYWOOD DHABA","+ 91  9988724797","3rd Floor The Celebration Mall, Amritsar - 143001, Batala Road"
"Proof (Radisson Blue Hotel)","+ 91  183 6611111","C/O Radisson Blu Hotel, Airport Road, Amritsar - 143001"
"KUNDAN DHABA THE BACHANS","+ 91  183 2565109","RAILWAY ROAD, Amritsar - 143001, OPP MEHRA HOTEL"
"Eld Rado Restaurant","+ 91  183 5094266","23, C Block Ranjit Avenue, Amritsar,, Amritsar - 143001, Near Rv Continental Hotel"
"Moti Mahal Deluxe Restaurant","+ 91  183 5069991","Golden Tulip, Gt Rd, Amritsar - 143002, Model Town"
"KALE DA DHABA","+ 91  7528929720","Main bazaar, Court Road, Amritsar - 143001, Near main chowk"
"Punjabi Dhaba","+ 91  9914451927","House No-238, Mule Chak Quarter, Amritsar - 143104"
"Bubby Chicken & Fish Corner","+ 91  183 5096789","Cooper Road, Amritsar - 143001, Near Crystal Chowk"
"Kesar Da Dhaba","+ 91  183 2552103","Chowk Passian, Amritsar - 143001"
"Chick Chicken House","+ 91  9815899077","Shop Number 6, Main Dasonda Singh Road, Lawrence Road, Amritsar - 143001, Opposite Pushpa Market"
"Reliance Fresh","+ 91  183 5015835","Majitha Road, Amritsar - 143001"
"Bercos Restaurant","+ 91  183 6535222","Nagpal Tower-1, Ground Floor, Sco-128, Ranjit Avenue, Amritsar - 143001, Near M K International Hotel"
"Spicy Hut","+ 91  183 2547490","Shakti Nagar, Amritsar - 143001"
"New Brijwasi Chat","+ 91  183 5004760","SCO 12, Ranjit Avenue C Block, Ranjit Avenue, Amritsar - 143001, Near Eldorado Restaurant"
"superior Chic Inn","+ 91  9780760091","shop- 4, loharka Road, Amritsar - 143001, opposite Gali Number -3,Ranjit Vihar"
"Mehfil","+ 91  183 6545454","63 A ,, Gt Road, Nh1 ,Amritsar,, Amritsar - 143001, Near New Amritsar"
"Ista Hotel","+ 91  183 2871234","Main G T Road, Amritsar - 143001, Adjacent Alpha One City Centre, Mbm Farms"
"Chaman Beer Bar & Restaurant","+ 91  9815179495","No.7 court chowk, Amritsar Kutchery, Amritsar - 143001, Near Bikaner, Court Chowk"
"New Kundan Dhaba","+ 91  183 2224276","Amritsar - 143001, Near Canal Off"
"Angrezee Dhaba(Famous Delhi Re...","+ 91  183 5005101","110, Albert Road, Amritsar - 143001"
"CHARCOAL N WUDZ","+ 91  183 5060009","Sco-124, Above Bata showroom, Amritsar - 143001, District Shopping Complex, Near Vishal Mega Mart, B Block, Ranjeet Avenue"
"kobe sizzlers","+ 91  9888320360","sco109, ranjit avenue, Ranjit Avenue, Amritsar - 143001, near passport office"
"Jerrys Easy Food","+ 91  183 5050009","Scf 30 Ground Floor, C Block Ranjit Avenue, Amritsar - 143001, Near Royal Amrs Gym"
"The Khansaama Restaurant","+ 91  183 6500003","Sco-35, Amritsar - 143001, C Block Market, Near Royal Arms Gym, Ranjit Avenue"
"Mohans Kitchen Korner","+ 91  9356065176","Hindu College Road, Amritsar - 143001, B K Dutt Gate, Near Ahuja Sweets,"
"Aurah Restaurant & Lounge","+ 91  9501578248","Hotel Blue Moon, The Mall, Amritsar - 143002"
"Slice N Dine","+ 91  183 5061717","SCF 39, Ranjit Avenue C Block, Ranjit Avenue, Amritsar - 143001, Near Royal Arms Gym"
"Shirazs Orchid","+ 91  183 5010861","Hotel Shiraz Regency, 3, Queens Road, Amritsar - 143001"
"U K Fish & Chicken Corner","+ 91  9915484461","Adda Jabowal, Amritsar - 143001"
"Subhash VEG Rest And Fast Food","+ 91  183 6537393","A 5 A Blk Mkt, Amritsar - 143001"
"Sanjha Chulha Restaurant","+ 91  183 2534355","Golden Temple, Amritsar - 143006, Bazar Bikanerian, Katra Ahluwalia"
"Sanjha Chulha","+ 91  9417690011","43, Lawrence Road ,Amritsar,, Amritsar - 143001, Near Post Office"
"Bansal Rasoi","+ 91  183 3203921","14-C, Lawrance Road, Lawrence Road, Amritsar - 143001"
"Station 69","+ 91  9653007002","Near Ganpati Tower, Lawrence Road Extenstion,, Lawrence Road, Lawrence Road, Amritsar - 143001, Opp. Revenue Colony"
"Milkfood Hotshop","+ 91  183 2220603","Lawrence Road, Amritsar - 143001"
"Rock Star Restaurant & Bar","+ 91  9888188061","Ram Bagh, AMRITSAR - 143001, Opp. Nandan Cinema"
"Vaishno Kundan Dhaba","+ 91  183 5098539","125 City Centre Opp Bus Stand, Amritsar - 143001"
"Galaxy Multicuisine Restaurant","+ 91  183 5070077","sco 123 1st Floor, B Block, Ranjit Avenue, Amritsar - 143001, Near Vishal Megha Mart"
"Turkish Kabal","+ 91  9888776587","Shop Number-107, Ranjit Avenue, Amritsar - 143001, Oppiste Mc Grill, C Block"
"Daily Needs","+ 91  183 2212786","G T Road, Amritsar - 143001, Near Khalsa College"
"BOSS The Chef","+ 91  183 6578055","Majitha Road, Amritsar - 143002, Near Ghala Mala Chowk"
"Tummy Full Fun & Food Villa","+ 91  9855681888","4,, Jalandhar Road ,Amritsar,, Amritsar - 143001, Opposite Alpha One Mall"
"Like Italy More Then Pizza","+ 91  183 5095453","Inside Alfa One Mall, Gt Road, Amritsar - 143001, Inside Alfa One Near Hayaat Hotel"
"Thaichi Restaurant (Hyatt Hotel)","+ 91  183 2871234","C/O Hyatt Hotel, Main G T Road, Amritsar - 143001, Adjoining Alpha One City Centre, Mbm Farms"
"Umang juice bar & vaishno bhoj...","+ 91  7508290123","Majitha road, Amritsar - 143001, Opp. Polytechnical college"
"Karma Tandoora Wala","+ 91  9779476182","Verowal Road, Sant Machenical Works, Jandiala Guru, Amritsar - 143115"
"HI QUE RESTRO & TEA HOUSE","","Ranjit Avenue, Amritsar - 143419"
"BROTHERS AMRITSARI DHABA","","Town Hall, Amritsar - 143001"
"Bella Italian Tratoria","+ 91  183 5088888","C/O Holiday Inn, Ranjit Avenue, Amritsar - 143001, Near MK Hotel, District Shopping Centre"
"Raj Darbar Restaurant","+ 91  183 5017890","Amritsar - 143001, Near Golden Temple, Opposite Guru Ram Das Sarai"
"Inderpuri","+ 91  183 2542921","150, Cooper Road ,Amritsar,, Amritsar - 143001, Near Bus Stand"
"My Kind Of Place","+ 91  183 5004005","Amritsar - 143001, The Mall"
"NEW MADRAS CAFE","+ 91  9815598021","Lawrence Road, Lawrence Road, Amritsar - 143001, Opposite Pizza Hut"
"Aviruchis Flour Fairy","+ 91  183 2422242","8, Circular Road, Amritsar - 143001, Near Chhachhi Hospital"
"Tandoori Zaika","+ 91  183 5061213","119, Ajit Nagar, Amritsar - 143001, Near Water Tank,Golden Cloth Market"
"Daawat A Pure Vegetarian","+ 91  183 5050101","135, Golden Cloth Market, Ajit Nagar, Amritsar, Amritsar - 143001"
"Galaxy Food Plaza & Party Hall","+ 91  183 5052233","Preet Tower, G.T. Road, Putlighar,, Amritsar - 143002, Near Honda-Yamaha Showroom,"
"Punjabi Zaika Restaurant","+ 91  183 2543478","C/O C J International Hotel, Golden Temple, Amritsar - 143006, Near Golden Temple, Opposite Langer Hall Building"
"Sagar Ratna","+ 91  183 5007001","10, Queens Road, Amritsar - 143001, Opp Central Bank Of India"
"Punjabi Masala Chicken","+ 91  8427332187","Shop No: 34, C Block Markt, Amritsar - 143001, Ranjit Avenue"
"Green Garden Dhaba","+ 91  9878095026","Near Petrol Pump, Gt Road, Amritsar - 143001, Bye Pass, Dinanagar"
"Brij Wasi Chat Bhandar","+ 91  183 2210895","Shop No 1, Cooper Road, Amritsar - 143001, Crystal Chowk"
"Chiimneeyz Restaurant","+ 91  183 5021985","shop no13 nehru shopping complex, lawrance road, Lawrence Road, Amritsar - 143001, baba photo studio"
"Tare di hatti","+ 91  183 2400948","golden temple road, katra ahluwalia market, Katra Ahluwalia, Amritsar - 143006, nr. golden temple"
"Basil Bistro","+ 91  183 5019555","Sco-11, Ranjit Avenue, Amritsar - 143001, A Block"
"PICK n MOVE BAR-BE-QUE","+ 91  9878274102","K.c market, Lawrence Road, Amritsar - 143001, Near archies gallery"
"Bhagwa Da Dhaba","+ 91  8427332915","Kot Khalsa, Gali No.18, Indra Colony, Amritsar - 143001"
"Quality Restaurant Beer Bar","+ 91  9815767089","Batala Road, Amritsar - 143001"
"Trumpets The Family Restaurant","+ 91  183 5003963","L - 14, Batala Road, Amritsar - 143001, Near Celebration Mall"
"Standard Beer Bar","+ 91  7814390002","G . T road Putlighar, Amritsar - 143001"
"Mahajan aam papad vala","+ 91  8528871029","Shop no. 13, Main bazar, sundar nagar, Amritsar - 143001, Nr. Hlvaaiii"
"A 1 Khana Khazana Restaurant","+ 91  183 5090009","Sco 8, Distt Shopping Complex, B-Block Ranjit Avenue, Ranjit Avenue, Amritsar - 143001"
"Groove In Restrobar","+ 91  183 2503950","Sco - 22, District Shopping Cplx, Amritsar - 143001, B- Blk,Ranjit Avenue"
"Abrij Restaurant","+ 91  183 6574780","188, Gopal Nagar (Main Road), 3-A, Majitha Road, Amritsar - 143001, Opposite Shergill Hospital, Near Canara Bank"
"Republic Of Chicken","18001031033","Shop No-429/23, Ganga Bldg, Amritsar - 143002, Nr Khalsa College"
"Apni Punjabi Rasoi","+ 91  183 6600345","B ,4th Floor,, Trillium Mall Circular Road ,Amritsar,, Amritsar - 143001, Near Post Office"
"Republic of Chicken","+ 91  183 5050434","Shop Number- 4296, Ganga Building, G T Road, Putligarh, Amritsar - 143002"
"Amritsari Zaika","+ 91  9779858007","Shop Number-1, Inner Circular Road, Sultanwind, Amritsar - 143021, Near Police Station B- Division"
"Punjabi Rasoi","","Amritsar - 143001, Old City"
"Bittu Meat Wala","+ 91  9855077550","Shop No-96,Ram Talai, Amritsar Bus Stand, Amritsar - 143001, Transport Nagar,Kabadi Market"
"Bubby Fish & Chicken Corner","+ 91  9814457733","Cooper Road, Amritsar - 143002, Near Crystal Chowk"
"Akam Dhaba","+ 91  9888337800","Anjala road , airport road, Amritsar - 143002, Near airport"
"Crown Plaza","+ 91  9646878980","Sh No 7gndu Complex, G T Road, Amritsar - 143001"
"Aunty kitchen","+ 91  9780871469","91, KABIR PARK MARKET, Amritsar - 143001, OPP GNDU"
"Cafe Coffee Day","+ 91  183 3220049","Amritsar - 143002, Inside Pizza Point Restaurants, Opposite Golden Temple"
"Dosa place","+ 91  9464751199","Alpha mall, 3rd floor, Amritsar - 143001"
"Royal kitchen Restaurant","+ 91  183 5030288","G T Road, Chheharta, Amritsar - 143105, Opposite Ocm Mill, Adjoint Jagdev Agency"
"Tavolo Mondo (Radisson Blu Hotel)","+ 91  183 6611111","C/O Radisson Blu Hotel, Airport Road, Amritsar - 143001, Opposite Airport"
"Wall Of Asia (Radisson Blu Hotel)","+ 91  183 6611111","C/O Radisson Blu Hotel, Airport Road, Amritsar - 143001"
"Beera Chicken House","","Majitha Road, Majitha, Amritsar - 143601, Opposite Bandari Hospital, Sehaj Avenue"
"Bk Dhada","+ 91  9815264113","1, Bk Dhada, Ajnala, Amritsar - 143102, Batala Road"
"punjab dhaba","+ 91  9988605669","goal bagh, railway road, Amritsar - 143001, near railway station"
"Kartar Vaishno Dhaba","+ 91  9876383280","Railway Road, Beas, AMRITSAR - 143201"
"Odeon Restaurant","+ 91  183 2565074","Odeon Restaurant, The Mall,, Amritsar - 143001, Amritsar"
"Sanhotras Kishore Ji Dhabe Wale","+ 91  9815791290","Gt Road, Amritsar Bus Stand, Amritsar - 143001, Near Pingalwara"
"Cantt Club & Restaurant","+ 91  9872644473","Plot Number 7A, Thimaya Road Amritsar Contonment, Amritsar Cantt, Amritsar - 143001, Near Contonment Board"
"Chick n morei","+ 91  9888773527","S.c.f-4, C-block market, ranjit avenue, Amritsar - 143001, Nr. El dorado"
"Angithi","+ 91  8427997247","157 B Partap Nagar, G T Road, Amritsar - 143002, Opposite Alpha One Mall"
"Fuel Stop","+ 91  183 5013333","Alpha Mall, G T Road, Amritsar - 143001, Near g.t .road"
"kewal chicken & ac bar","+ 91  9876069117","taran tarn road, Amritsar , near taj palace"
"La Roma Dhaba","+ 91  9855247548","Attari Wagha Road, Amritsar - 143001, Opposite Lahori Mal"
"Bhatia Restaurant","+ 91  183 6941905","216,City Centre, Amritsar - 143001, Nr Gurunanak,Opp Bus Stand Amritsar"
"Amantran Restaurant","+ 91  183 2225562","C/O Royal Castle Hotel, Albert Road, Amritsar - 143001"
"SAT DA Dhaba","+ 91  9888008498","opp khalsa college, Main Rd, Amritsar - 143001, Kot Khalsa"
"Bille Di Hatti","+ 91  9417231361","24 ,, ,Bille Di Hatti Bartanwala Bazar ,Amritsar,, Amritsar - 143001, Opposite Khyber Continental Hotel"
"Gauri Shanker And Sons","+ 91  9464118266","Shop Number- 2 & 3, Court Road, Amritsar - 143001, INA Colony, Opposite Head Post Office, Near Rialto Chowk"
"Kundan Dhabha","+ 91  183 2224276","Plot Number 24, Albert Road, Amritsar - 143001, Opposite Kanal Office, Near BSNL Offiice"
"Virsa Restaurant","","Amritsar - 143001, Near Jalian Wala Bagh"
"Spice Restaurant","+ 91  183 5050555","C/O Country Inn & Suites, Queens Road, AMRITSAR - 143001"
"VIRK EATING JOINT","+ 91  9888257277","Shop no 5, Opp.gopal international, Amritsar - 143001, Albert road"
"Friends Dhaba","+ 91  183 2562566","210 Queens Road, Amritsar - 143001"
"Dining By The Garden","+ 91  183 2566618","47- A , Welcomheritage Ranjit's Svaasa, Amritsar - 143002, The Mall"
"Aab The Roof Top Dhaba","","47- A , Welcomheritage Ranjit's Svaasa, Amritsar - 143002, The Mall"
"Avtar Non Veg Dhaba","+ 91  9478440007","main road, Albert Road, Rani Ka Bagh, Amritsar - 143001, Near Railway Station"
"Zannat Caterers","+ 91  183 2220483","Albirt Rd, Amritsar - 143001, Adjoining Kumar International"
"Polaris","+ 91  183 2562836","C/O Hotel Ritz Plaza,45, Amritsar Kutchery, Amritsar - 143001, The Mall"
"Ranjits Restaurant","+ 91  183 2562836","C/O Hotel Ritz Plaza,45, Amritsar - 143001, The Mall"
"Bottoms Up","+ 91  183 2562424","C/O Grand Hotel, Queens Road, Amritsar - 143001, Opposite Railway Station"
"Hotel Shenaz & Restaurants","+ 91  183 2531445","1, G.T Road, Amritsar, Amritsar - 143001, Outside Is Hall Gate"
"Friends dhaba","+ 91  7837214473","210-queens road, Queens road, Amritsar - 143001, Opp. Pandhi shoes"
"Chand Dhaba","+ 91  9988141019","Amritsar - 143001, Katra Kanhyan , Near Amrit Talkis"
"Bunty Vaishno Dhaba","+ 91  9888194767","Shop No-129, Amritsar - 143001, Citi Center, Opp Bus Stand"
"King Fast Food","+ 91  9780952212","Tran Taran Road, Amritsar - 143001, Opposite Sant Bhuri Wala Dera"
"Rajasthani Saini","+ 91  8803456053","Banganga Road, Amritsar - 143001, Near Kalpana Road"
"New Gill Punjabi Dhaba","+ 91  9876930039","Sultanpur Road, Darshan Avenue, Amritsar - 143001, Near Bhatta"
"Amritsari Punjabi Dhaba","+ 91  7508558486","Indra Colony, Kot Khalsa, Amritsar - 143001"
"Hira Vaishno Bhojan Bhandar","+ 91  7508808876","Ashoka Chowk, Quins Road, Amritsar - 143001, Opp. Uco Bank"
"Preet Hotel","+ 91  8727092619","Lopoke Rpad, Pind Bhilowal Pakka, Amritsar - 143001, Near Petrol Pump"
"Lakhmi Chand Hira LAL","+ 91  183 2542884","Akali Market,, Amritsar - 143001"
"Raju Chinese Food Corner","+ 91  9855248769","Chatiwind Gate Chowk Mohni, Amritsar - 143001"
"Blue Star Restaurant","+ 91  9780388999","G T Road, Amritsar - 143001, Jandiala Guru"
"Noble Foods","+ 91  183 2580551","G T Road, Amritsar - 143001"
"Sheetal Restaurant","+ 91  183 2563290","8, Queens Road, Amritsar - 143001, Partner-Amanpreet Singh Dolly"
"A C Chicken & Restaurants","+ 91  183 2530488","Amritsar - 143001, Mahan Singh Gate"
"Ahujas","+ 91  183 2206673","Cooper Road, Amritsar - 143001"
"Dr. Ds Secret Recipe","+ 91  183 5094747","Lawrence Road, Amritsar - 143001"
"Bombay Swadist Puri Centre","+ 91  9814521996","Asr, Amritsar - 143001"
"Chopra Niwas","+ 91  183 5059631","Amritsar - 143001, Opp. Gurudwara Attaji"
"Flavors","+ 91  183 5081377","Ambika Tower, Amritsar - 143001"
"Ie N Spicy","+ 91  183 6534780","Mm Majitha Road, Amritsar - 143001"
"K4 The Family Restaurant","+ 91  183 2458666","Garha Road, Amritsar - 143001"
"Khadke Glassy The Punjabi Rest...","+ 91  9815108027","Amritsar - 143001, BMC Chk"
"S R Food Junction","+ 91  8146899008","Scf-1 E-Block Ranjit Avenue, Amritsar - 143001"
"Sub Aqueous Restaurant","+ 91  183 2566549","6 Lawrence Road, Amritsar - 143001"
"The Big Byte","+ 91  183 6577567","4a-5a Lawrence Road, Amritsar - 143001"
"Stop & Look Restaurant","+ 91  9814503001","2,, Gt Road, Nh1 ,Amritsar,, Amritsar - 143001, Near New Amritsar"
"Special Fish N Chicken","+ 91  9781876660","100 Guru Bazar ,, G T Road, Amritsar,, Amritsar - 143001, Opposite Alpha One"
"W T F Chicken King","+ 91  9781663322","2,, U T Market ,Amritsar Ho,, Amritsar - 143001, Opposite Gndu"
"Modern Dhaba","+ 91  9915688001","1 J T Road ,, Jandiala Guru, Amritsar,, Amritsar - 143001, Near Taran Taran Bye Pass"
"Star Night","+ 91  183 2411827","1,, Star Night Club Guru Nanak DEV University,, Amritsar - 143001, Near Railway Station"
"Mohan Singh","+ 91  9417432031","5,, Gilwali Gate Chowk ,Amritsar,, Amritsar - 143001, Near Bus Stop"
"NEW NEENNOsS BAR B QUE FISH N ...","+ 91  9855650714","Customs Chowk, Kennedy Avenue, Amritsar - 143001, Near State Bank of india"
"Lucky Vaishno Bhojan","+ 91  9888781042","Amritsar - 143001, Bahari Hathi Gate"
"INFRA CHICKEN","","White Avenue, Amritsar - 143104"
"Lalli Vaishno Dhaba","+ 91  8146762986","Shop Number-3, Amritsar - 143001, Chatiwind Chowk, Near Gurudwara Shree Ganj Sahib"
"G S Fast food corner","","Shop no : 45, Amritsar - 143001, Hussainpura"
"KWALITY WALLS SWIRLS","","White Avenue, Amritsar - 143104"
"NEW NEENOS","","White Avenue, Amritsar - 143104"
"Flavour Restaurant","+ 91  183 5151222","C/O The Fern Residency,33,The Mall,Sona Chandi Tower, Amritsar - 143001"
"Spice Garden","+ 91  183 3224141","32 the mall, mall road, Amritsar - 143001, near ebony khurana jewellars"
"Napoli Restaurant","+ 91  183 2220416","C/O Hotel Blue Moon ,656,, Lawrence Road, Amritsar - 143001"
"Dine Corner","+ 91  183 6450005","12, Amritsar,, Amritsar - 143001, Near Airlines Hotel"
"Peking hut","+ 91  9779531493","singh building, main street, Lawrence Road, Amritsar - 143001, near no exit"
"KWALITY WALLS SWIRLS","","Lawrence Road, Amritsar - 143001"
"CAFE COFFEE DAY","","Rani Ka Bagh, Amritsar - 143001"
"Gautam Chicken Corner","+ 91  9814214101","Shop No-8, Hathi Gate, Amritsar - 143001, mutten tikka brain currey"
"J S Makhan","+ 91  9803972578","GT Road, Amritsar - 143001, Hathi Gate"
"Jeet kulche wala","+ 91  9888123440","Lawrence road, Lawrence Road, Amritsar - 143001, Opp Nehru shopping complex"
"Janta Vashno Dhaba","+ 91  8968183532","Lawrence road, Amritsar - 143001, Opp Nehru shopping complex"
"JANTA VAISHNO DHABA","+ 91  9888487097","Near Pizza Italia, Lawrence Road, Lawrence Road, Amritsar - 143001, Opposite Nehru Shopping Complex"
"Chirag Foods","+ 91  183 2399049","9 G F, Nehru Shoping Complex, Lawrence Road, Amritsar - 143001"
"MONU KULCHA HUT","+ 91  9803288162","Shop no 6, Rani ka bagh, Rani Ka Bagh, Amritsar - 143001, Near jagat jyoti school"
"The Chill Grill","","1-2 A, Lawrence Road, Amritsar - 143001, Opposite Pizza Hut, Near Dav College"
"TIP TOP FOOD PLAZA","+ 91  9256247760","I/s Durgiana Mandir, Amritsar - 143001, DURGIANA MANDIR"
"Food Founders","","Shop No. 3a, Main Road Lawrence Road, Lawrence Road, Amritsar - 143001, Near Ritu Wear"
"Dine In 181","+ 91  183 5051250","181, Rani Ka Bagh, Amritsar - 143001, Near Pegam Palace"
"Baba JI Vaishno Bhojan Bhandar","+ 91  9646063067","main bazar, Rani Ka Bagh, Amritsar - 143001, OPP. STATE BANK OF INDIA"
"PAKEEZA DHABA","","Town Hall, Amritsar - 143001"
"Highway Junction","+ 91  183 5081463","Main Amritsar Gate, G.t. Road Bye Pass, Amritsar - 143001"
"WOW CHAMP & MOMOS","+ 91  9888275005","Main road, Shivala road, Amritsar - 143001, Opposite freedom villas"
"Bachan foods","+ 91  8567860450","Main bazar, Street no 4 VIJAY NAGAR, Amritsar - 143001, Near honey bakery"
"Mahajan Chinese Hut","+ 91  9888206369","8, Amritsar - 143001, D D Bhatia Market, Ram Bagh"
"MULKHRAJ KULCHA SHOP","+ 91  9815885791","Court road, Amritsar Kutchery, Amritsar - 143001, Near Bikaner sweets"
"Kale Da Dhaba","+ 91  9256194547","Mandir Marg, Lawrence Road, Amritsar - 143001, Opposite Pizza Hut, Main Market, Next Vaishno Bhojan Bhandar"
"CHADHA HOUSE","+ 91  9815811777","07, Duni Chand Road, Lawrence Road, Amritsar - 143001, Opp. Ganpati Tower"
"Punjab Dhaba","+ 91  183 5099162","Chowk Goal Hatti,I/S, Gali Arorian opp.yes bank, Amritsar - 143001, Hall Bazar"
"Mathura Chat","+ 91  9888839946","Shop Number 11/1, Lawrence Road, Amritsar - 143001, Near BBK DAV College"
"Marhura Ki Special Chat","+ 91  183 5008465","11/1 Lawrence Road, Amritsar - 143001"
"Al Fresco","+ 91  183 5025555","C/O Ramada, Hall Bazar, Amritsar - 143001, Near Golden Temple"
"R. K. Vaishno Bhojan Bhandar","+ 91  183 2292496","Shop No-6, INSIDE HALL GATE, Amritsar - 143001, Jt Kanhiya, Near Amrit Talkies, Hall Gate"
"CHAND DHABA","+ 91  9803144679","Amrit taki chownk, Amritsar - 143001, katra kanya"
"30 ML","+ 91  183 2400601","12, Avaas Lifestyle Hotel, Lawrence Road, Amritsar - 143001, Near Bansal Sweets, Near Dav College"
"Ravis Chicken Treat","+ 91  7837469616","Katra Kanhiya, Amritsar - 143001, Near Telephone Exchange"
"Walia corner shop","+ 91  9915141129","Shivala road, HUSSAINPURA, Amritsar - 143001, opp hotel deep"
"Tulip Food Plaza","+ 91  183 2532700","C/O Hotel R C Residency, Amritsar - 143001, Hussianpura Chowk, Near Bus Stand"
"Guru Di Hatti","","Amritsar - 143001, Lohar Gate"
"Ashok Kulche Wala","","Amritsar - 143001, B- Block Market, Ranjeet Avenue"
"BROTHERS DHABA","","Town Hall, Amritsar - 143001"
"Mathura chat","+ 91  9888319831","Shop no. 5, Shivala road, Amritsar - 143001, Near shivala crossing"
"Sandellas Flatbread Cafe","+ 91  7600417749","SCO 4, District Shopping Center, Ranjit Avenue, Amritsar - 143001, B Block"
"Hard Rock","+ 91  9988609591","H No 13-267, Lohgarh Gate, Katra Ahluwalia ,Amritsar,, Amritsar - 143001, Near Fun Cinemas"
"MEHAK FOOD PLAZA","+ 91  7508877077","Amritsar - 143006, OPP. STATE BANK OF INDIA"
"Sai Vaishno Bhandar","+ 91  9878972636","Gt Road,Amritsar, Amritsar Bus Stand, Amritsar - 143001, Near Gora Halwai"
"The One","+ 91  183 5061111","C/O BEST Western Merrion,45, District Shopping Complex, Ranjeet Avenue Block A, Amritsar - 143001"
"Dazzle","+ 91  183 5061111","C/O BEST Western Merrion, 45, District Shopping Complex, Amritsar - 143002, Ranjit Avenue, B Block"
"Sai Vaishno Dhaba","+ 91  183 2534069","2253/55, I/s beri gate, Amritsar - 143001, Near bhandari hospital"
"Rajesh Bhathura Bhandar","+ 91  9888474041","Shop Number 103-104, Shivala Road, Shivala Colony, Amritsar - 143001, Near Bhaiyan Shivala"
"Shankar Soya King","+ 91  8528387515","Shivala Railway Crossing, Shivala Colony, Amritsar - 143001, Near Shivala Mandir"
"All India Famous Amritsari Kulcha","+ 91  9815672759","Shop No 1, Basant Avenue, Maqbool Road, Amritsar - 143001, Purani Chungi"
"Somi Dhaba","+ 91  8556800229","Amritsar - 143001, Mahan Singh Gate"
"Krishna Snack Corner","+ 91  9878917996","75/76, MK Hotel Lane, Ranjit Avenue, Amritsar - 143001, Oppsite Mk Hotel"
"PUNJABI DHABA","+ 91  183 2535649","house No 2551, MAIN ROAD, Amritsar - 143001, street Kucha Mirza, Opposite State Bank Of India"
"SHANKAR DHABA","+ 91  9478439210","Shop Number 2, Shivala Road, Amritsar - 143001, Near Shivala Mandir"
"Kwality Restaurant","+ 91  183 2562049","Novelty Building, Naga Motors, Lawrence Road, Amritsar - 143001, Near Novelty Chowk"
"New quality veg & non-veg bar","+ 91  9814049213","New Quality Building, Batala Road, Amritsar - 143001, Near Prem RAI Hospital"
"H K Restaurant","+ 91  183 5063353","Hotel H K Continental, 41, Amritsar Bus Stand, Amritsar - 143001, Near Hussianpura Chowk"
"Zyka bhathure shop","+ 91  9517001090","Shop no : 9, Amritsar - 143001, Basant nagar"
"Fauzi Dhaba","+ 91  9876305021","Shop Number 21, Amritsar Bus Stand, Amritsar - 143001, I D H Market"
"Ranjit S. Kulche Wala","+ 91  9877122308","Bus Stand, Amritsar, Amritsar - 143001"
"Pahalwalan DA Vaishno Dhaba","+ 91  183 2235124","Chowk Mani, Inside Chatti Wind Gate, Amritsar, Amritsar - 143001"
"Raju Baba , Tarlochan Lalli Pu...","+ 91  9914043060","H No-16,17, Gali No-2, Amritsar - 143001, Guru Govind Singh Ngr, Gilwali Gate"
"New Zeland Natural","+ 91  9988873415","Ground Floor, C Tower. C Block, Ranjit Avenue, Amritsar - 143001, Old Jail Road"
"New Punjabi Rasoi Restaurant","+ 91  183 5060345","Mukherjee Marg, Amritsar - 143001, Near Jalliawalan Bagh"
"Apna Chulha","+ 91  9803971605","Gali Mangal Singh, Near Raj Tirath Niwas, Amritsar - 143001, Chowk Pragdass"
"Punjab Di Shaan","+ 91  9873024718","sharma coloney, Gali No 1, Amritsar - 143001, Nagar Nigam Colony, Near Galwari Gate"
"Sukhjot Dhaba & Guest House","+ 91  9914030000","ajnala road, Airport Road 1 km, Amritsar - 143001, Behind Petrol Pump, Village Heir"
"Sandhu Dhaba","+ 91  9872556230","Army Gate No.7, G T Road, Amritsar - 143001, Khasa"
"Rbg Restaurant","+ 91  183 6655555","Airport Road, Amritsar - 143001, Near Pal Chandra, Opposite International Airport"
"Facefood","+ 91  8284800226","Main Market, Rani Ka Bagh,Kachehri Chownk, Amritsar - 143001, opp. uppal hospital and SBI Bank"
"The Pizza Studio & The Brew Be...","+ 91  9780090314","SCO 116,1st Floor, B-Block Ranjit Avenue, Ranjit Avenue, Amritsar - 143001, Near Cafe Coffee Day"
"Thali Amritsari Food And Drinks","+ 91  7508570058","Fabara bala chownk,Dharam Singh Market, Golden Temple, Amritsar - 143006"
"R .B CHICKEN POINT","+ 91  8146904884","shop no 80, b block, Amritsar - 143001, behind kulcha land"
"Krishna Vaishno Dhaba","+ 91  9855066011","Main road, Circular road, Amritsar Bus Stand, Amritsar - 143001, Near Shera Wala Gate"
"Taal Restaurant","+ 91  183 2504610","M K Hotel District Shopping Centre Ranjit Avenue, Amritsar - 143001"
"Tummy Full","","85, Amritsar - 143001, Opposite M K Hotel, District Shopping Market, B-Block, Ranjit Avenue"
"Annpurna Veg Dhaba","+ 91  7508876792","64/374, Hotel Krishna Residency Amritsar,, Amritsar - 143001, Opposite Medical College"
"Republic Of Chicken","+ 91  183 2500530","85 Block-C,, Ranjit Avenue, Amritsar,, Amritsar - 143001, Near Post Office"
"Zyka Multicuisine Restaurant","+ 91  183 2555123","Golden Temple, Amritsar - 143006, Opposite Jallianwala Bagh,Above Subway"
"A One Snacks Corner","+ 91  9988940037","Booth Number 65 B Block, Ranjit Avenue, Amritsar - 143001, Opposite M .K Hotel"
"Dana Pani","+ 91  7508889519","Plot No 101, Ranjeet Avenue Block B, Amritsar - 143001, Opposite M K Hotel"
"Republic of Chicken","+ 91  183 5070007","17, Court Road, Amritsar - 143001, Mission Market, Opposite Doaba Automobiles, Near HDFC Bank"
"PARTAP DHABA","","Ranjit Avenue, Amritsar - 143001"
"NEELAMS","","Town Hall, Amritsar - 143006"
"swarn da dhaba","+ 91  9780373798","2, Gt Road, Amritsar - 143001, putlighar"
"The Green House","+ 91  183 2504610","C/O M K Hotel, District Shopping Centre,, Amritsar - 143001, Ranjit Avenue"
"Dynasty","+ 91  183 2504610","C/O M K Hotel, District Shopping Centre,, Amritsar - 143001, Ranjit Avenue"
"Taal","+ 91  183 2507917","M K Hotel, G T Road, Ranjit Avenue, Amritsar - 143001, C BlockDistrict Shopping Centre"
"Ziva All Day Dining","+ 91  183 5088888","C/O Holiday Inn, Ranjit Avenue, Amritsar - 143001, Near MK Hotel, District Shopping Centre"
"MX Doner","+ 91  8054024333","Sco-30, First Floor, Ranjit Avenue, B-Block,, Amritsar - 143001, Near Colour Lounge,"
"Santosh Chinese Food","+ 91  183 5061689","Shop No-471b, Amritsar - 143001, Basant Avenue Market"
"Gautam Food Corner","+ 91  183 2213970","3, Ground Floor, Circular Road, Amritsar Bus Stand, Amritsar - 143001, Opposite Governtment Medical College"
"Neelams","","Golden Temple Road, Amritsar - 143001"
"Neelams","+ 91  183 2532757","Amritsar - 143001, Near Jallianwala Bagh"
"PUNJABI RASOI","","Town Hall, Amritsar - 143001"
"Virsa Our Haritage","+ 91  9888011027","Amritsar - 143001, Nr. Jallianwala Bagh"
"rohan HELLO CHICKEN POINT","+ 91  8146181277","opposite Celebration Mall, Batala Road, Amritsar - 143001, near Celebration Mall"
"Sukh Eating Point","+ 91  9780464084","Batala Road, Amritsar - 143001, Near C-Mall"
"D.S DHABA FAST FOOD AND KULCHA","+ 91  7355282843","shop no 1, Batala Road, Amritsar - 143001, near celebration mall"
"Vaishno Bhojan Bhandaran","+ 91  9872258439","Ranjeet Avenue Block A, Amritsar - 143001, Near Parvati Devi Hospital"
"D.S. Restaurant","+ 91  8054077229","Batala Road, Amritsar - 143001, Opposite celebration mall"
"Red lion restaurant","+ 91  9018987609","Batala Road, Amritsar - 143001, Near mandir"
"Sahil food junction","+ 91  8284020209","main bazar, batala road, Amritsar - 143006, Near celebration mall"
"Amrit Dhabha","+ 91  9041336318","shop no. 7, Batala Road, Krishna Square, Amritsar - 143001, Opposite Celebration Mall"
"Simar Veg Chaamp","+ 91  8196057657","Batala Road, Amritsar - 143001, Near Celebration Mall"
"Lovely Food Point","+ 91  8437120422","Krishna Square, Krishna Square, Amritsar - 143001, Near Shivala Mandir"
"Meal Zone","+ 91  9478466600","Ground Floor, Celebration Mall, Batala Road, Amritsar - 143001, Inside Celebration Mall"
"Hot Land Restraurant","+ 91  183 2227629","Hot Land Restraurant, Shashtri Nagar,, Amritsar - 143001, Amritsar,"
"Gelato vinto","+ 91  8054888407","Celebration Mall, Batala Road, Amritsar - 143001"
"Mehra Guest House","+ 91  183 2291940","Mahna Singh Road, Amritsar - 143001, Near Golden Temple, Opp Guru Teg Bahadur College"
"Melting Pot","","The Celebration Mall, Batala Road, Amritsar - 143001"
"Punjabi Bawarchi","+ 91  7508936752","Shop no 1/47 Sarhaddi Complex, G.T Road, Amritsar - 143001, Near railway station"
"Spices Family Restaurant","+ 91  183 5012555","Adjoining Celebration Mall 1 Extention Mall Road,, Batala Road ,Amritsar,, Amritsar - 143001, Opposite H D F C Bank"
"Sabri Bhojan Bhandar","+ 91  9646928406","Shop Number- 319, Ramtirth Road, Putlighar Bazaar, Amritsar - 143002, Near RM Resort"
"Tondons Safeway","+ 91  8427078253","Ranjit avenue D-block market, Amritsar - 143001, Nr. Vishal mega mart"
"Manga chicken bar","+ 91  7508551724","Guru ram dass market, Amritsar Bus Stand, Amritsar - 143001, Opp.ghee mandi"
"Manav Food Corner","+ 91  9915858440","Shop Number- 9 & 10, Shakti Nagar, Amritsar - 143006, Shakti Nagar Chowk, Opposite Spicy Hut"
"Canadian Flames","+ 91  9779904884","123/1 ,, District Shopping Complex Ranjit Avenue ,Amritsar,, Amritsar - 143001, Near Bus Stand"
"Shank","+ 91  9872344408","Scf-3, C-block ranjit avenue, Amritsar - 143001, Nr. El dorado"
"New Zealand Natural Cafe & Res...","+ 91  183 5019333","Ground Floor, C Tower, Ranjit Avenue, Amritsar - 143001, C Block"
"Pappu Chicken Shop","+ 91  9592194166","Islamabad Nagar, Amritsar - 143001, Main Market, Near Putlighar"
"KWALITY WALLS SWIRLS","","Basant Nagar, Amritsar - 143001"
"radha swami vaishno dahba","+ 91  9915097221","ram Talayi Market, jalandhar Road, Amritsar - 143001, near Bus Stand Ram Talay Mandir"
"Eat Well Restaurant","+ 91  9914044330","18-C, C Block Market, Ranjit Avenue, Amritsar - 143001, Near Bhukhara"
"Burger Hut","+ 91  7355323648","449, Ranjit Avenue D Block, Ranjit Avenue, Amritsar - 143001, Near Kahlon Park"
"Sanjeev Kapoors Khajana","+ 91  183 5005504","Dsc Ranjit Avenue, Amritsar - 143001"
"Aristocrat Food Corner","+ 91  9569339034","H.No-09, Batala Road, New Pawan Nagar, Amritsar - 143001, Near Raja Video Hall"
"PUNJAB CHICKEN CORNER","+ 91  9888146580","SHOP NUMBER-101, Ranjit Avenue, Amritsar - 143001, Near Bukhaaraa Restaurant,C Block"
"Roger - The Taste Of Lahore","+ 91  9855032312","shop no.100-101, Ranjit Avenue C Block, Ranjit Avenue, Amritsar - 143001, Near Bukhara"
"Masala Nine Ten","+ 91  8437589451","Shop Number 607, Main Street, Basant Avenue, Amritsar - 143001, Near Trillium Mall"
"Masala 910","+ 91  9815097945","660, Circular Road, Basant Avenue, Amritsar - 143001, Near Trillium Mall"
"Khansama","+ 91  183 2220517","Lawrence Road, Amritsar - 143001"
"Chandni chowk to china","+ 91  8699633593","C block market, Ranjit Avenue, Amritsar - 143001, Ranjit avenue"
"Asian chicken corner","+ 91  9646463636","60, Vijay Nagar, Amritsar - 143001, Vijay Nagar Police Station"
"Shree Caterers","+ 91  9876015533","Vijay nagar, Vijay Nagar, Amritsar - 143001, Opposite Manjot Gas Agency"
"RAI Chicken","+ 91  9915045550","Nh1 ,, Amritsar,, Amritsar - 143001, Gt Road,"
"Manjit kulcha corner","+ 91  9915460828","Vijay nagar, Vijay Nagar, Amritsar - 143001, Near prem shoe makers"
"Babbu Punjabi Dhaba","+ 91  9855583939","H.No: 238, Mulechakk Covaters, Mulechaakk, Amritsar - 143001"
"Fun food","+ 91  9855525859","Opp Ganga building, G.T road , Putlighar, Amritsar - 143001"
"Apple Restaurant","+ 91  183 5050599","Batala Road, Amritsar - 143001"
"Amritsari L.S Lovely Dhabha","+ 91  183 5190732","Sultanwind, Amritsar - 143021"
"Dhillon Juice & Chinese Food","+ 91  9988363475","Amritsar Gpo, Amritsar, O/S Mahan Singh Gate, Amritsar - 143001"
"Simar Spicy Sqaure","+ 91  183 2703600","Sultanwind Road, Amritsar - 143001, Opposite Sharma Bakery"
"B R Food Plaza","+ 91  9888324288","Sultanwind Road, Amritsar - 143001, , Ajit Nagar Chowk, Near Sharma Corner"
"Amrit Dhaba","+ 91  9878690207","Shop Number 4777, Gt Road, Putligarh, Amritsar - 143002, Near Daily Needs"
"Gagan Dhaba","+ 91  9815179007","Gt Road, Putligarh, Amritsar - 143002, Near Khalsa College"
"Gagan dhaba","+ 91  9988591234","G. T road , Putlighar, Amritsar - 143001, Nr , Khalsa college"
"Amrit dhaba","+ 91  9878690207","G . T road Putlighar, Amritsar - 143001"
"Masala Art","+ 91  183 2422123","Majitha Road, Amritsar - 143001, Near Secret Heart School, Tunga Wali Puli"
"INDIAN BITES","+ 91  9815477174","Keep Fit Gym Building, Amritsar - 143006, AKHARA KALI"
"Airlines Food Court","+ 91  183 2590603","Ajnala Road, Amritsar Cantt, Amritsar - 143001"
"MAD ABOUT CHINA","","White Avenue, Amritsar - 143001"
"HARE KRISHNA BHOG BHANDAR","+ 91  9855901771","Chatiwind gate, Amritsar - 143001, Near raj cinema,near baba deep singh gurdwara"
"Kerla Food Corner & Store","+ 91  8725092025","Shop Number 12, E Block, Ranjit Avenue, Amritsar - 143001, Near Anand Park"
"INDIAN TADKA","","White Avenue, Amritsar - 143001"
"Amrit Dhaba","+ 91  183 5196036","G.t. Road, Amritsar - 143001, Nr Khalsa Coll For Women"
"Shiv Shakti Dhaba","+ 91  9855877558","129, City Centre, Amritsar - 143001, Opp. Bus Stand"
"Khanaiya Dhaba","+ 91  8146207139","69 Indra Colony Main Bazar, AMRITSAR - 143002, Amritsar"
"Sun Deck Patio","+ 91  183 2566618","47- A , Welcomheritage Ranjit's Svaasa, Amritsar - 143002, The Mall"
"Day and Night Restaurant","+ 91  7508786600","main batala road, Amritsar - 143001, Near Rishabh Autos"
"Som raj soei refreshment centre","","main bazar, 100 feet road, Amritsar - 143006, near hanuman mandir"
"Mahal Z Reataurant","+ 91  183 6555562","Plot Number- 1, Sultanwind Road, Amritsar Cantt, Amritsar - 143001, Karnail Singh Colony Opposite Property Road Near Punjab Na"
"Eat Well Inn","+ 91  9814039921","100 feet road, nr sultan wind road, Amritsar - 143002, Opp basant palace"
"Gauri Shankar and sons","+ 91  9592757777","Rialto Chowk, Amritsar - 143002, OPP head post office"
"Billa pehalwan da dhaba","+ 91  8437110474","Main bazar, TEHSIL PURA, Amritsar - 143002, OPP SANGAM CIENMA"
"Bawa Dhaba","+ 91  9888827832","Circular Road, Amritsar - 143002, Opposite Trillium Mall"
"Saroj Vaishno Dhaba","+ 91  9878035408","Jaslon Market, Gali No 4 Batala Road, Amritsar - 143002, Vijay Nagar"
"malhotra dhaba","+ 91  9914450480","Main bazar, Batala road, Amritsar - 143002, near celebration mall"
"Mahajan Chicken House","+ 91  9653048786","Batala Road, Amritsar - 143002, Near Celebration Mall"
"Garden Cafe","+ 91  183 2562424","C/O Hotel Grand,, Queens Road, Amritsar - 143002, Opposite Railway Station"
"AMAN DAHBA","+ 91  9781977028","shop Number- 288, main GT Road, Amritsar - 143002, near Bye Pass Chowk"
"Ashu kulcha land","+ 91  9418820555","Main bazar, 100 feet road, Amritsar - 143002, Near amritsar hospital"
"MADRAS MAIL","","White Avenue, Amritsar - 143002"
"Star Barrels","+ 91  8725031500","Shop no 4,5, Alpha One Mall, 2nd floor, Amritsar - 143002, Near hyatt hotel"
"Ees eel restaurant","+ 91  9988466913","Majitha road, Amritsar - 143001, Nr, shenai palace"
"Moonlight restaurant","+ 91  9988646737","Gate no. 3, G t road, Amritsar - 143001, Opp. Khalsa college"
"Moonlight Restaurant","+ 91  9501089261","G.T Road, Amritsar - 143001, Opp. Khalsa College, Gate No. 3"
"Krishna Sagar Foods","+ 91  183 5015757","Gt Road, Amritsar - 143001, Opposite Khalsa College Public School"
"Manbhavan Restaurant","+ 91  183 2227801","C/O Mohan International Hotel, Albert Road, Amritsar - 143002"
"Puja Floor Mills","+ 91  183 2524309","Mills Outside Gate, Bhagtanwala,, Amritsar - 143002"
"Thind Chicken Hut","+ 91  9876397510","Amritsar - 143002, Main Chowk, Kallu Da Akhara, Gate Bhagtan Wala"
"Deepankar Food Hut","+ 91  7508534514","Sher Shah Suri Road, Amritsar - 143002, Khandwala Chowk, Near Guru Nanak School, Opposite Vijay Book Depot"
"Amar Nath Sharma","+ 91  183 2275363","42, Amritsar - 143002, Kangra Colony"
"Evergreen Bakers & Restaurant","+ 91  183 5105172","Majitha Road, Amritsar - 143002"
"Punjabi Zayka","+ 91  9815388283","Amritsar - 143002, Near Gurdwara Sangat Sahib Ranjit Vihar,Loharka"
"Grand Sons Chaman Chicken Hut","+ 91  8566911457","Shop Number 11 Main Kachari Chownk, Amritsar - 143002, Opposite Sharma Dabha"
"Pitamber Family Restaurant","+ 91  183 2535555","In Front Of Bus Stand, Amritsar - 143002, Exit Gate"
"Punjabi nature","+ 91  8968886700","70,Kabir park, Gt Road, Amritsar - 143001, Opp GNDU"
"FOOD ON WHEELS","","Kabir Park, Amritsar - 143002"
"Tandoori Nights","+ 91  9988957284","Gt Road, Nh1, Amritsar - 143001, Opposite Alpha One Mall"
"Kulchawala","","Amritsar - 143001, Chungi"
"MAHARAJA CHICKEN","","GT Road, Amritsar - 143001"
"Bawarchis Basement","+ 91  9478596168","Scf 39/40, Kabir Park Market, Kabir Park Colony, Amritsar - 143002, Opposite GNDU"
"Canton Spice Express","+ 91  183 5097200","7 ,2nd Floor,, Alpha One Mall Food Court ,Amritsar,, Amritsar - 143001, Near Bus Stand"
"CREATIVE FOODS","","GT Road, Amritsar - 143001"
"AMRITSARI DIL SE","","Gt Road, Amritsar - 143001"
"CHAAT EXPRESS","","Gt Road, Amritsar - 143001"
"KATHI ZONE","","Gt Road, Amritsar - 143001"
"Kredtive food","+ 91  9915885353","Alpha one mall, Amritsar - 143001, G.T ROAD"
"Jannat food Pavalian","+ 91  8968805991","Fatehgarh Churian Road, G T road, Amritsar - 143001, Nr Spring Days School"
"Sharma Vaishno Dhaba","+ 91  183 2264282","Bye Pass, Amritsar - 143001, Verkha"
"Punjabi Dhaba","+ 91  9815193689","mukash nagar, gali no - 6D, Amritsar - 143002, Near Baba Beri Shah, Ghanupur Khandwala"
"Gautam food corner","+ 91  9988807703","opst,, medical college 3,, ground floor ,, circular road, Amritsar - 143101"
"Shansha Dhaba","+ 91  9988602325","Kathu Nangal Road, Majitha, Amritsar - 143601, Near Power House"
"G K Family Dhaba","+ 91  8569024616","Jalandhar Road, Majitha, Amritsar - 143601, Opp Sant Petrol Pump, Adda Daburji"
"Ruby Foods","+ 91  9357729261","8, Janpath market, Majitha, Amritsar - 143601, Majitha Road"
"Vaishno Budda Dhaba","+ 91  9646631317","majitha road, tungwalla, Majitha, Amritsar - 143601, Near Govt School, Pong Wala Chowk,"
"Balle Balle Dhaba","+ 91  9781122288","Atari Border Road, Near toll plaza,, chiddan, Amritsar - 143107, Near Rainbow Resort,"
"Jamba Restaurant","+ 91  9878210016","National Highway-1, Rayya, Amritsar - 143112, Opposite Gt Road"
"Lubhaye Di Hatti","+ 91  1853 222009","170 G.T. Road, Rayya, Amritsar - 143112"
"J K KULCHA KING","","GT Road, Amritsar"
