"Name","Phone","Address"

"An Essence Pvt Ltd","+ 91  11 33413254","G 68, M G Road Industrial Area, Ghaziabad - 201002, Near Hapur"
"Par Enterprises","","Gala No-30, Sheetal Induatrail State, Vasai East, Thane - 401208, Near Saibaba Temple"
"Rupal Mandhania","+ 91  712 2446339","Flat No 101, Plot No 102, Padma Sakha Apartment, Ramdas Peth, Nagpur - 440010, Near Dr Bisne Hospital"
"Magic Of Herbs","+ 91  9138198485","D 173, Ambala Cantt, Ambala - 133001, Near Red Rose Public School, Defence Colony"
"Vasa Global Company","+ 91  22 25080011","RNJ Corporate 502, Khokhani Lane, Ghatkopar East, Mumbai - 400077, Next To Samrat Hotel"
