"Name","Phone","Address"

"Bajrang Logistics","+ 91  22 28502550",""
"K K Transport","+ 91  22 38529981",""
"Aarya Logistics Solutions P...","+ 91  22 38542689",""
"Chirag Cargo Carrier","+ 91  22 38560213",""
"B Kumar Transport","+ 91  22 38596572",""
"Shri Swastik Transport","+ 91  22 38550868",""
"Harshvardhan Cargo Express","+ 91  9322607799",""
"Fleetxpress Cargo","+ 91  22 38523172",""
"Shree Radhe Krishna Logistics","+ 91  22 38569254",""
"Akshat Logistics","+ 91  9323111041",""
"Tata Packers & Movers India","+ 91  22 69932218",""
"Balaji Logistics","+ 91  22 38520753",""
"Bhanu Roadlines","+ 91  22 38525767",""
"Lalji Mulji Transport Company","+ 91  22 38594281",""
"M P Assam Roadways","+ 91  22 27834539",""
"Shree Sanju Shetty Transpor...","+ 91  22 38534334",""
"Nilanjana Freight Carriers","+ 91  22 38566622",""
"Sejal Cargo Carriers","+ 91  22 38539453",""
"Shree Ganesh Logistics","+ 91  22 38530127",""
"Marudhar Logistics","+ 91  22 38545168",""
"Arc Trans Logistics","+ 91  22 38537840",""
"Shree Bombay Gujarat Roadways","+ 91  22 38595137",""
"Pooja Transport Corporation...","+ 91  22 38541100",""
"TCI Freight","+ 91  22 32478426",""
"Nitco Roadways Pvt Ltd","+ 91  22 23755102",""
"D Two D Express Cargo","+ 91  22 28470025",""
"Kartar Carriers Pvt Ltd","+ 91  9920449997",""
"Patel Transport Service","+ 91  22 22065952",""
"The Srs Logistics","+ 91  9324067123",""
"Deccan Transport","+ 91  22 65701368",""
"Jabalpur Golden Transport Company","+ 91  22 28515594",""
"Shri Balaji Roadways India Ltd","+ 91  22 23736280",""
"Nisha Roadways Pvt Ltd (Head O...","+ 91  22 41632222",""
"Balaji Roadlines","+ 91  9414045178",""
"Speed Cargo Express","+ 91  22 25135375",""
"Bombay Patna Roadways","+ 91  2522 281863",""
"Laxmi Goods Carrier H O","+ 91  22 23781992",""
"Savani Transports Pvt Ltd","+ 91  22 28192771",""
"Express Transport","+ 91  9323551465",""
"Agarwal Transport Corporation","+ 91  22 23709824",""
"DXL Cargo Forwarders","+ 91  22 38536627",""
"Express Roadways Pvt Ltd","+ 91  22 27666551",""
"Redson Transport Agency","+ 91  9892317120",""
"Hariom Logistics Pvt Ltd","+ 91  22 27897745",""
"Brijda Roadlines Pvt Ltd","+ 91  22 24140201",""
"Bangalore Bombay Trasnport Com...","+ 91  22 23471778",""
"Delux Transport","+ 91  22 27651461",""
"Ganesh Transport Corporation","+ 91  9224171100",""
"Singh Logistics Service","+ 91  22 32990318",""
"Reliable Transport Corporation","+ 91  22 27672085",""
"Vaishnavi Xpress Cargo Pvt Ltd","+ 91  22 23473790",""
"Shree Shyam Trailor Transporter","+ 91  22 27424799",""
"SAI Cargo Logistics Pvt Ltd","+ 91  22 23757562",""
"Manmohan Transport Services","+ 91  9323801784",""
"Smart Next Cargo","+ 91  9324819123",""
"Roadwings International Pvt Ltd","+ 91  22 29200296",""
"Mahesh Cargo Movers","+ 91  22 26473236",""
"Indo Arya Central Transport Ltd","+ 91  22 23708568",""
"Jai Mata Di Transport Company","+ 91  8108017219",""
"Satish Cargo Carriers","+ 91  22 27421841",""
"City Link Logistics","+ 91  9321557797",""
"Bipin Transport Pvt Ltd","+ 91  22 24036132",""
"Sahara Logistics Packers & Movers","+ 91  22 32996012",""
"Ajay Roadways/Speed Transport ...","+ 91  22 23742613",""
"U P Golden Transport Service","+ 91  2525 272343",""
"Logistics Mind","+ 91  22 32514093",""
"Nisha Roadways Pvt Ltd","+ 91  22 27634717",""
"Pradeep Roadlines","+ 91  22 28521586",""
"Kaushal Roadways","+ 91  22 32635521",""
"Max Transline","+ 91  22 21722020",""
"Mata Prasad Logistics","+ 91  9702608673",""
"Alpha Cargo Express Pvt Ltd","+ 91  22 28596741",""
"Pradeep Road Lines","+ 91  9820802599",""
"My Express Courier & Cargo","+ 91  7738890621",""
"Prabhat Air Express And Tracko...","+ 91  9890397701",""
"Prabhat Carriers","+ 91  22 23719066",""
"Pravin Roadways","+ 91  22 23771710",""
"Orange Rail Cargo","+ 91  9322537487",""
"Abhinav Transport Corporation","+ 91  2522 329668",""
"Om Transport Co","+ 91  22 25430856",""
"Abhinav Transport india Pvt Ltd","+ 91  22 25898152",""
"Sangeeta Transport","+ 91  9004870417",""
"Reliable Transport Corporation","+ 91  22 27712150",""
"Sharma Logistics Solution PVT LTD","+ 91  22 27424042",""
"Lirin Roadlines Pvt Ltd","+ 91  22 27423677",""
"Shakti Roadlines","+ 91  9821250737",""
"Vaishnavi Transport Company","+ 91  9619363636",""
"Movers and Packers","+ 91  22 28292744",""
"A 1 Transport Service","+ 91  9820202037",""
"Badshah Transports Company","+ 91  22 66491077",""
"P India transport","+ 91  9730381573",""
"M P Bombay Transport Carriers","+ 91  22 23791412",""
"Kamat & Co (Corporate Office)","+ 91  22 22611485",""
"Galaxy Roadlink","+ 91  22 24046701",""
"Panam Packers & Movers (H O)","+ 91  22 23778181",""
"FLYING GREEN CARRIERS (REGD)","+ 91  2522 320781",""
"Kon Logistics Private Limited","+ 91  7710930388",""
"Kismat Clearing Agency","+ 91  22 23423016",""
"Disha Roadways","+ 91  22 32262596",""
"Tanishq Roadlines","+ 91  22 27899402",""
"Naveen Transport Corporation","+ 91  22 27802475",""
"Sona Packers & Movers","+ 91  22 27871181",""
"Pilania Road Carriers","+ 91  22 27801713",""
"Prashant Tempo Service","+ 91  8655701516",""
"Shiv Shakti Logistics","+ 91  8097441136",""
"Icon Freight & Logistics","+ 91  22 32713971",""
"Best Logistics Mumbai","+ 91  22 25433744",""
"Kataria Logistics","+ 91  22 20632093",""
"Speed Roadways Pvt Ltd","+ 91  22 27563768",""
"Green Logistic","+ 91  22 28701470",""
"World Touch Courier","+ 91  22 66292458",""
"Agarwal Car Transportation Pvt...","+ 91  9950792123",""
"Fast Track Logistics","+ 91  9821029496",""
"Sai Logistics","+ 91  22 32419439",""
"Samarth Roadlines","+ 91  22 28255464",""
"City Transport Service","+ 91  22 26733593",""
"Amit transport","+ 91  9987733476",""
"Moosa Services Company","+ 91  22 23482714",""
"Indore Cargo Carriers","+ 91  22 23725461",""
"Reliable Trans & Impex Service...","+ 91  22 40326786",""
"Deepak Packers N Movers","+ 91  22 25825242",""
"R S Carriers","+ 91  22 66395765",""
"Durga Freight Solutions","+ 91  22 40057794",""
"Shree Ganesh Courier Services ...","+ 91  22 23455538",""
"Suvidha Roadlines","+ 91  22 23774415",""
"Nisarg Road Carriers Pvt Ltd","+ 91  22 66151796",""
"Aditi Cargo Movers","+ 91  8879543892",""
"Hari Om Freight Carriers Pvt Ltd","+ 91  22 23702849",""
"Ishwarlal Madanlal & Company P...","+ 91  22 40544054",""
"Logistics Transporter","+ 91  9664726730",""
"Kumar Transport","+ 91  9860579500",""
"FAST TRACK LOGISTICS","+ 91  2522 646143",""
"Union Roadways Corporation","+ 91  22 27830391",""
"Sekar Express Rail Cargo Servi...","+ 91  22 24071848",""
"Balaji Cargo Packers And Movers","+ 91  22 25459346",""
"Shree Shyam Tempo Carriers","+ 91  22 32226832",""
"Puneet Cargo Packers & Movers","+ 91  22 25388713",""
"New Bharat Transport Carrier","+ 91  9867727772",""
"All India Transport Corporation","+ 91  22 25440192",""
"Haresh Transport services","+ 91  9819287870",""
"Konkan Roadlines","+ 91  22 25822510",""
"Global Packers & Movers","+ 91  22 27544282",""
"Magic Pack and move","+ 91  9892422399",""
"Goodluck Cargo Movers","+ 91  22 27898801",""
"Nirmala Transport Corporation","+ 91  22 27667241",""
"Om Transport Agency","+ 91  22 27652170",""
"Kings Logistics","+ 91  22 32274888",""
"D P S India Logistics","+ 91  8108200101",""
"Prabha Transport","+ 91  22 27781633",""
"Shree S N Logistics","+ 91  9321337557",""
"D Mariya Packers & Movers H O","+ 91  22 25774080",""
"Munoth Transport Company","+ 91  22 27453591",""
"Sanjay Commercial Carriers","+ 91  22 28852449",""
"J B Carriers & Movers Pvt Ltd","+ 91  22 25093333",""
"Packways Pvt Ltd","28523064",""
"Lily Water Suppliers/Jyotiba T...","+ 91  22 28195896",""
"Bhandari Interstate Carriers","+ 91  22 28513475",""
"Neha Transport Service","+ 91  9892685914",""
"Pushpak Cargo Agency","+ 91  22 28203256",""
"Crown Packers","+ 91  22 28245220",""
"Mayfair Enterprises/Sumaro Int...","+ 91  22 28302736",""
"Perfect Pack And Movers","+ 91  22 26501945",""
"Mac Roadline","+ 91  22 25541393",""
"Shree Ganesh Road Carriers","+ 91  22 26840774",""
"Babji TRAVELS & TRANSPORTS","+ 91  9923085125",""
"Deepak Packer N Movers","+ 91  22 32977204",""
"Binod Transport Services","+ 91  22 24179641",""
"Always Logistics","+ 91  9320707788",""
"Aparna Packer & Mover Co","+ 91  22 66004149",""
"Yash Roadlines","+ 91  22 23771434",""
"Mudit Roadways","+ 91  22 23714194",""
"Bafna Transports India","+ 91  22 23771970",""
"Durga Freight Logistics","+ 91  22 23772715",""
"Mangalam Cargo Movers","+ 91  22 23754004",""
"Deepa Cargo","+ 91  22 32909748",""
"Sonu Cargo Movers India Pvt Ltd","+ 91  22 66338471",""
"Goel Road Carriers","+ 91  9820037921",""
"Economic Freight Carriers","+ 91  22 65840639",""
"Om Shanti Roadways Pvt Ltd Mas...","+ 91  22 23433366",""
"Kanpur Agra Transport Corporation","+ 91  22 23744941",""
"Maruti Goods Movers","+ 91  22 22038583",""
"Buhariwala International Reloc...","+ 91  22 22644610",""
"Devdatta Agency","+ 91  22 22652250",""
"Kotak Forwarding Agency","+ 91  22 22695237",""
"Skyline Cargo Agents Pvt Ltd","+ 91  22 22622846",""
"Huda Local Transport","+ 91  9768574808",""
"High Speed Trans Line","+ 91  22 23714998",""
"Singh Trailer Services","+ 91  22 27425407",""
"Shiv Logistic","+ 91  22 25892968",""
"Anjani Carrying Corporation","+ 91  22 27424177",""
"Capital Cargo Services","+ 91  22 38570882",""
"Globus Roadways","+ 91  22 27425039",""
"Sunny Road Lines & Cranes Serv...","+ 91  22 38532095",""
"Bombay Goods Transport Garage","+ 91  22 25540462",""
"Wasan Roadways","+ 91  9870158436",""
"Indian Overseas Cargo Carriers...","+ 91  22 22625766",""
"Kamal Road Carriers","+ 91  9324957479",""
"Mishra Road Lines","+ 91  2522 245314",""
"Trade Link Cargo Movers","+ 91  22 39863194",""
"TempoGO","+ 91  9168640168",""
"Kiran Transport Pvt Ltd","+ 91  2522 272585",""
"Unique Transport Service","+ 91  9821024967",""
"GLOBE Relocation Services","+ 91  22 32248666",""
"Safe Packers And Movers Pvt Ltd","+ 91  7045517979",""
"National Packers & Movers","+ 91  22 25370056",""
"Seacon Cargo Movers","+ 91  22 27422901",""
"Tirupati Balaji Packers & Movers","+ 91  22 65003351",""
"Excel Services","+ 91  22 25449466",""
"Best Cargo Packers And Logistic","+ 91  9833942977",""
"Barkha Logistic","+ 91  22 21730562",""
"Satguru Cargo & Logistics Service","+ 91  22 25479955",""
"Nanak D J Transport Services","+ 91  22 25384360",""
"Jodhpur Freight Movers","+ 91  22 25446783",""
"Western Roadways Organisation","+ 91  22 25810112",""
"Tiburon Transports","+ 91  8450946594",""
"Bhavani Metro Link","+ 91  22 64109725",""
"Durga Carrying Corporation","+ 91  22 25454266",""
"Seacon Packers And Movers","+ 91  9320167636",""
"Balaji Express Logistics","+ 91  22 25402708",""
"Divya Packers & Movers","+ 91  22 25440003",""
"Kerala Bombay Movers","+ 91  9322210922",""
"M Trans Logistics","+ 91  9322329289",""
"Indraprasth Fleet and Cargo Pr...","+ 91  22 26836631",""
"Jai Trans Logistic (Regd)","+ 91  22 25329002",""
"All India Cargo Carriers","+ 91  22 27541110",""
"N S Hussaina Logistics & Services","+ 91  22 25611515",""
"Daman Carriers","+ 91  22 25902222",""
"INDIAN GOODS CARRIER","+ 91  22 40242341",""
"Godara Cargo Carriers","+ 91  22 32272288",""
"a p logistic pvt ltd","+ 91  8451859752",""
"Premier Cargo Carrier","",""
"Mudgil Packers & Movers","+ 91  22 23791597",""
"Apollo Cargo Carriers Pvt Ltd","+ 91  9820316584",""
"Vikas Freight Movers","+ 91  22 32663427",""
"Ever Green Transport Pvt Ltd T...","+ 91  22 27891316",""
"G.T.B.Trailor Service","+ 91  22 27426577",""
"Cpmc Relocation & Logistics Pv...","+ 91  22 27895931",""
"ASP Freight And Logistics","+ 91  22 65353666",""
"Ideal Car Carrier","+ 91  9819268899",""
"Shree Mahvir Goods Carriers","+ 91  22 27422677",""
"Sangam Road Carrier","+ 91  22 27888653",""
"India Cargo Carrier","+ 91  22 27802165",""
"Om Sai Transport","+ 91  9323527112",""
"Hyderabad Instant Transport Co...","65190619",""
"Scc Packers & Movers","+ 91  22 27421671",""
"Nagwan Express Logistics Pvt Ltd","+ 91  22 27424485",""
"Shree Om Roadways","+ 91  9320146643",""
"Shri Baba Amirgiri Transport","+ 91  22 25779534",""
"Satguru Tradelinks Pvt Ltd","27709683",""
"GSG worldwide express","+ 91  250 6102059",""
"Baba Mungipa Logistics Pvt Ltd","+ 91  9702848000",""
"Twin city Express","+ 91  9702731786",""
"Diamond Road Lines","+ 91  22 28456604",""
"Raviraj Transport","+ 91  9820289049",""
"R S Gaikar","+ 91  22 40151691",""
"Kamalson Cargo Movers & Packer...","+ 91  22 25785911",""
"Global Home Packers & Movers (...","",""
"Omvidya Packers & Movers","+ 91  9870489343",""
"Angel Logistics","+ 91  9322480279",""
"SAI Ram Packers & Movers","+ 91  22 2923570",""
"Jodia Trucklines","+ 91  22 25137812",""
"Libra Home Packers & Movers","+ 91  22 28369119",""
"safe packers and movers","+ 91  7303305001",""
"Associated logistics","+ 91  250 6061014",""
"Dharamraj Packers & Movers","+ 91  9870470455",""
"Shri Krishna Krupa","+ 91  22 25143008",""
"Siddhi Vinayak Express","+ 91  9820822705",""
"Aggarwal Roadlines","+ 91  2522 3291860",""
"Just 2 search Packers and Move...","+ 91  9773668668",""
"Carfax Packers & Movers","+ 91  22 66932888",""
"Amit Transport Corp","+ 91  22 28476080",""
"Vaishanavi Cargo","+ 91  9004047244",""
"Anirudh Shipping Agency","+ 91  9892618744",""
"Diamond Packers & Movers","+ 91  22 25106421",""
"Humble Packers & Movers","+ 91  22 25164772",""
"Canara Packers & Movers","+ 91  22 23453198",""
"Indians CARGO Moves","+ 91  22 69900001",""
"Sakhi Dattar Logistic","",""
"Super Packers & Movers","+ 91  22 32606083",""
"S R Packers & Movers","+ 91  9322411503",""
"Neelam Home Packers & Movers","+ 91  22 25182321",""
"Transport India Bombay Andheri...","",""
"Saket Carrying Corporation","+ 91  22 22931357",""
"A One Transport Corporation Ex...","+ 91  22 28264676",""
"A One Transport Corporation Ex...","+ 91  22 28264676",""
"Speedage Express Cargo Service...","",""
"Bombay Goods Freight Carriers","+ 91  22 40824444",""
"Balaji Freight & Shipping Company","+ 91  22 28521586",""
"Asain Packers & Movers","+ 91  9821026433",""
"Jac Air Services Pvt Ltd","+ 91  22 28323522",""
"Local Packers & Movers","+ 91  9821048953",""
"Cargo Pulse Services Pvt Ltd","+ 91  22 40236967",""
"Pearl Shell Agencies","+ 91  22 28253524",""
"Speedy Freight Systems","+ 91  22 67587777",""
"Brijpal Roadlines","+ 91  9821231575",""
"Tilco Roadlines","+ 91  22 28246390",""
"Abhay Packers and Movers","+ 91  7738793023",""
"Swift Cleford Agency Pvt Ltd","+ 91  22 28375625",""
"M K Roadlines","+ 91  9820027828",""
"A 1 Triambhakeshwar Transport ...","+ 91  22 65614524",""
"Commercial Carriers PVT LTD","+ 91  22 42640548",""
"SB.TRANSPORT","+ 91  9773103215",""
"Shri Ganesh Tempo Service","+ 91  9619771847",""
"Trancevay Roadlines","+ 91  22 25546786",""
"Greenway Haulers","+ 91  22 26397722",""
"A N Logistics","+ 91  9820208230",""
"Asian Packers & Movers","",""
"Poonam enterprises","",""
"M V Patel & Co","+ 91  22 24036125",""
"Sai Daya Transport","+ 91  9224388068",""
"Speedz Logistic Pvt Ltd","+ 91  22 26614261",""
"Arti Enterprises","+ 91  22 32522339",""
"B Kumar Transport","+ 91  9324309114",""
"Reshmi Creations","",""
"Gunjan Transport Service","+ 91  22 24087191",""
"Dhrumit Transport Company","+ 91  22 24018288",""
"Crystal Roadways","+ 91  9892512900",""
"H B Roadlines","+ 91  22 24186490",""
"B M Associates","+ 91  22 24125712",""
"Associated Cargo Movers & Pack...","+ 91  22 26870793",""
"Overmars Cargo & Forwarder","+ 91  22 26511047",""
"Samir Roadlines","+ 91  22 65146202",""
"Upadhyay Transport","+ 91  9004055965",""
"Lala Tempo Services","+ 91  9820998735",""
"Airman Transport","+ 91  22 24156629",""
"Paras Packers and Movers","+ 91  22 24984242",""
"Hariji & Sons","+ 91  22 23001529",""
"Victory Home Packers & Movers","23774242 CO PROVIDES 2 %",""
"Mohit Roadlines","+ 91  22 32983689",""
"Ananaya Logistics Pvt. Ltd.","+ 91  9892704777",""
"Victory Home Packers & Movers H O","23774242 CO PROVIDES 2 %",""
"Shri Dolat Transport Corporation","+ 91  22 23713377",""
"Everest Home Packers & Movers","+ 91  22 23752837",""
"Pradeep Hiring Service","+ 91  22 23740265",""
"Sai Packers & Movers","+ 91  22 23704422",""
"Aco Logistics","+ 91  22 23736786",""
"Aqdas Maritime Agency Pvt Ltd","+ 91  22 40747174",""
"Kbs Forwarding Agents","+ 91  22 32443138",""
"Chamundi Packers & Movers","+ 91  22 23730604",""
"Shyam Transport Corporation","+ 91  22 23778373",""
"Indo Bangla Road Carriers","+ 91  22 23790953",""
"Vinus Movers & Packers H O","+ 91  22 23721682",""
"Garg Transport Company","",""
"Golden Carrying Corporation","+ 91  22 23714003",""
"Assam Transport Services","+ 91  22 23739951",""
"Balaji Packers & Movers","+ 91  22 23480646",""
"Javita Freight Carrier","+ 91  9323333404",""
"Skyland Road Carriers/Sky Pack...","+ 91  22 23770357",""
"Eastern Cargo Mover Pvt Ltd","+ 91  22 23721490",""
"Surendra Logistics Pvt Ltd","+ 91  22 23737192",""
"Parasmani Roadlines Pvt Ltd","+ 91  22 32526316",""
"Patel Warehousing Corporation ...","+ 91  22 23486389",""
"Shree Hari Cargo Forwarders","+ 91  22 23710878",""
"Reetu Roadlines Pvt Ltd","+ 91  22 43333222",""
"STANDARD TRANSPORT SOLUTIONS P...","+ 91  22 43476932",""
"Rishi Goods Carriers","+ 91  22 23751967",""
"Asian Transport Corporation","+ 91  22 23456456",""
"N G Joshi Clearing & Forwardin...","+ 91  22 66548686",""
"Trans Sea Services","+ 91  22 23726118",""
"Jain Carriers","+ 91  22 66356979",""
"MA Om Parivahan Pvt Ltd","+ 91  22 24036402",""
"Agarsons Road Carriers Corpora...","+ 91  22 23775135",""
"New Howrah Transport Company","+ 91  22 23751988",""
"Mahak Transport Corporation","+ 91  22 32268101",""
"AUDYOGIK TRNSPORT CO.","+ 91  22 23720983",""
"Economic Freight Carriers","+ 91  22 23455380",""
"Shree Somnath Carriers/Shree S...","+ 91  22 24022181",""
"Trans Home Necc Ltd","+ 91  22 66317261",""
"Ujjwal Roadlines","",""
"Choudhary Roadlines Corporation","+ 91  22 23475220",""
"Gtc Corporation","+ 91  22 23446725",""
"Interways Packers & Movers","+ 91  22 23438954",""
"Jayco Roadlines","+ 91  22 23412924",""
"Saroj Roadlines","+ 91  22 23770787",""
"A P Logistics","+ 91  22 66350857",""
"STATE CARGO PACKERS AND MOVERS...","+ 91  9303433309",""
"1st Flight Cargo Packers & Movers","+ 91  9619426468",""
"Versatile Logistics India Pvt Ltd","+ 91  22 22696666",""
"Oriental Packers & Movers Pvt Ltd","+ 91  22 22699891",""
"Tlw Total Logistics Worldwide","+ 91  9833439717",""
"Accord Freight Lines PVT LTD","+ 91  22 66595566",""
"PREMIER ROADWAYS","+ 91  2525 272690",""
"Hargange Cargo Movers","+ 91  8149586868",""
"Noor Mohammad Transport","+ 91  2525 272263",""
"SAI KHUSHI TRANSPORT CO","+ 91  8806880280",""
"Budhiraja Goods Transport Co","01126368640",""
"Bhagwati Express Pvt Ltd","01203061495",""
"Goyal Road Carrier","23977134",""
