"Name","Phone","Address"

"Shiv Cargo Packers & Movers","+ 91  9988439637",""
"Bombay Jalandhar Tpt Co Regd","+ 91  183 6541783",""
"Janhvi Packers And Movers","+ 91  9915141906",""
"Singh Transport Service","+ 91  183 6530233",""
"Radhika Freight Carrier","+ 91  183 6545219",""
"Shiv Barfani Road Line","+ 91  183 2585041",""
"Shiv Om Packers And Movers","+ 91  9780932838",""
"Shree Ganesh Transport","+ 91  7071315914",""
"Vinayak Transport Company","+ 91  9794073598",""
"Riya Transport Company","+ 91  9169121737",""
"Quaudiri Roadways pvt ltd","+ 91  8447875969",""
"Maa Kali Packers & Movers","+ 91  8948789487",""
"S R Transport","+ 91  7754808024",""
"South India Transport","+ 91  8933977155",""
"Satyam Transport","+ 91  9559730706",""
"Chankaya Cargo Movers","+ 91  8791607484",""
"Shiv Packers & Movers","+ 91  9415795775",""
"Return Trucks","+ 91  8019017919",""
"Safexpress Pvt Ltd","+ 91  9311113113",""
"Best India Road Transport","+ 91  9552649778",""
"STPM Logistic LLP","+ 91  9953582615",""
"Bhola Packers & Movers","+ 91  8563834474",""
"State Cargo Packers And Tra...","+ 91  9569531895",""
"Chd Tamil Nadu Roadways","+ 91  9216370395",""
"Vimal Logistics","+ 91  265 3261175",""
"New Talwandi Transport Company","+ 91  9779795785",""
"Sanjay Transport Agency","+ 91  341 2440979",""
"Safe & Fast Logistics Packe...","+ 91  181 4609105",""
"Basra Transport Packer & Mover","+ 91  8699959111",""
"Jai Chandra Packers & Movers","+ 91  8171701790",""
"Xpress India","+ 91  9136892388",""
"Royal India Logistiics Xpres","+ 91  422 4367841",""
"Xpress India","+ 91  11 33077378",""
"Reliable Cargo Packers And ...","+ 91  7104 690330",""
"Janta Transport Corporation","+ 91  161 4626173",""
"Shivam Logistics","+ 91  9023051340",""
"Mohan Packers and Movers","+ 91  9827156722",""
"Globe Q.T.S. Transport Company","+ 91  1493 220347",""
"Sanjay Containers Services","+ 91  9843438045",""
"Regular Logistics","+ 91  9555573338",""
"Delhi Gorakhpur Transport","+ 91  512 2640071",""
"New Sona Road Lines","+ 91  731 3383596",""
"National Trailor Movers","+ 91  657 2360124",""
"Quilon Transport","+ 91  4257 222150",""
"Sheetal tranport packers an...","+ 91  8423859490",""
"New Mahaveer Transport Company","+ 91  7879545454",""
"Deep Transport Co","+ 91  591 2310771",""
"Shubham Roadlines","+ 91  9422974000",""
"Marandi Transporters","+ 91  9701193746",""
"Transport Nagar","401561",""
"Kanpur Bareilly Forwarding ...","+ 91  9837111133",""
"Golden Cargo Movers","+ 91  9302121786",""
"Global Packers & Movers","+ 91  9827193084",""
"Malik Transport Company","+ 91  9416061327",""
"Nagpur Bombay Carriers","+ 91  9039003115",""
"S N Logistics","+ 91  9320015754",""
"Ballu Roadways","+ 91  9993599900",""
"Redbox Courier & Cargo Pvt Ltd","+ 91  8658422171",""
"Shri Krishna Packers And Mo...","+ 91  751 4081432",""
"Jaipur Golden Transport Compan...","+ 91  183 5099026",""
"V Trans India Limited","+ 91  183 3291504",""
"TCI XPS","+ 91  9569068534",""
"TCI Freight","+ 91  183 3258121",""
"Safexpress Centre","+ 91  183 5060996",""
"Associated Road Carriers Ltd","+ 91  183 2584106",""
"Nitco Roadways Pvt Ltd","+ 91  183 2555308",""
"Uppal Transport Company","+ 91  9914953333",""
"New Guru Nanak Transport Co","+ 91  9814300676",""
"Sawera Cargo Movers","+ 91  9356003831",""
"Raj Transport Co Pvt Ltd","+ 91  183 2581804",""
"Madhur Highways","+ 91  183 3291504",""
"Punjab Feight Carriers P Ltd","+ 91  183 2584430",""
"A K Malhotra & Sons","+ 91  183 2560171",""
"New Suraj Transport Co Pvt Ltd","+ 91  183 2555075",""
"Bharat Mini Transport","+ 91  183 2586659",""
"Gfc Logistics Regd","+ 91  183 2702400",""
"Randhawa Freight Carriers","+ 91  183 5059981",""
"TCI Freight","+ 91  9356491634",""
"Sharma Transport Co","+ 91  183 6050066",""
"Radhika Packing & Mover","+ 91  183 6545219",""
"The Dashmesh Freight Carriers","+ 91  9256657776",""
"Nishat & Malwa Transport PVT LTD","+ 91  183 2555595",""
"Sahil Cargo Service","+ 91  9855754221",""
"North Eastern Carrying Corpora...","+ 91  183 2705936",""
"New Amritsar Delhi Goods Carriers","+ 91  183 2557085",""
"Baba Deep Singh Mini Transport","+ 91  183 2588900",""
"Safe And Fast Logistics Packer...","+ 91  9356114504",""
"Dinesh Roadways Packer And Mover","+ 91  9780881517",""
"Dinesh Roadways Packer And Mover","+ 91  9803118832",""
"Dream Travel & Transporter","+ 91  183 3199000",""
"A S Roadlines","+ 91  183 2581812",""
"NAV Jyoti Transport Carriers","+ 91  9316472572",""
"Rajesh Goods Carriers","+ 91  9357585540",""
"Bansi Transport Company","+ 91  183 2552326",""
"Sodhi Road Carrier","+ 91  9814553117",""
"Charan Dass Painter","+ 91  183 2551030",""
"harman carry transport co","+ 91  183 2345678",""
"Indo Arya House","+ 91  183 2702366",""
"Allied Packers & Movers","+ 91  9316752530",""
"Chohan Transport Co","+ 91  9463192177",""
"Maninder Walia Mini Transport","+ 91  9779881233",""
"William Motor","+ 91  9592387984",""
"Majha Roadlines","+ 91  183 5009277",""
"sohal transport","+ 91  7508372237",""
"Dios Travel","+ 91  9256571111",""
"parinder singh","+ 91  9988652927",""
"Kumar Transport Co","+ 91  183 5056001",""
"Kalgidhar Mini Transport","+ 91  183 2702123",""
"Shivam transport","+ 91  9803000565",""
"Walia mini transport","+ 91  9356009599",""
"Punjab mini transport","+ 91  9815153947",""
"Chhina punjab transport","+ 91  9888880538",""
"M.B.Road lines","+ 91  9653311138",""
"Goldan Tempo Transport Co.","+ 91  183 2581277",""
"Mani Auto","+ 91  9780251981",""
"Agility Logistics Pvt Ltd","",""
"Sahib Goods Carrier","+ 91  9878797490",""
"Sugam Parivahan Ltd","+ 91  183 5015577",""
"Sant freight carriers","+ 91  9464430971",""
"shivdeep transport company","+ 91  9915331335",""
"Kumar Transport","+ 91  183 2534450",""
"New Surya Transport Co","+ 91  9915007974",""
"Punjab Golden Mini Transport","+ 91  183 5051313",""
"Jeevan Transport","+ 91  8283010665",""
"Bhera Cargo Movers","+ 91  7814215954",""
"dabalal jana lotus","+ 91  9413692494",""
"Ambala Goods Booking Agency","+ 91  9878818701",""
"East India Transport Agency","+ 91  9316860151",""
"Economic Transport Organisation","+ 91  9357591777",""
"I.R.C.India Ltd.","+ 91  9317568446",""
"Jet Roadways Goods Carriers","+ 91  9216521376",""
"Jwalajee Pathankot Transport C...","+ 91  9814096718",""
"M.P. Roadlines","+ 91  9463248370",""
"North West Roadlines Pvt. Ltd.","+ 91  9501569986",""
"Singla Roadways","+ 91  7696080009",""
"Suraj Road Carriers","+ 91  9317519828",""
"Adarsh Car Transport Company","+ 91  9988838445",""
"Harman Freight Carrier","+ 91  9872489153",""
"G.M.G.Transport & Construction...","+ 91  9872105910",""
"Puri Road Line Transporter","+ 91  9814246777",""
"Mahashakti Cargo Movers","+ 91  9336345817",""
"bunty transport","+ 91  9323777833",""
