"Name","Phone","Address"

"The ICFAI University","+ 91  183 5005221","Sco-26,2nd Flr, Distt Shopping Centre, Amritsar - 143001, B-Blk,Ranjit Avenue"
"Institute of Engineering & ...","+ 91  9649906019","North Extension MIA Alwar, Alwar - 301001, MIA Alwar"
"Dronacharya Group","+ 91  9001099110","Dronacharya Tower, F 799, Main Road Shastri Nagar, Bhilwara - 311001"
"The Edge","+ 91  353 6521353","Reshmi Apartment, 1st Floor, Ashutosh Mukherjee Road, College Para, Siliguri - 734001, Opposite Siliguri College"
