"Name","Phone","Address"

"Pharma General Traders","+ 91  183 2555532","Katra Sher Singh, Amritsar - 143006"
"Pharma Machines & Polymers","+ 91  183 2588373","228, Mehta Rd, Amritsar - 143001, Focal Point"
"Pharma Sales","+ 91  1858 2544619","1350/10, Kucha Dal Khana, Raja Sansi, Amritsar - 143101"
"Hundal Dental Traders","+ 91  183 2572009","Majitha Road, Amritsar - 143001, Opp ENT Hospital, Near Doctor Complex"
"Hardeep Traders","+ 91  9888844440","Shop Number 12 Jahaj Ghar, G T Road, Amritsar - 143001, Near N N Dharam Kanda"
"K B Traders","+ 91  9780449952","C 325, GT Road, Pratapnagar, Amritsar - 143006, Opposite Dashmesh Modern School"
"Ganpati Traders","+ 91  183 3293247","941 Katra Baghian Street Ranjodh Singh, Amritsar - 143002, Backside Ramada Hotel"
"Air India","+ 91  183 2210021","39- A, Court Road, Amritsar - 143001"
"SARDAR PAGRI HOUSE TRADERS","+ 91  183 2552052","Ssss. Market, Batala Road, Amritsar - 143002, Opp Celebration Mall"
"dhir General store","+ 91  8427452625","shop no :4, Main bazar, Amritsar Bus Stand, Amritsar - 143001, Near Bus stand"
"Reliance General Insurance Com...","+ 91  183 3982610","S.C.O. 122, C-Block, Ranjit Avenue, Opposite Amritsar Improvement Trust Complex, Amritsar - 143001"
"Rashmi Traders","+ 91  9465383315","Amritsar - 143002, Opposite Car Parking, Fish Market, Hall Bazar"
"Anil Traders","+ 91  9779750311","No. 46b,, Mall Road,, Amritsar - 143002"
"Shri Krishna Pharma","+ 91  183 5012746","Shop No-3, Gali Deputy Aziz Din, Amritsar - 143001, Katra Sher Singh,Krishna Medicine Mkt"
"Sardar Pagri House Traders","+ 91  183 2270101","SSS Market, Batala Road, Amritsar - 143001, Opp. Celebration Mall"
"Gulati General Store","+ 91  183 2549798","1st Floor, Hall Bazar, Amritsar - 143001, Opposite Sanyo Showroom, Near Mahajan Kulfi Wala, Hall Bazar"
"Chandan Drugs Pharma","+ 91  288 2500052","Plot M-27, Amritsar - 143002, Gate Number- 3, Green Avenue,Near Holiheart School"
"ICICI Lombard General Insuranc...","18002098888","2nd Flr, K K Towers, Sco 31, Amritsar - 143001, Distt Shopping Centre, Ranjit Avenue"
"Jyoti Traders","","Majitha Mandi, Amritsar - 143006"
"Bajaj Allianz General Insuranc...","+ 91  183 5050670","Sco-31, K K Towers,Distt Shopping Cplx, Ranjit Avenue, Amritsar - 143001"
"SAI Nath Traders","+ 91  9888252640","Lane No 12, Pawan Nagar, Plot 5, Amritsar - 143001, Batala Road"
"The Jain Homoeopathic Pharma","+ 91  183 2554469","Pink Plaza Market, Amritsar, Amritsar Road, Amritsar - 143001, Out Side Of Hall Gate"
"Baba Naga Rice & General Mills","+ 91  183 2275466","Sun Sahib Rd, Chheharta Railway Station, Amritsar - 143105"
"Cheap General Stores","+ 91  183 3240094","Pultighar, main bazar, Amritsar - 143002, Inside bazar"
"HDFC Ergo General Insurance Co...","+ 91  183 3988350","Ranjit Avenue, Amritsar - 143001"
"Sharda Traders","+ 91  9872819441","Main Batala Road, Amritsar - 143001"
"Gulati General Store","+ 91  7087937272","Hall Bazar, Amritsar - 143001"
"Bharat Traders","+ 91  183 2226510","Amritsar, Punjab, Court Road, Amritsar - 143001"
"KIM TRADERS","+ 91  9988913242","Queens road, Amritsar - 143001, Near country inn hotel"
"Ganpati Traders","+ 91  183 2536245","Katra Sher Singh, Amritsar - 143006, Opposite Khera College"
"Lebon Pharma","+ 91  183 3951860","Katra Sher Singh, Amritsar - 143006"
"Sachdeva Traders","+ 91  9876615363","Ravi DAS Rd, Amritsar - 143001, Opp Jail Gali, Hall Bazar"
"National Traders","+ 91  183 2558412","Hall Bazar, Amritsar - 143001, CHOWK FARID"
"Arora traders","+ 91  9814977123","Sh no 161, New market, Amritsar Bus Stand, Amritsar - 143001, Hussain pura Chownk"
"Mahajan Ports & General Stores","+ 91  183 2544242","Chowk Bijli Hall Bazar, Amritsar, O/S Hall Gate, Amritsar - 143001, Opp Kairon Market"
"Chimnis General Merchants & St...","+ 91  183 2544270","hall bazar rs tower, Hall Bazar, Amritsar - 143001, Near Ramada hotel"
"Shree Hari Trader","+ 91  9256076509","Shop No. 51, Amritsar Bus Stand, Amritsar - 143001, Bus Stand, Shaheed Bhagat Singh Market"
"Reliance General Insurance Co.Ltd","+ 91  9876140409","Outside Lohgarh Gate, Amritsar - 143001"
"Bhagwati Pharma","+ 91  183 2306873","Katra Sher Singh, Amritsar - 143006"
"Bharti AXA General Insurance C...","+ 91  183 3081100","Sco- 32, Second Floor, Pal Plaza, Amritsar - 143006, District Shopping Centre, Ranjeet Avenue"
"N S Traders","+ 91  183 2549355","123, National Dhaba Building, Amritsar - 143001, Opposite Bus Stand, Near Sangam Cinema City Centre"
"Textile Traders","+ 91  183 2522203","Ramlohori Gate, Amiritsar, Amritsar - 143001"
"Prabhat Pharma","+ 91  183 5004067","Shop Number-1, Building Number- 68, Katra Sher Singh, AMRITSAR - 143006, Medicine Market, Near Subhash Park"
"Laxmi Traders","+ 91  183 5065938","Shop No-161, G T Road, Amritsar - 143001, Ram Talai"
"NEO Herbs Pharma","+ 91  183 2744014","Vpo Jethuwal, Amritsar - 143001"
"Manish Traders","+ 91  183 2556665","Shop Number- 9, Amritsar - 143001, Saluja Market, Guru Bazar, Bazar Sabunia"
"Shivam Traders","+ 91  9915770708","2, Batala Rd, Amritsar - 143001"
"MAHAJAN GENERAL STORE","+ 91  9815687007","Shop no.5,basant nagar, KASHMIR AVENUE CHOWNK, Gopal Nagar, Amritsar - 143001, NEAR GOPAL MANDIR"
"Amritsar Traders","+ 91  183 2272393","Main Batala Road, Amritsar - 143001, Near Navjot School,Krishna Sweets"
"BHAGWATI TRADERS","+ 91  183 2581090","SHOP 25, 100 FEET ROAD, Mohan Nagar, Amritsar - 143006, OPP AMRITSAR HOSPITAL"
"HR Traders","+ 91  9872836324","Chowk No.2 Market Hall Bazar,Dist Amritsar, Amritsar - 143002"
"khanna Plywood Traders","+ 91  183 6542003","na, queen road, Amritsar - 143001, mission chownk near dwapar"
"G.r traders","+ 91  183 2547204","Gali number 2, Main Bazar, Majitha Mandi, Amritsar - 143006, main chownk"
"BHATIA GENERAL STORE","+ 91  183 2292572","Shop no 161, new Clock Tower Market, Golden Temple, Amritsar - 143006, opp. Shani Mandir"
"Gagan Pharma","+ 91  183 5010107","inside hall gate,khana market, Katra Sher Singh, Katra Sher Singh, Amritsar - 143006"
"Bajaj Traders","+ 91  183 2554828","Hall Gt.,,"
"GENERAL MOTORS","+ 91  9988223399","Shop no 117 A, court Road, Amritsar - 143001, OPP.swani motors"
"bharat traders","+ 91  9888370707","3, court Road-Amritsar GPO, Amritsar - 143001, Opposite doaba"
"Bharat Traders","+ 91  183 2272396","Tung PAI Lane, Batala Road,, Amritsar - 143001"
"INTERNATIONAL TRADERS","+ 91  183 2225175","46, Court Road, Court Road, Amritsar - 143001, Near petrol pump"
"a b traders","+ 91  9463965883","main bazaar, railway link road, Amritsar - 143001, near shiv mandir"
"Allied Tea Traders","+ 91  183 2222749","No-47, Rose Avenue Civil Albert Road, Amritsar - 143001"
"M/S Tubewell Traders","+ 91  183 2226173","No-19, Queens Road, Amiritsar, Amritsar - 143001"
"INTER NATIONAL TRADER","+ 91  9855227781","SHOP NO 46, COURT ROAD, Amritsar Kutchery, Amritsar - 143001, Near bhandari bridge"
"KIM Traders","+ 91  9988287871","Amritsar Gpo, Amritsar, Queens Road, Amritsar - 143001"
"Tubewell Traders","+ 91  9888309007","Amritsar Gpo, Amritsar, Queens Road, Amritsar - 143001"
"Simrat trader","+ 91  183 2224428","main bazar, Near 22 no phatak, Amritsar - 143001, Near khalsa college"
"Boi Pharma","","Schea No. 2, Katra Sher Singh, Amritsar - 143104"
"Naresh general store","+ 91  183 2227902","shop Number- 22/6, G T Road, Amritsar - 143001, opposite Railway Station"
"HIGHWAY TRADERS","+ 91  9814051355","Shop no-3, Goal Bagh, Amritsar - 143001"
"Evergreen Auto Traders","+ 91  183 2551333","Pultighar, Amritsar, G T Road, Amritsar - 143001"
"Vicky General Store","+ 91  9988193526","Shop No 1, Railway Road, Amritsar - 143001, Near Grp Thana"
"V H S Traders","+ 91  9914718420","Amritsar - 143001"
"Bhatia general store","+ 91  8054977101","23, Amritsar - 143001, Batala road"
"Ramesh Steel Traders","+ 91  183 2552253","Fish Market, Amritsar - 143001, Old Mewa Mandi"
"J M Traders","+ 91  9417103523","Amritsar - 143001, Burj Baba Phullia Singh"
"Narang Traders","+ 91  183 5090992","78 Daya Complex, Amritsar - 143001, Outside Hall Gate,"
"Shrijan Pharma","+ 91  9814004181","Amritsar - 143001"
"Satguru Traders","+ 91  183 2534714","Amritsar - 143001"
"Shivam Oil Traders","+ 91  9855025496","Shop No 109,, Height Market,, Amritsar - 143001"
"Ganesh Traders","+ 91  183 2263240","42, Tirath Nagar, Batala Road, Amritsar - 143001"
"Bandhu Pharma","+ 91  183 2558929","No.5, B D Market, Amritsar, Amritsar - 143001"
"Abhi General store","+ 91  9653869493","Shop no :11, Amritsar - 143001, Sunder nagar"
"Shahil Traders","+ 91  9988899200","Amritsar ,, Amritsar - 143001"
"Narang Rice & General Mills","+ 91  9356000615","Amritsar - 143001, Surinder Pal Singh"
"Naresh General Store","+ 91  9780247043","shop no. 2, Fatehgarh Churian Road, Amritsar - 143001, rattan singh chownk"
"Harish General Store","+ 91  183 2548151","Is, Ram Bagh, Airport Road,, Amritsar - 143001"
"Gupta general store","+ 91  8968703544","Shop no :4, Amritsar - 143001, Bus stand"
"Aggarwal Traders","+ 91  183 3208547","260, East Mohan Nagar, Amritsar - 143001"
"Arora General Store","+ 91  9988809306","Shop no. 1, Guru nanak avenue, Amritsar - 143001, Ooposite Gurudwara"
"Aar Kay Traders","+ 91  183 2710741","Churian Road, Fatehgarh,, Amritsar - 143001"
"Harman general store","+ 91  8427277210","Shop no :5, Amritsar - 143001, Sarifpura"
"Humed Pharma","+ 91  183 2560377","No.A-3, Canal Road, Amritsar - 143001"
"Kanishka Shawl Traders","+ 91  9781514825","Shop No-244-245-246 1st Floor, Amritsar - 143001, Luthra Market, Near Golden Temple, Chowk Passian"
"Dhanjal Traders","+ 91  9356017994","H No 41b, Guru Amar Dass Avanue, Amritsar - 143001, Anjala Road"
"Bhatia General Store","+ 91  9888844367","Main bazaar, Gali no. 1,majitha road, Amritsar - 143001, Gopal nagar"
"Vijay Textiles Traders","+ 91  183 2584182","1st Floor,, S W Road Amritsar ,Feet Road, Amritsar,, Amritsar - 143001, Near Old Octroi Naka"
"MG TRADERS","+ 91  9814050873","SHOP NO.9, OLD JAIL ROAD, Amritsar - 143001, COCA-COLA DEPOT"
"Ariana Afghan Airlines","+ 91  183 2565150","C/O Hotel Ritz Plaza, 45 The Mall, Amritsar - 143001, mall road"
"Amrit General Store","+ 91  9815033400","Shop No 11-12, New Idh Market, Amritsar - 143001, Near Bus Stand"
"Ayush Pharma","+ 91  183 2545197","Harman Market, Amritsar, Amritsar - 143001"
"Cure Pharma","+ 91  9815262376","41- Industrial Estate, P.O. Rayon & Silk Mills, Chheharta, Amritsar - 143001"
"R R Traders","+ 91  183 2551944","Shop no-119, Amritsar - 143001, Idh Market , near bus stand"
"Khan General Store & Reena Bea...","+ 91  9781140010","Wahla Bazar, Amritsar - 143001, Near Kanwal Jewellers, Ramdass"
"Chhabra General Store","+ 91  183 5063942","Shop No: 105, Idh Market, Amritsar - 143001, Near Bus Stand"
"Karan Jewellery & General Store","+ 91  9872624142","Shop No 14 15, Amritsar - 143001, New I D H Market Opp Bus Stop"
"General Air Conditioners","+ 91  183 2546614","Hall Bazar,, Amritsar - 143001"
"B.S. GENERAL STORE","+ 91  9872601056","Amritsar - 143001, Guru Teg Bahadur Market Rayya Mandi"
"Jigar Traders","+ 91  9815850639","Amritsar - 143001, Near Mata Chintpurni chowk"
"Guru Kirpa Traders","+ 91  183 5065956","Shop No 1b, Shaheed Bhagat Singh Market, Amritsar - 143001, New Idh Market"
"Sharma Traders","+ 91  183 2203779","Amritsar - 143001, Avtar Nagar"
"Raj Traders","+ 91  9417271288","Amritsar - 143001"
"Mani Traders","+ 91  9888716503","25, Amritsar - 143001, Nr Power House,Main Bzr Mustfabad"
"Sharma General Store","+ 91  9888318396","#249, Avtar avenue,majitha road, Amritsar - 143001, Near Gurdial Property Dealer"
"J S Traders","+ 91  7837774322","10/741 ,, Main Road ,Tarntaran Road, Amritsar,, Amritsar - 143001, Near Post Office"
"R.S. Traders","+ 91  183 2223726","Amritsar - 143001, Bhagat Singh Chk"
"Swami general store","+ 91  9915929514","Shop no : 13, Amritsar - 143001, Custom chownk"
"Namdhari Timber Traders","+ 91  9646644167","Cheel Mandi, Amritsar - 143001"
"Lakshmi Oil Traders","+ 91  183 2545713","1094/6, Gali Dhab Wasti, Amritsar - 143001"
"Mahajan general store","+ 91  9914950641","Main bazar, Amritsar - 143001, Sunder nagar"
"M M Traders","+ 91  9988423094","I/S Mahan Singh Gate, Amritsar - 143001, O/S Mission Compound"
"General Boot House","+ 91  183 2557070","Shop Number-62, Amritsar - 143001, Katra Jaimal Singh, Near State Bank Of Patiala"
"Chhabra General Store","+ 91  183 2530942","I D H Market,, Amritsar - 143001"
"SAI Traders","+ 91  183 2555531","651, 2nd Floor, Nirmal Building, Amritsar - 143001, Karmon Deori Chowk"
"A K Pharma","+ 91  183 2544766","No.9, G R D Market, Amritsar - 143001"
"ICICI Lombard General Insuranc...","+ 91  183 3018000",": Sco-31, 2nd Floor,, K K Towers, Ranjit Avenue, District Shopping Cent, Amritsar - 143001"
"Bansal Iron Traders","+ 91  183 2291471","Mandir Marg, Amritsar - 143001"
"Naveen Traders","+ 91  183 2292421","28, S Gandhi Market,, Amritsar - 143001"
"Maha Shakti General Store","+ 91  9855203468","Gali No 1, Choura Bazar, Amritsar - 143001, Sultanwind Road"
"P S Traders","+ 91  183 2559753","3, Gupta Mkt, Karmon Deori, Amritsar - 143001"
"Saini Traders","+ 91  9779053786","Shop No 62, Corporation Market, Amritsar - 143001, Hathi Gate"
"The Taanish Traders","+ 91  9988319037","16 Deep Enclave, Near Canal, Amritsar - 143001, Gt Road"
"Shiv Sagar Traders","+ 91  183 5009068","G R D Market,, Amritsar - 143001"
"Barnala Traders","+ 91  9317572410","Amritsar - 143001"
"Aarvee Traders","+ 91  9988554489","Office 1, New Green Field, Amritsar - 143001, Majitha Road"
"New Yamuna Traders","+ 91  183 5064769","37/2, Hide Market, G T Road, Amritsar - 143001"
"Narinder General Store","+ 91  9888275731","New Pawan Nagar, Main Bazar, Amritsar - 143001, Near Gali No: 8, Batala Road"
"Shref Bava LAL Ji Traders","+ 91  9357585125","615, Amritsar - 143001, Universal Enclave"
"A P Traders","+ 91  9815483640","Suvidhaa Sewa Kendra, Amritsar - 143001, Hardev Singh Bal Nagar Opp HDFC Bank Ajnala"
"Guru Nanak General Store","+ 91  9815340244","Amritsar - 143001, Chowk Chheharta"
"Mudhal Traders","+ 91  9876430060","Amritsar - 143001"
"Shree Ram Pharma","+ 91  183 2549264","Amritsar - 143001, Opposite Ramgarhia School, Cheel Mandi"
"Singh Traders","+ 91  9914243123","Amritsar - 143001, Hall Bazar, Katra Baghian"
"Indian Trade & General Industries","+ 91  9316985002","34 Gokul Ka Bagh 100 Ft Road, Amritsar - 143001"
"Calcutta Chorme & General","+ 91  183 2546030","Shop No 343 Trading Co Kt Kanhaya, Amritsar - 143001"
"Jain Traders","+ 91  183 6543693","Kashmir Road, Amritsar - 143001, Navkar Nets Embroidery"
"Ak Traders","+ 91  183 2547244","158, Idh Market, Near Bus Stand, Amritsar - 143001"
"Ess Kay Traders","+ 91  183 3299481","Cooper Road, Amritsar - 143001"
"Shree dhar trader","+ 91  9501034751","Kanak mandi, Kt. Mit Singh, Amritsar - 143001"
"R.D. Traders","+ 91  183 2582925","Amritsar - 143001, Saini Complex"
"Maharaj Traders","+ 91  9814523745","Shop Number-72, Amritsar - 143001, Near Town Hall, Opposite Raymond Showroom, Katra Jaimal Singh"
"Dhananjay Pharma","+ 91  183 2291440","No.6, G R D Market,, Amritsar - 143001"
"Sona Traders","+ 91  183 2210756","10/741 ,, Furniture Market, Katra Sher Singh ,Amritsar,, Amritsar - 143001, Near Police Post"
"Pee Aar Traders","+ 91  183 2558207","I D H Market,, Amritsar - 143001"
"A P Pharma","+ 91  183 2558089","No.5, Harman Market,, Amritsar - 143001"
"A S Traders","+ 91  183 2273662","Krishna Nagar, Amritsar - 143001"
"Hargobind Plastic & General Goods","+ 91  183 2531950","Shop Number- 130 & 131, Amritsar - 143001, New I D H Market"
"Rai general store","+ 91  8054182580","Shop no : 55, Amritsar - 143001, Bus stand"
"P P Traders","+ 91  183 2292283","103, Amritsar - 143001, Nr Bus Stand, Idh Mkt"
"Gagan Vet Pharma","+ 91  183 5069885","Gali Kucha Dai Khana,, Amritsar - 143001, Katra Sher Singh"
"S R Traders","+ 91  183 2552432","Amritsar - 143001, Bagh Jhanda Singh, Majith Mandi, Near Burji"
"Hari Om Traders","+ 91  9335022334","70, Amritsar - 143001, Moden Town Strret"
"Alfa Traders","+ 91  9888530531","49, J K Tower, Amritsar - 143001, The Mall"
"Ganpati Traders","+ 91  9878623317","14, Vishkarma Nagar, Amritsar - 143001, Opp Deva Singh Sham Singh Rice Mill"
"Delhi Timber Traders","+ 91  183 2554028","Amritsar - 143001, Cheel Mandi. near bus stand"
"Shiva Traders","+ 91  9815084621","Shop No 23b, New Idh Market, Amritsar - 143001, Near Bus Stand"
"Paavan Traders","+ 91  9814056858","6 Sheheed Bhagat Singh Market, Amritsar - 143001, Bust Stand"
"Chohan Pharma","+ 91  183 5006821","No.5, B D Market,, Amritsar - 143001"
"Sharma general store","+ 91  9780375001","Shop ko :45, Amritsar - 143001, Hussainpura,bus stand"
"H S Traders","+ 91  9988503926","Shop No.8, Mc Market, Amritsar - 143001, O/S Gate Bhagatawala"
"Great Pharma","+ 91  9815268354","Amritsar - 143001, Kucha Dal Khana, Katra Sher Singh"
"H S Traders","+ 91  183 2551553","Shop Number- 1144/6, Amritsar - 143001, Dal Mandi"
"General Electrical Manufacturi...","+ 91  9876074656","262,, East Mohan Nagar,, Amritsar - 143001"
"Shishu Traders","+ 91  9478896394","999v-7, Gali Bhawrian, Bazar Chowk Baba Sahib, Amritsar - 143001"
"Champion Traders","+ 91  183 2230145","73, Amritsar - 143001, New Pratap Nagar"
"Dinesh Traders","+ 91  9872819479","Hno 2216/12, Katra Sher Singh, Amritsar - 143001"
"V P Rogantak Pharma","+ 91  183 5016057","106, Tilak Nagar, Amritsar - 143001"
"JAI Kissan Agro Traders","+ 91  183 2701669","Mohan Building, Old Jalandhar Octroi Post, Gt Road,, Amritsar - 143001"
"Ashish general store","+ 91  9888140557","Shop no : 55, Amritsar - 143001, Maqbool road"
"Rajasthan textile traders","+ 91  9815365040","Katra Ahluwala Road, Amritsar - 143001"
"Yogesh Traders","+ 91  183 2555675","Shop Number- 731/6, Amritsar - 143001, Kanak Mandi, Dhab Wasti Ram"
"J K Traders","+ 91  183 5018217","Gali No.1, Guru Gobind Singh Nagar, Amritsar - 143001, Opp. Dargah Wali Gali, Batala Road"
"Shakti Traders","+ 91  9855442573","Amritsar - 143001, Kechehri Chk"
"Terene Traders","+ 91  183 2543043","1st Floor Kt Jaimal Singh, Amritsar - 143001"
"Dharam Traders","+ 91  183 2548880","3265, Amritsar - 143001, Near Bank Of India, Katra Baghian"
"Monu general store","+ 91  9646744354","Amritsar - 143001, Rani bazar"
"Anish Pharma","+ 91  183 2555944","No.1, Mahajan Market,, Amritsar - 143001"
"Sai general store","+ 91  8557876794","Shop no :66, Opp bus stand, Amritsar - 143001, Bus stand"
"Mandeep Traders","+ 91  183 2544058","Guru Nanak Market,, Amritsar - 143001"
"Ankur Traders","+ 91  9872967431","Amritsar - 143001, Near Golden Temple Road, Chowk Fountain Wala"
"Jagdambey Traders","+ 91  183 2525876","Amritsar - 143001, near jamnadass tel wal,dhab basti ram,bazar lohara wala"
"Vee Emm Traders","+ 91  183 2235459","Amritsar - 143001, Opp. Shani Mandir"
"Reliance General Insurance","+ 91  183 3220014","122 Ranjit Avenue, Amritsar - 143001"
"Pal Traders","+ 91  9781998546","73-74, Kot Mite Singh, Bhai Manj Singh Road, T T Road, Amritsar, Amritsar - 143001"
"Pal Gift Centre & General Merc...","+ 91  9915323259","27b, Amritsar - 143001, Idh Market"
"Ravi Textile Traders","+ 91  8427272867","Lahori Gate, Near Baker Mandi, Amritsar - 143001"
"Shri Krishna General Store","+ 91  9914315639","#92, Janta colony,ranjit avenue, Amritsar - 143001, Near shiv mandir"
"Vinayak Traders","+ 91  183 2426775","Majitha Road, Amritsar - 143001"
"Deepak General Store And Ready...","+ 91  9592074566","Anjala Road, Chogawan, Amritsar - 143001"
"Matharu Timber Traders","+ 91  9872069833","Cheel Mandi, Amritsar - 143001"
"Rawlley General Store","+ 91  183 2553027","Amritsar - 143001, Behind R S Tower, Katra Baghian, Near Swera Travels"
"Batala Steel Traders","+ 91  9872138254","Tanda Road, Amritsar - 143001"
"Aarvee Traders","+ 91  9988735767","Office 1, Near Green Field, Amritsar - 143001, Maiitha Road"
"Supreme Trader","+ 91  9357118980","Goal Bhag Asr, Amritsar - 143001"
"Pardesi General Store","+ 91  9417107516","Shop Number-17-18-A, Amritsar - 143001, Idh Market, Near Bus Stand"
"Avinash Traders","+ 91  183 2557149","Amritsar - 143001, Gandan Wala Bzr"
"Hardip general store","+ 91  8872376185","Shop no :11, Amritsar - 143001, Shivala road"
"Appu General Store","+ 91  9872218699","Shop no. 7, Nagina avenue,majitha road, Amritsar - 143001, Near Gurudwara Sahib"
"k k Traders","+ 91  9814919794","Canadeen avenue market market, opp mall road, Amritsar - 143001, aveneue market"
"Chawla Traders","+ 91  9815273299","Goal Bagh, Pul Pauriyan,, Amritsar - 143001, Opp. Chatwal Petrol Pump,"
"RS ARORA GENERAL STOTE","+ 91  9915748490","Shop no 378, M M MALVIYA ROAD, Amritsar - 143001, Near Hero Agency"
"R S Arora General Store","+ 91  9779457369","378, M.M.MALVIYA ROAD, Lawrence Road, Amritsar - 143001, Opp company bagh"
"Bajaj Traders","+ 91  9815975215","Amritsar - 143001, Insaid Sarai Sant Ram, Outside Hall Gate"
"M. R. Traders","+ 91  9217925451","Pink Plaza Market, Amritsar, O/S Hall Gate, Amritsar - 143001, Near Bhandari Bridge"
"Shergill General Store","+ 91  9855085996","Shop no : 15, Main bazar, Basant Avenue, Amritsar - 143001, Income tax office,Maqbool road"
"Honey Traders","+ 91  9811461434","Shop No 71, Pink Plaza Market Amritsar, Amritsar - 143001"
"delta fresh traders","+ 91  9988384740","Shop number 51, ground floor, nehru shopping complex, Lawrence Road, Amritsar - 143001, Near chaupati restaurant"
"The Jain Homoeopathic Pharma","+ 91  183 2556777","Mahna Singh Road, Amritsar - 143001, Nr Jallianwala Bagh"
"R S SANGAT POLICE GENERAL STORE","+ 91  7837897786","O/s hall gate, Hall Bazar, Amritsar - 143001, Near bhandari bridge"
"mahajan general store","+ 91  9876605598","gali No. 3, Gt Road, Amritsar - 143001, Model town"
"Ranjit General Store","+ 91  9888341453","Pink Plaza Market, Amritsar, Amritsar Road, Amritsar - 143001, Outside Hall Gate"
"KANWAL TRADERS","+ 91  183 2549265","o/s Hathi gate, Hathi Gate, Amritsar - 143001, Near Amrit motors"
"Aggarwal oil traders","+ 91  9780644715","Hide market, Amritsar - 143001, Near SD.waryam hospital"
"aggarwal general store","+ 91  9888331163","model town, Mcleod Road, Rani Ka Bagh, Amritsar - 143001, Near model town mandir"
"H.S. GENERAL STORE","+ 91  9646516267","McLeod road, Rani ka bagh, Amritsar - 143001, Opp. Gupta bakery"
"Sharma General Store","+ 91  9779908626","Shop no. 5, Model Town,, Amritsar - 143001, Opp. Golden Tulip Hotel"
"national general store","+ 91  183 2211236","Shop no.6, opposite verka booth, Amritsar - 143001, near mata ka mandir"
"Omega Links Traders","+ 91  9803518371","Plot Number-598,Shopping Complex, Lawrence Road, Amritsar - 143001, Above Durga Ice Cream"
"Radhika Pharma Distributors","+ 91  183 2210213","379, Gali Number-2, Amritsar - 143001, Model Town Near Amandeep Hospital"
"Shivam Oil Traders","+ 91  183 2534601","109, Amritsar - 143001, Hide Market"
"anand trader","+ 91  9855652216","Na, ali Baksh Road, Amritsar Bus Stand, Amritsar - 143001, hide Market"
"parnami Traders","+ 91  183 2557226","shoP Number- 21, 22 & 23, Chitra talkies road, Amritsar - 143001, Main road"
"S K Belting Traders","+ 91  9876596276","37, Chitra Talkies Road, Amritsar - 143001"
"Satnam Traders","+ 91  183 5051245","Shop No-35,2nd Floor,Nehru Shopping Complex, Lawrence Road, Amritsar - 143001"
"Shiv Shakti Traders","+ 91  9815577836","Main Road, Katra Sher Singh, Amritsar - 143006"
"Shashwat Traders","+ 91  183 2560933","24-25,Nehru Shopping Cplx, Lawrence Road, Amritsar - 143001"
"Sunny General Store","+ 91  183 2000261","Lawrence Road, Amritsar, Lawrence Road, Amritsar - 143001"
"Remco Traders","+ 91  183 3203899","Lawrence Road, Amritsar - 143001"
"Noble traders","+ 91  9888972737","Katra sher singh, Amritsar - 143001, Near regent cinema"
"S D Pharma","+ 91  183 5058852","1405, Katra Sher Singh, Amritsar - 143006, Kucha Dai Khana"
"Sa Sanctifier Pharma","+ 91  9417277462","Shop No-3 1st Floor Swami Market, Katra Sher Singh, Amritsar - 143006"
"Vijay Medical And General Supp...","+ 91  183 2546372","64 katra sher singh, Katra Sher Singh, Amritsar - 143006, Medicine Market"
"Satyam Pharma","+ 91  183 5050346","Shop No-3, Katra Sher Singh, Amritsar - 143006, Dhanguru Ramdas Market, Gali Kuchha Dai Khanna"
"Joshi Pharma Chemist & Druggists","+ 91  183 2553557","2056/12, Katra Sher Singh, Amritsar - 143006, Kucha Daikhana, Hall Bazar"
"P S Traders","+ 91  9888544913","Shop No: 12, Gali Karmon, Katra Sher Singh, Amritsar - 143006, Near Telephone Exchange, Khanna Market, Katra Jaimal Singh"
"Union Pharma","+ 91  183 2543686","Katra Sher Singh, Amritsar - 143006, Kucha Dai Khana,Near Hall Bazar"
"Aman Pharma","+ 91  183 5093136","Katra Sher Singh, Amritsar - 143006"
"Bhalla traders","+ 91  8284972121","Katra sher singh, Katra Sher Singh, Amritsar - 143006, Furniture market,hall bazar"
"Deep Pharma","+ 91  183 5096479","Shop Number 2, Katra Sher Singh, Amritsar - 143006, Khanna Market"
"Sonu Pharma","+ 91  183 3243536","Shop No 4 Khanna Mkt Kucha Dai Khana, Katra Sher Singh, Amritsar - 143006"
"Mahesh Traders","+ 91  183 2534293","Shop No 12, Ganga Complex, Katra Sher Singh, Amritsar - 143006, New Medicine Market, Near Regent Cinema"
"A S Wehgal Pharma","+ 91  183 2530550","Shop No-7, Katra Sher Singh, Amritsar - 143006, Harman Market,"
"Sethi Pharma","+ 91  183 2543672","Shop Number-15, Katra Sher Singh, Amritsar - 143006, New Medicine Market"
"Bhasin Pharma","+ 91  9814152854","2488/12, 1st Floor, Katra Sher Singh, Amritsar - 143006, Near Dav College"
"Guru nanak traders","+ 91  9988816933","Chitra talkies road, Amritsar Bus Stand, Amritsar - 143001, Near hall bazar"
"J h traders","+ 91  8437682015","Inside hall bazar, Hall Bazar, Amritsar - 143001, Opp samsung mobile plaza"
"Ravi Traders","+ 91  9888422375","Katra Sher Singh, Hall Bazar, Katra Sher Singh, Amritsar - 143006, Near Manju Machine Company"
"BHALLA TRADERS","+ 91  9815156330","Karta Sher Singh, Katra Sher Singh, Amritsar - 143006, OPP. MEDICINE MARKET AND FURNITURE MARKET"
"Bhalla Traders","+ 91  9216066330","Katra Sher Singh, Amritsar, Golden Temple Road, Katra Sher Singh, Amritsar - 143006"
"Honey Traders","+ 91  9814461434","Pink Plaza, Amritsar, Amritsar Road, Amritsar - 143001"
"Sharma general store","+ 91  9815073780","Shop no :3, Green Avenue, Amritsar - 143001, Main market"
"Sat Sahib Traders","+ 91  183 2292672","Bcak side Ram bagh Police, Chitra Talkies Road, Amritsar - 143001, Near Ram Bagh Chowk"
"Standard Pharma","+ 91  183 2534233","Shop No-15, Katra Sher Singh, Amritsar - 143006, Opposite Khera College, Kucha Dat Khana"
"Mehra Traders","+ 91  183 2541947","House Number 2216/12,Katra Sher Singh, Kucha Dipty Aziz Din, Katra Sher Singh, Amritsar - 143006, Near Kehra College"
"K K TRADERS","+ 91  9463401183","Shop 1491/12, Katra sher Singh amritsar, Amritsar - 143001, Opp fancy hardware store"
"Mahajan general store","+ 91  9915694786","Ram Bagh Chownk, Amritsar Bus Stand, Amritsar - 143001, Opp. Church"
"K. K. Traders","+ 91  183 5179942","Katra Sher Singh, Gandhi Bazar, Amritsar - 143006"
"S.S.S. Traders","+ 91  183 2422467","H.no.227, Rishi Vihar, Majitha Road,, Majitha Road,, Azad Nagar, Amritsar - 143001"
"Arora General Store","+ 91  9872066725","77/a rani ka bagh, fci lane, Amritsar - 143001"
"S S and SKK Traders","+ 91  183 2533547","Ram Bagh, Amritsar - 143001, Opposite Church"
"SARDAR TRADERS","+ 91  9356165924","Sh no.3, GT road, Hide Market, Amritsar - 143001, Opp bhatia spares"
"K.R . TRADERS","+ 91  9872595911","Shop no 3, Gill market, Amritsar - 143001, Hall bazar"
"Sachdeva General Store","+ 91  9814373388","Inside Hathi Gate, Hathi Gate, Amritsar - 143001, OPP. LOVELY VEG CHAMP"
"Abc traders","+ 91  9814178680","Sh no. 28, Chowdhry market, Amritsar Bus Stand, Amritsar - 143001, Hide market"
"R S Traders","+ 91  8437654994","Hall bazar, Amritsar - 143001, Near congress Bhawan"
"H.R. TRADERS","+ 91  183 2550059","Shop no 3, Gill market, Amritsar - 143001, Hall bazar"
"Vijay Traders","+ 91  9815576299","Shop No : 7, HIDE MARKET, G T ROAD, Amritsar Bus Stand, Amritsar - 143001, near civil hospital"
"M/S. Oberoi Traders","+ 91  9855352826","Chowk Farid, Amritsar, Golden Temple Road, Katra Sher Singh, Amritsar - 143006"
"R. K. Traders","+ 91  9501338602","shop no. 10Chowk Farid, Amritsar, Near shivala kashmiri Pandit sabha, Amritsar - 143001, katra sher singh, Hall bazar"
"Ajay general store","+ 91  7307117256","Shop no : 22, Amritsar Bus Stand, Amritsar - 143001, Rani bazar"
"Vishal General Store","+ 91  9988925294","Gali no. 1,majitha road, Amritsar - 143001, Rishi vihar"
"Dhan Dhan Deep Singh General S...","+ 91  9780366487","Shop no. 5-6, Rishi vihar, Amritsar - 143001, Opposite park"
"GS MEDICINE TRADERS","+ 91  183 2558543","Gol hatti chowk, Katra Kanhaiya, Amritsar - 143001, Near AMRIT CINEMA"
"Grover Traders","+ 91  9463337097","Area shaina, Barnala-148103, Amritsar - 143001, inside sadar bazar"
"veena Traders","+ 91  9815102226","shop No 17, basement New Idh Market, Amritsar - 143001, bus Stand"
"Krishna Traders","+ 91  9888459956","Shop No. 7, Majitha road, Amritsar - 143001, Near telephone exchange"
"Dua General Store","+ 91  7508807963","Majitha road, Amritsar - 143001, Near departmental store"
"SHAKTI GENERAL STORE","+ 91  9888677858","Main Road, MAQBOOL ROAD, Amritsar - 143001, OPP MAMA MEAT SHOP"
"Mahajan general store","+ 91  7508905197","Main bazar, Pawan nagar, Amritsar - 143001, Near billu cable"
"V R Traders","+ 91  183 2554796","Shop Number- 4, First Floor, Amritsar Bus Stand, Amritsar - 143001, Priti Shah Market, kormon Chowk"
"R.k traders","+ 91  9815005455","Milkfood, outside hall bazaar, Amritsar - 143001, Near Dargah"
"Sanjay Engineering Traders","+ 91  9815134024","1st Floor, G T Road, Hide Market, Amritsar - 143001"
"New Yamuna Trader","+ 91  9781756767","Shop no 37, GT road, Amritsar - 143001, Opp hotel H K Continental"
"Grover General Store","+ 91  183 2549750","Pultighar, Amritsar, G T Road, Amritsar - 143001"
"NEW YAMUNA TRADERS","+ 91  9023970007","Shop Number- 37/2,hide market, GT road, Hide Market, Amritsar - 143001, Opp hotel HK Continental"
"MS TRADERS","+ 91  9417857853","Opp.congrass bhawan, Amritsar - 143001, Near subash park,hall bazar"
"Kumar Traders","+ 91  8283010344","Main Bazar Bazar, Amritsar, Amritsar Road, Amritsar - 143001"
"New General Store","+ 91  9878935052","Shop no. 7, ram bagh, Amritsar - 143001, Near shiv mandir"
"GUPTA GENERAL STORE","+ 91  9815481289","Shop no b- 9 & 11, Green avenue, Green Avenue, Amritsar - 143001, behind Green Avenue Main Market, Near Indian Overses Bank, Near Sakhi House"
"Guru Kirpa Traders","+ 91  183 2554598","72-73,, katra jaimal singh road, Katra Jaimal Singh, Amritsar - 143006, Bazar Tahli Sahib, New Cloth Market Near Golden Temple"
"Kumar Electric & General Tradi...","+ 91  183 2541560","13-14, Hall Bazar, Amritsar - 143001"
"K K Pharma","+ 91  183 3112204","47, Hide Road Singh Complex, Near Hussainpura Chowk, Amritsar - 143001"
"KAPOOR stationary and general ...","+ 91  9915915640","Shop no 1, Lawrence road, Amritsar - 143001, Opp BBK dav college"
"BANGA TRADERS","+ 91  8146644992","Gali no 4, Kot atma Singh road, Hide Market, Amritsar - 143001, Near sharma fast food"
"Gupta traders","+ 91  9216072084","419, Hide mkt, Amritsar - 143001, Hussainpura chowk"
"Banga traders","+ 91  9855526768","Hide market, Gali no 4, Amritsar - 143001, Kot atma Singh road"
"Rahul general store","+ 91  8054865969","11, Joshi Nagar, Amritsar - 143001, Joshi colony market"
"ARORA TRADERS","+ 91  9876812400","447, gali no 4, kot atma singh, Amritsar Bus Stand, Amritsar - 143001"
"Guru Ram DAS Traders","+ 91  9803885547","Chowk Bijli Hall Bazar, Amritsar, O/S Hall Gate, Amritsar - 143001"
"Messrs Shree Radha JEE Traders","+ 91  9888811109","Pultighar, Amritsar, G T Road, Amritsar - 143001"
"Nanha General store","+ 91  9855668877","125, Lawrence Road, Amritsar - 143001, Joshi colony market"
"Punjab Traders","+ 91  183 2545683","307, Hide Market, Amritsar - 143001"
"MANIK TRADERS","+ 91  183 5009899","MAIN MARKET AMRIT TALKIES, KATRA KANHAIYA, Amritsar - 143001, OPPOSITE AMRIT TALKIES"
"YOGESH GENERAL STORES","+ 91  9855076900","Shop no.60B, Hukam Singh road, Amritsar - 143001, Near Radha KRISHAN misthan bandhar"
"V. General Store","+ 91  183 6536601","Chowk Farid, Amritsar, Golden Temple Road, Amritsar - 143001"
"Geetanjali Traders","+ 91  9988303928","SHoP No-5, Lawrence roaD, Amritsar - 143001, Near Chandi k mandiR"
"Om Pharma","+ 91  183 2425342","Katra Sher Singh, Amritsar - 143001, Telephone Exchange"
"Handa Crockery & General March...","+ 91  183 2559550","Katra Jaimal Singh, Amritsar - 143006"
"Pawan Kite & General Store","+ 91  9646960020","Katra Baghian, Amritsar - 143001, Near Kudos Press"
"Satnam Provisional & General S...","+ 91  9914581461","main road, Maqbool Road, Basant Avenue, Amritsar - 143001, Purani Chungi"
"Mohit General Store","+ 91  8054773383","Sh no. 55, Shaheed Bhagat Singh Market, Amritsar Bus Stand, Amritsar - 143001, Bus stand"
"GUD LUCK TRADERS","+ 91  9780675575","gt road, Amritsar - 143001, near gwal mandinchownk"
"R. S. Traders","+ 91  183 2554627","Katra Jaimal Singh, Kairon Market, Gandhi Bazar, Amritsar - 143006"
"Good Luck Traders","+ 91  9501250850","Main bazaar, Main GT Road, Amritsar - 143002, Near SADAR POLICE STATION"
"MAHANDRU Crockery & general me...","+ 91  9872799948","Katra jaimal singh, Amritsar - 143001, Chowk bilji ,hall bazar"
"Handa Crockery And General Mer...","+ 91  183 5067744","Gali Bhartrian, Katra Jaimal Singh, Gandhi Bazar, Amritsar - 143006, Near Kishore Saree House"
"JK TRADERS","+ 91  9915085856","Hussainpura Chowk, Amritsar - 143001"
"G. Parowal Trader","+ 91  7307423131","Sh no. 47, New shaheed bhagat singh market, Amritsar Bus Stand, Amritsar - 143001, Bus stand"
"V.K Trader","+ 91  8558853772","Sh no. 48, New Shaheed Bhagat Singh Market, Amritsar Bus Stand, Amritsar - 143001, Bus stand"
"Sunny General Store","+ 91  9592848327","Sh no 41/ b, Shaheed Bhagat Singh Market, Amritsar Bus Stand, Amritsar - 143001, Bus stand"
"Mahesh trader","+ 91  183 2291176","31, Shaheed Bhagat Singh Market, Amritsar Bus Stand, Amritsar - 143001, Bus stand"
"Kapoor Traders","+ 91  183 2551421","shop no-36, Amritsar Bus Stand, Amritsar - 143001, Shaheed Bhagat Singh Market, Near Bus Stand"
"Ashoka Traders","+ 91  183 2530101","Amritsar - 143001, New Mishri Bazar, Near Golden Temple"
"Freids Traders & Chemicals","+ 91  183 2555479","7 Handa Market, Lohgarh Gate, Amritsar - 143006"
"Baba deep singh general store","+ 91  9814238787","Shop no 27-a, Idh market, Amritsar - 143001, Near bus stand"
"pappu general store","+ 91  9814886655","shop no 35A, Bus stand, Amritsar - 143001, New I.D.H. market"
"Aadinath Traders","+ 91  9780226069","Shop Number-32, Amritsar - 143001, Idh Market, Near MS Kala Churewala, Near Bus Stand"
"B R Traders","+ 91  183 2547964","1269, Billa Singh Building, Dena Bank Street, Shastri Nagar, Amritsar - 143001, New Shastri Market"
"Bedi traders","+ 91  9988306022","Shivala road, Amritsar - 143001, Nr. Phatak"
"Singh traders","+ 91  9872884243","Shop no 2, Ramgariya school market, Amritsar - 143001, Cheel mandi"
"Mehra Plastic & General Store","+ 91  9417427985","52, New I.D.H Market, Amritsar Bus Stand, Amritsar - 143001, Bus stand"
"SODHI TRADERS","+ 91  9814297632","5, parisad, shopping complex ajnala road, Amritsar Kutchery, Amritsar - 143001, near kutchery"
"Kiran Traders","","Number- 105-A, I/S Hathi Gate, Kt. Moti Ram Hathi Gate, Amritsar - 143001"
"Paras traders","+ 91  9639495009","New IDH market, Amritsar - 143001, Back side bus stand"
"Vijay mahajan general store","+ 91  9501404343","Shop no 6, Shivala road, Amritsar - 143001, Near shivala mandir"
"moonson general store","+ 91  9803193606","shop no. 2, gali no. 1,sharifpura, Amritsar - 143001, near bus stand"
"RAKESH MAHAJAN CATERING AND GE...","+ 91  183 2272786","SHOP NO 4, SHIVALA ROAD, BUS STAND, Shivala Colony, Amritsar - 143001"
"aggarwal general store","+ 91  9417881032","shop no. 3, Lawerence Road, Amritsar - 143001, Near Ganpati Tower"
"nagpal general store","+ 91  183 2503329","Shop no. B-497, ranjit avenue, Amritsar - 143001, baba deep singh park"
"Ravi General Store","+ 91  9592069044","Gali No.2,Hari Pura, Islamabad Nagar, Amritsar - 143001, Nr. State Bank Of India"
"Arora general store","+ 91  9517036089","1, Amritsar - 143001, Tilak nagar"
"vinayak Traders","+ 91  183 5050101","308- Ganpati Tower Lawrance Road, Amritsar - 143001"
"Bhagwati Rice & General Mills","+ 91  183 2476190","G T Rd Bye Pass, Chheharta Railway Station, Amritsar - 143105, Chheharta"
"V.R.Traders","+ 91  183 2258079","Be.crown Finishing Mills,, Opp.ocm Amritsar Chheharta,, Chheharta Railway Station, Amritsar - 143105"
"Gopal Nath Traders","+ 91  183 5051928","Shop No 64,65, LAL Avenue Market, Chheharta Railway Station, Amritsar - 143105, Opp Namita Nursing Home, Gt Road, Chheharta"
"Saroop Singh General Merchants","+ 91  183 2547068","139, Idh Market, Amritsar - 143001, near bus stand"
"Mahajan general store","+ 91  9814733415","mahen singh gate, Amritsar - 143001, opp jagat jyoti school"
"Jaideep traders","+ 91  9357608686","Shop no 43 gf, B block, Ranjit Avenue, Amritsar - 143001, Ranjit avenue"
"Indo Paint & General Suppliers","+ 91  183 2583735","Plot Number- 408/1, Amritsar - 143002, Gokal Ka Bagh, Near East Mohan Nagar"
"Bio Pharma","+ 91  183 2551035","Katra Sher Singh, Amritsar - 143006"
"Hari Ram Paiyre Mohan Traders","+ 91  183 2551411","No-49, Amritsar - 143006, Old Market Katra, Ahluwalia"
"Omega Links Trader","+ 91  9888011398","198 New Azad Nager, Sultanwind Road, Sultant Wind Gate, Amritsar - 143006, Amritsar"
"Sonu Pharma","+ 91  183 5063425","Katra Sher Singh, Amritsar - 143006"
"Shakti Pharma","+ 91  183 2542509","Katra Sher Singh, Amritsar - 143006"
"Kamal Traders","+ 91  183 2543891","Majitha Mandi, Amritsar - 143006, Nursing Dass Bzr"
"Amit Pharma","+ 91  183 5005168","Katra Sher Singh, Amritsar - 143006"
"Arun Pharma","+ 91  183 3093763","Katra Sher Singh, Amritsar - 143006"
"Bds trader","+ 91  9914002312","51,joshi colony, Mall road, Amritsar - 143001, Near smile center"
"GULATI PROVISION AND GENERAL S...","+ 91  183 2502533","Shop no 32, 33-A, ranjit avenue, Ranjit Avenue, Amritsar - 143001, Opp. Premium Gas Agency"
"Chawla General Store","+ 91  183 2545217","Amritsar - 143001, Bazar Pasham Wala"
"Chawla General Store","+ 91  9316124556","Shop no 17, A block market ranjit avenue, Amritsar - 143001, Near Parvati Devi hospital"
"Gulati Provision And General ...","+ 91  9463944633","Shop no-32, 33, Ranjeet Avenue Block A, Amritsar - 143001"
"ANMOL GENERAL STORE","+ 91  9876654966","BOOTH NO-24, Ranjeet Avenue Block A, Amritsar - 143001, NEAR PARVATI DEVI HOSPITAL"
"Sona Traders","+ 91  183 2555223","Shop Number 6, Amritsar - 143002, Hall Bazar ,,,Josan Market"
"Amar Traders","+ 91  183 562252","1502, Dilawri St, Amritsar - 143001, Putlighar"
"Dhingra Maternity & General Ho...","+ 91  183 2551455","S W Rd, Amritsar - 143001, Ajit Ngr"
"Iffco Tokio General Insurance ...","+ 91  183 5028362","IFFCO Area Office, Ram Tirath Raod, Amritsar - 143001, 5a, Adarsh Nagar"
"ESS KAY Traders","+ 91  9888080780","Amritsar - 143001"
"International Traders Shastri ...","+ 91  183 2543214","Shop No-27, Amritsar - 143001, Shastri Mkt"
"Amit Traders","+ 91  183 2534401","650/12, Pilli Building, Chowk Passian, New Shastri Nagar, Amritsar - 143001"
"Piyush Traders","+ 91  9417273009","Vk-25, Guru Kirpa Market, Chowk Katra Parja, Near Shastri Market, Amritsar, Amritsar - 143001"
"Rakesh Crockery & General Store","+ 91  9876769193","Amritsar - 143001"
"Mahaveer Pharma","+ 91  9814802314","No-60-B, Rani Ka Bagh, Rani Ka Bagh, Amritsar - 143001, Amritsar"
"H N Traders","+ 91  183 2531647","1400/6-6, Amritsar - 143002, Kanak Mandi, Near Labhsingh Dala Wale, Namak Mandi"
"Rohit Mahajan General Store","+ 91  9888401047","Shop No .-4,Gali Debran,Maha Singh Gate,Amritsar, Amritsar - 143001"
"T.g Traders","+ 91  9888205899","Main Road Roop Nagar Kallu Da Akhara, No. 170 Bhagtawala, Amritsar - 143001"
"K S Textile Traders","+ 91  9023093650","Plot No 51, Street No 1, S W Road, Amritsar - 143001, Govind Nagar, Chungi Wala Bazar"
"J G Engg & Traders","+ 91  183 2586992","320, Sw Rd, Amritsar - 143001, Gobind Nagar"
"Swami Trader","+ 91  183 255007","Nr Ujagar Sweet, Amritsar - 143001, BPO Chowk Mehta, Bababakla"
"S S Traders","+ 91  9988554569","Chowk Darbar Sahib, Amritsar - 143006, Bazar Papran Wala"
"Parbhat Glue & General Chemicals","+ 91  183 2236982","Amritsar - 143001, Ram Talai"
"Gursagar Traders","+ 91  9888386146","Amritsar - 143001"
"Gold Star Traders","+ 91  9888878249","17-C,New I D H Market,Near Bus Stand, Amritsar - 143001"
"Shc Traders","+ 91  9814381914","72, Amritsar - 143001, Nehru Market,Behind Old Subzi Mandi"
"Yorks Pharma","+ 91  183 2711880","Fatehgarh Churian Road, Amritsar Bus Stand, Amritsar - 143001, Near Brindaban Garden,,21milestone"
"J.K. Traders","","Katra Dullo, Bazar Babian Wala, Amritsar - 143001, Opp Janta P.c.o,"
"Jagannath General Store","","Circle Road,, Gate Khazana,, Amritsar - 143001"
"Handa Traders","+ 91  183 2543013","Amritsar - 143001, Bagh Jhanda Singh"
"Med Fox Pharma Pvt Ltd","+ 91  183 2580925","423, Amritsar - 143001, Focal Point"
"M/S. PEE KAY Traders","+ 91  183 2563944","No-528, White Avenue, Amiritsar, Amritsar - 143001"
"M/S. National Traders .","+ 91  183 2482414","No-32, Vill:guruwali Tarn Taran Road, Amiritsar, Amritsar - 143001, Near Kranti Soap Factory,"
"Tirathram Munshi Ram Chabra Ge...","+ 91  183 2557083","Ram Bagh, Sharifpura, AMRITSAR - 143001, Near Hall Bazar"
"M/S. Muskan Traders","+ 91  183 2532727","130 Shaheed Bhagat Singh Market, Gerenal Bus Stand, Amiritsar, Amritsar - 143001, Nr Bus Stand, New I. D. H. Market"
"Approach Pharma","+ 91  9217728400","39, Chaudhary Plaza, Amritsar - 143001, Nr Nandan Cinema"
"M/S Sareen Traders","+ 91  183 2562733","No-534,, Basant Avenue, Amiritsar, Amritsar - 143001"
"BDS Traders","+ 91  183 5098467","Lane 4, New TEJ Ngr, Sultan Wind Road, Amritsar - 143001"
"M/S National Traders","+ 91  183 2224557","H.no.1557 I/S Ranjit Pura, Amiritsar, Amritsar - 143001"
"S C Traders","+ 91  183 2553292","Amritsar - 143001, Char Khamba Chowk, Main Bazar"
"Garg Pharma","+ 91  183 2556875","Amritsar - 143001"
"Joint Director General Of Fore...","+ 91  183 2507403",". Room No.40 Iind Floor C.r Bldg.the Mall, Amritsar,, Amiritsar, Amritsar - 143001"
"J B Traders","+ 91  183 2545043","Amritsar - 143001, Katra Ahluwalia"
"Kumar Electric & General Tradi...","+ 91  183 2549696","Amritsar - 143001, Hall Bzr"
"Kisan Traders","+ 91  183 2528923","50, Hide Market, Amritsar - 143001"
"Gs Medicine Traders","+ 91  183 2558543","Hall Bazar, Amritsar - 143001, Nr Amrit Cinema"
"M S Gunny Traders","+ 91  183 2222847","No-555, Basant Avenue, Amiritsar, Amritsar - 143001"
"Agnihotri Traders","+ 91  9888286947","Amritsar H O, Chandigarh - 143001, Gurdaspur"
"Idh Shopping Complex Traders Assn","+ 91  183 2292136","115-161, Amritsar - 143001, Idh Mkt"
"Bindra Traders","+ 91  183 2482450","Sultanwind Rd, Amritsar - 143001, Shaheed Udham Singh Ngr"
"Jolly Pharma","+ 91  9855776711","Amritsar - 143001"
"Genesis Traders","+ 91  9464434762","1231, Fatehgarh Churian Road, Amritsar - 143001, Fairland Colony"
"Devgan Rice & General Mills","+ 91  183 2482141","Amritsar - 143001, Sangrana Sahib"
"Tanish Traders","+ 91  9464432782","635, Nawan Kot, Gali No-18, Nawankot, Amritsar - 143001"
"A P Traders","+ 91  183 2530210","Amritsar - 143001, Cash Dhrai Bzr,Karman Duboi"
"Rama Krishna Traders","+ 91  183 2256183","Chowk Khandwala, Near Ocm Mills Chheharta, Amiritsar, Amritsar - 143001, Chheharta"
"Gagan General Store","+ 91  183 2549547","Near Snatan Dharam Mandir, Katra Baghian Katra Baghian Road Amritsar -143001, Near Snatan Dharam Mandir, Katra Baghian Katra Baghian Road Amritsar -143001, Amiritsar, Amritsar - 143001, Katra Baghian Road Amritsar"
"Sakhuja General Store","+ 91  183 2563978",""
"Sandeep Traders","+ 91  9888321709","Amritsar - 143001, Pathankot"
"Arora General Store","+ 91  8054628910","Shop no. 3, Chota naushera, Amritsar - 143001, Bye pass chownk"
"Shri krishna general store and...","+ 91  9914648832","fairland colony, Fgc road, Amritsar - 143001, NEAR BANK"
"Radhey Traders","+ 91  9815240097","517, azad nagar , 100 FT road, Amritsar - 143001, chicken hub restaurant"
"Mahajan Traders","+ 91  9779407202","Hussainpura, Gali No 4, Amritsar Bus Stand, Amritsar - 143001, Kot Atma Singh road nr bus stand"
"kapoor general store","+ 91  9872280740","shop no. 7, gali arore wali,hall bazaar, Amritsar - 143001, near subhash park"
"Guru Kirpa General Store","+ 91  9988117374","#91, janta colony, Amritsar - 143001, near shiv mandir"
"ak trader","+ 91  7814002708","445/4, gali bhanshah,bazar kasheriyna, Amritsar - 143001, nr hanumaan mandir"
"arora general store","+ 91  9592899315","Shop no. 3, Rani Ka Bgh, Amritsar - 143001, Near SBI Bank"
"Bharat General Store","+ 91  183 5059807","Darshni Deori, Amritsar - 143001"
"Thakur Army General Store","+ 91  9417509379","Opp Main TCP Gate, Tibri Cantt, Amritsar - 143001"
"lucky general store","+ 91  9988817088","shop no. 9, bharat nagar, Amritsar - 143001, opp. mahajan factory"
"Jagjeet General Store","+ 91  9872799467","Adda Pind Sudhar 35 km, Makowal Road, Amritsar - 143001, near gurudwader sabhib"
"Sheetal Ammonia Traders","+ 91  8528544422","Verka Bypass Road, Amritsar - 143001, Near Shivala Temple, Tilak Nagar"
"Mahajan General Store","+ 91  9988423945","Shop no. 2, Mahan singh road, Amritsar - 143001, Near bus stand"
"Data General Store","+ 91  8427318840","Nawan kot road, Nawankot, Amritsar - 143001, Near Bularia Kothi"
"prINCE TRADER","+ 91  9888771779","shop No. 49, New ldh market, Amritsar - 143001, Near bus stand"
"NIKKI HATTI GENERAL STORE","+ 91  9888768755","shop no 989, RAMTIRTH Road, Amritsar - 143001, near Khalsa collage and animal sciences"
"A. V. Traders","+ 91  183 2543903","Shop No-61, gali no2 1 ST Floor, Tahalishah Bazar, Amritsar Bus Stand, Amritsar - 143001, near prawan da dhaba"
"Arora General store","+ 91  9815318507","Chowk Chabutra, Amritsar - 143001, Soni health club"
"Gautam General Store","+ 91  8558057672","gali no. 1, sandhu colony,b block, Amritsar - 143001, near ocm mill"
"Dhillon Traders Mobile Emporium","+ 91  9653618918","scf 23, disst shopping complex, Amritsar - 143001, kabir market,opp. gndu"
"Ohri Float Glass Traders","+ 91  9815836098","86, JAI Inder Singh Transport Nagar, Amritsar - 143001, Zahaj Ghar"
"Rinku general store","+ 91  9876855376","Shop no :11, Goal masit, Amritsar Bus Stand, Amritsar - 143001, Sharifpura"
"Neeraj Traders","+ 91  183 2292458","Golden Temple Road, Amritsar - 143001, Near Alahbadh Bank, Katra Ahluwalia"
"a.s Traders","+ 91  9888250449","Na, Main market, Amritsar - 143001, 166 mann nagar"
"Kulwant general store","+ 91  8528646985","Shop no. 2, Nikka singh colony, Amritsar - 143001, Main bazaar"
"New Deluxe General Store","+ 91  183 2547123","shop no 2251, New Misri Bazar, Amritsar - 143001, near golden temple south gate"
"Vishal General Store","+ 91  9876586333","main road, dilawari street, Amritsar - 143001, near sbi atm"
"SHIVA PHARMA","+ 91  9872815928","Jinda wala chowk, Amritsar - 143001, I/s Hakima gate"
"Alfa Traders","+ 91  183 2210903","49, J K Tower, The Mall Road, Amritsar - 143001, Near Hotel Ritz"
"Har JEE Trader","+ 91  9417388260","259, East Nagar, 100 Ft Road, Azad Nagar, Amritsar - 143001"
"Raj Kumar General Store","+ 91  9646113752","Shop no. 13, Rishi vihar, Amritsar - 143001, Main Market"
"Chamunda Traders","+ 91  9464851164","House Number 869/9, Gali Dhobian Number 1, Amritsar - 143001, Inside Gate Khazana"
"Satish Traders","+ 91  8237962013","162, Bazar Hansli Dhab Wasti Ram, Amritsar - 143001, Amritsar"
"sahil traders","+ 91  9988544562","Amritsar - 143001"
"Lucky General store","+ 91  9888236112","Main market, Chhehertta, Amritsar - 143001, Near Chhehertta chownk"
"Mahajan General Store","+ 91  9417691202","Street no. 5, Main bazar,friendz colony, Amritsar - 143001, majitha road"
"Krishna General Store","+ 91  9855528530","Shop no. 11, Gulmohar Avenue,majitha road, Amritsar - 143001, Indra colony"
"Prince Traders kala","+ 91  9646356102","18-A, Nr Bus Statnd, Amritsar - 143001, New Idh Mkt"
"sai general store","+ 91  9855220504","shop mo. 1, rani ka bagh, Amritsar - 143001, model town"
"Vipin General Store","+ 91  9646449499","Gali no. 2, Putlighar, Amritsar - 143001, Opp. Kailash co-education school"
"Sai General Store","+ 91  9878469696","Shop No. 2, PUTLIGHAR, Amritsar - 143001, NEAR GURUDWARA SAHIB"
"gurpreet general store","+ 91  9417276820","shop no. 95, idh market, Amritsar - 143001, near bus stand"
"Suresh Kumar Ashok Kumar Gener...","+ 91  183 2224269","Putligarh, AMRITSAR - 143001, Near Railway Crossing Number 23, Islamabad"
"GUPTA GENERAL STORE","+ 91  9888688913","Green avenue, Green Avenue, Amritsar - 143001, Near sakhi whats cook in"
"Anil Traders","+ 91  7837289800","103, 3, Amritsar Cantt, Amritsar - 143001, Opposite Punjab and Sind Bank"
"Lucky general and karyana store","+ 91  9780641020","Partap nagar, Amritsar - 143001, Murti Khana road"
"Ram Parkash General Store","+ 91  9872078752","Shop no. 7, Khandwala chownk,gt road, Amritsar - 143001, Main chownk"
"Mahajan General store","+ 91  9888575963","Na, Racekas store, Amritsar - 143001, OPP trillium"
"Monu Traders","+ 91  183 5100150","3838/9, Gali Calcuttian Wali, Amritsar - 143001, Katra Karam Singh"
"Mehan Bakery & General Store","+ 91  9779887771","Shop no. 12, Islamabad chownk, Amritsar - 143001, Opposite jolly palace"
"Anand General Store","+ 91  9464266851","Shop no. 2, Basant nagar, Amritsar - 143001, Majitha road"
"Laxmi General Store","+ 91  9780342843","#113, Green field,majitha road, Amritsar - 143001, Near Gurudwara Sahib"
"Sharma General Store","+ 91  9988151465","Main bazaar, Islamabad, Amritsar - 143001, Near Flyover"
"Harjinder Singh General Merchant","+ 91  9876465990","Shop No 41, Idh Market, Amritsar - 143001, Near Bus Stand"
"vohra General Store & Property...","+ 91  9814437246","main bazar, bharat Nagar, Amritsar - 143001, batala Road"
"Bedi General Store","+ 91  8054623007","Shop no. 4, Guru nanak avenue,majitha road, Amritsar - 143001, Opposite vani institute"
"Harman general store","+ 91  8568834567","Near Parshuram mandir, Amritsar - 143001, Shivala road"
"kapoor general store","+ 91  9023213631","shashtri nagar, majitha road amritsar, Amritsar - 143001, opp kali mata mandir"
"Jai Bawa Lal General Store","+ 91  9646656690","Shop no. 3, Sher shah suri road, Amritsar - 143001, Opposite Shiv Mandir"
"sant steel traders","+ 91  9814573871","Na, Ta-ra tarn road, Amritsar - 143001, Near Bajwa gas ajency"
"gagan general store","+ 91  7837401126","shop no. 1, gali no. 3, Amritsar - 143001, gurlal bazaar"
"Dhruv Traders","+ 91  183 2291743","Kucha Kashmiran Wali Gali, Amritsar - 143001, Bazar Petian, Near Prince Transport, Jayala Wala Bag"
"Tandon Traders","+ 91  183 2531986","Plot Number- 2316/1,, near laxmi market, first floor, opp nehru market, Amritsar - 143001, Bazar Tahli Sahib"
"Joban General Store","+ 91  9646225155","Main bazaar, Khandwala, Amritsar - 143001, Opp. Gurudwara Sahib"
"Supreme General Store","+ 91  183 2530596","Shop No 31,New I D H Market, Main Road, Amritsar - 143001"
"Jai Bawa Lal General Store","+ 91  9988942702","Shop no. 3, Loharka Road, Amritsar - 143001, Near Tejpal Paper mill"
"Rakesh general store","+ 91  183 2542164","SHOP NO 11, Main road, Amritsar - 143001, Igh Market"
"Kapoor General Store","+ 91  9780257234","Shop no. 1, Gopal nagar,majitha road, Amritsar - 143001, Gurudware wali gali"
"Madras Traders","+ 91  183 2553087","Plot Number- 34, Room Number- 7, near dena bank, Amritsar - 143001, Shastri Market, Near Old Telephone Exchange"
"Sangam Traders","+ 91  183 2556374","Shop Number- 12, karmo beori, Amritsar - 143001, Shobha Ram Market, New Shastri Market, Chowk Kermo Deori"
"Amar Oil Traders","+ 91  9988600965","Chogwan Road, Amritsar - 143001, Dhillon Market"
"suresh general store","+ 91  9815516006","shop no. 23, IDH Market, Amritsar - 143001, near bus stand"
