"Name","Phone","Address"

"Good Housekeeping & Secuirty S...","+ 91  9915880311","271/B 2 Nd Floor Gali No-8, Hussainpura, Amritsar - 143001, Near Amristar Public School"
"Singh Taxi Service","+ 91  9465672002","Amritsar, shop no. 61, Amritsar - 143001, near golden temple,hotel sita niwas"
"star plus sales and services","+ 91  9815411154","shop no.7, shivala road, Shivala Colony, Amritsar - 143001, near railway crossing"
"Fly Dreams Immigration Consult...","+ 91  183 5002444","SCO 33, 2nd Floor District Shopping Complex, Amritsar - 143001, B-Block, Ranjit Avenue"
"Golden TV Service Centre","+ 91  183 2558776","Shop Number- 1, Amritsar - 143001, B K Dutt Gate, Near Arun Rashmi Saini School"
"Tejpal immigration","+ 91  183 5007517","Sco-6 2nd floor, Distt shopping cimplex, Ranjit Avenue, Amritsar - 143001, Uppar la pizeria"
"Kats immigration","+ 91  9988603928","Sco 6,forth floor,b-block, District shopping complex,ranjit avenue, Amritsar - 143001, Near punjab kesri office"
"Eves Immigration Consultants","+ 91  8054616204","62/A Doctor Complex, Majitha Road, Amritsar - 143001, Opp. Madan Hospital"
"Jagdev Gas Service","+ 91  183 2256200","Gt Rd, Chheharta Railway Station, Amritsar - 143105"
"KHAIRA IMMIGRATION","+ 91  9872285159","SCO 122, 2nd Floor, B-Block, Amritsar - 143001, Vishal Mega Mart"
"Friends Laundry Service","+ 91  8427864721","Hindu Sabha College, Amritsar - 143006, Toba Bhai Shalo, Lohgarh Gate"
"D.S mobile service","+ 91  8054858281","shop no 66, shaheed Udham Singh market, Amritsar - 143001, NR shudh dhaba"
"Gs electricals and service centre","+ 91  9417932599","Shop no 2, Jammu walli gali, Amritsar - 143001, Near ganpati tower"
"O R Services Station","+ 91  183 2220116","Queens Road,Civil Albert Road, Amritsar - 143001"
"Shashi Education Services","+ 91  183 6534528","4 Sf Imp Flats B Blk, Amritsar - 143001"
"Skytrax Education And Immigrat...","+ 91  183 5020641","Nai Sadak, Lawrence Road, Amritsar - 143001, Above Oxford Book Shop"
"Amritsar Financial Service And...","+ 91  9915544464","Office No 2 Sharma Cmplx Ff, Amritsar - 143001"
"Royal Canadian Immigration Ser...","+ 91  9779190082","Amritsar - 143001"
"Tata Machines & Services","+ 91  9855052400","180-A, Shivala Road, Amritsar Bus Stand, Amritsar - 143001, Gramin Bank"
"Sunrise Visa Immigration","+ 91  183 2589944","Sant Avenue G T Rd, Amritsar - 143001"
"Chadha Housing & Capital Servi...","+ 91  183 2542143","Amritsar - 143001, Inside Ghee Mandi"
"Anju Bala Sharma","+ 91  9814301146","Dharam Pura, Gali No.3, AMRITSAR - 143001, Jaura Fatak"
"Maharaja Financial Service","+ 91  183 2212913","B-2, Queen Rd, Amritsar - 143001"
"Kishan Diesel Services","+ 91  183 2553829","3, Guru Nanak Market, Hide Market, Hide Market Amritsar, Amritsar - 143001"
"Guru Kirpa School Auto & Van S...","+ 91  9988177896","Plot No-55-56, St No-2, Amritsar - 143001, Nr Cipet Hostel, Vikas Ngr, Khandwala"
"Ghm Immigration Consultants","+ 91  183 5005101","Sco 6, 3rd Floor, Dsc Ranjit Avenue, Amritsar Kutchery, Amritsar - 143001"
"Globe Transport Service","+ 91  183 2556787","Ghee Mandi, Amritsar, Amritsar - 143001"
"Guru Nank JCB & Crane Service","+ 91  9464659615","Amritsar - 143001, Vill Jhanda Kala, Mansa"
"Bali Euro Services","","27-A, Lawrence Rd, Amritsar - 143001, Opp Arya Samaj"
"Satguru Service Station","+ 91  9872043562","Ram Tirath Road, Amritsar, Amritsar - 143001, Near- Office Colony"
"Sky Way Travel Service","+ 91  183 4051284","6,Deep Encl, Circular Rd, Amritsar - 143001"
"Super Shah Education & Immigra...","+ 91  9814058125","B-588, Amritsar - 143001, Ranjit Avenue, Nr Gurudwara Sahib"
"Deep Immigration","+ 91  9781517802","Shop No.1619,, Gol Masjid,, Amritsar - 143001, Opp. Bus Stand,"
"Mark FED Agro Service Cetnre","+ 91  183 2524426","Building No 2814/VII/17, Bhagtanwala, Amritsar - 143001, Near Chandan Cinema"
"Golden T.v. Service Centre","+ 91  9888299051","Near Arunrashmi Sainik School, B.k. Dutt Gate, Amritsar - 143001"
"Bharat Gas Service","+ 91  183 2542424","Shop Number- 13, AMRITSAR - 143001, Near International Hotel, Near City Centre"
"Amp Overseas Services","+ 91  183 3040682","Amritsar - 143001"
"Big TV DTH Services","18002009001","35/13, The Mall Rd, Amritsar - 143001"
"Air Wings Immigration","+ 91  183 5013444","72-73, Hotel Marry Gold, Amritsar, Railway Link Road, AMRITSAR - 143001"
"Sandhu Crane Service","+ 91  9872323337","313, G T Road, Amritsar - 143001, Ram Talai, Transport Nagar"
"Winner Immigration Services","","Amritsar - 143001, Inside Bus Stand"
"B S Service","+ 91  9815204848","Amritsar - 143001"
"Kapur Counselling Services","+ 91  183 2225249","Coat Rd, Amritsar - 143001, SAI Mohindra Clny"
"Kevin Immigration To Innovation","+ 91  9876908202","Ghee Mandi Gate ,Amritsar, Amritsar - 143001"
"Euro Immigration & Financial","+ 91  183 2255447","Majitha Rd, Amritsar - 143001, Opp Gnd Hospital"
"Ghuman Guidance Today Immigration","+ 91  183 2551810","203, Amritsar - 143001"
"Responsive Capital Services","+ 91  9814438259","Amritsar - 143001"
"Service Equipment Company","+ 91  9811025837","Amritsar - 143001"
"Sharma Light & Sound Service","+ 91  9815493541","Gali Mai Manglan, Amritsar - 143001, Inside Hathi Gate"
"Sourcekey IT Services","+ 91  9216666084","Plot No 50, Old Jail Road, Amritsar - 143001, Near Oriantal Bank Of Commerce, Ranjit Avenue"
"PIM TRADING AND CELLULAR SERVICES","+ 91  183 5059294","CHOWK FARID, Amritsar - 143001, Near Axis bank"
"Shri Bala ji enterprises","+ 91  8427391111","Sh no 259, Randhawa International, Amritsar - 143001, 100 ft road"
"Cross Pneumatic Service","+ 91  9478655866","219, Tran Taran Road, Amritsar - 143001, New Court, Mit Singh Nagar"
"Live human facility services","+ 91  9653875746","sco 95, nehru shoping complex, lawrence road, Lawrence Road, Amritsar - 143001"
"Krishna Tiffin Service","+ 91  183 9780519440","Fateh Garh Churian Road, Amritsar - 143001, Nr Bus stand"
"Mission Discovery Detective Se...","+ 91  9915976653","B 3, Queens Road, Amritsar Cantt, Amritsar - 143001"
"Bsj Placement & Security Service","+ 91  9646391928","Sultanwind Road, Amritsar - 143001"
"Sun Shine Tiffin Services & Ca...","+ 91  8283938286","house no 31, mjitha road, Amritsar - 143001, opp guru nanak hospital"
"Utility Travel Services","+ 91  183 2566282","H No 485-A, Macleod Road, Rani Ka Bagh, Amritsar - 143001"
"Sharma Tyre Service","+ 91  9872782929","shop no 6, Mehta Rd, Amritsar - 143001, Nr Vallha Sabzi Mandi Guru Tegbhadur nagar"
"Murria Immigration Consultant ...","+ 91  183 2227327","18, Cool Rd, Amritsar - 143001, Modern Clny,Nr BMC Chowk"
"Kapil Accounting & Services","+ 91  9855173702","1029/10, Gali Surne Shah, Amritsar - 143001, Dakh Nawikha"
"Dr.Ripan Bala Chanana","+ 91  9417119350","C/O Dr.Ashok Chanana,Associate, Professor Dept,Forensic Medicine, Medical College, Amritsar - 143001"
"SSSS Immigration Services","+ 91  183 5832451","Building Number-33-A,Shop Number-2, Rani Ka Bagh, Amritsar - 143001, Near Archies Gallery"
"Udaan Trust Ambulance Services","+ 91  9592995929","G T Road, Amritsar - 143001, Near Amandeep Hospital, Model Town"
"Anchal Verma Pg Services","+ 91  9876618470","Lawrence Road, Amritsar - 143001, Dayanand Nagar, Near Bbk Dav College"
"B. R. MOBILE SERVICES","+ 91  9815170526","Shop no. 2, New Market, Lawrence Road, Lawrence Road, Amritsar - 143001, Opposite Ritu Wears"
"Arora pest damp seal service","+ 91  183 5062677","SHOP NO 2, LAWRENCE ROAD, Lawrence Road, Amritsar - 143001, OPPOSITE SBI BANK"
"HS Bhullar Air Conditioner Ser...","+ 91  9815037436","Shop Number 8, Green Avenue, Amritsar - 143001, Housing Board, Near Puda Office"
"Vaibhav Financial Service","+ 91  183 2548619","2nd Fllor Narula Complex, Hall Bazar, Amritsar - 143001"
"HIM TOURIST SERVICE","+ 91  183 2293310","Shop no 54,goal bagh, Amritsar - 143002, Opp railway station"
"SHREE BALA JI GLASS & PLYWOOD CO.","+ 91  9855208412","2, D.A.V. College Road, Katra Sher Singh, Amritsar - 143006, Near Post Office"
"National Financial Service","+ 91  9814050214","shop no. 12, 1st Floor, G T Road, Amritsar - 143001, Hide Market, Near Civil Hospital, Opposite Ghass Mandi"
"Joginder diesel service","+ 91  9888670933","Hide market, Gt Road, Amritsar - 143001, Near SURINDER tractors"
"Galaxy Financial Services","+ 91  9814016607","HOUSE 128 GALI NO 1, TARAN TARN ROAD SAHID UDAM SINGH NAGAR, Amritsar - 143001, Near bus stand Amritsar"
"VERY BEST SERVICES","+ 91  9914096975","G TOWER, LINK ROAD, MEERANKOT AND MANOR ESTATE, CAMBRIDGE SCHOOL ROAD, Amritsar - 143001, NEAR CANARA BANK"
"Bali Euro Service","+ 91  183 2273852","16, Shiv Nagar,, Batala Road, P.o, Amritsar - 143001, Box No.8 (Gpo),"
"Diesel Parts Services","+ 91  183 2221962","21, Garden Colony, R.B.Duni Chand Road, Amritsar - 143001, jamun Wali Sarak"
"naresh cycle service","+ 91  9888227102","shop no : 4, Amritsar - 143001, near canal bank"
"perfect services","+ 91  183 5014447","Amritsar - 143001"
"asr volvo bus service","+ 91  183 3500786","railway link road, Amritsar - 143001, near railway station"
"L.S JALANDHARI ASSOCIATES ARCH...","+ 91  183 2501112","B - 538 RANJIT AVE, RAM SARNAM ROAD, Amritsar - 143001, NEAR GURDWARA SAHIB"
"Jalandhar Diesel Services","+ 91  183 2542216","41, G T Road, Amritsar Bus Stand, Amritsar - 143001, Hide Market"
"Guru nanak diesel service","+ 91  9815482137","37, Hide market, Amritsar Bus Stand, Amritsar - 143001, No, petrol pump"
"Global Service","+ 91  9915851900","Amritsar Gpo, Amritsar, Hathi Gate Road, Amritsar - 143001"
"SUSHIL FINANCIAL SERVICES PVT....","+ 91  183 2553894","106,, HALL BAZAR, Hall Bazar, Amritsar - 143001, NEAR PARTAP SHOES"
"HDB Financial Services","","533/1,1st Floor, Mahajan Refreshment House, Hall Bazar, Amritsar - 143001"
"New Punjab Disel Service","+ 91  183 2541341","Shop No 75/3 New Punjab Diesel Sevice Atma, Gali 4, Amritsar - 143001"
"Fine Services","+ 91  183 2277320","F-7/311 Batala Road, Kashmir Avenue, Amritsar - 143001"
"First Teach Services","+ 91  183 5061244","178 Rajinder Nagar, Amritsar - 143001, Near Alpha One Mall"
"Ravi Computer Services","+ 91  183 2507333","Shop Number 7, District Court Complex, Ajnala Road, Amritsar - 143001, Opposite District Court Gate Number 2"
"Tiffin Service -Uncle Tomatoes","+ 91  9815734014","Shivala Colony, Amritsar - 143001"
"Keshav Art Service","+ 91  9779717884","main bazar, outside lohgarh gate, Amritsar - 143001, near Graduate gas Agency"
"Service Repairing","+ 91  9417083105","West Lane No-2 H No-6, Hussainpura, Amritsar - 143001"
"Saffron Financial Services","+ 91  183 2502200","Amritsar - 143001, Dsc Ranjit Avenue"
"Bahra Forex Services","+ 91  183 4629140","Amritsar - 143001, Jyoti Cottage"
"Saini computer service","+ 91  9814273855","1 st floor, 17/4, Kennedy avenue, Amritsar - 143001"
"Golden Rent A Cab Service","+ 91  9815576750","Shop No 5,goal bagh, Raillway station road, Amritsar - 143001, Opp.goal bagh railway station"
"SANDHU SUVUDHA SERVICE","+ 91  183 5010688","Shop no :4805, GT ROAD, Amritsar - 143001, OPPOSITE CITY ROOTS"
"Gurjeet PG Services","+ 91  9988776166","Kohti No 18 A, Mall Road, Amritsar - 143001, Tagore Colony, Near Girl High School"
"Roshni Immigration & Education...","+ 91  183 2560926","Super Plaza, Cooper Road,, Amritsar - 143001, Cristal Chowk Toward Bridge Left Side."
"Bms mobile service","+ 91  9569356584","narula building, Mall Road, Amritsar - 143001, Near style check"
"Quality Services","+ 91  183 2213575","119,2nd Flr,Super Plaza, Cooper Rd, Amritsar - 143001, Opp Hotel Air Lines"
"Saini Computer Services","+ 91  183 5009034","17/4 Kennedy Avenue, Amritsar - 143001"
"Ascend Global Travel & Oversea...","+ 91  183 5098372","4th Floor Eminent Mall,Kennedy Avenue, Mall Road, Amritsar - 143001, Near New Passport Office"
"Shubham Stock Broking Services...","+ 91  183 2225340","M, M Road, Amristar, Amritsar - 143001, Near Adarsh Cinemam"
"VISION IMMIGRATION & EDUCATION...","+ 91  183 5065348","102,Sunrise Plaza, Crystal Chownk ,Cooper Road, Amritsar - 143001, Near Nokia Care"
"Rajvans Gas Service","+ 91  183 2573121","Katra Sher Singh, Amritsar, Amritsar Road, Katra Sher Singh, Amritsar - 143006"
"Ritu Bala","+ 91  9646967712","Chamber No-187 a District Court, Amritsar - 143001, near suvida"
"Public Service Station","+ 91  183 2292155","B/S Gagan Cinema, Asr, Amritsar - 143001"
"Desh Bhagat Gas Service","+ 91  183 2229237","Bara Makan, Islamabad, Amritsar - 143001"
"G TECH ELECTRICAL SERVICES","+ 91  183 2554495","65-66 Pink Plaza, Pink Plaza Market, Amritsar - 143001, NEAR ANIL STORE"
"S & S Financial Services","+ 91  183 2532183","56, Pink Plaza, Amritsar - 143001, Outside Hall Gate"
"Regal Insurance Brokers And Ri...","+ 91  183 5098329","4, 3rd Floor, Central Mall, Mall Road, Amritsar - 143001, Above Khurana Jewellers"
"Ambica Registration Service","+ 91  183 2545252","51, Amritsar - 143006, Inside Bazar, Ram Bagh Chowk, Near Mandir Radha Krishan"
"Welcome Consultancy Job Placem...","+ 91  9878450160","2nd Flr, Lawrence Road, Amritsar - 143001, Durga Ice Cream"
"N V REPAIR AND SERVICES CENTER","+ 91  183 5059888","Shop no 58 FF, Lawrence road, Amritsar - 143001, Near Kanika computers"
"BHATIA MOTOR & FINANCIAL SERVICE","+ 91  9855242757","O/s Hathi gate, Amritsar - 143001, Near Nagam nigam workshop"
"Salwan Travel Services Pvt Ltd","+ 91  183 5016004","76 Second Floor Nehru Complex, Lawrence Road, Amritsar - 143001"
"World 4u Overseas Education & ...","+ 91  183 5062020","1st Floor, Nanak Building, Opp. Nehru Shopping Complex, Lawrence Road, Amritsar, Lawrence Road, Amritsar - 143001"
"V Goyal Financial Services Pvt...","+ 91  183 5068884","7-Second Floor, Nehru Shopping Complex, Lawrance Road, Amritsar - 143001, Opposite Novelty Sweets,"
"RAHUL RO SERVICE","+ 91  9876097206","kot khalsa, Amritsar - 143001, Near 22 no phatak"
"ARV Taxi Service","+ 91  9888302117","Plot number-8 a, 2 nd floor,queen complex, Amritsar - 143001"
"V Goyal Finance Service","+ 91  183 2506881","Amritsar - 143001, Nehru Cpmlx, Lawrence Road"
"Skyway Mangement Services","+ 91  9824523372","Lawrence Road, Amritsar - 143001"
"GURU NANAK Auto Spare And Service","+ 91  9815457226","Shop no 263, New kaulsar market, Amritsar - 143001, Ghee mandi chowk"
"Lovish Travels Services","+ 91  183 2276227","Shop No:20 Main Bazar Gokul Avenue Majitha, Road Opp Mahajan Store, Kashmir Avenue, Amritsar - 143001, Near Gopal Mandir"
"Ganpati refrigerator services","+ 91  9417171972","1, Amritsar - 143001, Batala road ,tip top dry cleaners"
"Flywell Services P Ltd","+ 91  183 2501600","44 Dsc Ranjit Avenue, Amritsar - 143001"
"SUMIT ELECTRIC SERVICE","+ 91  9041725265","haripura, Amritsar - 143002, near shani mandir"
"Guru KIRPA automobile service","+ 91  9988389076","Shop no 12, 22 no phatak, Islamabad Nagar, Amritsar - 143001, Near deshbhagat gas agency"
"Saggu taxi service","+ 91  9915103037","Guru nanak hospital, Guru nanak hospital, Amritsar - 143001, Majitha road"
"Ruchi Tiffen Service","+ 91  9855642894","Katra Karam Singh, Nai Sarak, Amritsar - 143001, near dera baba dhola sant singh gurudwara"
"Dolphin Immigration Consultant","+ 91  183 5008850","House No 2016/14, 2nd Floor, Putligarh, Amritsar - 143002, Above SBI Bank"
"Intercom Service","+ 91  9417620644","Street No-1, Ram Tiraha Road, Putligarh, Amritsar - 143002, Shimla Market"
"Navigator Visa Immigration","+ 91  183 5064196","Preet Tower, Amritsar - 143001, Near Navpreet Hospital Putlighar"
"Cheema Security Services","+ 91  183 5029763","New Golden Avenue, Near Op Sharma Hospital, Amritsar - 143001, Joura Phatak Road"
"Bawa Juice Bar & Catering Service","+ 91  183 5007535","Bawa Building, Lane No-2, Amritsar - 143001, Main Bazar, Bharat Nagar, Opposite Milan Palace"
"Shri Ram Gass Service","+ 91  9779848182","87-A, Lane No.2, Majitha Road, Gopal Nagar, Amritsar - 143001"
"Shree Bala Ji","+ 91  9815072203","Gali No-1, Mata Kaulan Marg, Majitha Road, Gopal Nagar, Amritsar - 143001"
"Khushi Web Services","+ 91  9779358693","Majitha Rd, Amritsar, Amritsar - 143001"
"Sharma Gas Service","+ 91  183 2270774","St No.4, Amritsar - 143001, Near Danish General Store,Vijay Nagar"
"Shiv catering services","+ 91  9463522988","Sharma sweets, Main bazar, bharat nagar, Amritsar - 143001, Nr. Batala rd."
"The Web Services ( Amritsar Bu...","","Amritsar Bus Stand, Amritsar - 143001, Near Gurunanak Bhawan,Opposite Hotel Holiday Comfort"
"Didar Gas Services","+ 91  183 2585643","Sultanwind Road, Sultanwind, Amritsar - 143021, Golden Cloth Market"
"Overseas Visahelpline Consulta...","+ 91  9056466768","Above Fashion Zone,2nd Floor,, Gt Road,Putlighar, Amritsar - 143002, Near Daily Needs Store"
"Amritsar Yellow Plate Taxi Ser...","+ 91  183 5053045","Sco35,IIIrd Floor Court Road, Deep Complex, Amritsar - 143001, Opposite HDFC Bank"
"Bharat service station","+ 91  9653488684","Main bazar, Gt Road, Amritsar - 143001, Near reliance fesh"
"Sonu Telecom & IT Services","+ 91  8054080880","Jagdambey Colony, Main Bazaar, Amritsar - 143001, Near Indian Bakery"
"The Apex Services","+ 91  183 5044424","1090, Amritsar Cantt, Amritsar - 143001, Golden Temple"
"uk placement services","+ 91  9115782236","Jain Jwellars Second floor oppitu ritu wears, Amritsar Cantt, Amritsar - 143001, near passport office"
"IBP Auto Services","+ 91  183 2590060","Ajnala Road, Amritsar Cantt, Amritsar - 143001"
"Globe Money Solutions Service","+ 91  9781767888","Majitha Road, Hall Bazar, Amritsar - 143001, Opposite Sukhmani Hospital"
"Multi E Services","+ 91  9653430124","1, Fatehgarh Churian Road, Amritsar - 143001, Near Life Care Hospital , Fair Land Colony"
"Malhotra Bulk Sms Service","","I/s Khazana gate, Amritsar - 143001"
"Gurdeep Service Station","+ 91  9878450756","42/43 Baba Bidhi Chand Market, Near Ganda Nala, Amritsar - 143001, Opp Tarn Taran Road"
"Gold pure bala ji","+ 91  9915321133","shop no 1, gali no 9 guru nanak pura, Amritsar - 143001"
"Nisha Tiffin Service","+ 91  9988533808","House Number 23/54 Jawahar Nagar, Batala Road, Amritsar - 143001, Near Saran Sar School"
"Taxi Service Amritsar","+ 91  9855028504","Aman Motors, Khalsa College, Amritsar - 143001, Opposite Khalsa Senior Secondary School"
"Amritsar Internet Data Card Se...","+ 91  8283805013","Amritsar, Amritsar, Amritsar - 143002, Amritsar"
"Baba deep singh hydra service,...","+ 91  183 5096475","217 Transport Nagar, Ram Talai,G.t Road, Amritsar - 143002, Transport Nagar"
"Sood & Company Investor Servic...","+ 91  183 2400811","Opp.railway Station, Out Gate, Amritsar - 143002"
"Dove Securities Services","+ 91  9592618754","5,Dhillon Mkt Opp Bhoura Property Dealar, AMRITSAR - 143002, Amritsar"
"Money Zone Financial Services","+ 91  183 5093340","273-H ,1st Flr, 100 Ft Rd, Amritsar - 143002, Opp Jaycee Motors,East Mohan Ngr"
"Easy Immigration Consultants","+ 91  9646958787","62-A 1st Lour Doctor Complex, AMRITSAR - 143002, Amritsar"
"Rightway Immigration","+ 91  8591688555","Sco-32 4th Flour Disst Shoping Complex, AMRITSAR - 143002, Amritsar"
"Khushi Web Services","+ 91  9855611388","F-9/2620, Majitha Road, Amritsar - 143002, Near Samrat Bakery,Pream Nagar"
"APS Placement Service PVT LTD","+ 91  183 5012093","Bldg No-664, Ane No-2,Majitha Rd, Amritsar Bus Stand, Amritsar - 143001, Opp Post Mortem House"
"Jainath Financial Services","+ 91  9023699005","Shop No 1, Building No 2309/12,, Navi Gali, Katra Sher Singh,, Amritsar - 143001, Nr Andra Bank"
"SHREE BALA JI MOTORS","+ 91  9815266086","MAIN BAZAR, SULTANWIND ROAD, Sultanwind, Amritsar - 143006, NEAR PUNJAB NATIONAL BANK"
"H H Advertising & Services Pro...","+ 91  9814604935","China House, Adj. Union Bank, Air Port Road, Gumtala, Amritsar - 143008, Gumtala Petrol Pump."
"Dr. Renu Bala","+ 91  8968088996","330, Nagina Avenue, Majitha Road, Amritsar - 143001"
"Gagan Tiffin Service","+ 91  9988939157","Gali No-3, G T Road, Pratapnagar, Amritsar - 143006, Gurlal Bazar, Near Sehra Councillor, New Partap Nagar"
"Aquarious Courier Services","+ 91  183 5062628","Cementry Road, Amritsar - 143002, Putlighar"
"Shri bala ji motors","+ 91  9915618649","Main bazar, Sultanwind road, Amritsar - 143002, opp. 100 FEET ROAD"
"Chogwan Multipurpose Cooperati...","+ 91  9815959762","35, Main Road, Amritsar - 143002, Mehta, Near Guru Baba Bagala Gurudwara"
"Shubham Stock Broking Services...","+ 91  183 2566861","Building Number 3, Madan Mohan Malviya Road, Amritsar - 143002, Near Adarsh Cinema"
"ssss immigration services amri...","+ 91  183 8196980","280, ##, Amritsar - 143002, near alpha one mall"
"Gurpreet Pest Control Service","+ 91  8699446661","Model Market, Model Town, Amritsar - 143002"
"HK Tiffin Service","+ 91  9592700463","HN 694 Guru Arjun Dev Nagar, 22, Putligarh, Amritsar - 143002, Near Nav Bharat High School"
"Golden Rent cab service","+ 91  9780955903","shop no 5, railway staion Road, Amritsar - 143002, Opp Goel bhag Railway staion"
"astro services","+ 91  9779264257","putali ghar chownk, street no 1, Amritsar - 143002, backside of shimla market"
"shubh aarambh services pvt ltd","+ 91  183 5052200","sn 11 gurudev market, rani kabab,model town, Model Town, Amritsar - 143002, near mataji ka mandir"
"Bunty diesel services","+ 91  9592880335","main bazar, maqbool pura road, Amritsar - 143002, Near purani chungi chownk"
"N B Catering & Services","+ 91  9780989797","Above Dr Deeder Singhhomeopathic Clinic, II Nd O/S G T Road, Model Town, Amritsar - 143002"
"Lifeline Medicare services","+ 91  9814298322","Sco-1-2, First Floor, Brightway Market, Amritsar - 143002, Majitha Road"
"Ashu Electrician Repair & Service","+ 91  7837502557","Street no. 1, Judge Nagar Main Bazaar, Amritsar - 143002, Near Subhash Karyana Store"
"pappu auto repair & service","+ 91  9814132531","Shop no 5, 100 feet road, Amritsar - 143002, near mata Kaulan hospital"
"Overseas Education And Immigra...","+ 91  9779057776","Sco 42 Disst Shopp Cmplx, Amritsar - 143001, Nr Mk Hotel"
"Pump &Motor Service Center","+ 91  9878993006","13a, 100 Ft Rd,Life Bakery Wali Gali, Mohan Nagar, Amritsar - 143006, East Mohan Ngr"
"Chawla Services","+ 91  9988144531","Shop No.1,Haweli Sardar Mann Singh, Bazar Gujran, Golden Temple, AMRITSAR - 143006, Bazar Gujran , Chowk Chabutra"
"Addl Se Computer Service","+ 91  183 2535214","Amritsar - 143006, Near Hall Gate Pseb, Centre City"
"Vicky Telephone Services","+ 91  183 2553310","Opp. Post Office, Katra Sher Singh, Katra Sher Singh, Amritsar - 143006"
"Bajwa Gas Services","+ 91  183 2482602","Tarantaran Road, Amritsar - 143002, Near Taj Palace ,,Kot Mangal Singh,"
"Money Zone Financial Services","+ 91  183 5093340","273-H , First Floor, 100 Ft Road , East Mohan Nagar, Amritsar - 143006, Opp Jaycee Motors"
"Money Zone Financial Services","+ 91  183 5093340","273-H , First Floor, 100 Ft Road , East Mohan Nagar, Amritsar - 143006, Opp Jaycee Motors"
"Charanjeet Singh Loading Service","+ 91  9876213676","near local bus stand , supreme court, Near Pttha near petrol pump ,Hno- 307 malot ...dhabwali dhabali, AMRITSAR - 143006, Village Hakuwala"
"Healthway Immigration","+ 91  183 2530665","77 City Centre, Amritsar - 143001"
"Luminous Service Center","+ 91  183 5098862","76, City Center, Amritsar - 143001, Near Bus Stand"
"Smartlife Services","+ 91  183 5014770","20, First Floor, Golden Temple Road, Amritsar - 143001, Opposite Punjab & Sind Bank, Chowk Fuwara"
"World wide educational services","+ 91  9356555458","33, ground floor, Batala Road, Amritsar - 143001, Near celebrational mall"
"Allied Telecom Services","+ 91  183 5090360","Katra Ahluwalia, Amritsar - 143006, Raja Singh Rattan Chand Market,Near PNB"
"Supreme Education & Immigratio...","+ 91  183 5030202","Sco-4, 3rd Floor, Distt. Shopping Complex, Ranjeet Avenue Block B, Amritsar - 143001"
"World wide educational services","+ 91  183 5066498","#33,Ground Floor ,Krishna Square, Batala Road, Near Celebration Mall, Amritsar - 143001, Opp vidya Bhavan School"
"V.R.FINANCIAL SERVICES","+ 91  9417033478","A-591, A-BLOCK, Ranjit Avenue, Amritsar - 143001, HARTEJ HOSPITAL"
"Shree Bala ji sanitary house","+ 91  9888852022","Building 55, City centre Gt road amritsar, Amritsar - 143001, Oppo Pingalwara"
"King Group Security Services(R...","+ 91  183 2277108","Shop No-12-13, Above Sikka Gas Agency, Near Celebration Mall, Batala Road, AMRITSAR - 143001"
"Shri Bala Ji Collection","+ 91  8146031599","Radhey Krishan Complex, Amritsar - 143001, Karta Sufaid"
"Horizon Computer Services","+ 91  183 2277441","60, New Pawan Nagar, Amritsar - 143001, Gagan Colony, Backside Celebration Mall"
"Dtdc domestic and internationa...","+ 91  9781921454","MAIN BATALA ROAD, opposite 4S Complex, Amritsar - 143001, near Randhawa International Hotel"
"Girglas Infotel Services","+ 91  183 5094448","31, Gf , B-Block, Ranjit, Ranjit Avenue, Amritsar - 143001"
"Get Global Immigration","+ 91  8556911911","SCO 8 Aneja Tower, B Block, Ranjit Avenue, Amritsar - 143001, Near Akash Academy"
"Scholars Destiny Education Ser...","+ 91  183 6555502","108, 2nd Floor, Grd Tower, Ranjit Avenue, Amritsar - 143001, Near Passport Office"
"Shiva Pest Control Services","+ 91  9988602032","H No-30, Majitha Road, Amritsar - 143001, Mc Ward"
"Granite electrical service","+ 91  9815165314","Shop no 188-189, Kaulsar market, Amritsar Bus Stand, Amritsar - 143001, O/s ghee mandi,near petrol pump"
"Ess Kay Telecom Service","+ 91  183 6578792","Ssss Complex, Batala Road, Amritsar - 143001"
"MOBILE CARE SERVICES","+ 91  9646037557","SCO 36, Block c ranjit avenue, Ranjit Avenue, Amritsar - 143001, Near lovely champ"
"SS COMPUTERS AND IT SERVICES","+ 91  9781816256","MAIN MARKET, STREET NO-3 PAWAN NAGAR, Amritsar - 143001, BEHIND CELEBRATION MALL"
"Shri Bala ji jewellers","+ 91  9803513137","Opp post office, Near sethi halwai, Amritsar - 143001, Main bazar Pawan nagar"
"RankMeUp Services","+ 91  9317676766","SCO 89, Basement, B Block, Distt Shopping Complex, Amritsar - 143001, Ranjit Avenue"
"Atom Seo Services","+ 91  9517179595","Adarsh Nagar, Islamabad, Islamabad Nagar, Amritsar - 143001, Near National Public School"
"ABTC VOLVO BUS SERVICE","+ 91  183 2544707","Railway link Road, Amritsar - 143001, Opp.Railway Station"
"Max abroad services","+ 91  183 5098065","Sco 32, Pal plaza, mk road, Ranjeet Avenue Block B, Amritsar - 143001, khalsa college"
"Sajjan Singh School Van Service","+ 91  9217707269","Gali No 11, Ram Nagar Colony, Amritsar - 143001, Islamabad"
"New Piyar Bus Service Pvt ltd","+ 91  183 2702597","G T Road, Sant Avenue, Amritsar - 143001, Focal point, Near Tara Wala Pull, Behind Piyar Bus Filling Station"
"G.s. loading services","+ 91  8872899947","plot no 153, baba budha colony, Amritsar - 143001, near aneraja car agency"
"sai financial services","+ 91  8146177463","Amritsar - 143001"
"Golden Services","+ 91  9876946034","Loharka Road, Amritsar - 143001"
"amrit auto service","+ 91  9872455581","h n 1705, chal road, Indra Colony, Amritsar - 143001, nr,shiv ji ka mandir"
"Night Vision Security Services...","+ 91  9216406206","Thakur Complex Second Floor Patel Chowk, G T Road, Amritsar - 143001, Near Sain Dass School"
"R S Service Station","+ 91  183 2292104","Inner Circular Road, Amritsar - 143001, Ghee Mandi"
"Ridhima Car Rental Service","+ 91  9876910449","House Number 45 Saheed Udham Singh Colony, Number 11, Amritsar Bus Stand, Amritsar - 143001"
"Kultham International Travel S...","+ 91  9915929738","Amritsar - 143001"
"Healthway Immigration Consulta...","+ 91  183 2505965","deep complex, Amritsar - 143001, Ranjit Avenue"
"Shree Jee Tiffin Service in Am...","+ 91  9888921092","market, main road, basant avenue, Amritsar - 143001, near temple"
"Buttar Security Service","+ 91  9914715762","Tarn Taran Road, Amritsar - 143001, main bazar diwinder nagar"
"Gulf Immigration Services","+ 91  8528945383","Sco-8, 3rd Floor, District Shopping Complex, B-Block, Ranjit Avenue, Amritsar - 143001"
"Emu Student Services","+ 91  183 6050004","Bus Tand Chowk Ram Talai, Amritsar - 143001, Upside Suzuki Showroom"
"Beri Financial Services","+ 91  183 2400709","25B/2, Rani Ka Bagh, Amritsar - 143001"
"RMV IT SERVICES PVT LTD","+ 91  9251022476","F-26 Gautam Marg, Amritsar - 143001"
"Jai Bala Ji Garments","+ 91  9417363666","Chowk Bijli Hall Bazar, Amritsar, O/S Hall Gate, Ram Bagh, Amritsar - 143001"
"Arora Service Station","+ 91  9780115988","Chabal Road, Amritsar - 143001, O/s khazana gate"
"Indian Parcel Service","+ 91  9878177818","Golden Temple, Near Mata Sukhjit Kaur Memorial Hospital, Amritsar - 143001, Joura Fatak"
"Vinod Art Service","+ 91  183 2544161","katra sher singh, gali ravidass mandir, Hall Bazar, Amritsar - 143001, near electric market, opposite congress bhawan"
"SCORPION FIRE SAFETY SERVICES","+ 91  183 5008064","Amritsar - 143001"
"Himalaya RO Water Purifier Sal...","+ 91  9501474075","Jalandhar Rd, Amritsar - 143001, Opp Dashesh Service Center, Mehta Chowk"
"Universal Travel & Forex Services","+ 91  183 2212220","19 A, Taylor Rd, Amritsar - 143001, Near Gandhi Ground,AGA Market"
"hotel mangement service","+ 91  9888171301","Amritsar - 143001"
"Mandeep Techno Services","+ 91  183 2508811","221 A, Ranjit Avenue, Amritsar Kutchery, Amritsar - 143001, Opposite Crpf Quarters"
"Online express courier services","+ 91  9815085136","120,tilak nagar, Shivala road, Amritsar - 143001, Near apna departmental store"
"Nirmal Gas Service","+ 91  183 5063743","Main Circullar Road, Amritsar - 143001, Opp bhati enclav ,Nera Trillium Mall,opp petrol pump"
"Sahil Cargo Service","+ 91  9855754221","Shop Number 54, Amritsar - 143001, Ghee Mandi, Near Shaheed Bhagat Singh Road"
"Indiabulls Financial Services ...","+ 91  183 5070245","32, Shopping Centre,, Amritsar - 143001, Amritsar"
"Golden gas service","+ 91  183 5055555","Putlighar, G. T road, Amritsar - 143001"
"GET ENERGY SERVICES","+ 91  9217746700","Building Number-273/H, 100 Feet Road, East Mohan Nagar, Amritsar - 143006, Opp. JAYCEE Motors"
"taxi service amritsar","+ 91  9855028504","Opp. Khalsa Public School, GT Road, Near. Khalsa College Amritsar, Punjab, Putligarh, Amritsar - 143002"
"Victoria Immigration & Education","+ 91  183 5098112","Scf-35, Amritsar - 143001, Kabir Park,Opposite Guru Nanak DEV University"
"Dhillon Developers & Finance S...","+ 91  183 5000026","G T Rd, Amritsar - 143001, Nr Dada Motor,Mullanpur"
"Madhur Courier Services","","Beas, Amritsar - 143201"
"Pyar Bus Service Regd","+ 91  9814299717","Opp. Ferooman Rd.,,"
"Sanchit Financial & Mgmt Servi...","+ 91  183 2226477","378, M. M. Malviya Rd.,"
"Magnus Financial Services","+ 91  9876844477","3,, New Plaza Market, I/S. Sarai. Sant Ram,, Amritsar - 143001, O/S. Hall Gate"
"Cic Immigration","+ 91  8872634791","Court Road, Amritsar - 143001"
"Health Way Immigration","+ 91  9888888125","Court Road, Amritsar - 143001"
"Dogra Parcel Packer and Courie...","+ 91  9417997865","61 Court Road, Amritsar - 143001, Near Amritsar Head Post Office And Opposite New Rialto Cinema"
"Amristsar Taxi Service","+ 91  183 2229191","Amritsar Railway Station Road, Amritsar - 143001"
"Jolly Chef Food Services","+ 91  183 5099920","Sco - 33, 3rd Floor, Distt. Shopping Complex,, B- Block, Ranjit Avenue, Amritsar - 143001, Near Lakme Beauty Parlour"
"English Dot Com Education Serv...","+ 91  183 4094378","Ho Sco-26,Distt Shopping Cplx, Amritsar - 143001, B Blk,Ranjit Avenue"
"Gill Green Bus Service","+ 91  183 2576751","Shop no 7, Goal bagh, Amritsar - 143001, Near Railway Station"
"Crew services","+ 91  8820000088","Shop no. 15, Batala Road, Amritsar - 143001, Opposite RANDHAWA HOTEL"
"M D Sharma Van Service","+ 91  9417955322","Amritsar - 143001, Tung PAI Batala Road"
"Faridabad Crane Service","+ 91  9810660406","Santokhpura, Byepass Opp. Indl. Ess, Amritsar - 143001"
"Hk Service Centre","+ 91  183 6522646","268, East Mohan Nagar, Amritsar - 143001"
"Ajanta Advertising Service","+ 91  183 5052677","Near Bata Shoe Store, Hall Bazar,, Amritsar - 143001"
"S Kumar Goods Service","+ 91  183 2529147","Amritsar - 143001, Bazar Churberi"
"For Home Services To Kill Pest...","+ 91  9417833414","Lawrence Road, Amritsar - 143001"
"Smartway Immigration Consultant","+ 91  9417066504","Amritsar - 143001, Nr. Friend Cinema"
"Shri Bala Ji Sankat Mochan Samiti","+ 91  183 2542602","Amritsar - 143001, Katra Baghian"
"Jagdish Commercial Services","+ 91  183 2548098","59, Mewa Mandi,,, Amritsar - 143001"
"Pinder travel service","+ 91  9779160381","Shop no :44, Amritsar - 143001, Majitha road"
"Walia Motors & Service Station","+ 91  183 5091451","Chowk Gagan Cinema, Batala Road, Amritsar - 143001"
"Bharat Gas Service","+ 91  9914147852","20 A, Lawerence Road, 20 A, Lawerence Road, Lawrence Road, AMRITSAR - 143001"
"Kohli Transit Service","+ 91  183 2556378","Shaheed Bhagat Singh Rd, Amritsar - 143001, Bakarwana Bzr"
"Institute Of Banking Services","+ 91  9216878310","Amritsar Bus Stand, Amritsar - 143001, Nr Bus Stand, Behind Sangam Cinema, Asr"
"Prominent Courier Service","+ 91  183 2562646","18, Railway Road, Amritsar - 143001, Sarhardi Market, Opposite Canal Road"
"Prepaid Taxi Service(One Way P...","+ 91  9888535359","Ghanta Ghar Chowk, Golden Temple, Amritsar - 143006"
"SMART SCHOLAR INSTITUTE OF CAR...","+ 91  9501880225","485-A Macloed Road, Rani Ka Bagh, Amritsar - 143001, Near Sadar Thana"
"EXPERT IMMIGRATION","+ 91  9216201616","ScF 22 2nd floor kabir park market, Amritsar - 143001, opp gndu universty"
"Jagdev Gas Service","+ 91  9872212427","Chheharta, Gt Road, Chheharta Railway Station, AMRITSAR - 143105, Gt Road,Chheharta"
"Lifeline Medicare Services","+ 91  183 2560776","Brightway Mkt., Majitha Rd.,"
"Punsup Gas Service","+ 91  183 2221850","2-A, Batala Road, Amritsar - 143002, Opposite Prem Rai Hospital"
"Computer Age Management Servic...","+ 91  183 6500683","Sco - 18j,'c' Blockranjit Avenue, Amritsar - 143001"
"Hero Corporate Service Limited","+ 91  183 3299694","Opposite Khalsa College, Phatak Road,, Amritsar - 143001"
"M M Financial Services","+ 91  183 2560562","35, Deep Complex Road,, Amritsar - 143001"
"Harjit Electronics","+ 91  183 5060993","2233/12, islamabad, Amritsar - 143104, opp police station"
"Arora Gas Service","+ 91  183 2521655","circular road,gate hakima, Amritsar - 143002, opp.dhobi ghat"
"Delhi auto works and service c...","+ 91  8146994022","Near guru gangasar marg, Main bazar, Amritsar - 143002, Main chownk"
"Blaze Flash Courier Service Pv...","+ 91  183 5097156","3,, Opposite Rosh Hotel, Court Road,, Amritsar - 143001"
"On Dot Courier Service Railway...","+ 91  9855015348","59,, Ji Market, Railway Link Road,, Amritsar - 143001"
"Bee Ess Gas Service","+ 91  183 2292492","Shop No-9 & 10, Amritsar - 143001, Opposite Bus Stand ,Kot Atma Singh market"
"Perfect Tiffin Services","+ 91  9988119074","Amritsar - 143001"
"Green Bus Service","+ 91  9872523723","Amritsar - 143001, Rayian Mandi, Danda Mandi Near Bhinder Garage"
"Youth Services Welfare Society","+ 91  183 5110968","L-2, 761 New Gurnam Nagar Sultanwind Road, Amritsar - 143001"
"Piramal Diagnostic Services Pv...","+ 91  183 2580823","32, Amritsar - 143001, Opp Water Tank"
"satpal tiffin services","+ 91  183 2224329","5, kishan nagar, Lawrence Road, Amritsar - 143001, opp bansal sweets"
"Hind Security Services Regd","+ 91  9814664664","1st Floor, Singh Complex, Amritsar - 143001, Near Post Office, Chowk Hussainpura"
"A To Z Worldwide Services","+ 91  183 5012612","Dry Fruit Corner First Floor, Hall Bazar, Amritsar - 143001, Near Goal Hatti Chowk"
"GE Money Financial Services LTD","+ 91  183 39022000","107/1,Hall Bzr,Lower Grd Flr,R S Tower, R S Tower, Amritsar - 143001"
"R K Service Station","+ 91  183 2580461","G T Rd, Amritsar - 143001, Ram Talai"
"State Bank Of India Mutual Fun...","+ 91  183 2221755","State Bank Of India, Personal Banking Branch, Sco-3, Lawrence Road, Amritsar - 143001"
"Bamran Services Station","+ 91  183 2580551","Gt Rd, Amritsar - 143001, Opp Youth Hospital"
"Ganpati Gas Service","+ 91  183 2534588","Shop Number 165-166, near golden temple, fowara road, Amritsar - 143001, Kesari Bagh,Opposite Dharam Singh Market"
"Jatinder Mobile Services","+ 91  9814459544","Amritsar - 143001"
"Excel Services","+ 91  183 2521070","Mm Malviya Road, Amritsar - 143001"
"Venture Together Travel Services","+ 91  8146570908","44, Majitha Road, Amritsar - 143001, New Green Field"
"S S Courier Service","+ 91  9417272769","Shop Number-41,Ground Floor, Amritsar - 143001, Purani Market, Bazzar Malka"
"Thukral Financial Services","+ 91  9814032264","D-448, Ranjit Avenue, Ward No 43, Amritsar - 143001"
"Vishal Courier Service","+ 91  9888310727","Shop No 8, Haripura Road, Amritsar - 143001, Jawala Estate"
"Sukhain Fire Service","+ 91  9914876819","Baba Deep Singh Avneu, Sun Sahib Road, Amritsar - 143001, Near Baba Kharak Singh"
"Achiever Point Immigration Con...","+ 91  9855114042","Gill Complex, Gali Janta Place Wali, Amritsar - 143001, Taran Taran"
"B N Overseas Education Service","+ 91  183 2452093","Jal Road, Amritsar - 143001"
"Chahal Online Services","+ 91  9888418517","Scf-14 Ranjit Avenue, Amritsar - 143001"
"Swami Tourist Service","+ 91  183 2527741","49, Amritsar - 143001, Goal Bagh, Opposite Railway Station"
"City Financial & Placement Ser...","+ 91  9814073809","Lawrence Road, Amritsar - 143001"
"Shri Anand Financial Services","+ 91  183 6571105","Amritsar - 143001, Ranjit Avenue"
"Star Educational Services","+ 91  8283820296","Amritsar - 143001"
"Express Immigration","+ 91  9815258826","Opposite Ram Mandir, Amritsar - 143001"
"Bagga Healthcare Services","+ 91  183 2212721","Bagichi Kesho Ram, Near Bata Showroom, Chowk Putlighar, Amritsar - 143001"
"Golden Star Security Services ...","+ 91  183 5002367","1201/d-9 Mohni Park, Amritsar - 143001, Opp khalsa college"
"G S Khalsa Taxi Service","+ 91  8728990955","Flat- 10b, Amritsar - 143001, Ranjit Avenue"
"Shri Krishna Services Centre","+ 91  9646227310","Amritsar - 143001"
"Travel Net Services","+ 91  183 5016699","Amritsar - 143001, Nr. Golden Temple"
"Travel Net Services","+ 91  183 5066698","393/III/6 Katra Ahluwallian Bazaar Bikanerian, Amritsar - 143001"
"Jyoti television repair & serv...","+ 91  9914024512","Shop no :23, Tilak nagar, Amritsar - 143001, Shivala mandir"
"Eazy Capital Services","+ 91  183 2390943","Deep Complex Road, Amritsar - 143001"
"Express Financial Services","+ 91  183 5005044","5-Dasondha Singh Road, Lawerence Extensionamirtsar, Amritsar - 143001"
"Oberoi Telecom Services","+ 91  183 2270711","Batala Road, Amritsar - 143001"
"Indo World Services","+ 91  9779731963","Amritsar - 143001"
"Shabajpuri Security Services","+ 91  8054619119","Ekta Nagar, Amritsar - 143001, Near Mata Mandir"
"Pehalwans Catering Service","+ 91  8054310936","Shop No24, Opp Subji Market, Amritsar - 143001, Chok Ram Bagh"
"Right Way Immigration","+ 91  9569137200","Amritsar - 143001, Ranjit Avenue"
"Karra World Wide Immigration C...","+ 91  183 4612212","Amritsar - 143001, Nr. Bus Stand"
"Goodwill Immigration","+ 91  9814778926","Amritsar - 143001, Ranjit Avenue"
"SAI Immigration","+ 91  7508983007","Amritsar - 143001"
"XPS Cargo Services","+ 91  183 3250483","1597, Shahid Bhagat Singh Road, Amritsar - 143001"
"Hfcl Internet Services Ltd","+ 91  183 5101036","Sco-5, District Shpooing Center, Amritsar - 143001, Ranjit Avenue"
"Indiabulls Financial Services ...","+ 91  183 5002225","107/1, 1st Floor, R S Tower, Hall Bazar,, Amritsar - 143001"
"Tejbir Loading And Tour Services","","Bus Stand Road, Amritsar - 143001"
"M S G Capital Services","+ 91  183 2560040","M M M Road, Amritsar, Amritsar - 143001"
"HDB Financial Services","","SCF 12, 2nd Floor, Amritsar - 143001, Kabir Park, Opposite GNDU University"
"R K Financial Services","+ 91  183 2224111","No.199, Queens Road, Amritsar - 143001"
"Rohan Gopal Suvidhaa Service","+ 91  9872327397","Suvidhaa Sewa Kendra, Amritsar - 143001, 188 Shivala Coloney88ward No 45"
"Sandeep Agro Service","+ 91  9876188714","Amritsar - 143001"
"Modern Agro Service","+ 91  9872881392","Amritsar - 143001"
"sunny driver service","+ 91  9501557113","Amritsar - 143001"
"Noor Food Point Tiffin Service...","","Amritsar - 143001"
"Ajay Taxi Service","+ 91  9988457857","Near Post Office, Gt Road, Amritsar - 143001, Chheharta"
"Ricky School Van Service","+ 91  9888374120","H. No. 66-C, Snt Mishra Singh Colony, Amritsar - 143001, Tarn Taran Road"
"Joginder Singh Auto Goods Service","+ 91  8283010185","Gali No.2, Saheed Udham Singh Nagar, Plot No.19, Amritsar - 143001, O/S Chatiwind Gate"
"SBI Mutual Fund Investors Service","+ 91  9855008415","Society 3 Amritsar, Amritsar - 143001"
"Sangam Gas Service","+ 91  183 2210111","8, Queen Road, Amritsar - 143001"
"Pali Travels & Educational Ser...","+ 91  183 5016800","3, 1st Floor, Pt Din Dayal Upadhya Complex, Amritsar - 143001, Bhandari Bridge"
"Danish Immigration Consultants","+ 91  183 5014005","Shop No 88-89 Kabir Market, Opp HDFC Bank, Amritsar - 143001, Near King Palace"
"Srs Security Services","+ 91  9988011819","2nd Floor, Singh Complx, Near Post Office, Amritsar - 143001, Chowk Hussainpura"
"Impetus Financial Services","+ 91  183 2211492","23 Mohindra Colony,, Amritsar - 143001"
"Dreamz Newzealand Study Abroad...","+ 91  183 5056688","Scf-45 1st Floor Kabir Park Mkt, Amritsar - 143001, Opp Gndu"
"Jinder bike repair &services","+ 91  9876789424","Amritsar - 143001, Tilak Nagar"
"Shah Consultant & Management S...","+ 91  9888329415","Amritsar - 143001, Rani Ka Bagh"
"Gupta Electrical Service","+ 91  183 2421346","314, Guru Gobind Singh Nagar, Amritsar - 143001, Majhitha Road"
"Aman Gas Service","+ 91  9888687544","Shop Number 3, Majitha Road, Amritsar - 143001, Opposite Parkash Market"
"B R Mobile Service","+ 91  9888912155","Amritsar,, Lawarence Road, Amritsar - 143001"
"SAI Kirpa Van Service","+ 91  9855183218","Plot No.42, Vishal Vihar, Banke Bihari Gali, Amritsar - 143001, Batala Road"
"R S Engineering Services","+ 91  183 5019752","401/G-8 Shri Ganpati Tower, Lawrence Road, Amritsar - 143001"
"Royal Credit Services","+ 91  183 5017583","Cooper Road, Amritsar - 143001"
"Sultan Consultancy Services","+ 91  183 5012993","55, Basement, Amritsar - 143001, Kabir Park Market, Opp Gndu"
"I service apple care &repair","+ 91  9803046333","Shop no.6 Nehru shopping complex, Lawrence road, Amritsar - 143001, Opp Lawrence road"
"Sony Bros Electronic Service","+ 91  183 2541793","S C O 24 National Shopping Complex, Amritsar Road, Amritsar Bus Stand, Amritsar - 143001, Near Nandan Cinema Chowk And Near Bus Stand"
"Samsung Service Center","+ 91  183 30308282","Amritsar - 143001"
"Reliance Infocomm Ltd Customer...","30333333",""
"Samsung Service Centre","+ 91  183 5005968","shop no. 31, Lawrence Road, Lawrence Road, Amritsar - 143001, Nehru Shopping Complex"
"Shivani Electronics","+ 91  183 5014080","6 , Kamal Tower, Batala Road, Amritsar - 143001, Near Kamal Palace Apna Ghar"
"Shree Maruti Courier Services ...","+ 91  9356143283","Goyal Plaza, Amritsar - 143001, Near Amrit Cinema Leather Bazar"
"VIKAS TRAVEL SERVICE","+ 91  183 2563154","52-A, Rani Ka Bagh, Amritsar - 143001, Nr Sadar Police Station"
"K A Sahni Enterprises","+ 91  183 5007577","Shop No G-10 ,2nd Floor, Ganpati Toer, Lawrence Road, Amritsar - 143001"
"Flyking Courier Services Pvt Ltd","+ 91  183 2551731","2576, Amritsar - 143001, Bazar Bikaneria, Katra Ahluwalia"
"AS MOBILE SERVICE","+ 91  183 5003114","shop No 27,20 Upadhya Complex, 2nd Floor, Deen Dayal, Bhandari Brigde, Amritsar - 143001, Amritsar"
"Htc Service Center","18002663566","Shop No.G-10, 2nd Floor, Ganpati Tower, Lawrence Road, Amritsar - 143001"
"Service Club","+ 91  183 2222121","Lawrance Raod, Amritsar - 143001, Rambagh Garden"
"IFB Service Center","+ 91  183 3900432","Amritsar - 143001"
"Whirlpool Service Center","+ 91  183 4549000","Amritsar - 143001"
"BAJAJ INTERNATIONAL","+ 91  183 5053300","shop no 87, Ground Floor, NEHRU SHOPPING COMPLEX, Lawrence Road, Amritsar - 143001, Opp. Novelty sweets"
"Iball Service Centre","+ 91  9023365597","Shop no 19 FF, Majitha complex, Amritsar - 143001, Opp.ent hospital"
"Aforeserve.com Ltd","+ 91  183 5050830","Plot No 336, 1st Floor, Lawrence Road, Shastri Nagar, Amritsar - 143001, Opp BR Modern School"
"Baldev Electronics","+ 91  9815770653","Shop No-4, Amritsar - 143001, Prakash Market"
"Shree Tirupati Courier Service","+ 91  9888485669","16. Darashing Building, 2nd Floor,, Amritsar - 143001, Kairon Market, Halla Bazar, Near Post Office"
"Toshiba Service Center","+ 91  9815574960","Amritsar - 143001"
"UTI Infrastructure Technology ...","+ 91  183 2500197","Sco -34, 1st Floor, District Shopping Complex, Ranjeet Avenue Block B, Amritsar - 143001"
"British Counselling & Educatio...","+ 91  183 2504426","Sco 33, Shopping Cplx, Amritsar - 143001"
"Mahindra & Mahindra Financial ...","+ 91  183 6575167","Shop No 85 City Centre 1st Floor, G T Road, Main Road, Amritsar - 143001, B/S Sangam Cinema"
"Samsung Service Center","+ 91  9876592088","RS TOWER, 22 friend lane, mall raod, Street number 8, Amritsar - 143001, compny garden"
"I Ball Mobiles Service CentrE","+ 91  9915240562","Main market, Amritsar - 143001, MAJITHA road"
"Eco info service","+ 91  8559058165","Building no-29 2nd floor deep complex, Court Road, Amritsar - 143001"
"Amardeep Electronics","+ 91  183 2555048","Seth Complex, Amritsar - 143001, Hall Bazaar, Near Reliance Digital Express"
"Aakash Institute","+ 91  183 5051029","Sco No 11, 1st & 2nd Floor, District Shopping Complex, Ranjit Avenue, Amritsar - 143001, B Block"
"DTDC Courier Service","+ 91  183 2220043","1st Floor, Suri Complex, Opposite Ralway Station O, Amritsar - 143001"
"Sekhri Academy & Immigration Ltd.","+ 91  9569101112","Sco-37, 1st Floor, Dist. Shopping Complex, Block-B, Ranjit Avenue, Amritsar - 143001"
"ABTC VOLVO BUS SERVICE","+ 91  183 2735529","CITY CENTRE, Amritsar - 143001, Near Amritsar Bus stand"
"Shree Nandan Courier Service P...","+ 91  183 5011769","282 East Mohan Nagar, Amritsar - 143001, Opposite State Bank Of Patiala"
"LG SAMSUNG SERVICE CENTER","+ 91  9876592088","22majitha road, gokal nagar, Amritsar - 143002, gopal mandir"
"UAE Exchange & Financial Servi...","+ 91  183 5066444","9, Deep Complex, Court Road, Amritsar Cantt, Amritsar - 143001, Opposite Doaba Automobiles"
"Hcl service centr","+ 91  8557872792","86 2nd floor, Nehru shopping complex, Lawrence Road, Amritsar - 143001, Opp novelty"
"Digital Solutions","+ 91  183 2254511","Scf-23, 2nd Floor, Shopping Complex, AMRITSAR - 143001, Kabir Park, Opposite Gndu"
"Sikka Gas Service","+ 91  183 2272584","12-13, Batala Road,"
"HDB Financial Services","","Unit No. SF-2 , 2nd Floor, Central Mall, Plot No. 32, Mall Road, Amritsar - 143001"
"Guru Amrit Financial Service","+ 91  9888171301","C/o Guru Amrit Clinic, Gol Masjid Wali Gali, Amritsar - 143002, Near Amritsar Bus Stand"
"Immigration Law Office","+ 91  9815210114","Amritsar - 143001, Ranjit Avenue"
"DTDC PLUS DOMESTIC & INTERNATI...","+ 91  7508974593","Shop No. 52, Ranjit Avenue B Block, Ranjit Avenue, Amritsar - 143001, Opposite MK Hotel"
"Verka Indane Service","+ 91  183 2264451","Shop No.1, Batala Road,, Amritsar Cantt, Amritsar - 143001, Opp. Vet. Hospital"
"HITACHI SERVICE CENTRE","+ 91  183 5056735","Shop no L-6, main bazar, Amritsar - 143002, dayal market saenbura Chowk"
"sony service center","+ 91  9801244884","Amritsar - 143001"
"Sai Services","+ 91  183 5060123","House No-V5,, Amritsar - 143001, Green Avenue, Opposite Sakhi House"
"b.r Mobile Services","+ 91  9855033422","shop no 2, new market, Lawrence Road, Amritsar - 143001, opp icici bank"
"Premier Gas Service","+ 91  183 2503577","Shop No.20, A Block,, Ranjit Avenue Market, AMRITSAR - 143001, Shop No.20, A Block,"
"Computer Age Management Servic...","+ 91  183 3257404","378, Majitha Cplx, 1st Flr, M M Malviya Rd, Amritsar - 143001"
"Cwc Immigration Solutions","+ 91  183 2504466","Sco-112, 2nd Floor, Amritsar - 143001, Near Old Passport Office, Near ICICI Bank"
"Sandeep Gas Service","+ 91  183 2546927","Shop No-30, Amritsar - 143001, Amritsar International"
"Amritsar Gas Service","+ 91  183 2400440","Dilawari Street, Putligarh, Amritsar - 143002, Putlighar"
"Nishat Bus Service","+ 91  183 2543305","Amritsar - 143002, Front Office Below Sagar Hotel, Outside Hall Gate"
"Videocon Service Centre","+ 91  183 2506554","Amritsar - 143002"
"Kissan diesel services","+ 91  9463448118","Shop no 3, Gt Road, Amritsar - 143001, Opp amar tractors"
"The British Library & Immigrat...","+ 91  8872890000","Sco 123/124,Nr Vishal Mega Mart, B Block, Amritsar - 143002, Near V"
"Satyam Financial Services & Jo...","+ 91  9915613762","1st Floor,Opp.Kali Mandir,Dhab Vasti Ram, Amritsar - 143001"
"Gsm Services","+ 91  183 2560540","1-B, Liberty Market,, Opp Railway Link Road, Amritsar - 143001"
"Wisdom Services","+ 91  183 2422114","F-16,30/404, Street No 1, Amritsar - 143001, Near - Hargovind Avenue"
"Patel Parcel Services","+ 91  9316292157","No. 1650/1, Karmon Gali, Amritsar - 143001, Near Katara Jaimal Singh"
"Alisha Gas Service","+ 91  183 2701678","81-A, Amritsar - 143001, East Mohan Nagar"
"Saggu Service Station","+ 91  183 2559535","Amritsar - 143001, Hide Market"
"Capital Photo Service","+ 91  183 2543422","Shop Number 10 Hall Bazar, Amritsar - 143001, In Front Of Airtel Office 1km From Bus Stand"
"Singh Transport Service","+ 91  183 6530233","Shop No-5 Nr Guru Ram Das dental college, Amritsar Bus Stand, Amritsar - 143001, Opposite maqboolpura police station"
"Habile Outsource Business S...","+ 91  9780786544","755/7, Gali Teliya Wali, Amritsar - 143006, Near Namak Mandi"
"Orient Exchange And Financi...","+ 91  183 2402950","Shop No 74,Lower Ground Floor, Railway Link Road, Amritsar - 143001, Near Liberty Market"
"Shri Durga Publicity Service","+ 91  9872773792","Number 2743/478, Amritsar - 143001, Opposite Amar Jyoti School Near Sadar Thana"
"Noc Immigration Pvt Ltd","+ 91  183 5056563","Sco 36 & 53 B Block Ranjit Avenue, Amritsar - 143001, Near Balle Bowl Restaurant"
"Life Link Ambulance And Hea...","+ 91  9888877730","Amritsar - 143001, Near Fortis Hospital"
"Bhai Chanda Singh Taxi Serv...","+ 91  9872204494","Shop Number 115, Chowk Malkabut, Golden Temple, Amritsar - 143006, Opposite Dharma Singh Market"
"Edge Overseas Educational S...","+ 91  183 2223743","243, Maqbool Road, Basant Avenue, Amritsar - 143001, Opposite Sukh Sagar Hospital"
"Namdhari Crane Services","+ 91  9815141102","G T Road, Amritsar - 143002, Near Maharaja Jassa Singh Ramgarhia Butt & 100 Ft"
"Swift Sales Service","+ 91  183 2229736","Queens Road, Amritsar - 143001, Opposite Hotel Suncity Tower Near Railway Station"
"Scholar Destiny Education S...","+ 91  183 6555503","108 Second Floor, Ranjit Avenue, Amritsar - 143001, Near Passport Office"
"Public Ambulance Services","+ 91  8054232604","Rani Ka Bagh, Amritsar - 143001, Near Kachhari Chowk"
"Advance Services","+ 91  183 2520841","Number 2665/16, Inside Gate Bhagtanwala, Amritsar - 143001, Near Doctor Maya Ram"
"Ashoka Rescue Air Ambulance...","+ 91  8826171818","106 ,Palam Vihar Ext., Amritsar - 143001"
"Z Security Services Regd","+ 91  9815577778","First floor, Chaudhary Market, Amritsar Bus Stand, Amritsar - 143001, Backside Punjab National Bank Opposite Civil Hospital"
"Deepstar security services","+ 91  7814414146","Amritsar - 143001"
"M P Pest Control Services","+ 91  9814172670","Shop Number 3499 Bahadur Nagar, Sultanwind Road, Sultanwind, Amritsar - 143006, Near Baniya Kriyana Store"
"Punjab Secure Security Serv...","+ 91  9814745112","A 31 Jawahar Nagar, Gali Singh Electrical, Amritsar - 143001"
"Krishna Security Service Regd","+ 91  9876705211","Sandhu Colonel, Cheta Saab Road, Amritsar - 143002"
"Guru Kashi Security Service...","+ 91  9478777570","Talwandi Sabo, Maur Road, Amritsar - 143002, Near Bus Stand"
"I Care Pest Control Service...","+ 91  9988000446","Shop Number 77, Amritsar - 143002, Near Bus Stand"
"Dtdc International & Domest...","+ 91  183 5061093","Gurdware Wali Gali, Majitha Road,, Amritsar - 143002, Bhawani Nagar, Opp Handa Jewellers,"
"Khalsa Highways Bus Service","+ 91  9814064235","Amritsar - 143002, Gurnam Nagar"
"Lifeline Medicare Services","+ 91  9814298322","Sco-1,2, 1st Floor, Amritsar - 143002, Majitha Road"
"S S S S Immigration Services","+ 91  183 5018295","Number 280 Partap Avenue Phase 2 G T Road, Amritsar - 143001, Opposite Alpha One Mall"
"King Groups Security Servic...","+ 91  183 2220108","2nd Floor, Batala Road, Amritsar - 143006, Above Punsup Gas Servicenear Miglani Hospital"
"Deepstar Housekeeping Services","+ 91  8528361461","House Number 427, Number 2 Doctor Het Ram Colony Naraingarh, Chheharta, Amritsar - 143105, Near Krishna Mandir"
"B2X","+ 91  183 5099299","Sco No 29, National Shopping Complex, Amritsar - 143001, Hide Market"
"Ahd COMMUNICATIOn","+ 91  183 5012999","1st FLOOR, Main bazar, Amritsar - 143001, Bhai Ghanaian market"
"Perfect Mobile Repair Centre","+ 91  9855680786","Shop No. 19-20, 210-A, Queens Road, Amritsar - 143001, Simran Plaza Market"
"Bala Immigration Guidance Serv...","+ 91  9872212270","2929/2, Pakki Gali, Amritsar - 143001, Outside Mission Compound"
"BALA JI TOUR &TRAVELS","+ 91  9988019412","New corporation market, Amritsar - 143001, O/s hathi gate"
"BALA JI CLINICAL LABORATORY","+ 91  183 2221202","MAJITHA ROAD, Amritsar - 143001, INSIDE BHANDARI HOSPITAL"
"Bala Ji Communications","+ 91  9888195258","Amritsar ,, Majitha Road, Amritsar - 143001"
"Bala Ji Kalire &Imitation Jewe...","+ 91  9888701186","Gali Kucha Faqir Khana, Amritsar - 143001, Bazar Kathiyaan,Market Bhaji"
"Bala Ji Trans Reiki Centre","+ 91  9888717324","118, Street No-3, Khandwala, Street No-4 , gali charandass khel vali, Amritsar Bus Stand, Amritsar - 143001, Near Guru Nanak DEV University"
"Bala Ji jyotish kendra","+ 91  9815102643","Nehru shopping Complex, 62 ff, Amritsar - 143001, Novelty"
"Bala Ji Tour & Travels","+ 91  9988019412","Shop No 71, Hathi Gate, Amritsar - 143001, Opp.Hindustani Basti"
"BALA JI REFREGERATION WORKS","+ 91  9872864227","I/s B.k Dutt Gate,Sai dass Road, Amritsar - 143006, opp.Neha bhawan"
"BALA JI PROPERTY ADVISOR","+ 91  9356001562","DOCTOR COMPLEX, OPPOSITE ENT HOSPITAL, Medical Enclave, Amritsar - 143001"
"Bala JI Trading Co.","+ 91  183 5180320","Amritsar - 143001, Nr. Essma Showroom"
"Bala ji computer","+ 91  9988781115","Shop no 10 a, Chowk shakti nagar, Amritsar - 143001"
"Bala Ji Bikaner Sweets","+ 91  8239300958","Batala Road, Amritsar - 143001, Near celebration Mall"
"Bala Dreams Boutique","+ 91  9988784306","shop no-3-4, choudhary market , gali no. 1 shimla market , putlighar, Amritsar - 143001, Putlighar"
"bala ji trader","+ 91  9888808786","shop N-2, rattan singh chownk, Amritsar - 143001, maqbulpura road"
"BALA JI BIKANER SWEETS","+ 91  7355504113","MAIN BAZAR, ISLAMABAD NAGAR, Amritsar - 143002, NEAR RAILWAY CROSSING"
"Bala Ji Rajai Bhandar","+ 91  9878176597","Gwal Mandi Chowk, Cant. Road, Putligarh, Amritsar - 143002"
"Bala Ji Stationers And Book Shop","+ 91  9463963876","New Gokal ka Bagh, Amritsar - 143002"
"Bala Chack Kheire Krishi Sewa ...","+ 91  9878743328","23, 30km, Main Road, Baba Bakala, Amritsar - 143202, Vill Bala Chack kheire, Near Shastri Market, Near Gurdawara Talhi Saab"
"Bala Ji Batteries & Invertors","+ 91  183 2588863","Bzr Sharifpura,,"
"Global Immigration Consulta...","+ 91  183 5015277","Sco 6 Second Floor District Shopping Complex, Ranjeet Avenue Block B, Amritsar - 143001, Near Connect Office"
"Worldwide Immigration Consulta...","+ 91  183 6616200","Sco-112,ICICI Bank Bldg, District Shopping Centre, M K Hotel Rd, Amritsar - 143001, Ranjit Avenue"
"All Blacks Immigration & Educa...","+ 91  8146541236","Ptk Bye Pass, Amritsar - 143001"
"Svs Global Immigration & Edu S...","+ 91  183 5007728","Amritsar - 143001"
"Lotus Immigration & Financial ...","+ 91  183 5062157","Scf-3, A Block Market, Ranjit Avenue, Amritsar - 143001"
"MSB Immigration & Visa Services","+ 91  183 5057786","1st Floor, Durga Ice Cream, Lawrence Road, Amritsar - 143001"
"Ambika International Man Po...","+ 91  183 5050916","Sco 88 First Floor, Ranjit Avenue, Amritsar - 143002, Backside Old Passport Office"
"Sky High Immigration","+ 91  183 2422283","Shop Number 90 Deep Complex, Court Road, Amritsar - 143002, Near Doaba Auto"
"S.S.S.S Security Services","+ 91  9888314362","shop no 36-37, Chaudhary Plaza, Gt Road, Amritsar - 143001, Opp Civil Hospital Rambagh"
"One Stop Immigration Solutions","+ 91  183 5066680","Sco 44,Kabir Park Market, GT Road, Kabir Park Colony, Amritsar - 143002, Opposite GNDU"
"H S Rental Services","+ 91  9417830325","Number 5 Government Colony, Maqbool Road, Amritsar - 143002, Near Sukh Sagar Hospital"
