"Name","Phone","Address"

"Express Immigration","+ 91  9815258826","Opposite Ram Mandir, Amritsar - 143001"
"Hk Service Centre","+ 91  183 6522646","268, East Mohan Nagar, Amritsar - 143001"
"HDB Financial Services","","SCF 12, 2nd Floor, Amritsar - 143001, Kabir Park, Opposite GNDU University"
"B N Overseas Education Service","+ 91  183 2452093","Jal Road, Amritsar - 143001"
"Oberoi Telecom Services","+ 91  183 2270711","Batala Road, Amritsar - 143001"
"Pali Travels & Educational Ser...","+ 91  183 5016800","3, 1st Floor, Pt Din Dayal Upadhya Complex, Amritsar - 143001, Bhandari Bridge"
"Indiabulls Financial Services ...","+ 91  183 5002225","107/1, 1st Floor, R S Tower, Hall Bazar,, Amritsar - 143001"
"Amritsar Public School","+ 91  183 2588000","Canal Road, Amritsar,, Amritsar - 143001"
"For Home Services To Kill Pest...","+ 91  9417833414","Lawrence Road, Amritsar - 143001"
"Punjab Agro Service","+ 91  9872028113","Amritsar - 143001"
"XPS Cargo Services","+ 91  183 3250483","1597, Shahid Bhagat Singh Road, Amritsar - 143001"
"Rohan Gopal Suvidhaa Service","+ 91  9872327397","Suvidhaa Sewa Kendra, Amritsar - 143001, 188 Shivala Coloney88ward No 45"
"Ajanta Advertising Service","+ 91  183 5052677","Near Bata Shoe Store, Hall Bazar,, Amritsar - 143001"
"Tulec Computer Education","+ 91  183 2212346","Lawrence Road, Amritsar,, Amritsar - 143001"
"Jyoti television repair & serv...","+ 91  9914024512","Shop no :23, Tilak nagar, Amritsar - 143001, Shivala mandir"
"Amritsar Glass House","+ 91  183 5063965","Amritsar - 143001, Town Hall"
"M S G Capital Services","+ 91  183 2560040","M M M Road, Amritsar, Amritsar - 143001"
"Trendz, Amritsar","+ 91  9814530300","Amritsar, Panjab, Amritsar - 143001"
"Nutrition World, Amritsar","+ 91  9915099822","Amritsar, Panjab, Amritsar - 143001"
"R. S. Electricals, Amritsar","+ 91  9815237613","Amritsar, Panjab, Amritsar - 143001"
"Malik Seeds, Amritsar","+ 91  9815687861","Amritsar, Panjab, Amritsar - 143001"
"Alpha Exports, Amritsar","+ 91  9417057275","Amritsar, Panjab, Amritsar - 143001"
"R K Financial Services","+ 91  183 2224111","No.199, Queens Road, Amritsar - 143001"
"Joginder Singh Auto Goods Service","+ 91  8283010185","Gali No.2, Saheed Udham Singh Nagar, Plot No.19, Amritsar - 143001, O/S Chatiwind Gate"
"Sandeep Agro Service","+ 91  9876188714","Amritsar - 143001"
"Noor Food Point Tiffin Service...","","Amritsar - 143001"
"Shabajpuri Security Services","+ 91  8054619119","Ekta Nagar, Amritsar - 143001, Near Mata Mandir"
"Gupta Electrical Services","+ 91  183 2421346","314,, Guru Gobind Singh Nagar, Amritsar - 143001, Majitha Road"
"Ricky School Van Service","+ 91  9888374120","H. No. 66-C, Snt Mishra Singh Colony, Amritsar - 143001, Tarn Taran Road"
"Chahal Online Services","+ 91  9888418517","Scf-14 Ranjit Avenue, Amritsar - 143001"
"sunny driver service","+ 91  9501557113","Amritsar - 143001"
"Amritsar Food","+ 91  9872985201","Shukar Chak Road Near Verka Octroi Verka, Amritsar - 143001"
"SAI Kirpa Van Service","+ 91  9855183218","Plot No.42, Vishal Vihar, Banke Bihari Gali, Amritsar - 143001, Batala Road"
"Srs Security Services","+ 91  9988011819","2nd Floor, Singh Complx, Near Post Office, Amritsar - 143001, Chowk Hussainpura"
"Smartway Immigration Consultant","+ 91  9417066504","Amritsar - 143001, Nr. Friend Cinema"
"Computer Education Development...","","Amritsar - 143001"
"Amritsar provisional store","+ 91  9872618117","Shop no 297, Fatehgarh Churian Road, Amritsar - 143001, Near Akash avenue"
"SBI Mutual Fund Investors Service","+ 91  9855008415","Society 3 Amritsar, Amritsar - 143001"
"Shri Krishna Services Centre","+ 91  9646227310","Amritsar - 143001"
"Dhruv International Amritsar","+ 91  183 3124164","G. T. Road, Amritsar - 143001, Opposite O. C. M. Chheharta,"
"Hfcl Internet Services Ltd","+ 91  183 5101036","Sco-5, District Shpooing Center, Amritsar - 143001, Ranjit Avenue"
"Amritsar Computer Care","+ 91  9464750065","Amritsar - 143001, Hide Mkt."
"Amritsar Computer Care","+ 91  9463247501","104, 1st Floor, Amritsar - 143001, Chowdhary Plaza, Hide Market, Gt Road"
"Bagga Healthcare Services","+ 91  183 2212721","Bagichi Kesho Ram, Near Bata Showroom, Chowk Putlighar, Amritsar - 143001"
"Pehalwans Catering Service","+ 91  8054310936","Shop No24, Opp Subji Market, Amritsar - 143001, Chok Ram Bagh"
"Bolero Loading Service","+ 91  9815293541","Amritsar - 143001, Maan Daakhana"
"M D Sharma Van Service","+ 91  9417955322","Amritsar - 143001, Tung PAI Batala Road"
"Apex Education Group","+ 91  183 2213899","208, Amritsar - 143001, Opposite Khalsa College, Mohni Park"
"G S Khalsa Taxi Service","+ 91  8728990955","Flat- 10b, Amritsar - 143001, Ranjit Avenue"
"Amritsar Medicine Centre","+ 91  183 2543679","2084/12, Gali Kucha Dai Khana, Amritsar - 143001, Katra Sher Singh"
"B R Mobile Service","+ 91  9888912155","Amritsar,, Lawarence Road, Amritsar - 143001"
"Travel Net Services","+ 91  183 5016699","Amritsar - 143001, Nr. Golden Temple"
"City Financial & Placement Ser...","+ 91  9814073809","Lawrence Road, Amritsar - 143001"
"Amritsar Sweets","+ 91  9855292856","Near Tungan Wali Puli, Majitha Road, Amritsar - 143001"
"Shah Consultant & Management S...","+ 91  9888329415","Amritsar - 143001, Rani Ka Bagh"
"Pinder travel service","+ 91  9779160381","Shop no :44, Amritsar - 143001, Majitha road"
"Jatinder Mobile Services","+ 91  9814459544","Amritsar - 143001"
"Vishal Courier Service","+ 91  9888310727","Shop No 8, Haripura Road, Amritsar - 143001, Jawala Estate"
"Amritsar Engineering Works","+ 91  183 2581524","21, 100 Feet Road, AMRITSAR - 143001, Near Mata Kaulan Hospital, Gokal Ka Bagh"
"Danish Immigration Consultants","+ 91  183 5014005","Shop No 88-89 Kabir Market, Opp HDFC Bank, Amritsar - 143001, Near King Palace"
"Amritsar Haldi Sales Corp.","+ 91  183 3092430","Gali Bankey Behari, Batala Road,,, Amritsar - 143001"
"Travcare Education System","+ 91  183 5011595","Amritsar - 143001, B/S Gagan Cinema"
"Sgs Education & Visa Consultant","+ 91  9888570202","G T Road, Amritsar - 143001, Near PNB Bank Rayya"
"Amritsar Timber Store","+ 91  9872249191","Cheel Mandi, Amritsar - 143001"
"Travel Net Services","+ 91  183 5066698","393/III/6 Katra Ahluwallian Bazaar Bikanerian, Amritsar - 143001"
"Royal Credit Services","+ 91  183 5017583","Cooper Road, Amritsar - 143001"
"SAI Immigration","+ 91  7508983007","Amritsar - 143001"
"Eazy Capital Services","+ 91  183 2390943","Deep Complex Road, Amritsar - 143001"
"Crew services","+ 91  8820000088","Shop no. 15, Batala Road, Amritsar - 143001, Opposite RANDHAWA HOTEL"
"Sangam Gas Service","+ 91  183 2210111","8, Queen's Road, Amritsar - 143001"
"Commercial Office Space Amrits...","+ 91  9996113456","Amritsar, Amritsar - 143001"
"Bahra Forex Services","+ 91  183 4629140","Amritsar - 143001, Jyoti Cottage"
"Venture Together Travel Services","+ 91  8146570908","44, Majitha Road, Amritsar - 143001, New Green Field"
"Bachpans Education & Consultancy","+ 91  183 5014861","Mm Malviya Road, Amritsar - 143001"
"Deep Enterprises, Amritsar","+ 91  9988111275","Amritsar, Panjab, Amritsar - 143001"
"Excel Services","+ 91  183 2521070","Mm Malviya Road, Amritsar - 143001"
"Amritsar Motor Store","+ 91  183 2541046","Amritsar - 143001, Sheranwala Gate"
"Right Way Immigration","+ 91  9569137200","Amritsar - 143001, Ranjit Avenue"
"Karra World Wide Immigration C...","+ 91  183 4612212","Amritsar - 143001, Nr. Bus Stand"
"Bbs Overseas Education","+ 91  183 2222232","2nd Flor Lawrence Road, Amritsar - 143001"
"Impetus Financial Services","+ 91  183 2211492","23 Mohindra Colony,, Amritsar - 143001"
"Amritsar Health Club","+ 91  9988423109","L6/872, Gali No 2, Amritsar - 143001, Shaheed Udham Singh Nagar, Tt Road"
"Saffron Financial Services","+ 91  183 2502200","Amritsar - 143001, Dsc Ranjit Avenue"
"Thukral Financial Services","+ 91  9814032264","D-448, Ranjit Avenue, Ward No 43, Amritsar - 143001"
"Amritsar Aluminium House","+ 91  9817151289","Chk Hussianpura, Amritsar - 143001"
"R S Engineering Services","+ 91  183 5019752","401/G-8 Shri Ganpati Tower, Lawrence Road, Amritsar - 143001"
"Education Visa Consultants","+ 91  183 5067592","Amritsar - 143001, Thana Sadar"
"Travel Agent In Amritsar","+ 91  183 2530847","Shop No 27 Pandit Din Diyal Upadhiaya Complex, Amritsar - 143001"
"Amritsar Engg. Works","+ 91  183 4069898","Plot No. 71-72,, G.T. Road, Amritsar - 143001"
"Amritsar /Tarntaran District D...","+ 91  9417247974","No 759 (Gf) Housefed Complex, Amritsar - 143001"
"Amritsar Cabs","+ 91  183 5007187","Railway Station G T Road Amritsar Opp.Canal Office Amritsar, Amritsar - 143001"
"Amritsar Education Society And...","+ 91  183 2507622","72 Sector 4 Amritsar, Amritsar - 143001"
"Amritsar Motors","+ 91  183 2508501","B-306 Loharka Road Ranjit Vihar, Amritsar - 143001"
"Teriot Auto & Electricals Priv...","+ 91  183 2581057","221, East Mohan Nagar,, Amritsar - 143001"
"Satyam Financial Services & Jo...","+ 91  9915613762","1st Floor,Opp.Kali Mandir,Dhab Vasti Ram, Amritsar - 143001"
"Gsm Services","+ 91  183 2560540","1-B, Liberty Market,, Opp Railway Link Road, Amritsar - 143001"
"Vmm Education","+ 91  183 2222923","3, 991487487, Amritsar - 143001"
"Amritsar Sewa Samiti","+ 91  183 2531048","Sewa Samiti Pharmacy Building, Durgiana Road, Amritsar - 143001, Opp Andh Vidhyala"
"Patel Parcel Services","+ 91  9316292157","No. 1650/1, Karmon Gali, Amritsar - 143001, Near Katara Jaimal Singh"
"Wisdom Services","+ 91  183 2422114","F-16,30/404, Street No 1, Amritsar - 143001, Near - Hargovind Avenue"
"Saggu Service Station","+ 91  183 2559535","Amritsar - 143001, Hide Market"
"Alisha Gas Service","+ 91  183 2701678","81-A, Amritsar - 143001, East Mohan Nagar"
"Amritsar Electronic House","+ 91  9779922009","9-10, M M Malviya Road, Amritsar - 143001, near art gallery"
"Amritsar Airport Cabs","+ 91  9988370123","Sco-32, Deep Complex, Coourt Road, Amritsar - 143001, Opposite Dwaba Automobile"
"Amritsar Taxi Stand tour & Travel","+ 91  9988314811","Shop Number-3, Goal bagh, Amritsar - 143001, Opp.railway station"
"Global Computers Amritsar","+ 91  9216350546","Amritsar - 143001"
"Amritsar Furniture","+ 91  183 2552489","2638/V-16, Amritsar Bus Stand, AMRITSAR - 143001, Uttam Garh , Bazar Baba Bhori Wala"
"Bharat Gas Service","+ 91  9914147852","20 A, Lawerence Road, 20 A, Lawerence Road, Lawrence Road, AMRITSAR - 143001"
"Anand College Of Education For...","+ 91  183 2744301","Batala Road, Amritsar - 143001"
"Kohli Transit Service","+ 91  183 2556378","Shaheed Bhagat Singh Rd, Amritsar - 143001, Bakarwana Bzr"
"Amritsar College Of Engineerin...","+ 91  183 5069532","12 Km. Stone, G.t.road, Amritsar - 143001, Amritsar - Jalandhar"
"Manappuram Finance, Lowrance R...","+ 91  183 3222520","Flat No. 104, Ist Floor, S.s. Colour Lab Building, Lowrance Road, Lawrence Road, Amritsar - 143001, Opp. Nehru Shopping Complex"
"Institute Of Banking Services","+ 91  9216878310","Amritsar Bus Stand, Amritsar - 143001, Nr Bus Stand, Behind Sangam Cinema, Asr"
"Prominent Courier Service","+ 91  183 2562646","18, Railway Road, Amritsar - 143001, Sarhardi Market, Opposite Canal Road"
"Medway Education Consultant PV...","+ 91  183 5051900","47, Tilak Nagar, Amritsar - 143001, Near Shivala Mandir"
"Dr Shorey The Amritsar Clinica...","+ 91  183 2542979","Chowk Regent Cinema, Gandhi Bazar, Amritsar - 143006, Chowk Regent Cinema"
"Prepaid Taxi Service(One Way P...","+ 91  9888535359","Ghanta Ghar Chowk, Golden Temple, Amritsar - 143006"
"Amritsar Hospital","+ 91  183 2702500","100 Feet Road, Amritsar Bus Stand, Amritsar - 143001, Near Sultanwind Road"
"Bank Of Baroda Amritsar Pratap...","+ 91  183 2584172","P No-1, G T Rd, Pratapnagar, Amritsar - 143006"
"VRINDAVAN GARDENS AMRITSAR","+ 91  183 6548182","SCO 1, VRINDAVAN ORCHARD, Amritsar - 143002, LOHARKA ROAD"
"EXPERT IMMIGRATION","+ 91  9216201616","ScF 22 2nd floor kabir park market, Amritsar - 143001, opp gndu universty"
"Acumen Capital Market (I) LTD ...","+ 91  183 3257448","Adjacent ICICI Bank, Rani Ka Bagh, Amritsar - 143001, Amirtsar"
"Jagdev Gas Service","+ 91  9872212427","Chheharta, Gt Road, Chheharta Railway Station, AMRITSAR - 143105, Gt Road,Chheharta"
"Amritsar Crown Cap","+ 91  183 2432527","14 Km Stone, G T Rd, Jandiala Guru, Amritsar - 143115"
"Amritsar Rice Mills","+ 91  183 2440161","Jandiala Guru, Amritsar - 143115, Manawala,District Amritsar"
"Sikka Gas Service","+ 91  183 2272584","12-13, Batala Road,"
"HDB Financial Services","","Unit No. SF-2 , 2nd Floor, Central Mall, Plot No. 32, Mall Road, Amritsar - 143001"
"Guru Amrit Financial Service","+ 91  9888171301","C/o Guru Amrit Clinic, Gol Masjid Wali Gali, Amritsar - 143002, Near Amritsar Bus Stand"
"Immigration Law Office","+ 91  9815210114","Amritsar - 143001, Ranjit Avenue"
"DTDC PLUS DOMESTIC & INTERNATI...","+ 91  7508974593","Shop No. 52, Ranjit Avenue B Block, Ranjit Avenue, Amritsar - 143001, Opposite MK Hotel"
"Verka Indane Service","+ 91  183 2264451","Shop No.1, Batala Road,, Amritsar Cantt, Amritsar - 143001, Opp. Vet. Hospital"
"HITACHI SERVICE CENTRE","+ 91  183 5056735","Shop no L-6, main bazar, Amritsar - 143002, dayal market saenbura Chowk"
"sony service center","+ 91  9801244884","Amritsar - 143001"
"Time Travels Amritsar","+ 91  183 2400143","14, Kapoor Plaza, Queens Road, Amritsar - 143001"
"Amritsar Gun House","+ 91  9501091438","Amritsar Gpo, Amritsar, Court Road, Amritsar - 143001"
"Art of Living Amritsar","+ 91  9417022457","Dwarkadheesh Complex, Queens Road, Amritsar - 143001, Opposite Alexandra School"
"Amritsar HDFC Bank Ltd","+ 91  9316993563","Plot No 39, Amritsar - 143001, Main Bajar"
"Amritsar Kennel Club","+ 91  183 2222612","Dayanand Nagar-3, Lawrence Road,, Amritsar - 143001"
"Sai Services","+ 91  183 5060123","House No-V5,, Amritsar - 143001, Green Avenue, Opposite Sakhi House"
"b.r Mobile Services","+ 91  9855033422","shop no 2, new market, Lawrence Road, Amritsar - 143001, opp icici bank"
"Angel Broking - Amritsar Branch","+ 91  183 3987001","Shop No-5 Deep Complex,, Court Road, AMRITSAR - 143001, Opposite Doaba Automobiles,"
"Premier Gas Service","+ 91  183 2503577","Shop No.20, A Block,, Ranjit Avenue Market, AMRITSAR - 143001, Shop No.20, A Block,"
"Mohan LAL Memorial Institute O...","+ 91  183 5095636","Batala Rd, Amritsar - 143001, Vill Mudhal"
"Computer Age Management Servic...","+ 91  183 3257404","378, Majitha Cplx, 1st Flr, M M Malviya Rd, Amritsar - 143001"
"Cwc Immigration Solutions","+ 91  183 2504466","Sco-112, 2nd Floor, Amritsar - 143001, Near Old Passport Office, Near ICICI Bank"
"Sandeep Gas Service","+ 91  183 2546927","Shop No-30, Amritsar - 143001, Amritsar International"
"Amritsar Gas Service","+ 91  183 2400440","Dilawari Street, Putligarh, Amritsar - 143002, Putlighar"
"Kabir Park- Amritsar HDFC Bank...","+ 91  9356688710","Main Road, Kabir Park Colony, Amritsar - 143002, Opp Guru Nanak DEV University"
"Amritsar Public School","+ 91  183 2238001","G T Rd, Amritsar - 143001"
"Nishat Bus Service","+ 91  183 2543305","Amritsar - 143002, Front Office Below Sagar Hotel, Outside Hall Gate"
"ACET- Amritsar College Of Engi...","+ 91  9501033881","12km Stone Nh3, Grand Trunk Road Mehar Banpur, Manawala, Amritsar - 143109"
"Well wishers Amritsar Tourist ...","+ 91  9814180754","Amritsar - 143002"
"Videocon Service Centre","+ 91  183 2506554","Amritsar - 143002"
"A.D.C .(G)Amritsar.","+ 91  183 2226363","Amritsar,, Amritsar - 143002"
"Amritsar HDFC Bank Ltd","+ 91  183 3018603","Main Road, Amritsar - 143002, Nr Police Line"
"Kissan diesel services","+ 91  9463448118","Shop no 3, Gt Road, Amritsar - 143001, Opp amar tractors"
"A To Z Worldwide Services","+ 91  183 5012612","Dry Fruit Corner First Floor, Hall Bazar, Amritsar - 143001, Near Goal Hatti Chowk"
"THE AMRITSAR ELECTRICALS","+ 91  183 2543595","Goal HATTI chowk, Hall bazar, Hall Bazar, Amritsar - 143001, Near ramada hotel"
"Canam Group Amritsar","+ 91  183 3067525","Sco 109, 2nd Floor, District Shopping Complex,, Amritsar - 143001, Adjacent Passport Office"
"ICI Computer Education In","+ 91  183 2450433","G.t. Road, Amritsar - 143001"
"Amritsar Club","+ 91  183 2401837","Ram Bagh Gardens Amritsar, Amiritsar, Amritsar - 143001"
"Amritsar Trading Co","+ 91  9653490970","Shop No-104, Amritsar Bus Stand, Amritsar - 143001, Idh Market, Near Bus Stand"
"State Bank Of India Mutual Fun...","+ 91  183 2221755","State Bank Of India, Personal Banking Branch, Sco-3, Lawrence Road, Amritsar - 143001"
"R K Service Station","+ 91  183 2580461","G T Rd, Amritsar - 143001, Ram Talai"
"Amritsar College Of Engg & Tech","+ 91  183 2440675","Amritsar Jalandhar G T Rd, Amritsar - 143001, Mananwala"
"Canara Bank, Amritsar, Punjab","+ 91  183 2275145","Sursingh (Bhikiwind) Amritsar-143 302, Amritsar - 143001"
"Amritsar Bagh Associates","+ 91  183 5014374","374, Amritsar - 143001, East Mohan Ngr, Nr Gopta Bakery"
"Bamran Services Station","+ 91  183 2580551","Gt Rd, Amritsar - 143001, Opp Youth Hospital"
"GE Money Financial Services LTD","+ 91  183 39022000","107/1,Hall Bzr,Lower Grd Flr,R S Tower, R S Tower, Amritsar - 143001"
"Universal Education Consultants","+ 91  183 2700681","24 Jawahar Ngr, Amritsar - 143001, Nr Industry Office"
"Amritsar Institute Of English ...","+ 91  9216225060","25 C4 Ff, Amritsar - 143001, Opp Karan Palace"
"Amritsar Dog Kennel","+ 91  9530769306","Street No-2, Amritsar Bus Stand, Amritsar - 143001, Bus Stand, Opposite Sangam Cinema"
"Amritsar Property Linkers","+ 91  183 2502220","S.C.O. No-105, Distt. Shopping Complex, Ranjeet Avenue, Ranjit Avenue, Amritsar - 143001, Above LG Showroom, Near Passport Office"
"Ganpati Gas Service","+ 91  183 2534588","Shop Number 165-166, near golden temple, fowara road, Amritsar - 143001, Kesari Bagh,Opposite Dharam Singh Market"
"Nirmal Gas Service","+ 91  183 5063743","Main Circullar Road, Amritsar - 143001, Opp bhati enclav ,Nera Trillium Mall,opp petrol pump"
"Amritsar Hotel & Restaurant As...","+ 91  183 2229636","84 queen road amritsar, Amritsar - 143001, hotel suncity"
"Bala Immigration Guidance Serv...","+ 91  9872212270","2929/2, Pakki Gali, Amritsar - 143001, Outside Mission Compound"
"Amritsar Swadeshi Textile Corp...","+ 91  183 2220782","Ram Tirath Road, Amritsar - 143001"
"Sahil Cargo Service","+ 91  9855754221","Shop Number 54, Amritsar - 143001, Ghee Mandi, Near Shaheed Bhagat Singh Road"
"Amritsar holiday Travels","+ 91  183 6845161","Anad Avenue, 101-c,old jail road,opp providend fund building Amritsar, Ranjit Avenue, Amritsar - 143001, Nr.gurdwara"
"Amritsar Aviation Club","+ 91  183 2214044","Post office Raja sahasi, (10 km ), Amritsar - 143001, INSIDE SHRI GURURAM DAS INTER NATIONAL AIRPORT"
"Indiabulls Financial Services ...","+ 91  183 5070245","32, Shopping Centre,, Amritsar - 143001, Amritsar"
"Amritsar Traders","+ 91  183 2272393","Main Batala Road, Amritsar - 143001, Near Navjot School,Krishna Sweets"
"Golden gas service","+ 91  183 5055555","Putlighar, G. T road, Amritsar - 143001"
"New Amritsar Delhi Goods Carriers","+ 91  183 2557085","Amritsar Bus Stand, Amritsar - 143001, Near Punjab National Bank,Katra Jaimal Sing, Near ghee mandi"
"GET ENERGY SERVICES","+ 91  9217746700","Building Number-273/H, 100 Feet Road, East Mohan Nagar, Amritsar - 143006, Opp. JAYCEE Motors"
"taxi service amritsar","+ 91  9855028504","Opp. Khalsa Public School, GT Road, Near. Khalsa College Amritsar, Punjab, Putligarh, Amritsar - 143002"
"Amritsar Tour Guides","+ 91  8528497302","House No-63b, Model Town, Amritsar - 143002"
"Amritsar Sewa Samiti Regd Homo...","+ 91  183 2534072","66/X-1 , , ,Inner Circular Road ,Beri, Gate , ,Amritsar-,"
"Amritsar Co Op Bank Ltd","+ 91  183 2592935","Central Jail Road ,Raja Sansi Road ,, ,Amritsar-,"
"Lifeline Medicare Services","+ 91  183 2560776","Brightway Mkt., Majitha Rd.,"
"Punsup Gas Service","+ 91  183 2221850","2-A, Batala Road, Amritsar - 143002, Opposite Prem Rai Hospital"
"Computer Age Management Servic...","+ 91  183 6500683","Sco - 18j,'c' Blockranjit Avenue, Amritsar - 143001"
"Hero Corporate Service Limited","+ 91  183 3299694","Opposite Khalsa College, Phatak Road,, Amritsar - 143001"
"M M Financial Services","+ 91  183 2560562","35, Deep Complex Road,, Amritsar - 143001"
"Harjit Electronics","+ 91  183 5060993","2233/12, islamabad, Amritsar - 143104, opp police station"
"Amritsar Transport Co.(P) Ltd.","+ 91  183 2532189","Amritsar Transport Co.(P) Ltd., Amritsar - 143001"
"IIJT Education Pvt Ltd","+ 91  183 2211188","Sco-21, Hemkunt Tower, District Shopping Complex, Ranjit Avenue, Amritsar - 143001"
"Amritsar Agra Transport Co.","+ 91  9888102343","123,Transport Nagar, Amritsar - 143002"
"Arora Gas Service","+ 91  183 2521655","circular road,gate hakima, Amritsar - 143002, opp.dhobi ghat"
"Delhi auto works and service c...","+ 91  8146994022","Near guru gangasar marg, Main bazar, Amritsar - 143002, Main chownk"
"Blaze Flash Courier Service Pv...","+ 91  183 5097156","3,, Opposite Rosh Hotel, Court Road,, Amritsar - 143001"
"AMRITSAR MOTORS","+ 91  9815782037","Amritsar Gpo, Amritsar, Court Rd, Amritsar - 143001, Opp Church"
"Bee Ess Gas Service","+ 91  183 2292492","Shop No-9 & 10, Amritsar - 143001, Opposite Bus Stand ,Kot Atma Singh market"
"On Dot Courier Service Railway...","+ 91  9855015348","59,, Ji Market, Railway Link Road,, Amritsar - 143001"
"Green Bus Service","+ 91  9872523723","Amritsar - 143001, Rayian Mandi, Danda Mandi Near Bhinder Garage"
"Perfect Tiffin Services","+ 91  9988119074","Amritsar - 143001"
"Piramal Diagnostic Services Pv...","+ 91  183 2580823","32, Amritsar - 143001, Opp Water Tank"
"Amritsar Time Centre","+ 91  183 5006773","Hall Bazar,, Amritsar - 143001"
"Amritsar Tampo Union","+ 91  183 6535495","G T Road, Amritsar - 143001, Ram Bhlai Mini State Bank"
"Amritsar Air Lines","","Amritsar - 143001, M K International Hotel,Ranjit Avenue"
"Youth Services Welfare Society","+ 91  183 5110968","L-2, 761 New Gurnam Nagar Sultanwind Road, Amritsar - 143001"
"Amritsar Sewa Samiti","+ 91  183 2564437","76, Shri Hari Bhawan, Kennedy Avenue, Amritsar - 143001"
"Bank Of Baroda Amritsar","+ 91  183 2291492","Amritsar - 143001, Town Hall"
"satpal tiffin services","+ 91  183 2224329","5, kishan nagar, Lawrence Road, Amritsar - 143001, opp bansal sweets"
"Messrs Amritsar Music House","+ 91  183 2546668","Pultighar, Amritsar, G T Road, Amritsar - 143001"
"Amritsar Music House","+ 91  183 2545668","Hall Bazar, Amritsar - 143001"
"amritsar Hardware Store","+ 91  183 2545216","shop No 94, Ram bag, Amritsar - 143001, near goll hathi chownk"
"Hind Security Services Regd","+ 91  9814664664","1st Floor, Singh Complex, Amritsar - 143001, Near Post Office, Chowk Hussainpura"
"Perfect Mobile Repair Centre","+ 91  9855680786","Shop No. 19-20, 210-A, Queens Road, Amritsar - 143001, Simran Plaza Market"
"I service apple care &repair","+ 91  9803046333","Shop no.6 Nehru shopping complex, Lawrence road, Amritsar - 143001, Opp Lawrence road"
"Sony Bros Electronic Service","+ 91  183 2541793","S C O 24 National Shopping Complex, Amritsar Road, Amritsar Bus Stand, Amritsar - 143001, Near Nandan Cinema Chowk And Near Bus Stand"
"Amritsar Club","+ 91  183 2222082","Mall Road, Amritsar - 143001, Company Bagh"
"Samsung Service Center","+ 91  183 30308282","Amritsar - 143001"
"Reliance Infocomm Ltd Customer...","30333333",""
"Samsung Service Centre","+ 91  183 5005968","shop no. 31, Lawrence Road, Lawrence Road, Amritsar - 143001, Nehru Shopping Complex"
"Amritsar Transport Co","+ 91  183 2551533","Street Number- 2, G T Road, Amritsar - 143001, Pulighar"
"Shivani Electronics","+ 91  183 5014080","6 , Kamal Tower, Batala Road, Amritsar - 143001, Near Kamal Palace Apna Ghar"
"Municipal Corporation Amritsar","+ 91  183 2545155","Town Hall, Amritsar - 143002"
"Shree Maruti Courier Services ...","+ 91  9356143283","Goyal Plaza, Amritsar - 143001, Near Amrit Cinema Leather Bazar"
"VIKAS TRAVEL SERVICE","+ 91  183 2563154","52-A, Rani Ka Bagh, Amritsar - 143001, Nr Sadar Police Station"
"Corporation Bank Amritsar","+ 91  183 2228521","8,Ground Floor, Lawrence Road, Amritsar - 143001"
"K A Sahni Enterprises","+ 91  183 5007577","Shop No G-10 ,2nd Floor, Ganpati Toer, Lawrence Road, Amritsar - 143001"
"Flyking Courier Services Pvt Ltd","+ 91  183 2551731","2576, Amritsar - 143001, Bazar Bikaneria, Katra Ahluwalia"
"Idp Education India Pvt Ltd","+ 91  183 2063041","SCO 28, 1st Floor, Taneja Towers, Ranjeet Avenue Block B, Amritsar - 143001, DSC, Near Amritsar Bus Stand"
"AS MOBILE SERVICE","+ 91  183 5003114","shop No 27,20 Upadhya Complex, 2nd Floor, Deen Dayal, Bhandari Brigde, Amritsar - 143001, Amritsar"
"Htc Service Center","18002663566","Shop No.G-10, 2nd Floor, Ganpati Tower, Lawrence Road, Amritsar - 143001"
"Service Club","+ 91  183 2222121","Lawrance Raod, Amritsar - 143001, Rambagh Garden"
"Amritsar College Of Engineerin...","+ 91  183 5069536","G.t. Road, Amritsar - 143001"
"IFB Service Center","+ 91  183 3900432","Amritsar - 143001"
"Whirlpool Service Center","+ 91  183 4549000","Amritsar - 143001"
"Renault Amritsar","+ 91  183 3293909","Attri Bye Pass Road, Gt Road, Amritsar - 143001, Near Byepass Chowk, Dohuri, Daburchi"
"BAJAJ INTERNATIONAL","+ 91  183 5053300","shop no 87, Ground Floor, NEHRU SHOPPING COMPLEX, Lawrence Road, Amritsar - 143001, Opp. Novelty sweets"
"Iball Service Centre","+ 91  9023365597","Shop no 19 FF, Majitha complex, Amritsar - 143001, Opp.ent hospital"
"Government Medical College, Am...","+ 91  183 2421977","Circular Road, Amritsar, Punjab, Amritsar - 143001"
"State Bank Of India Karmon Deo...","+ 91  183 2294496","Amritsar - 143002"
"Aforeserve.com Ltd","+ 91  183 5050830","Plot No 336, 1st Floor, Lawrence Road, Shastri Nagar, Amritsar - 143001, Opp BR Modern School"
"Ramada Amritsar","+ 91  8566831722","Ramada, goal hatti chowk, Amritsar - 143006, Amritsar"
"Baldev Electronics","+ 91  9815770653","Shop No-4, Amritsar - 143001, Prakash Market"
"Shree Tirupati Courier Service","+ 91  9888485669","16. Darashing Building, 2nd Floor,, Amritsar - 143001, Kairon Market, Halla Bazar, Near Post Office"
"Toshiba Service Center","+ 91  9815574960","Amritsar - 143001"
"UTI Infrastructure Technology ...","+ 91  183 2500197","Sco -34, 1st Floor, District Shopping Complex, Ranjeet Avenue Block B, Amritsar - 143001"
"British Counselling & Educatio...","+ 91  183 2504426","Sco 33, Shopping Cplx, Amritsar - 143001"
"Mahindra & Mahindra Financial ...","+ 91  183 6575167","Shop No 85 City Centre 1st Floor, G T Road, Main Road, Amritsar - 143001, B/S Sangam Cinema"
"Samsung Service Center","+ 91  9876592088","RS TOWER, 22 friend lane, mall raod, Street number 8, Amritsar - 143001, compny garden"
"State Bank Of India Gopal Naga...","+ 91  183 2570182","Majitha Road, Gopal Nagar, Amritsar - 143001"
"I Ball Mobiles Service CentrE","+ 91  9915240562","Main market, Amritsar - 143001, MAJITHA road"
"Khalsa College Of Education","+ 91  183 2258283","Amritsar - 143002"
"Eco info service","+ 91  8559058165","Building no-29 2nd floor deep complex, Court Road, Amritsar - 143001"
"Amardeep Electronics","+ 91  183 2555048","Seth Complex, Amritsar - 143001, Hall Bazaar, Near Reliance Digital Express"
"Aakash Institute","+ 91  183 5051029","Sco No 11, 1st & 2nd Floor, District Shopping Complex, Ranjit Avenue, Amritsar - 143001, B Block"
"DTDC Courier Service","+ 91  183 2220043","1st Floor, Suri Complex, Opposite Ralway Station O, Amritsar - 143001"
"Amritsar Printing Press","+ 91  183 2224520","31, Circular Road, Amritsar - 143001"
"Ferozpuria Turban Training Cen...","+ 91  9027400004","38-A, 100 FEET RD,, Amritsar - 143006"
"Sekhri Academy & Immigration Ltd.","+ 91  9569101112","Sco-37, 1st Floor, Dist. Shopping Complex, Block-B, Ranjit Avenue, Amritsar - 143001"
"Corporation Bank Amritsar","+ 91  183 2532284","LIC Of India,Jeevan Udyog Bldg, Amritsar - 143001, City Centre"
"State Bank Of India Tarn Taran...","+ 91  1859 278446","Fatehbad (Tarn Taran), Amritsar - 143407"
"Dav College Of Education","+ 91  183 2559648","Amritsar - 143001, Beri Gate"
"ABTC VOLVO BUS SERVICE","+ 91  183 2735529","CITY CENTRE, Amritsar - 143001, Near Amritsar Bus stand"
"Shree Nandan Courier Service P...","+ 91  183 5011769","282 East Mohan Nagar, Amritsar - 143001, Opposite State Bank Of Patiala"
"Amritsar Eye Hospital","+ 91  183 2256361","G N D U Shopping Complex, G T Road, Guru Nanak DEV University, Amritsar - 143005"
"Amritsar Public School","+ 91  183 2588001","Amritsar - 143002"
"Kids Cafe Amritsar","+ 91  183 5060505","109 & 110, First Floor, Nehru Shopping Complex, Lawrence Road, Lawrence Road, Amritsar - 143001, Novelty Chowk"
"LG SAMSUNG SERVICE CENTER","+ 91  9876592088","22majitha road, gokal nagar, Amritsar - 143002, gopal mandir"
"UAE Exchange & Financial Servi...","+ 91  183 5066444","9, Deep Complex, Court Road, Amritsar Cantt, Amritsar - 143001, Opposite Doaba Automobiles"
"Hcl service centr","+ 91  8557872792","86 2nd floor, Nehru shopping complex, Lawrence Road, Amritsar - 143001, Opp novelty"
"Bank Of Baroda Amritsar","+ 91  183 2566417","40-A, Amritsar - 143001, Kennedy Avenue"
"Amritsar Placements","+ 91  183 5061919","1-2, Ashirwad Apartments. Ground Floor, Rani Ka Bagh, Amritsar - 143001, Adjoing State Bank Of India"
"Digital Solutions","+ 91  183 2254511","Scf-23, 2nd Floor, Shopping Complex, AMRITSAR - 143001, Kabir Park, Opposite Gndu"
"Fortis Hescorts Hospital Amritsar","","Amritsar, Panjab, Amritsar - 143001"
"Amritsar Sewa Samiti Homoeopat...","+ 91  183 2534419","Khuh Suniarian 66/10-I ,H.o. Khoo, Suniarian ,Amritsar ,-,"
"Swift Sales Service","+ 91  183 2229736","Queens Road, Amritsar - 143001, Opposite Hotel Suncity Tower Near Railway Station"
"Scholar Destiny Education S...","+ 91  183 6555503","108 Second Floor, Ranjit Avenue, Amritsar - 143001, Near Passport Office"
"Public Ambulance Services","+ 91  8054232604","Rani Ka Bagh, Amritsar - 143001, Near Kachhari Chowk"
"Advance Services","+ 91  183 2520841","Number 2665/16, Inside Gate Bhagtanwala, Amritsar - 143001, Near Doctor Maya Ram"
"Amritsar Dental Clinic","+ 91  9815036035","53 - A, New Kangra Colony, Amritsar - 143001, Opposite Lord Krishna School"
"Vibgyor Education, The Engl...","+ 91  183 2562922","R.B.K.C. Tower, Opp. St. Francis School, Amritsar - 143001, Mcleod Road, Rani Ka Bagh"
"Amritsar Enviro Care System...","+ 91  9653470000","Pasricha Medicare Centre, Main Road, Haripura, Amritsar - 143006, Adjoining Gurudwara & Near Jwala Flour Mill Post Office"
"Global Immigration Consulta...","+ 91  183 5015277","Sco 6 Second Floor District Shopping Complex, Ranjeet Avenue Block B, Amritsar - 143001, Near Connect Office"
"Ashoka Rescue Air Ambulance...","+ 91  8826171818","106 ,Palam Vihar Ext., Amritsar - 143001"
"Z Security Services Regd","+ 91  9815577778","First floor, Chaudhary Market, Amritsar Bus Stand, Amritsar - 143001, Backside Punjab National Bank Opposite Civil Hospital"
"Cherish Education Centre","+ 91  9814827794","69 First Floor Ratan Market, Maqbool Road Main Ratan Singh Chowk, Amritsar - 143001"
"Deepstar security services","+ 91  7814414146","Amritsar - 143001"
"Shree Amritsar Sword","+ 91  9779710797","149 Baba Deep Singh Ji Colony, Amritsar - 143001, Inside Chahtiiwind Gate"
"M P Pest Control Services","+ 91  9814172670","Shop Number 3499 Bahadur Nagar, Sultanwind Road, Sultanwind, Amritsar - 143006, Near Baniya Kriyana Store"
"Punjab Secure Security Serv...","+ 91  9814745112","A 31 Jawahar Nagar, Gali Singh Electrical, Amritsar - 143001"
"Amritsar Property Linkers","+ 91  9417292777","Sco Number 105 District Shopping Complex Ranjeet Avenue, Main Road, Amritsar - 143002, Near Passport Office Ran Avenue Above Lg Showroom"
"Guru Kashi Security Service...","+ 91  9478777570","Talwandi Sabo, Maur Road, Amritsar - 143002, Near Bus Stand"
"Krishna Security Service Regd","+ 91  9876705211","Sandhu Colonel, Cheta Saab Road, Amritsar - 143002"
"Khalsa Highways Bus Service","+ 91  9814064235","Amritsar - 143002, Gurnam Nagar"
"I Care Pest Control Service...","+ 91  9988000446","Shop Number 77, Amritsar - 143002, Near Bus Stand"
"Dtdc International & Domest...","+ 91  183 5061093","Gurdware Wali Gali, Majitha Road,, Amritsar - 143002, Bhawani Nagar, Opp Handa Jewellers,"
"Lifeline Medicare Services","+ 91  9814298322","Sco-1,2, 1st Floor, Amritsar - 143002, Majitha Road"
"Amritsar Sanitary And Hardw...","+ 91  9988877782","Guru Nanak Colony, Sultanwind Road, Amritsar - 143001, Near Gobind Nagar Gate Opposite Allahabad Bank"
"King Groups Security Servic...","+ 91  183 2220108","2nd Floor, Batala Road, Amritsar - 143006, Above Punsup Gas Servicenear Miglani Hospital"
"Deepstar Housekeeping Services","+ 91  8528361461","House Number 427, Number 2 Doctor Het Ram Colony Naraingarh, Chheharta, Amritsar - 143105, Near Krishna Mandir"
"Hyatt Hotel","+ 91  183 2871234","Main G T Road, Amritsar - 143001, Adjoining Alpha One City Centre Mall , Mbm Farms"
"Sri Guru Ram Dass Jee Internat...","+ 91  183 2214353","Ajnala Road, Amritsar - 143001"
"Peddlers Amritsar","+ 91  183 5002224","Sco. 36,, Dist Shoping Complex, Amritsar - 143001"
"B2X","+ 91  183 5099299","Sco No 29, National Shopping Complex, Amritsar - 143001, Hide Market"
"The Fern Residency Amritsar","+ 91  183 5151222","33, The Mall, Sona Chandi Tower, Mall Road, Amritsar - 143001, Near Income Tax Chowk"
"Ahd COMMUNICATIOn","+ 91  183 5012999","1st FLOOR, Main bazar, Amritsar - 143001, Bhai Ghanaian market"
"Charms Education & Immigration...","+ 91  183 5095585","Sco 26, First Floor, District Shopping Centre, Amritsar - 143001, Ranjit Avenue, Block B"
"S S S S Immigration Services","+ 91  183 5018295","Number 280 Partap Avenue Phase 2 G T Road, Amritsar - 143001, Opposite Alpha One Mall"
"The British Library & Immigrat...","+ 91  8872890000","Sco 123/124,Nr Vishal Mega Mart, B Block, Amritsar - 143002, Near V"
"World 4u Overseas Education & ...","+ 91  183 5062020","1st Floor, Nanak Building, Opp. Nehru Shopping Complex, Lawrence Road, Amritsar, Lawrence Road, Amritsar - 143001"
"SSSS Immigration Services","+ 91  183 5832451","Building Number-33-A,Shop Number-2, Rani Ka Bagh, Amritsar - 143001, Near Archies Gallery"
"Super Shah Education & Immigra...","+ 91  9814058125","B-588, Amritsar - 143001, Ranjit Avenue, Nr Gurudwara Sahib"
"Winner Immigration Services","","Amritsar - 143001, Inside Bus Stand"
"Royal Canadian Immigration Ser...","+ 91  9779190082","Amritsar - 143001"
"Gulf Immigration Services","+ 91  8528945383","Sco-8, 3rd Floor, District Shopping Complex, B-Block, Ranjit Avenue, Amritsar - 143001"
"Overseas Education And Immigra...","+ 91  9779057776","Sco 42 Disst Shopp Cmplx, Amritsar - 143001, Nr Mk Hotel"
"Supreme Education & Immigratio...","+ 91  183 5030202","Sco-4, 3rd Floor, Distt. Shopping Complex, Ranjeet Avenue Block B, Amritsar - 143001"
"ssss immigration services amri...","+ 91  183 8196980","280, ##, Amritsar - 143002, near alpha one mall"
"SSSS Immigration Services","+ 91  183 5010980","C/O 21st Century Academy, GT Road, Putligarh, Amritsar - 143002, Nr Harvinder Hospital"
"Ramada Amritsar","+ 91  183 5025555","Golden Temple, Amritsar - 143006, Ramada Hall Bazar"
"Ambika International Man Po...","+ 91  183 5050916","Sco 88 First Floor, Ranjit Avenue, Amritsar - 143002, Backside Old Passport Office"
"Sky High Immigration","+ 91  183 2422283","Shop Number 90 Deep Complex, Court Road, Amritsar - 143002, Near Doaba Auto"
"NIIT Amritsar Mall Road Centre","+ 91  183 2562301","Second Floor 38 The Mall, Amritsar - 143001"
"S.S.S.S Security Services","+ 91  9888314362","shop no 36-37, Chaudhary Plaza, Gt Road, Amritsar - 143001, Opp Civil Hospital Rambagh"
"One Stop Immigration Solutions","+ 91  183 5066680","Sco 44,Kabir Park Market, GT Road, Kabir Park Colony, Amritsar - 143002, Opposite GNDU"
"H S Rental Services","+ 91  9417830325","Number 5 Government Colony, Maqbool Road, Amritsar - 143002, Near Sukh Sagar Hospital"
"Capital Photo Service","+ 91  183 2543422","Shop Number 10 Hall Bazar, Amritsar - 143001, In Front Of Airtel Office 1km From Bus Stand"
"Toris An Education Hub","+ 91  183 2228082","Opp. Uppal Hospital,, Rani Ka Bagh, Amritsar - 143001, Main Road, Near State Bank Of India,"
"Singh Transport Service","+ 91  183 6530233","Shop No-5 Nr Guru Ram Das dental college, Amritsar Bus Stand, Amritsar - 143001, Opposite maqboolpura police station"
"Habile Outsource Business S...","+ 91  9780786544","755/7, Gali Teliya Wali, Amritsar - 143006, Near Namak Mandi"
"Orient Exchange And Financi...","+ 91  183 2402950","Shop No 74,Lower Ground Floor, Railway Link Road, Amritsar - 143001, Near Liberty Market"
"Shri Durga Publicity Service","+ 91  9872773792","Number 2743/478, Amritsar - 143001, Opposite Amar Jyoti School Near Sadar Thana"
"Life Link Ambulance And Hea...","+ 91  9888877730","Amritsar - 143001, Near Fortis Hospital"
"Noc Immigration Pvt Ltd","+ 91  183 5056563","Sco 36 & 53 B Block Ranjit Avenue, Amritsar - 143001, Near Balle Bowl Restaurant"
"Bhai Chanda Singh Taxi Serv...","+ 91  9872204494","Shop Number 115, Chowk Malkabut, Golden Temple, Amritsar - 143006, Opposite Dharma Singh Market"
"Edge Overseas Educational S...","+ 91  183 2223743","243, Maqbool Road, Basant Avenue, Amritsar - 143001, Opposite Sukh Sagar Hospital"
"Namdhari Crane Services","+ 91  9815141102","G T Road, Amritsar - 143002, Near Maharaja Jassa Singh Ramgarhia Butt & 100 Ft"
"GEHNA AMRITSAR - A House Of Fa...","+ 91  9988221148","C/O Fancy Tent House, Lawrence Road, Lawrence Road, Amritsar - 143001, Opposite Ritu Wears"
"Dav College Of Education","+ 91  183 2258415","Dav College Of Education, Amritsar, Amritsar - 143001"
"Udaan Trust Ambulance Services","+ 91  9592995929","G T Road, Amritsar - 143001, Near Amandeep Hospital, Model Town"
"Anchal Verma Pg Services","+ 91  9876618470","Lawrence Road, Amritsar - 143001, Dayanand Nagar, Near Bbk Dav College"
"B. R. MOBILE SERVICES","+ 91  9815170526","Shop no. 2, New Market, Lawrence Road, Lawrence Road, Amritsar - 143001, Opposite Ritu Wears"
"AMRITSAR PESTICIDES","+ 91  9803550002","27-28, MAIN ROAD, Ram Bagh, Amritsar - 143001, OPP. SHREE RAMA KRISHNA MARBLES"
"Amritsar mobile centre","+ 91  9988426420","Hall bazar, Opp mobile hub, Hall Bazar, Amritsar - 143001"
"Arora pest damp seal service","+ 91  183 5062677","SHOP NO 2, LAWRENCE ROAD, Lawrence Road, Amritsar - 143001, OPPOSITE SBI BANK"
"HS Bhullar Air Conditioner Ser...","+ 91  9815037436","Shop Number 8, Green Avenue, Amritsar - 143001, Housing Board, Near Puda Office"
"Vaibhav Financial Service","+ 91  183 2548619","2nd Fllor Narula Complex, Hall Bazar, Amritsar - 143001"
"HIM TOURIST SERVICE","+ 91  183 2293310","Shop no 54,goal bagh, Amritsar - 143002, Opp railway station"
"AMRITSAR STEEL EMPORIUM","+ 91  183 5008518","O/S Ram Bagh, Ram Bagh, Amritsar - 143001, Near nandan cinema"
"ISO Certification Amritsar Punjab","+ 91  9872086041","T-13/1433, I/S Hathi Gate, Hathi Gate, Amritsar - 143001, Quality Assessment Bureau"
"Amritsar Novelty Store","+ 91  9256196462","Hall Bazar, Amritsar, Amritsar Road, Amritsar - 143001, Opp. Novelty Shoes"
"Amritsar Mobile Centre","+ 91  9872177770","Pultighar, Amritsar, G T Road, Amritsar - 143001"
"National Financial Service","+ 91  9814050214","shop no. 12, 1st Floor, G T Road, Amritsar - 143001, Hide Market, Near Civil Hospital, Opposite Ghass Mandi"
"NFCI Education Pvt Ltd","+ 91  9888011222","33a, 2nd Floor, Rani Ka Bagh, Amritsar - 143001, Near Nirankari Bhawan"
"SpringAhead Education Pvt Ltd","+ 91  183 5096464","7/3, Rani Ka Bagh, Amritsar - 143001, Near SBI, Adjoining HP Petrol Pump"
"International School of Design...","+ 91  9988863388","33a/1,Ground floor, Rani Ka Bagh, Amritsar - 143001, Next to Archies galery"
"Joginder diesel service","+ 91  9888670933","Hide market, Gt Road, Amritsar - 143001, Near SURINDER tractors"
"Amritsar Musical Academy","+ 91  9888399871","Amritsar - 143001"
"asr volvo bus service","+ 91  183 3500786","railway link road, Amritsar - 143001, near railway station"
"Amritsar Commerce Education","+ 91  9815193154","2 old jail road, Care of Arora gift and greet, Amritsar - 143001, Ranjit avenue"
"AR Travels Amritsar","+ 91  9888302117","Amritsar - 143001"
"Diesel Parts Services","+ 91  183 2221962","21, Garden Colony, R.B.Duni Chand Road, Amritsar - 143001, jamun Wali Sarak"
"NEC INSTITUTE OF MULTIPURPOSE ...","+ 91  183 2554135","Amritsar - 143001"
"L.S JALANDHARI ASSOCIATES ARCH...","+ 91  183 2501112","B - 538 RANJIT AVE, RAM SARNAM ROAD, Amritsar - 143001, NEAR GURDWARA SAHIB"
"Galaxy Financial Services","+ 91  9814016607","HOUSE 128 GALI NO 1, TARAN TARN ROAD SAHID UDAM SINGH NAGAR, Amritsar - 143001, Near bus stand Amritsar"
"Bali Euro Service","+ 91  183 2273852","16, Shiv Nagar,, Batala Road, P.o, Amritsar - 143001, Box No.8 (Gpo),"
"AMRITSAR OVERSEAS EDUCATION CO...","+ 91  183 9814797331","156 PRITAM NAGAR, 100FEET ROAD, Amritsar - 143001, NEAR DEEP BAKERY"
"naresh cycle service","+ 91  9888227102","shop no : 4, Amritsar - 143001, near canal bank"
"perfect services","+ 91  183 5014447","Amritsar - 143001"
"VERY BEST SERVICES","+ 91  9914096975","G TOWER, LINK ROAD, MEERANKOT AND MANOR ESTATE, CAMBRIDGE SCHOOL ROAD, Amritsar - 143001, NEAR CANARA BANK"
"Jalandhar Diesel Services","+ 91  183 2542216","41, G T Road, Amritsar Bus Stand, Amritsar - 143001, Hide Market"
"Guru nanak diesel service","+ 91  9815482137","37, Hide market, Amritsar Bus Stand, Amritsar - 143001, No, petrol pump"
"Global Service","+ 91  9915851900","Amritsar Gpo, Amritsar, Hathi Gate Road, Amritsar - 143001"
"Amritsar Central Coop Bank LTD","+ 91  183 2508765","D-68, Amritsar - 143001, Ranjeet Avenue"
"E-Tech Computer Education","+ 91  183 5008813","1st Floor, Sunny Market, Mcleod Road, Rani Ka Bagh, Amritsar - 143001, Near Radical & Out Side Rani Ka Bagh"
"HDB Financial Services","","533/1,1st Floor, Mahajan Refreshment House, Hall Bazar, Amritsar - 143001"
"SUSHIL FINANCIAL SERVICES PVT....","+ 91  183 2553894","106,, HALL BAZAR, Hall Bazar, Amritsar - 143001, NEAR PARTAP SHOES"
"Amritsar Time Centre","+ 91  9872595935","Hall Bazar, Amritsar - 143001"
"gsas repair amritsar","+ 91  9781595981","shop 2, rayato cinema, qreens road(kot road), railway station, Amritsar - 143001, Samrat Hotel"
"Indian Overseas Bank - New Amr...","+ 91  183 2580330","Scf No. S44,, New Amritsar Market., AMRITSAR - 143001"
"Global Education Solutiions","+ 91  9888877900","2nd Floor,Singh Complex, Nr. Post Office, Amritsar Bus Stand, Amritsar - 143001, Hussainpura Chowk"
"New Punjab Disel Service","+ 91  183 2541341","Shop No 75/3 New Punjab Diesel Sevice Atma, Gali 4, Amritsar - 143001"
"AMRITSAR AUTO DEALER","+ 91  9815722305","shop no 59, hukam singh road, Amritsar - 143001, opposite Company Bagh, Near Petrol Pump"
"Fine Services","+ 91  183 2277320","F-7/311 Batala Road, Kashmir Avenue, Amritsar - 143001"
"First Teach Services","+ 91  183 5061244","178 Rajinder Nagar, Amritsar - 143001, Near Alpha One Mall"
"Kuldeep Travels Amritsar","+ 91  183 5008600","H.No-45,Gali No 12, Saheed Udham singh Colony, khajane wala gate, Golden Temple, Amritsar - 143006"
"Ravi Computer Services","+ 91  183 2507333","Shop Number 7, District Court Complex, Ajnala Road, Amritsar - 143001, Opposite District Court Gate Number 2"
"Amritsar - Isw","+ 91  9888282155","Amritsar - 143001, Sco 34, B Block,Ranjit Avenue"
"Tiffin Service -Uncle Tomatoes","+ 91  9815734014","Shivala Colony, Amritsar - 143001"
"Dav College Of Education","+ 91  183 2541564","O/S Beri Gate, Amritsar - 143001"
"Keshav Art Service","+ 91  9779717884","main bazar, outside lohgarh gate, Amritsar - 143001, near Graduate gas Agency"
"Service Repairing","+ 91  9417083105","West Lane No-2 H No-6, Hussainpura, Amritsar - 143001"
"Good Housekeeping & Secuirty S...","+ 91  9915880311","271/B 2 Nd Floor Gali No-8, Hussainpura, Amritsar - 143001, Near Amristar Public School"
"Surya College Of Education","+ 91  9815257867","Hussainpura, Amritsar - 143001, Near Shiwala Railway Fatak"
"Spectrum World Of Education","+ 91  9779412766","129 madhuban estate, konsa bag Ram Tirath Road, Amritsar - 143001, Opp. D. T. O Office"
"Singh Taxi Service","+ 91  9465672002","Amritsar, shop no. 61, Amritsar - 143001, near golden temple,hotel sita niwas"
"star plus sales and services","+ 91  9815411154","shop no.7, shivala road, Shivala Colony, Amritsar - 143001, near railway crossing"
"Fly Dreams Immigration Consult...","+ 91  183 5002444","SCO 33, 2nd Floor District Shopping Complex, Amritsar - 143001, B-Block, Ranjit Avenue"
"Global migration & education s...","+ 91  183 2508020","Sco-6 2nd floor, B block market distt,shopping complex, Ranjit Avenue, Amritsar - 143001, Ranjit avenue"
"Svs Global Immigration & Edu S...","+ 91  183 5007728","Amritsar - 143001"
"Roshni Immigration & Education...","+ 91  183 2560926","Super Plaza, Cooper Road,, Amritsar - 143001, Cristal Chowk Toward Bridge Left Side."
"Bms mobile service","+ 91  9569356584","narula building, Mall Road, Amritsar - 143001, Near style check"
"Quality Services","+ 91  183 2213575","119,2nd Flr,Super Plaza, Cooper Rd, Amritsar - 143001, Opp Hotel Air Lines"
"Ascend Global Travel & Oversea...","+ 91  183 5098372","4th Floor Eminent Mall,Kennedy Avenue, Mall Road, Amritsar - 143001, Near New Passport Office"
"Saini Computer Services","+ 91  183 5009034","17/4 Kennedy Avenue, Amritsar - 143001"
"Shubham Stock Broking Services...","+ 91  183 2225340","M, M Road, Amristar, Amritsar - 143001, Near Adarsh Cinemam"
"VISION IMMIGRATION & EDUCATION...","+ 91  183 5065348","102,Sunrise Plaza, Crystal Chownk ,Cooper Road, Amritsar - 143001, Near Nokia Care"
"Rajvans Gas Service","+ 91  183 2573121","Katra Sher Singh, Amritsar, Amritsar Road, Katra Sher Singh, Amritsar - 143006"
"Public Service Station","+ 91  183 2292155","B/S Gagan Cinema, Asr, Amritsar - 143001"
"Desh Bhagat Gas Service","+ 91  183 2229237","Bara Makan, Islamabad, Amritsar - 143001"
"S & S Financial Services","+ 91  183 2532183","56, Pink Plaza, Amritsar - 143001, Outside Hall Gate"
"G TECH ELECTRICAL SERVICES","+ 91  183 2554495","65-66 Pink Plaza, Pink Plaza Market, Amritsar - 143001, NEAR ANIL STORE"
"Amritsar fertilizer agency","+ 91  9815191493","Shop no.51, Hide market, Amritsar - 143001, Opp. Bhandari bridge"
"Regal Insurance Brokers And Ri...","+ 91  183 5098329","4, 3rd Floor, Central Mall, Mall Road, Amritsar - 143001, Above Khurana Jewellers"
"Ambica Registration Service","+ 91  183 2545252","51, Amritsar - 143006, Inside Bazar, Ram Bagh Chowk, Near Mandir Radha Krishan"
"Aims Global Education","+ 91  183 2542355","Hide Market, Amritsar - 143001, Nr Tourist Guest House"
"Welcome Consultancy Job Placem...","+ 91  9878450160","2nd Flr, Lawrence Road, Amritsar - 143001, Durga Ice Cream"
"Amritsar Marketing","+ 91  183 2545832","2nd Floor, Kundan Plaza, Amritsar - 143001, Hall Bazar, Above Andharh Bank, Near Airtel Office"
"N V REPAIR AND SERVICES CENTER","+ 91  183 5059888","Shop no 58 FF, Lawrence road, Amritsar - 143001, Near Kanika computers"
"BHATIA MOTOR & FINANCIAL SERVICE","+ 91  9855242757","O/s Hathi gate, Amritsar - 143001, Near Nagam nigam workshop"
"V Goyal Financial Services Pvt...","+ 91  183 5068884","7-Second Floor, Nehru Shopping Complex, Lawrance Road, Amritsar - 143001, Opposite Novelty Sweets,"
"Salwan Travel Services Pvt Ltd","+ 91  183 5016004","76 Second Floor Nehru Complex, Lawrence Road, Amritsar - 143001"
"RAHUL RO SERVICE","+ 91  9876097206","kot khalsa, Amritsar - 143001, Near 22 no phatak"
"CITY TRAVEL AMRITSAR","+ 91  183 5059007","shop no 69, 2nd floor, nehru shopping complex, Lawrence Road, Amritsar - 143001, Nr chaupati restaurant"
"Tgcl Abroad Education","+ 91  183 5007772","shop no 42, 2ND Floor, nehru shopping complex, Lawrence Road, Amritsar - 143001, near chaupati res"
"ARV Taxi Service","+ 91  9888302117","Plot number-8 a, 2 nd floor,queen complex, Amritsar - 143001"
"V Goyal Finance Service","+ 91  183 2506881","Amritsar - 143001, Nehru Cpmlx, Lawrence Road"
"Amritsar pet shop","+ 91  9888294318","Sh no 4 b guru teg bhadur hospital, Ram Bagh, Amritsar - 143001"
"Skyway Mangement Services","+ 91  9824523372","Lawrence Road, Amritsar - 143001"
"amritsar shutter industries","+ 91  9815018264","katra sher singh, Katra Sher Singh, Amritsar - 143006, near dav college"
"Bright Star Institute of Educa...","+ 91  183 2484845","Tarn Taran Road, Chatiwind, Amritsar - 143022, Near Bajwa Gas Service"
"Achiever Point Immigration Con...","+ 91  9855114042","Gill Complex, Gali Janta Place Wali, Amritsar - 143001, Taran Taran"
"Dreamz Newzealand Study Abroad...","+ 91  183 5056688","Scf-45 1st Floor Kabir Park Mkt, Amritsar - 143001, Opp Gndu"
"Swami Tourist Service","+ 91  183 2527741","49, Amritsar - 143001, Goal Bagh, Opposite Railway Station"
"Wide Education Board","+ 91  9417984118","Amritsar Gpo,Amritsar, Amritsar - 143001"
"Sukhain Fire Service","+ 91  9914876819","Baba Deep Singh Avneu, Sun Sahib Road, Amritsar - 143001, Near Baba Kharak Singh"
"Amritsar Cold Drinks","+ 91  9872998519","52, Old Jail Road, Amritsar - 143001"
"Walia Motors & Service Station","+ 91  183 5091451","Chowk Gagan Cinema, Batala Road, Amritsar - 143001"
"Aman Gas Service","+ 91  9888687544","Shop Number 3, Majitha Road, Amritsar - 143001, Opposite Parkash Market"
"Star Educational Services","+ 91  8283820296","Amritsar - 143001"
"S Kumar Goods Service","+ 91  183 2529147","Amritsar - 143001, Bazar Churberi"
"Golden Star Security Services ...","+ 91  183 5002367","1201/d-9 Mohni Park, Amritsar - 143001, Opp khalsa college"
"S S Courier Service","+ 91  9417272769","Shop Number-41,Ground Floor, Amritsar - 143001, Purani Market, Bazzar Malka"
"Shree Amritsar Sword","+ 91  9779710797","149, Amritsar - 143001, Chattiwind Gate, Baba Deep Singh Ji Colony"
"Jinder bike repair &services","+ 91  9876789424","Amritsar - 143001, Tilak Nagar"
"Indo World Services","+ 91  9779731963","Amritsar - 143001"
"Goodwill Immigration","+ 91  9814778926","Amritsar - 143001, Ranjit Avenue"
"Amritsar Gaming Zone","+ 91  9814110007","95, Mall Road, Amritsar - 143001, Opposite Ig Border Range Residence"
"Amritsar Haldi Sales Corp","+ 91  183 2578200","Gali Bankey Bihari,Batala Rd, Amritsar - 143001"
"Amritsar Dental Lab","+ 91  183 2211954","The Mall Barkats Singh Marke, Amritsar - 143001"
"Amritsar Commercial Press","+ 91  9988099498","Amritsar - 143001, Near Indusind Bank,Majith Mandi"
"Express Financial Services","+ 91  183 5005044","5-Dasondha Singh Road, Lawerence Extensionamirtsar, Amritsar - 143001"
"Ajay Taxi Service","+ 91  9988457857","Near Post Office, Gt Road, Amritsar - 143001, Chheharta"
"Faridabad Crane Service","+ 91  9810660406","Santokhpura, Byepass Opp. Indl. Ess, Amritsar - 143001"
"Amritsar Medicine Center","+ 91  183 2548892","Schme No. 2, Katra Sher Singh, Amritsar - 143001"
"amritsar electronic shop","+ 91  7765063007","Amritsar - 143001"
"Saini computer service","+ 91  9814273855","1 st floor, 17/4, Kennedy avenue, Amritsar - 143001"
"Golden Rent A Cab Service","+ 91  9815576750","Shop No 5,goal bagh, Raillway station road, Amritsar - 143001, Opp.goal bagh railway station"
"Amritsar Motor Agency","+ 91  9417020308","Pink Plaza Market, G T Road, Amritsar - 143001"
"SANDHU SUVUDHA SERVICE","+ 91  183 5010688","Shop no :4805, GT ROAD, Amritsar - 143001, OPPOSITE CITY ROOTS"
"Gurjeet PG Services","+ 91  9988776166","Kohti No 18 A, Mall Road, Amritsar - 143001, Tagore Colony, Near Girl High School"
"Deep International, Amritsar","+ 91  9814182564","Golden Temple, Guru Ram, Amritsar - 143006"
"Victoria Immigration & Education","+ 91  183 5098112","Scf-35, Amritsar - 143001, Kabir Park,Opposite Guru Nanak DEV University"
"Dhillon Developers & Finance S...","+ 91  183 5000026","G T Rd, Amritsar - 143001, Nr Dada Motor,Mullanpur"
"Sri Guru Teg Bahadur College O...","+ 91  9888754601","Khankot, Amritsar - 143501"
"Jaro Education","+ 91  9920902440","No.99,, 5th Block, Ajnala, Amritsar - 143102, Koramangala Industrial Area"
"Madhur Courier Services","","Beas, Amritsar - 143201"
"Amritsar Centeral Co Op Bank Ltd","+ 91  183 2750031","Branch Wadala Viram ,Vill.p.o.wadala, Viram ,Via Majitha Distt.amritsar, , ,Wadala Viram-"
"Amritsar Clinic And Nursing","+ 91  183 2572848","Gurdwara Lane , , ,200*A ,Gali No.5, ,Gurdwara Lane ,Majitha Road ,Amritsar-,"
"On Locale Regional Office Amri...","+ 91  183 2550505","Town Hall , , ,Town Hall ,Town Hall, ,Amritsar ,Amritsar-143001,"
"Sanchit Financial & Mgmt Servi...","+ 91  183 2226477","378, M. M. Malviya Rd.,"
"Gurdaspur Amritsar Kshetriya G...","+ 91  183 2382069","Gramin Vikas Bank,B/O Mode G.t.road, ,Near Bus Stand ,V & P.o Attari Teh &, , Distt ,Amritsar-"
"Pyar Bus Service Regd","+ 91  9814299717","Opp. Ferooman Rd.,,"
"Amritsar Hospital Ltd","+ 91  183 2263927","Verka Majitha Bye Pass ,New Building, ,Amritsar. ,-,"
"Magnus Financial Services","+ 91  9876844477","3,, New Plaza Market, I/S. Sarai. Sant Ram,, Amritsar - 143001, O/S. Hall Gate"
"amritsar Car Care","+ 91  9876801994","Shop number 18, taylor road, Amritsar - 143001, Opposite Aanaam Cinema"
"Health Way Immigration","+ 91  9888888125","Court Road, Amritsar - 143001"
"Cic Immigration","+ 91  8872634791","Court Road, Amritsar - 143001"
"Amritsar motors","+ 91  7508111204","Court road, Amritsar - 143001, Rialto chowk, church"
"Dogra Parcel Packer and Courie...","+ 91  9417997865","61 Court Road, Amritsar - 143001, Near Amritsar Head Post Office And Opposite New Rialto Cinema"
"Amritsar Builders","+ 91  183 5069907","House No-10, Radha Swami Road, Amritsar - 143001"
"Amritsar Tour & Travel","+ 91  9815845150","Albert Road, Near Railway Station & Kundan Dhaba, AMRITSAR - 143001"
"Amristsar Taxi Service","+ 91  183 2229191","Amritsar Railway Station Road, Amritsar - 143001"
"Jolly Chef Food Services","+ 91  183 5099920","Sco - 33, 3rd Floor, Distt. Shopping Complex,, B- Block, Ranjit Avenue, Amritsar - 143001, Near Lakme Beauty Parlour"
"English Dot Com Education Serv...","+ 91  183 4094378","Ho Sco-26,Distt Shopping Cplx, Amritsar - 143001, B Blk,Ranjit Avenue"
"New Amritsar Furniture","+ 91  183 2226124","Shop Number-173, Cooper Road, Amritsar Bus Stand, Amritsar - 143001, bhandari brij"
"Gill Green Bus Service","+ 91  183 2576751","Shop no 7, Goal bagh, Amritsar - 143001, Near Railway Station"
"Sultan Consultancy Services","+ 91  183 5012993","55, Basement, Amritsar - 143001, Kabir Park Market, Opp Gndu"
"Luthra Industries Amritsar","+ 91  183 2571198","132, Gopal Nagar,, Amritsar - 143001"
"Shri Anand Financial Services","+ 91  183 6571105","Amritsar - 143001, Ranjit Avenue"
"All Blacks Immigration & Educa...","+ 91  8146541236","Ptk Bye Pass, Amritsar - 143001"
"Amritsar Care","+ 91  7355633836","C/O. Master Mind Computer Institute, Daim Ganj, Main Road, Amritsar - 143001, Near Petrol Pump, Opp. Qilla"
"Jagdish Commercial Services","+ 91  183 2548098","59, Mewa Mandi,,, Amritsar - 143001"
