"Name","Phone","Address"

"Super Shah Education & Immigra...","+ 91  9814058125","B-588, Amritsar - 143001, Ranjit Avenue, Nr Gurudwara Sahib"
"Skytrax Education And Immigrat...","+ 91  183 5020641","Nai Sadak, Lawrence Road, Amritsar - 143001, Above Oxford Book Shop"
"Murria Immigration Consultant ...","+ 91  183 2227327","18, Cool Rd, Amritsar - 143001, Modern Clny,Nr BMC Chowk"
"MSB Immigration & Visa Services","+ 91  183 5057786","1st Floor, Durga Ice Cream, Lawrence Road, Amritsar - 143001"
"Healthway Immigration Consulta...","+ 91  183 2505965","deep complex, Amritsar - 143001, Ranjit Avenue"
"Gulf Immigration Services","+ 91  8528945383","Sco-8, 3rd Floor, District Shopping Complex, B-Block, Ranjit Avenue, Amritsar - 143001"
"Overseas Education And Immigra...","+ 91  9779057776","Sco 42 Disst Shopp Cmplx, Amritsar - 143001, Nr Mk Hotel"
"Healthway Immigration","+ 91  183 2530665","77 City Centre, Amritsar - 143001"
"Supreme Education & Immigratio...","+ 91  183 5030202","Sco-4, 3rd Floor, Distt. Shopping Complex, Ranjeet Avenue Block B, Amritsar - 143001"
"Deep Immigration","+ 91  9781517802","Shop No.1619,, Gol Masjid,, Amritsar - 143001, Opp. Bus Stand,"
"Air Wings Immigration","+ 91  183 5013444","72-73, Hotel Marry Gold, Amritsar, Railway Link Road, AMRITSAR - 143001"
"Winner Immigration Services","","Amritsar - 143001, Inside Bus Stand"
"Kevin Immigration To Innovation","+ 91  9876908202","Ghee Mandi Gate ,Amritsar, Amritsar - 143001"
"Smartway Immigration Consultant","+ 91  9417066504","Amritsar - 143001, Nr. Friend Cinema"
"All Blacks Immigration & Educa...","+ 91  8146541236","Ptk Bye Pass, Amritsar - 143001"
"Goodwill Immigration","+ 91  9814778926","Amritsar - 143001, Ranjit Avenue"
"Roshni Immigration & Education...","+ 91  183 2560926","Super Plaza, Cooper Road,, Amritsar - 143001, Cristal Chowk Toward Bridge Left Side."
"VISION IMMIGRATION & EDUCATION...","+ 91  183 5065348","102,Sunrise Plaza, Crystal Chownk ,Cooper Road, Amritsar - 143001, Near Nokia Care"
"Danish Immigration Consultants","+ 91  183 5014005","Shop No 88-89 Kabir Market, Opp HDFC Bank, Amritsar - 143001, Near King Palace"
"Achiever Point Immigration Con...","+ 91  9855114042","Gill Complex, Gali Janta Place Wali, Amritsar - 143001, Taran Taran"
"Express Immigration","+ 91  9815258826","Opposite Ram Mandir, Amritsar - 143001"
"SAI Immigration","+ 91  7508983007","Amritsar - 143001"
"Kats immigration","+ 91  9988603928","Sco 6,forth floor,b-block, District shopping complex,ranjit avenue, Amritsar - 143001, Near punjab kesri office"
"Eves Immigration Consultants","+ 91  8054616204","62/A Doctor Complex, Majitha Road, Amritsar - 143001, Opp. Madan Hospital"
"KHAIRA IMMIGRATION","+ 91  9872285159",""
"Elite Immigration Consultants ...","+ 91  9023284463","Amritsar - 143002"
"Lotus Immigration & Financial ...","+ 91  183 5062157",""
"SSSS Immigration Services","+ 91  183 5010980","C/O 21st Century Academy, GT Road, Putligarh, Amritsar - 143002, Nr Harvinder Hospital"
"Royal Canadian Immigration Ser...","+ 91  9779190082",""
"SCHOLARS WAY IMMIGRATIONS","+ 91  9779345533","Sco 69 kabir park market, Amritsar - 143001, opp GNDU"
"Scholars Way Immigration Consu...","+ 91  183 225433","Sco 69, Guru Nanak DEV University, Amritsar - 143005, Kabir Park Market"
"SSSS Immigration Services","+ 91  183 5832451",""
"Fly Dreams Immigration Consult...","+ 91  183 5002444",""
"Canreach Immigration Consultin...","+ 91  183 5015233","Batala Road, Amritsar - 143001"
"Svs Global Immigration & Edu S...","+ 91  183 5007728",""
"Elite Immigration Consultant","+ 91  183 2255222","SCF -43, 1st FLOOR,, KABIR PARK MARKET, Amritsar - 143001, OPP. G.N.D.U"
"Tejpal immigration","+ 91  183 5007517",""
"NAVADA TOUR AND TRAVEL &IMMIGR...","+ 91  183 5013873","Sco 34, Kabir park, Amritsar - 143002, Opp gndu"
"Immigration Law Office","+ 91  9815210114",""
"i can... IELTS and IMMIGRATION...","+ 91  9878515516","Opp. Oriental Bank of Commerce, College road, Khadur Sahib, Amritsar - 143117"
"Cwc Immigration Solutions","+ 91  183 2504466",""
"Kingsway Immigration & Oversea...","+ 91  172 5003357","Sco-80-81-82 First Floor, Chandigarh - 160020, Sec 34 A"
"The British Library & Immigrat...","+ 91  8872890000",""
"Easy Immigration Consultants","+ 91  9646958787","62-A 1st Lour Doctor Complex, AMRITSAR - 143002, Amritsar"
"EXPERT IMMIGRATION","+ 91  9216201616","ScF 22 2nd floor kabir park market, Amritsar - 143001, opp gndu universty"
"ssss immigration services amri...","+ 91  183 8196980","280, ##, Amritsar - 143002, near alpha one mall"
"Bala Immigration Guidance Serv...","+ 91  9872212270","2929/2, Pakki Gali, Amritsar - 143001, Outside Mission Compound"
"VISQM Immigration","+ 91  9888855220","Airport Rd,Gumtala By Pass, Amritsar - 143001"
"Victoria Immigration & Education","+ 91  183 5098112","Scf-35, Amritsar - 143001, Kabir Park,Opposite Guru Nanak DEV University"
"Singh Immigration","+ 91  183 2226222","Opp. Khalsa College, Near Reebok Showroom, G.t.road, AMRITSAR - 143001"
"Health Way Immigration","+ 91  9888888125","Court Road, Amritsar - 143001"
"Angels Immigration & Education...","","SCO 68, Amritsar - 143002, City Centre Market"
"Right Way Immigration","+ 91  9569137200","Amritsar - 143001, Ranjit Avenue"
"Get Global Immigration","+ 91  8556911911","SCO 8 Aneja Tower, B Block, Ranjit Avenue, Amritsar - 143001, Near Akash Academy"
"Karra World Wide Immigration C...","+ 91  183 4612212","Amritsar - 143001, Nr. Bus Stand"
"Dolphin Immigration Consultant","+ 91  183 5008850","House No 2016/14, 2nd Floor, Putligarh, Amritsar - 143002, Above SBI Bank"
"Global Immigration Consulta...","+ 91  183 5015277","Sco 6 Second Floor District Shopping Complex, Ranjeet Avenue Block B, Amritsar - 143001, Near Connect Office"
"Navigator Visa Immigration","+ 91  183 5064196","Preet Tower, Amritsar - 143001, Near Navpreet Hospital Putlighar"
"S S S S Immigration Services","+ 91  183 5018295","Number 280 Partap Avenue Phase 2 G T Road, Amritsar - 143001, Opposite Alpha One Mall"
"Rightway Immigration","+ 91  8591688555","Sco-32 4th Flour Disst Shoping Complex, AMRITSAR - 143002, Amritsar"
"Worldwide Immigration Consulta...","+ 91  183 6616200","Sco-112,ICICI Bank Bldg, District Shopping Centre, M K Hotel Rd, Amritsar - 143001, Ranjit Avenue"
"Sekhri Academy & Immigration Ltd.","+ 91  9569101112","Sco-37, 1st Floor, Dist. Shopping Complex, Block-B, Ranjit Avenue, Amritsar - 143001"
"Cic Immigration","+ 91  8872634791","Court Road, Amritsar - 143001"
"Sky High Immigration","+ 91  183 2422283","Shop Number 90 Deep Complex, Court Road, Amritsar - 143002, Near Doaba Auto"
"One Stop Immigration Solutions","+ 91  183 5066680","Sco 44,Kabir Park Market, GT Road, Kabir Park Colony, Amritsar - 143002, Opposite GNDU"
"Noc Immigration Pvt Ltd","+ 91  183 5056563","Sco 36 & 53 B Block Ranjit Avenue, Amritsar - 143001, Near Balle Bowl Restaurant"
"Ghuman Guidance Today Immigration","+ 91  183 2551810","203, Amritsar - 143001"
"Euro Immigration & Financial","+ 91  183 2255447","Majitha Rd, Amritsar - 143001, Opp Gnd Hospital"
"Ghm Immigration Consultants","+ 91  183 5005101","Sco 6, 3rd Floor, Dsc Ranjit Avenue, Amritsar Kutchery, Amritsar - 143001"
"Sunrise Visa Immigration","+ 91  183 2589944","Sant Avenue G T Rd, Amritsar - 143001"
