"Name","Phone","Address"

"Apprise Overseas Education Con...","+ 91  183 2702100",""
"Entrust Consulting UK Ltd","+ 91  183 6549065",""
"Healthway Immigration Consulta...","+ 91  183 2505965",""
"Nns Fin Corp.","+ 91  183 5096009",""
"Gulf Immigration Services","+ 91  8528945383",""
"AIMZ CONSULTANT","+ 91  183 5018850",""
"Professionals overseas","+ 91  9915032900",""
"Overseas Education And Immigra...","+ 91  9779057776",""
"Career Bridge Academy (Cba)","+ 91  183 5008156",""
"Healthway Immigration","+ 91  183 2530665",""
"Anzic","+ 91  183 5028784",""
"Royal Inc","+ 91  183 2543095",""
"The BEST Academy","+ 91  183 6539383",""
"Supreme Education & Immigratio...","+ 91  183 5030202",""
"Roots Educationals","+ 91  183 5052816",""
"Auscanus Consultants PVT LTD","+ 91  183 5070833",""
"Pathways Consultants","+ 91  9317160004",""
"Eoes","+ 91  183 2570399",""
"Brighton Overseas Educational ...","+ 91  183 5019166",""
"Studywell Education Pvt Ltd","+ 91  183 5019795",""
"Dolphin Immigration Consultant","+ 91  183 5008850",""
"Matrix Visa Consultants Pvt. Ltd","+ 91  183 5013513",""
"Career Overseas","+ 91  183 5070417",""
"VISA TODAY","+ 91  9041503503",""
"Dare Education Group","+ 91  183 5008250",""
"MS Arjun International","+ 91  183 6533532",""
"Feather Wings","+ 91  183 6534153",""
"Royal Canadian Immigration Ser...","+ 91  9779190082",""
"Kumar Associate","+ 91  9988070600",""
"Skytrax Education And Immigrat...","+ 91  183 5020641",""
"Shashi Education Services","+ 91  183 6534528",""
"Super Shah Education & Immigra...","+ 91  9814058125",""
"Mid Overseas","+ 91  183 5094555",""
"Future Education Consultant","+ 91  183 5015038",""
"Murria Immigration Consultant ...","+ 91  183 2227327",""
"Admission Overseas","+ 91  7508545678",""
"MSB Immigration & Visa Services","+ 91  183 5057786",""
"Kevin Immigration To Innovation","+ 91  9876908202",""
"Orbitz Overseas","+ 91  183 5021387",""
"Deep Immigration","+ 91  9781517802",""
"Gulmohar Education HUB","+ 91  183 2555252",""
"Future Helpline","+ 91  183 3229700",""
"Air Wings Immigration","+ 91  183 5013444",""
"Scholar Destiny Immgration Con...","+ 91  9988151525",""
"ETL Pvt Ltd","+ 91  183 2557220",""
"Australis Intl","+ 91  8566043002",""
"Deep Overseas Education","+ 91  183 2223353",""
"Amitesh Global Opportunities","+ 91  183 2563466",""
"Sunrise Visa Immigration","+ 91  183 2589944",""
"alliccon","+ 91  183 6570511",""
"Dream Viewers","+ 91  9803009100",""
"Ny Consultancy Pvt Ltd","+ 91  9257213139",""
"Raj Group Of Education","+ 91  183 5050921",""
"LT Overseas LTD","+ 91  9811047638",""
"Bright Future","+ 91  183 5020022",""
"i can... IMMIGRATION Solutions","+ 91  1859 222222",""
"Kiwi Studies Private LTD.","+ 91  1859 5019092",""
"Eeurotech Overseas Education C...","+ 91  9888440886",""
"Desh Bhagat Group Of Institutes","+ 91  1765 520521",""
"Kingsway Immigration & Oversea...","+ 91  172 5003357",""
"Eeurotech Overseas Education C...","+ 91  172 5019300",""
"Talha Travels","+ 91  265 2341635",""
"NHIS Consultants Private Li...","+ 91  172 5201213",""
"Eurowise Consultants Privat...","+ 91  161 4641313",""
"A V Immigration And Careers...","+ 91  11 48077782",""
"Royal Study Hub","+ 91  181 4050022",""
"Royal Study Hub","+ 91  181 4050022",""
"Columbus Consultant Pvt Ltd","+ 91  2642 645659",""
"Caan Wings Consultants Pvt Ltd","+ 91  181 4606666",""
"Max Overseas Consultants","+ 91  154 2480244",""
"JAGDEEP EDUCATIONAL CONSULTANT","+ 91  154 2480242",""
"Panache Immigration & Educa...","+ 91  181 4673999",""
"British Educare","+ 91  1824 462002",""
"Abroad Holidays","+ 91  172 5013239",""
"TEC Educational Consultancy","+ 91  9855554111",""
"Royal Visa Advisors Pvt Ltd","+ 91  183 2422182",""
"Pacific Consultants","+ 91  183 5060433",""
"Horizon abroad","+ 91  183 2500429",""
"Tania Tour & travel","+ 91  9878356307",""
"Asias Study Centre","+ 91  183 3223414",""
"Elite Immigration Consultants ...","+ 91  9023284463",""
"Scholars Way Immigration Consu...","+ 91  183 225433",""
"Canreach Immigration Consultin...","+ 91  183 5015233",""
"Webberz International","+ 91  9814712191",""
"One World Consulting Group","+ 91  183 5014040",""
"Elite Immigration Consultant","+ 91  183 2255222",""
"Paradise Enterprises","+ 91  183 5094333",""
"EXPERT IMMIGRATION","+ 91  9216201616",""
"ITEC International Travel & Ed...","+ 91  183 5098589",""
"Perfection","+ 91  9888109447",""
"CAREER ADVISOR","+ 91  183 2589918",""
"Saga Studies Pvt Ltd","+ 91  183 5061222",""
"R I C S","+ 91  183 2505003",""
"Blue Chip Overseas","+ 91  183 2592610",""
"Globe Money Solution","+ 91  9815251754",""
"Right Way Immigration","+ 91  9569137200",""
"Australis International","+ 91  7508630028",""
"Green Planets","+ 91  183 5056833",""
"Smart Travels","+ 91  1853 222600",""
"Smartway Immigration Consultant","+ 91  9417066504",""
"Rightway Immigration","+ 91  8591688555",""
"Caan wings consultants Pvt Ltd","+ 91  9914138138",""
"Brightway Study Abroad&Consultant","+ 91  9803142247",""
"Star Union Visa Consultancy","+ 91  183 5057700",""
"Revolution Investment P Ltd.","+ 91  183 5002155",""
"Easy Immigration Consultants","+ 91  9646958787",""
"Immigration Law Office","+ 91  9815210114",""
"Versatile Consultants","+ 91  183 5051520",""
"Universal Education Consultants","+ 91  183 2700681",""
"Visa World","+ 91  9888194266",""
"N B Educational Private Limited","+ 91  183 5070705",""
"Webberz International","+ 91  183 2222458",""
"Bala Immigration Guidance Serv...","+ 91  9872212270",""
"telford unicom pvt ltd","+ 91  9915569693",""
"Cwc Immigration Solutions","+ 91  183 2504466",""
"All Blacks Immigration & Educa...","+ 91  8146541236",""
"Canadian Institute For Intl St...","+ 91  183 5096300",""
"Melbourne Migration & Educatio...","+ 91  9876119554",""
"Kangaroo Studies Pvt Ltd","+ 91  183 5017591",""
"True Way","+ 91  183 5012983",""
"World Foru U Group","+ 91  183 5062020",""
"Abacus Overseas Education Advi...","+ 91  183 5011220",""
"The British Library & Immigrat...","+ 91  8872890000",""
"Roshni Immigration & Education...","+ 91  183 2560926",""
"Victoria Immigration & Education","+ 91  183 5098112",""
"Singh Immigration","+ 91  183 2226222",""
"Wisdom Services","+ 91  183 2422114",""
"Bbs Overseas Education","+ 91  183 2222232",""
"Global Education","+ 91  183 2587412",""
"Mohini Solution Pvt Ltd","+ 91  183 3502550",""
"Singh Foundation","+ 91  183 5064055",""
"Caan Wing","+ 91  9855522266",""
"Soni Travels","+ 91  183 5005929",""
"Success Route Pvt Ltd","+ 91  183 5050605",""
"Raj Travel Agency","+ 91  183 221776",""
"Career College","+ 91  183 5095135",""
"Tejpal immigration","+ 91  183 5007517",""
"Ridge Overseas","+ 91  183 5030020",""
"Canasia","+ 91  9803053537",""
"Education Visa Consultants","+ 91  183 5067592",""
"Pinocchio Travels","+ 91  183 5098932",""
"Divine Education Consultant","+ 91  183 5006971",""
"Seven Seas","+ 91  183 5014242",""
"Eminance Consultancy Group","+ 91  9814041890",""
"Eves Immigration Consultants","+ 91  8054616204",""
"Cic Immigration","+ 91  8872634791",""
"Edge Overseas Educational S...","+ 91  183 2223743",""
"Evergreen","+ 91  9872545664",""
"Study abroad for u","+ 91  9041699255",""
"Health Way Immigration","+ 91  9888888125",""
"Fly Abroad","+ 91  183 5096057",""
"Express Visa","+ 91  183 5013467",""
"ADEPT CANADIAN SCHOOL","+ 91  183 5008398",""
"Kulwinder Kaur","+ 91  9914023824",""
"S S S S Immigration Services","+ 91  183 5018295",""
"Green Ajay Studio Abroad","+ 91  183 5009780",""
"Pacific Consultants","+ 91  9888605913",""
"Lotus Immigration & Financial ...","+ 91  183 5062157",""
"Noc Immigration Pvt Ltd","+ 91  183 5056563",""
"Genesis","+ 91  183 5068360",""
"Euro Immigration & Financial","+ 91  183 2255447",""
"Sky Tax Inc","+ 91  9501104850",""
"One Stop Immigration Solutions","+ 91  183 5066680",""
"Goodwill Immigration","+ 91  9814778926",""
"Magic Lamp International Group","+ 91  183 5058811",""
"Rimwea Career Forum LTD","+ 91  183 5058880",""
"Global Immigration Consulta...","+ 91  183 5015277",""
"International Studies","+ 91  183 2506661",""
"Safeway Educational Consultancy","+ 91  183 5061230",""
"Auscan","+ 91  183 5002055",""
"Sky High Immigration","+ 91  183 2422283",""
"Karra World Wide Immigration C...","+ 91  183 4612212",""
"Atg Consultants","+ 91  183 3208260",""
"Travel House.Com","+ 91  183 5050401",""
"Your destination","+ 91  183 5005300",""
"B N Overseas Education Service","+ 91  183 2452093",""
"Jeva Consultancy PVT LTD","+ 91  183 5062447",""
"Canam Consultants LTD","+ 91  183 5093010",""
"Bachpans Education & Consultancy","+ 91  183 5014861",""
"Amp Overseas Services","+ 91  183 3040682",""
"Aum Global","+ 91  183 5004885",""
"Ghm Immigration Consultants","+ 91  183 5005101",""
"Canam Consultants Ltd","+ 91  9815489344",""
"VISION IMMIGRATION & EDUCATION...","+ 91  183 5065348",""
"Worldwide Immigration Consulta...","+ 91  183 6616200",""
"SSSS Immigration Services","+ 91  183 5832451",""
"Sovtec Consultant","+ 91  183 5016827",""
"V S OVERSEAS","+ 91  183 2277991",""
"Sky Enterprises","+ 91  183 5062022",""
"Counsel One","+ 91  183 5003637",""
"Globle Education Services","+ 91  9815072266",""
"First Teach Services","+ 91  183 5061244",""
"Nirgunn Overseas Consultant","+ 91  183 5010459",""
"Fly Dreams Immigration Consult...","+ 91  183 5002444",""
"Bnoc education board","+ 91  183 5006444",""
"Kats immigration","+ 91  9988603928",""
