"Name","Phone","Address"

"N V REPAIR AND SERVICES CENTER","+ 91  183 5059888","Shop no 58 FF, Lawrence road, Amritsar - 143001, Near Kanika computers"
"Computronix the computer shopee","+ 91  183 5005148","Kalyan Singh Rd, Amritsar - 143001, Opp. NIIT, Inside Hathi Gate"
"BHATIA MOTOR & FINANCIAL SERVICE","+ 91  9855242757","O/s Hathi gate, Amritsar - 143001, Near Nagam nigam workshop"
"Salwan Travel Services Pvt Ltd","+ 91  183 5016004","76 Second Floor Nehru Complex, Lawrence Road, Amritsar - 143001"
"World 4u Overseas Education & ...","+ 91  183 5062020","1st Floor, Nanak Building, Opp. Nehru Shopping Complex, Lawrence Road, Amritsar, Lawrence Road, Amritsar - 143001"
"V Goyal Financial Services Pvt...","+ 91  183 5068884","7-Second Floor, Nehru Shopping Complex, Lawrance Road, Amritsar - 143001, Opposite Novelty Sweets,"
"Laabh The Complete Jewellers","+ 91  183 5069500","Ff-16 Nehru Complex, Amritsar - 143001"
"ELEGANCE THE KIDS ZONE","+ 91  9814251010","Shop Number 14 GF, Nehru shopping complex, Lawrence Road, Amritsar - 143001, Lawrence road"
"RAHUL RO SERVICE","+ 91  9876097206","kot khalsa, Amritsar - 143001, Near 22 no phatak"
"ARV Taxi Service","+ 91  9888302117","Plot number-8 a, 2 nd floor,queen complex, Amritsar - 143001"
"POPCORN THE FASHION ZONE","+ 91  9356112628","Inside hathi gate, Amritsar - 143001, Near NIIT CENTRE"
"V Goyal Finance Service","+ 91  183 2506881","Amritsar - 143001, Nehru Cpmlx, Lawrence Road"
"Sun Chasers The Music Shop","+ 91  9872544186","shop no 35, Lawrence Road, Amritsar - 143001"
"Skyway Mangement Services","+ 91  9824523372","Lawrence Road, Amritsar - 143001"
"LAKSHYA-THE AIM","+ 91  8699608826","house no. 14, beauty avenue,phase 4, Lawrence Road, Amritsar - 143001, trillium mall"
"RANAS The ROCK GYM","+ 91  8437712400","184, 2nd floor, main bazar, Rani Ka Bagh, Amritsar - 143001, Back side Model Town mandir"
"Udaan Trust Ambulance Services","+ 91  9592995929","G T Road, Amritsar - 143001, Near Amandeep Hospital, Model Town"
"Anchal Verma Pg Services","+ 91  9876618470","Lawrence Road, Amritsar - 143001, Dayanand Nagar, Near Bbk Dav College"
"B. R. MOBILE SERVICES","+ 91  9815170526","Shop no. 2, New Market, Lawrence Road, Lawrence Road, Amritsar - 143001, Opposite Ritu Wears"
"Arora pest damp seal service","+ 91  183 5062677","SHOP NO 2, LAWRENCE ROAD, Lawrence Road, Amritsar - 143001, OPPOSITE SBI BANK"
"HS Bhullar Air Conditioner Ser...","+ 91  9815037436","Shop Number 8, Green Avenue, Amritsar - 143001, Housing Board, Near Puda Office"
"Vaibhav Financial Service","+ 91  183 2548619","2nd Fllor Narula Complex, Hall Bazar, Amritsar - 143001"
"O-zone the fittness world","+ 91  8968439952","3, Police line, Lawrence Road, Amritsar - 143001, Near d a v public school"
"HIM TOURIST SERVICE","+ 91  183 2293310","Shop no 54,goal bagh, Amritsar - 143002, Opp railway station"
"National Financial Service","+ 91  9814050214","shop no. 12, 1st Floor, G T Road, Amritsar - 143001, Hide Market, Near Civil Hospital, Opposite Ghass Mandi"
"Joginder diesel service","+ 91  9888670933","Hide market, Gt Road, Amritsar - 143001, Near SURINDER tractors"
"SUN CHASER THE MUSIC SHOP","+ 91  9872544188","Shop No 1, Lawrence Road, Amritsar - 143001, Opp Pizza Hut"
"Race the fire of fashion","+ 91  9780660801","Shop no 629, Basant nagar, Amritsar - 143001, Near mata mandir"
"Galaxy Financial Services","+ 91  9814016607","HOUSE 128 GALI NO 1, TARAN TARN ROAD SAHID UDAM SINGH NAGAR, Amritsar - 143001, Near bus stand Amritsar"
"L.S JALANDHARI ASSOCIATES ARCH...","+ 91  183 2501112","B - 538 RANJIT AVE, RAM SARNAM ROAD, Amritsar - 143001, NEAR GURDWARA SAHIB"
"asr volvo bus service","+ 91  183 3500786","railway link road, Amritsar - 143001, near railway station"
"Ashoka Foods Tiffin Services","+ 91  183 5007297","Amritsar - 143001, Sandhu Colony, Near Jai Kamal Hospital"
"On Dot Courier Service Railway...","+ 91  9855015348","59,, Ji Market, Railway Link Road,, Amritsar - 143001"
"Youth Services Welfare Society","+ 91  183 5110968","L-2, 761 New Gurnam Nagar Sultanwind Road, Amritsar - 143001"
"MSB Immigration & Visa Services","+ 91  183 5057786","1st Floor, Durga Ice Cream, Lawrence Road, Amritsar - 143001"
"satpal tiffin services","+ 91  183 2224329","5, kishan nagar, Lawrence Road, Amritsar - 143001, opp bansal sweets"
"Buttar Security Service","+ 91  9914715762","Tarn Taran Road, Amritsar - 143001, main bazar diwinder nagar"
"PEOPLES The diamond jeweller","+ 91  183 2222256","Shop no 108, Nehru complex, Lawrence Road, Amritsar - 143001, Opp novelty sweets"
"The Pizza Studio & The Brew Be...","+ 91  9780090314","SCO 116,1st Floor, B-Block Ranjit Avenue, Ranjit Avenue, Amritsar - 143001, Near Cafe Coffee Day"
"Studio B & Amans photography","+ 91  9814447555","I/S Hathi Gate & Guru Nanak Avenue, Majitha Road, Amritsar - 143001, Near Dav School"
"Atom Seo Services","+ 91  9517179595","Adarsh Nagar, Islamabad, Islamabad Nagar, Amritsar - 143001, Near National Public School"
"Hind Security Services Regd","+ 91  9814664664","1st Floor, Singh Complex, Amritsar - 143001, Near Post Office, Chowk Hussainpura"
"ABTC VOLVO BUS SERVICE","+ 91  183 2544707","Railway link Road, Amritsar - 143001, Opp.Railway Station"
"A To Z Worldwide Services","+ 91  183 5012612","Dry Fruit Corner First Floor, Hall Bazar, Amritsar - 143001, Near Goal Hatti Chowk"
"Live human facility services","+ 91  9653875746","sco 95, nehru shoping complex, lawrence road, Lawrence Road, Amritsar - 143001"
"Hotel The Bharat Residency","+ 91  183 2550217","Hussainpura Chowk, 4 Kot Atma Singh Road, Amritsar Bus Stand, Amritsar - 143001, Near Bus Stand"
"Krishna Tiffin Service","+ 91  183 9780519440","Fateh Garh Churian Road, Amritsar - 143001, Nr Bus stand"
"GE Money Financial Services LTD","+ 91  183 39022000","107/1,Hall Bzr,Lower Grd Flr,R S Tower, R S Tower, Amritsar - 143001"
"Arora Service Station","+ 91  9780115988","Chabal Road, Amritsar - 143001, O/s khazana gate"
"State Bank Of India Mutual Fun...","+ 91  183 2221755","State Bank Of India, Personal Banking Branch, Sco-3, Lawrence Road, Amritsar - 143001"
"Sajjan Singh School Van Service","+ 91  9217707269","Gali No 11, Ram Nagar Colony, Amritsar - 143001, Islamabad"
"Bamran Services Station","+ 91  183 2580551","Gt Rd, Amritsar - 143001, Opp Youth Hospital"
"Max abroad services","+ 91  183 5098065","Sco 32, Pal plaza, mk road, Ranjeet Avenue Block B, Amritsar - 143001, khalsa college"
"R K Service Station","+ 91  183 2580461","G T Rd, Amritsar - 143001, Ram Talai"
"New Piyar Bus Service Pvt ltd","+ 91  183 2702597","G T Road, Sant Avenue, Amritsar - 143001, Focal point, Near Tara Wala Pull, Behind Piyar Bus Filling Station"
"Ganpati Gas Service","+ 91  183 2534588","Shop Number 165-166, near golden temple, fowara road, Amritsar - 143001, Kesari Bagh,Opposite Dharam Singh Market"
"Mission Discovery Detective Se...","+ 91  9915976653","B 3, Queens Road, Amritsar Cantt, Amritsar - 143001"
"Bala Immigration Guidance Serv...","+ 91  9872212270","2929/2, Pakki Gali, Amritsar - 143001, Outside Mission Compound"
"hotel mangement service","+ 91  9888171301","Amritsar - 143001"
"Nirmal Gas Service","+ 91  183 5063743","Main Circullar Road, Amritsar - 143001, Opp bhati enclav ,Nera Trillium Mall,opp petrol pump"
"Murria Immigration Consultant ...","+ 91  183 2227327","18, Cool Rd, Amritsar - 143001, Modern Clny,Nr BMC Chowk"
"Sahil Cargo Service","+ 91  9855754221","Shop Number 54, Amritsar - 143001, Ghee Mandi, Near Shaheed Bhagat Singh Road"
"sai financial services","+ 91  8146177463","Amritsar - 143001"
"Trumpets The Family Restaurant","+ 91  183 5003963","L - 14, Batala Road, Amritsar - 143001, Near Celebration Mall"
"G.s. loading services","+ 91  8872899947","plot no 153, baba budha colony, Amritsar - 143001, near aneraja car agency"
"Tuli s The Academy","+ 91  9888808693","5,Basant Nagar, Majitha Road, Amritsar - 143001, Inside Ghala Mala Chowk, Lane Opp. Gopal Mandir"
"Golden Services","+ 91  9876946034","Loharka Road, Amritsar - 143001"
"Indiabulls Financial Services ...","+ 91  183 5070245","32, Shopping Centre,, Amritsar - 143001, Amritsar"
"Night Vision Security Services...","+ 91  9216406206","Thakur Complex Second Floor Patel Chowk, G T Road, Amritsar - 143001, Near Sain Dass School"
"Golden gas service","+ 91  183 5055555","Putlighar, G. T road, Amritsar - 143001"
"Bsj Placement & Security Service","+ 91  9646391928","Sultanwind Road, Amritsar - 143001"
"GET ENERGY SERVICES","+ 91  9217746700","Building Number-273/H, 100 Feet Road, East Mohan Nagar, Amritsar - 143006, Opp. JAYCEE Motors"
"amrit auto service","+ 91  9872455581","h n 1705, chal road, Indra Colony, Amritsar - 143001, nr,shiv ji ka mandir"
"taxi service amritsar","+ 91  9855028504","Opp. Khalsa Public School, GT Road, Near. Khalsa College Amritsar, Punjab, Putligarh, Amritsar - 143002"
"Ridhima Car Rental Service","+ 91  9876910449","House Number 45 Saheed Udham Singh Colony, Number 11, Amritsar Bus Stand, Amritsar - 143001"
"Victoria Immigration & Education","+ 91  183 5098112","Scf-35, Amritsar - 143001, Kabir Park,Opposite Guru Nanak DEV University"
"Emu Student Services","+ 91  183 6050004","Bus Tand Chowk Ram Talai, Amritsar - 143001, Upside Suzuki Showroom"
"Dhillon Developers & Finance S...","+ 91  183 5000026","G T Rd, Amritsar - 143001, Nr Dada Motor,Mullanpur"
"Beri Financial Services","+ 91  183 2400709","25B/2, Rani Ka Bagh, Amritsar - 143001"
"M/S. The Millenium School","+ 91  183 2425908","Phase - I, S.G.Enclave, Majitha Road, Majitha, Amritsar - 143601"
"RMV IT SERVICES PVT LTD","+ 91  9251022476","F-26 Gautam Marg, Amritsar - 143001"
"Madhur Courier Services","","Beas, Amritsar - 143201"
"MAA-The Ultimate","+ 91  8198085289","F.C.Road, Amritsar Kutchery, Amritsar - 143001"
"Sanchit Financial & Mgmt Servi...","+ 91  183 2226477","378, M. M. Malviya Rd.,"
"R S Service Station","+ 91  183 2292104","Inner Circular Road, Amritsar - 143001, Ghee Mandi"
"Pyar Bus Service Regd","+ 91  9814299717","Opp. Ferooman Rd.,,"
"Indian Parcel Service","+ 91  9878177818","Golden Temple, Near Mata Sukhjit Kaur Memorial Hospital, Amritsar - 143001, Joura Fatak"
"avon the company for women","+ 91  183 5051960","7, Court Road, Amritsar - 143001, oppsite doaba"
"SCORPION FIRE SAFETY SERVICES","+ 91  183 5008064","Amritsar - 143001"
"Magnus Financial Services","+ 91  9876844477","3,, New Plaza Market, I/S. Sarai. Sant Ram,, Amritsar - 143001, O/S. Hall Gate"
"B Harnam Singh Sunder Singh","+ 91  9814737557","Cheel Mandi, maan singh gate, Amritsar - 143001"
"Videocon Service Centre","+ 91  183 2506554","Amritsar - 143002"
"Vinod Art Service","+ 91  183 2544161","katra sher singh, gali ravidass mandir, Hall Bazar, Amritsar - 143001, near electric market, opposite congress bhawan"
"Kissan diesel services","+ 91  9463448118","Shop no 3, Gt Road, Amritsar - 143001, Opp amar tractors"
"Healthway Immigration Consulta...","+ 91  183 2505965","deep complex, Amritsar - 143001, Ranjit Avenue"
"Satyam Financial Services & Jo...","+ 91  9915613762","1st Floor,Opp.Kali Mandir,Dhab Vasti Ram, Amritsar - 143001"
"Sourcekey IT Services","+ 91  9216666084","Plot No 50, Old Jail Road, Amritsar - 143001, Near Oriantal Bank Of Commerce, Ranjit Avenue"
"Gsm Services","+ 91  183 2560540","1-B, Liberty Market,, Opp Railway Link Road, Amritsar - 143001"
"Himalaya RO Water Purifier Sal...","+ 91  9501474075","Jalandhar Rd, Amritsar - 143001, Opp Dashesh Service Center, Mehta Chowk"
"Alisha Gas Service","+ 91  183 2701678","81-A, Amritsar - 143001, East Mohan Nagar"
"Kultham International Travel S...","+ 91  9915929738","Amritsar - 143001"
"Wisdom Services","+ 91  183 2422114","F-16,30/404, Street No 1, Amritsar - 143001, Near - Hargovind Avenue"
"Universal Travel & Forex Services","+ 91  183 2212220","19 A, Taylor Rd, Amritsar - 143001, Near Gandhi Ground,AGA Market"
"Saggu Service Station","+ 91  183 2559535","Amritsar - 143001, Hide Market"
"Cross Pneumatic Service","+ 91  9478655866","219, Tran Taran Road, Amritsar - 143001, New Court, Mit Singh Nagar"
"Patel Parcel Services","+ 91  9316292157","No. 1650/1, Karmon Gali, Amritsar - 143001, Near Katara Jaimal Singh"
"Shree Jee Tiffin Service in Am...","+ 91  9888921092","market, main road, basant avenue, Amritsar - 143001, near temple"
"Institute For The Blind","+ 91  183 2555244","Booth Number- 753, Amritsar - 143001, Durgiana Mandir, Near Lohgarh"
"PIM TRADING AND CELLULAR SERVICES","+ 91  183 5059294","CHOWK FARID, Amritsar - 143001, Near Axis bank"
"Bharat Gas Service","+ 91  9914147852","20 A, Lawerence Road, 20 A, Lawerence Road, Lawrence Road, AMRITSAR - 143001"
"Mandeep Techno Services","+ 91  183 2508811","221 A, Ranjit Avenue, Amritsar Kutchery, Amritsar - 143001, Opposite Crpf Quarters"
"Kohli Transit Service","+ 91  183 2556378","Shaheed Bhagat Singh Rd, Amritsar - 143001, Bakarwana Bzr"
"Institute of British and amari...","+ 91  9888699631","City centre, Gt Road, Amritsar - 143001, Near bus stand"
"Pt Moti LAL Nehru Library","+ 91  183 2555969","Amritsar - 143001"
"Online express courier services","+ 91  9815085136","120,tilak nagar, Shivala road, Amritsar - 143001, Near apna departmental store"
"Institute Of Banking Services","+ 91  9216878310","Amritsar Bus Stand, Amritsar - 143001, Nr Bus Stand, Behind Sangam Cinema, Asr"
"Raghu Verma In The Prem. Unite...","+ 91  183 2532598","Gokul Market No.2 Ist Fl, M/S United Tradersmoti Bazar, Katra Ahluwalia, Amritsar - 143006"
"Prominent Courier Service","+ 91  183 2562646","18, Railway Road, Amritsar - 143001, Sarhardi Market, Opposite Canal Road"
"Pump &Motor Service Center","+ 91  9878993006",""
"Dr Shorey The Amritsar Clinica...","+ 91  183 2542979","Chowk Regent Cinema, Gandhi Bazar, Amritsar - 143006, Chowk Regent Cinema"
"Chawla Services","+ 91  9988144531",""
"Prepaid Taxi Service(One Way P...","+ 91  9888535359","Ghanta Ghar Chowk, Golden Temple, Amritsar - 143006"
"Addl Se Computer Service","+ 91  183 2535214","Amritsar - 143006, Near Hall Gate Pseb, Centre City"
"BOSS The Chef","+ 91  183 6578055","Majitha Road, Amritsar - 143002, Near Ghala Mala Chowk"
"Vicky Telephone Services","+ 91  183 2553310",""
"EXPERT IMMIGRATION","+ 91  9216201616","ScF 22 2nd floor kabir park market, Amritsar - 143001, opp gndu universty"
"Money Zone Financial Services","+ 91  183 5093340",""
"Jagdev Gas Service","+ 91  9872212427","Chheharta, Gt Road, Chheharta Railway Station, AMRITSAR - 143105, Gt Road,Chheharta"
"Money Zone Financial Services","+ 91  183 5093340","273-H , First Floor, 100 Ft Road , East Mohan Nagar, Amritsar - 143006, Opp Jaycee Motors"
"Lifeline Medicare Services","+ 91  183 2560776","Brightway Mkt., Majitha Rd.,"
"Charanjeet Singh Loading Service","+ 91  9876213676",""
"Punsup Gas Service","+ 91  183 2221850","2-A, Batala Road, Amritsar - 143002, Opposite Prem Rai Hospital"
"Bajwa Gas Services","+ 91  183 2482602",""
"Computer Age Management Servic...","+ 91  183 6500683","Sco - 18j,'c' Blockranjit Avenue, Amritsar - 143001"
"Instituteof British And Americ...","+ 91  9876534353","78, Ground Floor, City Centre, Amritsar - 143001, Opposite Pingalwara"
"Hero Corporate Service Limited","+ 91  183 3299694","Opposite Khalsa College, Phatak Road,, Amritsar - 143001"
"Luminous Service Center","+ 91  183 5098862","76, City Center, Amritsar - 143001, Near Bus Stand"
"M M Financial Services","+ 91  183 2560562","35, Deep Complex Road,, Amritsar - 143001"
"Smartlife Services","+ 91  183 5014770","20, First Floor, Golden Temple Road, Amritsar - 143001, Opposite Punjab & Sind Bank, Chowk Fuwara"
"Harjit Electronics","+ 91  183 5060993","2233/12, islamabad, Amritsar - 143104, opp police station"
"Healthway Immigration","+ 91  183 2530665","77 City Centre, Amritsar - 143001"
"Arora Gas Service","+ 91  183 2521655","circular road,gate hakima, Amritsar - 143002, opp.dhobi ghat"
"World wide educational services","+ 91  9356555458","33, ground floor, Batala Road, Amritsar - 143001, Near celebrational mall"
"Delhi auto works and service c...","+ 91  8146994022","Near guru gangasar marg, Main bazar, Amritsar - 143002, Main chownk"
"Allied Telecom Services","+ 91  183 5090360","Katra Ahluwalia, Amritsar - 143006, Raja Singh Rattan Chand Market,Near PNB"
"Blaze Flash Courier Service Pv...","+ 91  183 5097156","3,, Opposite Rosh Hotel, Court Road,, Amritsar - 143001"
"b JAWAHAR SINGH AND COMPANY","+ 91  7508562007","shop Number-1, main market, Amritsar - 143001, near main gate jallanwala bag"
"Green Bus Service","+ 91  9872523723","Amritsar - 143001, Rayian Mandi, Danda Mandi Near Bhinder Garage"
"Supreme Education & Immigratio...","+ 91  183 5030202","Sco-4, 3rd Floor, Distt. Shopping Complex, Ranjeet Avenue Block B, Amritsar - 143001"
"Bee Ess Gas Service","+ 91  183 2292492","Shop No-9 & 10, Amritsar - 143001, Opposite Bus Stand ,Kot Atma Singh market"
"World wide educational services","+ 91  183 5066498",""
"Piramal Diagnostic Services Pv...","+ 91  183 2580823","32, Amritsar - 143001, Opp Water Tank"
"Perfect Mobile Repair Centre","+ 91  9855680786","Shop No. 19-20, 210-A, Queens Road, Amritsar - 143001, Simran Plaza Market"
"V.R.FINANCIAL SERVICES","+ 91  9417033478",""
"SAI Immigration","+ 91  7508983007","Amritsar - 143001"
"I service apple care &repair","+ 91  9803046333","Shop no.6 Nehru shopping complex, Lawrence road, Amritsar - 143001, Opp Lawrence road"
"Danish Immigration Consultants","+ 91  183 5014005",""
"King Group Security Services(R...","+ 91  183 2277108","Shop No-12-13, Above Sikka Gas Agency, Near Celebration Mall, Batala Road, AMRITSAR - 143001"
"Sony Bros Electronic Service","+ 91  183 2541793","S C O 24 National Shopping Complex, Amritsar Road, Amritsar Bus Stand, Amritsar - 143001, Near Nandan Cinema Chowk And Near Bus Stand"
"Horizon Computer Services","+ 91  183 2277441",""
"Smartway Immigration Consultant","+ 91  9417066504","Amritsar - 143001, Nr. Friend Cinema"
"Samsung Service Center","+ 91  183 30308282","Amritsar - 143001"
"Dtdc domestic and internationa...","+ 91  9781921454",""
"Chahal Online Services","+ 91  9888418517","Scf-14 Ranjit Avenue, Amritsar - 143001"
"Reliance Infocomm Ltd Customer...","30333333",""
"Amp Overseas Services","+ 91  183 3040682",""
"Pehalwans Catering Service","+ 91  8054310936","Shop No24, Opp Subji Market, Amritsar - 143001, Chok Ram Bagh"
"Samsung Service Centre","+ 91  183 5005968","shop no. 31, Lawrence Road, Lawrence Road, Amritsar - 143001, Nehru Shopping Complex"
"B-Fex Knitting Mills","+ 91  183 5062227",""
"SBI Mutual Fund Investors Service","+ 91  9855008415","Society 3 Amritsar, Amritsar - 143001"
"Shivani Electronics","+ 91  183 5014080","6 , Kamal Tower, Batala Road, Amritsar - 143001, Near Kamal Palace Apna Ghar"
"Golden T.v. Service Centre","+ 91  9888299051","Near Arunrashmi Sainik School, B.k. Dutt Gate, Amritsar - 143001"
"HDB Financial Services","","SCF 12, 2nd Floor, Amritsar - 143001, Kabir Park, Opposite GNDU University"
"Shree Maruti Courier Services ...","+ 91  9356143283","Goyal Plaza, Amritsar - 143001, Near Amrit Cinema Leather Bazar"
"Ghuman Guidance Today Immigration","+ 91  183 2551810","203, Amritsar - 143001"
"Jinder bike repair &services","+ 91  9876789424","Amritsar - 143001, Tilak Nagar"
"VIKAS TRAVEL SERVICE","+ 91  183 2563154","52-A, Rani Ka Bagh, Amritsar - 143001, Nr Sadar Police Station"
"Sandhu Crane Service","+ 91  9872323337","313, G T Road, Amritsar - 143001, Ram Talai, Transport Nagar"
"Sukhain Fire Service","+ 91  9914876819","Baba Deep Singh Avneu, Sun Sahib Road, Amritsar - 143001, Near Baba Kharak Singh"
"K A Sahni Enterprises","+ 91  183 5007577","Shop No G-10 ,2nd Floor, Ganpati Toer, Lawrence Road, Amritsar - 143001"
"Mark FED Agro Service Cetnre","+ 91  183 2524426","Building No 2814/VII/17, Bhagtanwala, Amritsar - 143001, Near Chandan Cinema"
"Karra World Wide Immigration C...","+ 91  183 4612212","Amritsar - 143001, Nr. Bus Stand"
"Flyking Courier Services Pvt Ltd","+ 91  183 2551731","2576, Amritsar - 143001, Bazar Bikaneria, Katra Ahluwalia"
"Bharat Gas Service","+ 91  183 2542424","Shop Number- 13, AMRITSAR - 143001, Near International Hotel, Near City Centre"
"Gupta Electrical Service","+ 91  183 2421346","314, Guru Gobind Singh Nagar, Amritsar - 143001, Majhitha Road"
"Hotel 42","+ 91  183 5094242","Mall Road, Amritsar - 143001, Oppsite KFC Restaurant"
"Deep Immigration","+ 91  9781517802","Shop No.1619,, Gol Masjid,, Amritsar - 143001, Opp. Bus Stand,"
"M D Sharma Van Service","+ 91  9417955322","Amritsar - 143001, Tung PAI Batala Road"
"AS MOBILE SERVICE","+ 91  183 5003114","shop No 27,20 Upadhya Complex, 2nd Floor, Deen Dayal, Bhandari Brigde, Amritsar - 143001, Amritsar"
"Big TV DTH Services","18002009001","35/13, The Mall Rd, Amritsar - 143001"
"Thukral Financial Services","+ 91  9814032264","D-448, Ranjit Avenue, Ward No 43, Amritsar - 143001"
"Htc Service Center","18002663566","Shop No.G-10, 2nd Floor, Ganpati Tower, Lawrence Road, Amritsar - 143001"
"Kapur Counselling Services","+ 91  183 2225249","Coat Rd, Amritsar - 143001, SAI Mohindra Clny"
"Ghungroo The Music Arcade","+ 91  9888924919","Amritsar - 143001, Ranjit Avenue"
"Service Club","+ 91  183 2222121","Lawrance Raod, Amritsar - 143001, Rambagh Garden"
"Responsive Capital Services","+ 91  9814438259","Amritsar - 143001"
"K4 The Family Restaurant","+ 91  183 2458666","Garha Road, Amritsar - 143001"
"IFB Service Center","+ 91  183 3900432","Amritsar - 143001"
"Euro Immigration & Financial","+ 91  183 2255447","Majitha Rd, Amritsar - 143001, Opp Gnd Hospital"
"Indo World Services","+ 91  9779731963","Amritsar - 143001"
"Whirlpool Service Center","+ 91  183 4549000","Amritsar - 143001"
"Sky Way Travel Service","+ 91  183 4051284",""
"Swami Tourist Service","+ 91  183 2527741","49, Amritsar - 143001, Goal Bagh, Opposite Railway Station"
"BAJAJ INTERNATIONAL","+ 91  183 5053300","shop no 87, Ground Floor, NEHRU SHOPPING COMPLEX, Lawrence Road, Amritsar - 143001, Opp. Novelty sweets"
"B S Service","+ 91  9815204848",""
"Achiever Point Immigration Con...","+ 91  9855114042","Gill Complex, Gali Janta Place Wali, Amritsar - 143001, Taran Taran"
"Iball Service Centre","+ 91  9023365597","Shop no 19 FF, Majitha complex, Amritsar - 143001, Opp.ent hospital"
"Kingdom Blocks","+ 91  9888751561",""
"Kaler Loading Service","+ 91  9915050149","297, Majitha Road, Amritsar - 143001, Dashmesh Avenue, Naushara"
"Aforeserve.com Ltd","+ 91  183 5050830","Plot No 336, 1st Floor, Lawrence Road, Shastri Nagar, Amritsar - 143001, Opp BR Modern School"
"Service Equipment Company","+ 91  9811025837",""
"Travel Net Services","+ 91  183 5016699","Amritsar - 143001, Nr. Golden Temple"
"Baldev Electronics","+ 91  9815770653","Shop No-4, Amritsar - 143001, Prakash Market"
"Sharma Light & Sound Service","+ 91  9815493541","Gali Mai Manglan, Amritsar - 143001, Inside Hathi Gate"
"G S Khalsa Taxi Service","+ 91  8728990955","Flat- 10b, Amritsar - 143001, Ranjit Avenue"
"Shree Tirupati Courier Service","+ 91  9888485669","16. Darashing Building, 2nd Floor,, Amritsar - 143001, Kairon Market, Halla Bazar, Near Post Office"
"Tata Machines & Services","+ 91  9855052400","180-A, Shivala Road, Amritsar Bus Stand, Amritsar - 143001, Gramin Bank"
"Sultan Consultancy Services","+ 91  183 5012993","55, Basement, Amritsar - 143001, Kabir Park Market, Opp Gndu"
"Toshiba Service Center","+ 91  9815574960","Amritsar - 143001"
"Super Shah Education & Immigra...","+ 91  9814058125","B-588, Amritsar - 143001, Ranjit Avenue, Nr Gurudwara Sahib"
"Jagdish Commercial Services","+ 91  183 2548098","59, Mewa Mandi,,, Amritsar - 143001"
"UTI Infrastructure Technology ...","+ 91  183 2500197","Sco -34, 1st Floor, District Shopping Complex, Ranjeet Avenue Block B, Amritsar - 143001"
"Shashi Education Services","+ 91  183 6534528","4 Sf Imp Flats B Blk, Amritsar - 143001"
"Ravi The Fashion World","+ 91  7837202791","Amritsar - 143001, Main Bazar,Atta Mandi,Opposite BSNL Office"
"Mahindra & Mahindra Financial ...","+ 91  183 6575167","Shop No 85 City Centre 1st Floor, G T Road, Main Road, Amritsar - 143001, B/S Sangam Cinema"
"Skytrax Education And Immigrat...","+ 91  183 5020641","Nai Sadak, Lawrence Road, Amritsar - 143001, Above Oxford Book Shop"
"Sudershan Gas Service","+ 91  183 2522667","Majitha Road,, Amritsar - 143001"
"Samsung Service Center","+ 91  9876592088","RS TOWER, 22 friend lane, mall raod, Street number 8, Amritsar - 143001, compny garden"
"Amritsar Financial Service And...","+ 91  9915544464","Office No 2 Sharma Cmplx Ff, Amritsar - 143001"
"M S G Capital Services","+ 91  183 2560040","M M M Road, Amritsar, Amritsar - 143001"
"Narulas The Restaurant","+ 91  183 2565232","Plot Number- 5, Taylor Road, Amritsar - 143001, The Mall"
"B And B Institute","+ 91  9888424740","Majitha Bye Pass, Majitha Road, Amritsar - 143001, Nr Umang Juice Bar"
"Eazy Capital Services","+ 91  183 2390943","Deep Complex Road, Amritsar - 143001"
"I Ball Mobiles Service CentrE","+ 91  9915240562","Main market, Amritsar - 143001, MAJITHA road"
"O R Services Station","+ 91  183 2220116","Queens Road,Civil Albert Road, Amritsar - 143001"
"Hfcl Internet Services Ltd","+ 91  183 5101036","Sco-5, District Shpooing Center, Amritsar - 143001, Ranjit Avenue"
"Eco info service","+ 91  8559058165","Building no-29 2nd floor deep complex, Court Road, Amritsar - 143001"
"Directions The Firm","+ 91  183 2508091","116-b, anand avenue, Amritsar - 143001, Manav Public School"
"Khadke Glassy The Punjabi Rest...","+ 91  9815108027","Amritsar - 143001, BMC Chk"
"Amardeep Electronics","+ 91  183 2555048","Seth Complex, Amritsar - 143001, Hall Bazaar, Near Reliance Digital Express"
"RankMeUp Services","+ 91  9317676766","SCO 89, Basement, B Block, Distt Shopping Complex, Amritsar - 143001, Ranjit Avenue"
"SONA for the gorgeous one","+ 91  183 5098024","shop no.19, 1st floor, Amritsar - 143001, Alfa one mall"
"Aakash Institute","+ 91  183 5051029","Sco No 11, 1st & 2nd Floor, District Shopping Complex, Ranjit Avenue, Amritsar - 143001, B Block"
"B-dev Corrugated","+ 91  183 2700172","172,Industrial Focal Point Old, Mehta Road, 9417011995, Amritsar - 143001"
"All Blacks Immigration & Educa...","+ 91  8146541236","Ptk Bye Pass, Amritsar - 143001"
"DTDC Courier Service","+ 91  183 2220043","1st Floor, Suri Complex, Opposite Ralway Station O, Amritsar - 143001"
"Sun Shine Tiffin Services & Ca...","+ 91  8283938286","house no 31, mjitha road, Amritsar - 143001, opp guru nanak hospital"
"S S Courier Service","+ 91  9417272769","Shop Number-41,Ground Floor, Amritsar - 143001, Purani Market, Bazzar Malka"
"Sekhri Academy & Immigration Ltd.","+ 91  9569101112","Sco-37, 1st Floor, Dist. Shopping Complex, Block-B, Ranjit Avenue, Amritsar - 143001"
"Utility Travel Services","+ 91  183 2566282","H No 485-A, Macleod Road, Rani Ka Bagh, Amritsar - 143001"
"Cic Immigration","+ 91  8872634791","Court Road, Amritsar - 143001"
"H2O The Saloon","+ 91  183 5005580","2nd floor, The celebration mall, Amritsar - 143001, Batala road"
"Kapil Accounting & Services","+ 91  9855173702","1029/10, Gali Surne Shah, Amritsar - 143001, Dakh Nawikha"
"Health Way Immigration","+ 91  9888888125","Court Road, Amritsar - 143001"
"SANJAY The Complete Game Shop","+ 91  9815001996","shop no.7, Bawa Market, Opposite Parkash Plaza, Amritsar - 143002, near railway station"
"Sharma Tyre Service","+ 91  9872782929","shop no 6, Mehta Rd, Amritsar - 143001, Nr Vallha Sabzi Mandi Guru Tegbhadur nagar"
"Dogra Parcel Packer and Courie...","+ 91  9417997865","61 Court Road, Amritsar - 143001, Near Amritsar Head Post Office And Opposite New Rialto Cinema"
"KUNDAN DHABA THE BACHANS","+ 91  183 2565109","RAILWAY ROAD, Amritsar - 143001, OPP MEHRA HOTEL"
"Kats immigration","+ 91  9988603928","Sco 6,forth floor,b-block, District shopping complex,ranjit avenue, Amritsar - 143001, Near punjab kesri office"
"Aab The Roof Top Dhaba","","47- A , Welcomheritage Ranjit's Svaasa, Amritsar - 143002, The Mall"
"ABTC VOLVO BUS SERVICE","+ 91  183 2735529","CITY CENTRE, Amritsar - 143001, Near Amritsar Bus stand"
"Eves Immigration Consultants","+ 91  8054616204","62/A Doctor Complex, Majitha Road, Amritsar - 143001, Opp. Madan Hospital"
"Dining By The Garden","+ 91  183 2566618","47- A , Welcomheritage Ranjit's Svaasa, Amritsar - 143002, The Mall"
"Shree Nandan Courier Service P...","+ 91  183 5011769","282 East Mohan Nagar, Amritsar - 143001, Opposite State Bank Of Patiala"
"Jagdev Gas Service","+ 91  183 2256200","Gt Rd, Chheharta Railway Station, Amritsar - 143105"
"PHULKARI THE BOUTIQUE","+ 91  9988886102","shop no8 9 10, Golden Plaza, Queens Road, Amritsar - 143001, Near Crystal"
"LG SAMSUNG SERVICE CENTER","+ 91  9876592088","22majitha road, gokal nagar, Amritsar - 143002, gopal mandir"
"KHAIRA IMMIGRATION","+ 91  9872285159","SCO 122, 2nd Floor, B-Block, Amritsar - 143001, Vishal Mega Mart"
"Amristsar Taxi Service","+ 91  183 2229191","Amritsar Railway Station Road, Amritsar - 143001"
"UAE Exchange & Financial Servi...","+ 91  183 5066444","9, Deep Complex, Court Road, Amritsar Cantt, Amritsar - 143001, Opposite Doaba Automobiles"
"Friends Laundry Service","+ 91  8427864721","Hindu Sabha College, Amritsar - 143006, Toba Bhai Shalo, Lohgarh Gate"
"Jolly Chef Food Services","+ 91  183 5099920","Sco - 33, 3rd Floor, Distt. Shopping Complex,, B- Block, Ranjit Avenue, Amritsar - 143001, Near Lakme Beauty Parlour"
"Hcl service centr","+ 91  8557872792","86 2nd floor, Nehru shopping complex, Lawrence Road, Amritsar - 143001, Opp novelty"
"B.SIMRAN CONSTRUCTIONS","+ 91  183 5070707","Amritsar - 143001"
"English Dot Com Education Serv...","+ 91  183 4094378","Ho Sco-26,Distt Shopping Cplx, Amritsar - 143001, B Blk,Ranjit Avenue"
"Digital Solutions","+ 91  183 2254511","Scf-23, 2nd Floor, Shopping Complex, AMRITSAR - 143001, Kabir Park, Opposite Gndu"
"D.S mobile service","+ 91  8054858281","shop no 66, shaheed Udham Singh market, Amritsar - 143001, NR shudh dhaba"
"Gill Green Bus Service","+ 91  183 2576751","Shop no 7, Goal bagh, Amritsar - 143001, Near Railway Station"
"Hotel B-Comfort","+ 91  183 5012878","13, Bram Buda Market, Amritsar - 143001, Near Sarai Guru Ram Dass"
"Bhatia Sons The Diamond People","+ 91  183 2535119","Shop-4-5, Guru Bazar, Amritsar - 143006, Near Darshni Deori, Guru Nagar"
"NEW NEENNOsS BAR B QUE FISH N ...","+ 91  9855650714","Customs Chowk, Kennedy Avenue, Amritsar - 143001, Near State Bank of india"
"Sikka Gas Service","+ 91  183 2272584","12-13, Batala Road,"
"B Madan LAL Saraf","+ 91  183 2558605","Guru Bazar, Amritsar - 143006"
"Dreamz Newzealand Study Abroad...","+ 91  183 5056688","Scf-45 1st Floor Kabir Park Mkt, Amritsar - 143001, Opp Gndu"
"HDB Financial Services","","Unit No. SF-2 , 2nd Floor, Central Mall, Plot No. 32, Mall Road, Amritsar - 143001"
"Gs electricals and service centre","+ 91  9417932599","Shop no 2, Jammu walli gali, Amritsar - 143001, Near ganpati tower"
"Pali Travels & Educational Ser...","+ 91  183 5016800","3, 1st Floor, Pt Din Dayal Upadhya Complex, Amritsar - 143001, Bhandari Bridge"
"Guru Amrit Financial Service","+ 91  9888171301","C/o Guru Amrit Clinic, Gol Masjid Wali Gali, Amritsar - 143002, Near Amritsar Bus Stand"
"FANTASY the lingerie shop","+ 91  8528472362","Shop no 110, Ganpati tower, Lawrence Road, Amritsar - 143001, Near custom colony"
"Sangam Gas Service","+ 91  183 2210111","8, Queen Road, Amritsar - 143001"
"Immigration Law Office","+ 91  9815210114","Amritsar - 143001, Ranjit Avenue"
"NIRMAL BOUTIQUE The Fashion St...","+ 91  9814699565","Flat no. 3, Ranjit Avenue B Block, Ranjit Avenue, Amritsar - 143001, Near Ram Sharnam Hospital"
"XPS Cargo Services","+ 91  183 3250483","1597, Shahid Bhagat Singh Road, Amritsar - 143001"
"DTDC PLUS DOMESTIC & INTERNATI...","+ 91  7508974593","Shop No. 52, Ranjit Avenue B Block, Ranjit Avenue, Amritsar - 143001, Opposite MK Hotel"
"Lotus Immigration & Financial ...","+ 91  183 5062157","Scf-3, A Block Market, Ranjit Avenue, Amritsar - 143001"
"Ajanta Advertising Service","+ 91  183 5052677","Near Bata Shoe Store, Hall Bazar,, Amritsar - 143001"
"Verka Indane Service","+ 91  183 2264451","Shop No.1, Batala Road,, Amritsar Cantt, Amritsar - 143001, Opp. Vet. Hospital"
"VERSATILE - THE GIFT PLANET","+ 91  9653410441","53, Ranjit Avenue A Block, Ranjeet Avenue Block A, Amritsar - 143001, Near Parvati Devi Hospital"
"Indiabulls Financial Services ...","+ 91  183 5002225","107/1, 1st Floor, R S Tower, Hall Bazar,, Amritsar - 143001"
"HITACHI SERVICE CENTRE","+ 91  183 5056735","Shop no L-6, main bazar, Amritsar - 143002, dayal market saenbura Chowk"
"Sunrise Visa Immigration","+ 91  183 2589944","Sant Avenue G T Rd, Amritsar - 143001"
"Rohan Gopal Suvidhaa Service","+ 91  9872327397","Suvidhaa Sewa Kendra, Amritsar - 143001, 188 Shivala Coloney88ward No 45"
"sony service center","+ 91  9801244884","Amritsar - 143001"
"Chadha Housing & Capital Servi...","+ 91  183 2542143","Amritsar - 143001, Inside Ghee Mandi"
"B R Mobile Service","+ 91  9888912155","Amritsar,, Lawarence Road, Amritsar - 143001"
"Sai Services","+ 91  183 5060123",""
"B Chatter Singh Jiwan Singh","+ 91  183 5011003","Amritsar - 143001, Near Golden Temple, Bazar Maifewan"
"R K Financial Services","+ 91  183 2224111","No.199, Queens Road, Amritsar - 143001"
"Mochi The Shoe Shoppe","+ 91  183 2221917",""
"Kishan Diesel Services","+ 91  183 2553829","3, Guru Nanak Market, Hide Market, Hide Market Amritsar, Amritsar - 143001"
"Joginder Singh Auto Goods Service","+ 91  8283010185","Gali No.2, Saheed Udham Singh Nagar, Plot No.19, Amritsar - 143001, O/S Chatiwind Gate"
"Ruby the womens world","+ 91  183 2542679",""
"Maharaja Financial Service","+ 91  183 2212913","B-2, Queen Rd, Amritsar - 143001"
"Pinder travel service","+ 91  9779160381","Shop no :44, Amritsar - 143001, Majitha road"
"b.r Mobile Services","+ 91  9855033422","shop no 2, new market, Lawrence Road, Amritsar - 143001, opp icici bank"
"Guru Kirpa School Auto & Van S...","+ 91  9988177896","Plot No-55-56, St No-2, Amritsar - 143001, Nr Cipet Hostel, Vikas Ngr, Khandwala"
"Noor Food Point Tiffin Service...","","Amritsar - 143001"
"Premier Gas Service","+ 91  183 2503577","Shop No.20, A Block,, Ranjit Avenue Market, AMRITSAR - 143001, Shop No.20, A Block,"
"Around The World Tours And Tra...","+ 91  183 5018840","Laxmansar, Amritsar, Amritsar - 143001"
"Trendz The Boutique","+ 91  9646015656","Main Road, Amritsar - 143001"
"Bali Euro Services","",""
"Computer Age Management Servic...","+ 91  183 3257404","378, Majitha Cplx, 1st Flr, M M Malviya Rd, Amritsar - 143001"
"Ajay Taxi Service","+ 91  9988457857","Near Post Office, Gt Road, Amritsar - 143001, Chheharta"
"Guru Nank JCB & Crane Service","+ 91  9464659615",""
"Cwc Immigration Solutions","+ 91  183 2504466","Sco-112, 2nd Floor, Amritsar - 143001, Near Old Passport Office, Near ICICI Bank"
"Ricky School Van Service","+ 91  9888374120","H. No. 66-C, Snt Mishra Singh Colony, Amritsar - 143001, Tarn Taran Road"
"Globe Transport Service","+ 91  183 2556787",""
"Hotel Le Golden The Glass A Mu...","+ 91  183 5068000","Gollden Temple Clock Tower Extn, Bazaar MAI Sewan, Amritsar Kutchery, Amritsar - 143001"
"Saffron Financial Services","+ 91  183 2502200","Amritsar - 143001, Dsc Ranjit Avenue"
"Sandeep Gas Service","+ 91  183 2546927",""
"Satguru Service Station","+ 91  9872043562","Ram Tirath Road, Amritsar, Amritsar - 143001, Near- Office Colony"
"Sandeep Agro Service","+ 91  9876188714","Amritsar - 143001"
"Concepts The Interior Shop","+ 91  183 2402198",""
"Amritsar Gas Service","+ 91  183 2400440","Dilawari Street, Putligarh, Amritsar - 143002, Putlighar"
"Vishal Courier Service","+ 91  9888310727","Shop No 8, Haripura Road, Amritsar - 143001, Jawala Estate"
"Dr Sashi B Nayyar (Nayyar Hear...","+ 91  183 2210051",""
"Nishat Bus Service","+ 91  183 2543305","Amritsar - 143002, Front Office Below Sagar Hotel, Outside Hall Gate"
"SAI Kirpa Van Service","+ 91  9855183218","Plot No.42, Vishal Vihar, Banke Bihari Gali, Amritsar - 143001, Batala Road"
"Kevin Immigration To Innovation","+ 91  9876908202",""
"Singh Transport Service","+ 91  183 6530233","Shop No-5 Nr Guru Ram Das dental college, Amritsar Bus Stand, Amritsar - 143001, Opposite maqboolpura police station"
"Srs Security Services","+ 91  9988011819","2nd Floor, Singh Complx, Near Post Office, Amritsar - 143001, Chowk Hussainpura"
"Ghm Immigration Consultants","+ 91  183 5005101",""
"Habile Outsource Business S...","+ 91  9780786544","755/7, Gali Teliya Wali, Amritsar - 143006, Near Namak Mandi"
"Express Financial Services","+ 91  183 5005044","5-Dasondha Singh Road, Lawerence Extensionamirtsar, Amritsar - 143001"
"Air Wings Immigration","+ 91  183 5013444",""
"Orient Exchange And Financi...","+ 91  183 2402950","Shop No 74,Lower Ground Floor, Railway Link Road, Amritsar - 143001, Near Liberty Market"
"Travel Net Services","+ 91  183 5066698","393/III/6 Katra Ahluwallian Bazaar Bikanerian, Amritsar - 143001"
"M/S Brown & Block Electronic","+ 91  183 2521847",""
"Shri Durga Publicity Service","+ 91  9872773792","Number 2743/478, Amritsar - 143001, Opposite Amar Jyoti School Near Sadar Thana"
"For Home Services To Kill Pest...","+ 91  9417833414","Lawrence Road, Amritsar - 143001"
"Star Educational Services","+ 91  8283820296",""
"Noc Immigration Pvt Ltd","+ 91  183 5056563","Sco 36 & 53 B Block Ranjit Avenue, Amritsar - 143001, Near Balle Bowl Restaurant"
"Bagga Healthcare Services","+ 91  183 2212721","Bagichi Kesho Ram, Near Bata Showroom, Chowk Putlighar, Amritsar - 143001"
"Jatinder Mobile Services","+ 91  9814459544",""
"Life Link Ambulance And Hea...","+ 91  9888877730","Amritsar - 143001, Near Fortis Hospital"
"Express Immigration","+ 91  9815258826","Opposite Ram Mandir, Amritsar - 143001"
"Shri Krishna Services Centre","+ 91  9646227310",""
"Bhai Chanda Singh Taxi Serv...","+ 91  9872204494","Shop Number 115, Chowk Malkabut, Golden Temple, Amritsar - 143006, Opposite Dharma Singh Market"
"Crew services","+ 91  8820000088","Shop no. 15, Batala Road, Amritsar - 143001, Opposite RANDHAWA HOTEL"
"B.Pritam Singh And Sons","+ 91  9815008800",""
"Edge Overseas Educational S...","+ 91  183 2223743","243, Maqbool Road, Basant Avenue, Amritsar - 143001, Opposite Sukh Sagar Hospital"
"Venture Together Travel Services","+ 91  8146570908","44, Majitha Road, Amritsar - 143001, New Green Field"
"R S Engineering Services","+ 91  183 5019752",""
"Namdhari Crane Services","+ 91  9815141102","G T Road, Amritsar - 143002, Near Maharaja Jassa Singh Ramgarhia Butt & 100 Ft"
"Hotel The Great","+ 91  183 2558100","136, Amritsar - 143001, Goal Bagh Opposite Railway Station"
"B Pritam Singh & Sons","+ 91  9356016060",""
"Swift Sales Service","+ 91  183 2229736","Queens Road, Amritsar - 143001, Opposite Hotel Suncity Tower Near Railway Station"
"MFH the hub of international b...","+ 91  9878586786","5, Taylor road, Amritsar - 143001, The mall"
"Ravi B Mahajan","+ 91  9872617569",""
"Scholar Destiny Education S...","+ 91  183 6555503","108 Second Floor, Ranjit Avenue, Amritsar - 143001, Near Passport Office"
"Saini computer service","+ 91  9814273855","1 st floor, 17/4, Kennedy avenue, Amritsar - 143001"
"Golden Star Security Services ...","+ 91  183 5002367",""
"Public Ambulance Services","+ 91  8054232604","Rani Ka Bagh, Amritsar - 143001, Near Kachhari Chowk"
"Golden Rent A Cab Service","+ 91  9815576750","Shop No 5,goal bagh, Raillway station road, Amritsar - 143001, Opp.goal bagh railway station"
"Goodwill Immigration","+ 91  9814778926",""
"Advance Services","+ 91  183 2520841","Number 2665/16, Inside Gate Bhagtanwala, Amritsar - 143001, Near Doctor Maya Ram"
"SANDHU SUVUDHA SERVICE","+ 91  183 5010688","Shop no :4805, GT ROAD, Amritsar - 143001, OPPOSITE CITY ROOTS"
"Vibgyor Education, The Engl...","+ 91  183 2562922","R.B.K.C. Tower, Opp. St. Francis School, Amritsar - 143001, Mcleod Road, Rani Ka Bagh"
"Oberoi Telecom Services","+ 91  183 2270711",""
"Gurjeet PG Services","+ 91  9988776166","Kohti No 18 A, Mall Road, Amritsar - 143001, Tagore Colony, Near Girl High School"
"sunny driver service","+ 91  9501557113","Amritsar - 143001"
"Global Immigration Consulta...","+ 91  183 5015277",""
"PAGE 3 The glam gallery","+ 91  183 5096900","Crystal chowk, MM MALVIYA road, Amritsar - 143001, Near crystal restaurant"
"Ashoka Rescue Air Ambulance...","+ 91  8826171818",""
"B Jawahar Singh & Co.","+ 91  183 2503287","Amritsar - 143001, Jallianwala Bagh"
"Roshni Immigration & Education...","+ 91  183 2560926","Super Plaza, Cooper Road,, Amritsar - 143001, Cristal Chowk Toward Bridge Left Side."
"Z Security Services Regd","+ 91  9815577778",""
"Punjab Agro Service","+ 91  9872028113","Amritsar - 143001"
"Bms mobile service","+ 91  9569356584","narula building, Mall Road, Amritsar - 143001, Near style check"
"Deepstar security services","+ 91  7814414146",""
"Walia Motors & Service Station","+ 91  183 5091451","Chowk Gagan Cinema, Batala Road, Amritsar - 143001"
"Quality Services","+ 91  183 2213575","119,2nd Flr,Super Plaza, Cooper Rd, Amritsar - 143001, Opp Hotel Air Lines"
"Pazzaz The Beauty Salon","+ 91  9781708803","D-560, Ranjit Avenue, Amritsar - 143001"
"Bahra Forex Services","+ 91  183 4629140","Amritsar - 143001, Jyoti Cottage"
"Ascend Global Travel & Oversea...","+ 91  183 5098372","4th Floor Eminent Mall,Kennedy Avenue, Mall Road, Amritsar - 143001, Near New Passport Office"
"M P Pest Control Services","+ 91  9814172670","Shop Number 3499 Bahadur Nagar, Sultanwind Road, Sultanwind, Amritsar - 143006, Near Baniya Kriyana Store"
"Hk Service Centre","+ 91  183 6522646","268, East Mohan Nagar, Amritsar - 143001"
"Saini Computer Services","+ 91  183 5009034","17/4 Kennedy Avenue, Amritsar - 143001"
"Punjab Secure Security Serv...","+ 91  9814745112","A 31 Jawahar Nagar, Gali Singh Electrical, Amritsar - 143001"
"Shabajpuri Security Services","+ 91  8054619119","Ekta Nagar, Amritsar - 143001, Near Mata Mandir"
"Shubham Stock Broking Services...","+ 91  183 2225340","M, M Road, Amristar, Amritsar - 143001, Near Adarsh Cinemam"
"Krishna Security Service Regd","+ 91  9876705211","Sandhu Colonel, Cheta Saab Road, Amritsar - 143002"
"Excel Services","+ 91  183 2521070","Mm Malviya Road, Amritsar - 143001"
"VISION IMMIGRATION & EDUCATION...","+ 91  183 5065348","102,Sunrise Plaza, Crystal Chownk ,Cooper Road, Amritsar - 143001, Near Nokia Care"
"Guru Kashi Security Service...","+ 91  9478777570","Talwandi Sabo, Maur Road, Amritsar - 143002, Near Bus Stand"
"Right Way Immigration","+ 91  9569137200","Amritsar - 143001, Ranjit Avenue"
"NOOR THE LADIES STORE","+ 91  9888339217","Shop no 9, Pink plaza, Pink Plaza Market, Amritsar - 143001, Near chohan Stamps"
"Dtdc International & Domest...","+ 91  183 5061093","Gurdware Wali Gali, Majitha Road,, Amritsar - 143002, Bhawani Nagar, Opp Handa Jewellers,"
"B N Overseas Education Service","+ 91  183 2452093","Jal Road, Amritsar - 143001"
"Rajvans Gas Service","+ 91  183 2573121","Katra Sher Singh, Amritsar, Amritsar Road, Katra Sher Singh, Amritsar - 143006"
"Khalsa Highways Bus Service","+ 91  9814064235","Amritsar - 143002, Gurnam Nagar"
"Ravi The Little World","+ 91  183 5067069","Amritsar - 143001, Chowk Amrit Cinema,Near Katra Jaimal Singh"
"Public Service Station","+ 91  183 2292155","B/S Gagan Cinema, Asr, Amritsar - 143001"
"Lifeline Medicare Services","+ 91  9814298322","Sco-1,2, 1st Floor, Amritsar - 143002, Majitha Road"
"Jyoti television repair & serv...","+ 91  9914024512","Shop no :23, Tilak nagar, Amritsar - 143001, Shivala mandir"
"Desh Bhagat Gas Service","+ 91  183 2229237","Bara Makan, Islamabad, Amritsar - 143001"
"I Care Pest Control Service...","+ 91  9988000446","Shop Number 77, Amritsar - 143002, Near Bus Stand"
"Impetus Financial Services","+ 91  183 2211492","23 Mohindra Colony,, Amritsar - 143001"
"G TECH ELECTRICAL SERVICES","+ 91  183 2554495","65-66 Pink Plaza, Pink Plaza Market, Amritsar - 143001, NEAR ANIL STORE"
"King Groups Security Servic...","+ 91  183 2220108","2nd Floor, Batala Road, Amritsar - 143006, Above Punsup Gas Servicenear Miglani Hospital"
"Royal Credit Services","+ 91  183 5017583","Cooper Road, Amritsar - 143001"
"S & S Financial Services","+ 91  183 2532183","56, Pink Plaza, Amritsar - 143001, Outside Hall Gate"
"Deepstar Housekeeping Services","+ 91  8528361461","House Number 427, Number 2 Doctor Het Ram Colony Naraingarh, Chheharta, Amritsar - 143105, Near Krishna Mandir"
"Shri Anand Financial Services","+ 91  183 6571105","Amritsar - 143001, Ranjit Avenue"
"Regal Insurance Brokers And Ri...","+ 91  183 5098329","4, 3rd Floor, Central Mall, Mall Road, Amritsar - 143001, Above Khurana Jewellers"
"B2X","+ 91  183 5099299","Sco No 29, National Shopping Complex, Amritsar - 143001, Hide Market"
"City Financial & Placement Ser...","+ 91  9814073809","Lawrence Road, Amritsar - 143001"
"Ambica Registration Service","+ 91  183 2545252","51, Amritsar - 143006, Inside Bazar, Ram Bagh Chowk, Near Mandir Radha Krishan"
"Ahd COMMUNICATIOn","+ 91  183 5012999","1st FLOOR, Main bazar, Amritsar - 143001, Bhai Ghanaian market"
"Shah Consultant & Management S...","+ 91  9888329415","Amritsar - 143001, Rani Ka Bagh"
"Welcome Consultancy Job Placem...","+ 91  9878450160","2nd Flr, Lawrence Road, Amritsar - 143001, Durga Ice Cream"
"The British Library & Immigrat...","+ 91  8872890000","Sco 123/124,Nr Vishal Mega Mart, B Block, Amritsar - 143002, Near V"
"Faridabad Crane Service","+ 91  9810660406","Santokhpura, Byepass Opp. Indl. Ess, Amritsar - 143001"
"Mannu Hills The Shoe Shop","+ 91  9780258183","Shop no 2, D.A.V College, Amritsar - 143001, Katra sher singh"
"British Counselling & Educatio...","+ 91  183 2504426","Sco 33, Shopping Cplx, Amritsar - 143001"
"S Kumar Goods Service","+ 91  183 2529147","Amritsar - 143001, Bazar Churberi"
"British Counselling & Educatio...","",""
"B. Jawahar Singh Kirpa Singh &...","+ 91  9316985040","Jallianwala Road, Amritsar - 143001"
"British Wood Art","+ 91  183 2212361",""
"Ravi The Family Wear Shop (Ol...","+ 91  9216576516","Amritsar - 143001, Katra Jaimal Singh, Chowk Amrit Cinema"
"British House Language School ...","+ 91  183 5015105",""
"VERY BEST SERVICES","+ 91  9914096975","G TOWER, LINK ROAD, MEERANKOT AND MANOR ESTATE, CAMBRIDGE SCHOOL ROAD, Amritsar - 143001, NEAR CANARA BANK"
"British English School Of Teac...","+ 91  183 2212105",""
"naresh cycle service","+ 91  9888227102","shop no : 4, Amritsar - 143001, near canal bank"
"British Institute","+ 91  9780501810",""
"Diesel Parts Services","+ 91  183 2221962","21, Garden Colony, R.B.Duni Chand Road, Amritsar - 143001, jamun Wali Sarak"
"British & American Language","+ 91  183 5090592",""
"perfect services","+ 91  183 5014447","Amritsar - 143001"
"British Paints","+ 91  9915024902",""
"Thindz The Mobile Shop","+ 91  9888536751","Shop no. 68, Railway link road, Amritsar - 143001, Walia market"
"British Language Academy","+ 91  9888103466",""
"Bali Euro Service","+ 91  183 2273852","16, Shiv Nagar,, Batala Road, P.o, Amritsar - 143001, Box No.8 (Gpo),"
"S S S S Immigration Services","+ 91  183 5018295",""
"San-B Studio Pvt Ltd.","+ 91  7814931399","plot no. 337 Shastri Nagar Lawrence Road, Shastri Nagar, Amritsar - 143001, Near Humble Hotel,"
"Charms Education & Immigration...","+ 91  183 5095585","Sco 26, First Floor, District Shopping Centre, Amritsar - 143001, Ranjit Avenue, Block B"
"Jalandhar Diesel Services","+ 91  183 2542216","41, G T Road, Amritsar Bus Stand, Amritsar - 143001, Hide Market"
"SSSS Immigration Services","+ 91  183 5832451","Building Number-33-A,Shop Number-2, Rani Ka Bagh, Amritsar - 143001, Near Archies Gallery"
"Guru nanak diesel service","+ 91  9815482137","37, Hide market, Amritsar Bus Stand, Amritsar - 143001, No, petrol pump"
"Winner Immigration Services","","Amritsar - 143001, Inside Bus Stand"
"Global Service","+ 91  9915851900","Amritsar Gpo, Amritsar, Hathi Gate Road, Amritsar - 143001"
"Royal Canadian Immigration Ser...","+ 91  9779190082","Amritsar - 143001"
"PARKASH HARDWARE STORE the har...","+ 91  9914058013","In side ram bagh bazar, Ram Bagh, Amritsar - 143001, Opp sunder mobile communication"
"Gulf Immigration Services","+ 91  8528945383","Sco-8, 3rd Floor, District Shopping Complex, B-Block, Ranjit Avenue, Amritsar - 143001"
"SUSHIL FINANCIAL SERVICES PVT....","+ 91  183 2553894","106,, HALL BAZAR, Hall Bazar, Amritsar - 143001, NEAR PARTAP SHOES"
"Overseas Education And Immigra...","+ 91  9779057776","Sco 42 Disst Shopp Cmplx, Amritsar - 143001, Nr Mk Hotel"
"HDB Financial Services","","533/1,1st Floor, Mahajan Refreshment House, Hall Bazar, Amritsar - 143001"
"ssss immigration services amri...","+ 91  183 8196980","280, ##, Amritsar - 143002, near alpha one mall"
"New Punjab Disel Service","+ 91  183 2541341","Shop No 75/3 New Punjab Diesel Sevice Atma, Gali 4, Amritsar - 143001"
"SSSS Immigration Services","+ 91  183 5010980","C/O 21st Century Academy, GT Road, Putligarh, Amritsar - 143002, Nr Harvinder Hospital"
"Fine Services","+ 91  183 2277320","F-7/311 Batala Road, Kashmir Avenue, Amritsar - 143001"
"Ambika International Man Po...","+ 91  183 5050916","Sco 88 First Floor, Ranjit Avenue, Amritsar - 143002, Backside Old Passport Office"
"First Teach Services","+ 91  183 5061244","178 Rajinder Nagar, Amritsar - 143001, Near Alpha One Mall"
"Mapple The Salon","+ 91  183 5051376","F7 Jsr Complex, Golden Avenue, Amritsar - 143001, Opposite Bhullar Hospital And Near Shri Guru Harkishan Public School"
"B Iqbal Tailors","+ 91  9888439373","Shop Number-9, Hall Bazar, Amritsar - 143001, Kairon Market,Near Ramada Hotels"
"Hob London The Unisex Salon","+ 91  183 5091010","Scf 2 Gill Complex, C Block Market, Ranjit Avenue, Amritsar - 143001"
"B. IQBAL TAILORS & DRAPERS","+ 91  183 2271327","Shop no 9, Kairon market, Amritsar - 143001, Near central bank of india"
"Bon Gateau The European Bakery","+ 91  183 5091111","Scf 27, C Block Market Ranjit Avenue, Amritsar - 143001, Near Royal Arms"
"Ravi Computer Services","+ 91  183 2507333","Shop Number 7, District Court Complex, Ajnala Road, Amritsar - 143001, Opposite District Court Gate Number 2"
"Sky High Immigration","+ 91  183 2422283","Shop Number 90 Deep Complex, Court Road, Amritsar - 143002, Near Doaba Auto"
"MAINI TELECOM THE MOBILE hut","+ 91  9780931204","HUSSIANPURA Chownk, Gt Road, Amritsar - 143001, NEAR BUS STANd"
"Ozone The Fitness World","+ 91  8968439958","Number 3, Police Lines, Lawrence Road, Amritsar - 143001, Near Dav Public School"
"Glossy Melbourne The Unisex salon","+ 91  8437959113","36, Lawrence Road, Amritsar - 143001, Above SBI ATM, Nai Sarak"
"B Gurmukh Singh & Sons","+ 91  183 2545454","Hall Bazar, Amritsar - 143001"
"Angel The World Of Beauty","+ 91  183 5089116","Pultighar, Amritsar, G T Road, Amritsar - 143001"
"S.S.S.S Security Services","+ 91  9888314362","shop no 36-37, Chaudhary Plaza, Gt Road, Amritsar - 143001, Opp Civil Hospital Rambagh"
"Tiffin Service -Uncle Tomatoes","+ 91  9815734014","Shivala Colony, Amritsar - 143001"
"One Stop Immigration Solutions","+ 91  183 5066680","Sco 44,Kabir Park Market, GT Road, Kabir Park Colony, Amritsar - 143002, Opposite GNDU"
"Keshav Art Service","+ 91  9779717884","main bazar, outside lohgarh gate, Amritsar - 143001, near Graduate gas Agency"
"H S Rental Services","+ 91  9417830325","Number 5 Government Colony, Maqbool Road, Amritsar - 143002, Near Sukh Sagar Hospital"
"Good Housekeeping & Secuirty S...","+ 91  9915880311","271/B 2 Nd Floor Gali No-8, Hussainpura, Amritsar - 143001, Near Amristar Public School"
"Capital Photo Service","+ 91  183 2543422","Shop Number 10 Hall Bazar, Amritsar - 143001, In Front Of Airtel Office 1km From Bus Stand"
"Service Repairing","+ 91  9417083105","West Lane No-2 H No-6, Hussainpura, Amritsar - 143001"
"Sheetal Again (The Boutique...","+ 91  183 2211403","39-A, Circular Road, Amritsar - 143001, Nr. Khetar Pal Hospital"
"Singh Taxi Service","+ 91  9465672002","Amritsar, shop no. 61, Amritsar - 143001, near golden temple,hotel sita niwas"
"star plus sales and services","+ 91  9815411154","shop no.7, shivala road, Shivala Colony, Amritsar - 143001, near railway crossing"
"Fly Dreams Immigration Consult...","+ 91  183 5002444","SCO 33, 2nd Floor District Shopping Complex, Amritsar - 143001, B-Block, Ranjit Avenue"
"Svs Global Immigration & Edu S...","+ 91  183 5007728","Amritsar - 143001"
"Golden TV Service Centre","+ 91  183 2558776","Shop Number- 1, Amritsar - 143001, B K Dutt Gate, Near Arun Rashmi Saini School"
"Tejpal immigration","+ 91  183 5007517","Sco-6 2nd floor, Distt shopping cimplex, Ranjit Avenue, Amritsar - 143001, Uppar la pizeria"
