"Name","Phone","Address"

"PACIFIC INSTITUTE OF EDUCATION","+ 91  183 5008894","PACIFIC TOWER, TARN TARAN ROAD, Amritsar - 143001, O/S MATA KAULAN HOSPITAL"
"United Sikh of Amritsar","+ 91  8566853630","S-3, Ground Floor, Amritsar Bus Stand, AMRITSAR - 143001, Opposite Sangam Cinema"
"Sachdeva Travels Amritsar","+ 91  9888732694","Opp. Sangam Cinema, Near Pingalwara, Amritsar Bus Stand, Amritsar - 143001, G.T. Road"
"Best print amritsar","+ 91  9815431034","hide market, indra palace, Amritsar - 143001, City Castle Hotel"
"Future Education Consultant","+ 91  183 5015038","Sco-6, 3rd Floor, 304, Ranjit Avenue, Distt. Shopping Complex, AMRITSAR - 143001"
"Vision Education Consultant","+ 91  7508629410","21-A, G T Road, Amritsar - 143001, Guru Teg Bahadur Nagar, Opposite Gndu"
"M/S Amritsar Traders","+ 91  183 2211164","House Number- 302, R B Parkash Chand Road, Amritsar - 143001, Opposite Dordershan Kendra"
"Amritsar Rexine Store","+ 91  183 2542106","House Number- 243, rexine store hazar chamre wala, Amritsar - 143001, Katra Kaniya Near Telephone Exchange, Chamda Bazar"
"MSB Immigration & Visa Services","+ 91  183 5057786","1st Floor, Durga Ice Cream, Lawrence Road, Amritsar - 143001"
"Hitek Infosys Computer Education","+ 91  183 2580503","Main Sultanwind Rd, Amritsar - 143001"
"Amritsar Car Rental","+ 91  9316492888","3, Deep Complex, 2nd Floor, Court Rd, Amritsar, Amritsar - 143001"
"Amritsar Fruit Agency","+ 91  9815034032","Stall No - 20, 21, 22, Mewa Mandi, Amritsar - 143001"
"Healthway Immigration Consulta...","+ 91  183 2505965","deep complex, Amritsar - 143001, Ranjit Avenue"
"astrologer in amritsar","+ 91  9876263101","Amritsar - 143001"
"SH Car Land - Second Hand (Use...","+ 91  9815360580","National Complex, Amritsar Bus Stand, Amritsar - 143001, Amritsar"
"Amritsar studio","+ 91  7508282970","Ranjinder nagar, Amritsar - 143001, Near school"
"MAHENDRA INSTITUTE AMRITSAR","+ 91  9646606160","2nd and 3rd Floor, 62, City Centre, GT Road (J.K.Orchid), Amritsar, Amritsar - 143001"
"Makhan Fish - Non Veg Restaura...","+ 91  9988275261","662, Old Jail Road, Basant Avenue, Amritsar - 143001, Trillium Mall"
"Hotel Amritsar Residency By Ce...","","G T Road, Amritsar - 143001, Opposite International Bus Terminal, Bamrah Service Station"
"Murria Immigration Consultant ...","+ 91  183 2227327","18, Cool Rd, Amritsar - 143001, Modern Clny,Nr BMC Chowk"
"NexGen Institute of Education ...","+ 91  9915533073","I/s Khazana gate, Khazana Gate, Amritsar - 143001, Opp.Punjab Gas service"
"Hotel Amritsar Inn","+ 91  8427202611","Main bazaar, Ram BAGH ROAD, Amritsar - 143001, OPP RAILWAY TAXI STAND"
"forever livining prouduct in a...","+ 91  9888171301","goal maszid sharifpura sho 22, Amritsar - 143001"
"amritsar hydraulics","+ 91  9193561329","Amritsar - 143001"
"Amritsar Escorts co","+ 91  9872495586","Amritsar - 143001"
"Gulf Immigration Services","+ 91  8528945383","Sco-8, 3rd Floor, District Shopping Complex, B-Block, Ranjit Avenue, Amritsar - 143001"
"Taxi Service Amritsar","+ 91  183 7889892","Amritsar - 143001"
"Amritsar Copreative Labour & C...","+ 91  183 2564764","plot no.29-A, Ahata Manga Road, Albert Road, Amritsar - 143001, Opposite Irrigation Department, Near Kundan Dhaba"
"Jobs in Amritsar","+ 91  8591928952","Rani Ka Bagh, Amritsar - 143001, Hp Petrol pump"
"Amritsar Golden Textiles","+ 91  183 2532484","240/4, Laj Patrai street,, Durgiana Mandir, Amritsar - 143001, opp. goql bagh"
"satkartar education solutions","+ 91  9815658811","Amritsar - 143001"
"Apprise Overseas Education Con...","+ 91  183 2702100","Amritsar - 143001, Jora Phatak Rd, Nr Bus Stand"
"Amritsar Textile Finishing Mil...","+ 91  183 2581836","Amritsar - 143001, Outside Ghee Mandi Gate"
"AMRITSAR GIFT HOUSE","+ 91  9815163911","19, Krishna Market, Amritsar - 143001, Near Golden Temple"
"Advance Educations","+ 91  183 6418191","1 Majitha Road, Amritsar - 143001, Opp ENT Hospital"
"Amritsar digital lab","+ 91  9888904143","GT Road, Amritsar - 143001, Opp Bus stand near SINGH SABH JANJ GHAR"
"Amritsar Pagri House","+ 91  183 2541826","Chowk phawara, Golden Temple, Amritsar - 143006, Opp.post office"
"B S Overseas Education Consultant","+ 91  183 2531495","Bldg No-100, Katra Sher Singh, Amritsar - 143006, Katra Sher Singh, Nr Post Office,Nr Dav College"
"Overseas Education And Immigra...","+ 91  9779057776","Sco 42 Disst Shopp Cmplx, Amritsar - 143001, Nr Mk Hotel"
"Amritsar School of Internet Ma...","+ 91  9592664555","SCO 88 III Floor, B Block Distt Shopping Complex, Ranjit Avenue, Amritsar - 143001, NR Hotel PR Residency"
"Amritsar Boot House","+ 91  183 2588249","Bazar MAI Sewan, AMRITSAR - 143006, Near Guru Bazar"
"Amritsar Woollen Mills","+ 91  183 2554881","1, Katra Sher Singh, Telephone Exchange Road,, Gandhi Bazar, Amritsar - 143006, Telephone Exchange Road,"
"M/S. Amritsar Ply Wood PVT LTD .","+ 91  183 2701599","Four Fieldsg.t.road(Jalandhar Wali), AMRITSAR - 143006, Bye Pass"
"Amritsar Carbelt House","","Katra Sher Singh, Katra Sher Singh, Amritsar - 143006"
"Amritsar Gift Centre","+ 91  183 2226692","151, New Clock Tower Market, Golden Temple, Amritsar - 143006, Opp. Shani Mandir"
"Amritsar Petrochem Pvt Ltd","","59,City Centre,1st Flr, Amritsar - 143001"
"World 1 Education","+ 91  183 2545566","68, Gf- City Center, G.t.road, Opp. Pingalwara, Amritsar - 143001"
"Healthway Immigration","+ 91  183 2530665","77 City Centre, Amritsar - 143001"
"Supreme Education & Immigratio...","+ 91  183 5030202","Sco-4, 3rd Floor, Distt. Shopping Complex, Ranjeet Avenue Block B, Amritsar - 143001"
"Amritsar Punjabi Jutti","+ 91  8559004200","Ram Building, Amritsar - 143001, Opposite Jallianwal Bagh"
"AMRITSAR PUNJABI JUTI","","Ram Building, Chowk fuwara, Golden Temple, Amritsar - 143006, Opp.jalianwala bagh"
"Heritage Walk Amritsar","+ 91  9988503458","Golden Temple, Amritsar - 143006, Town Hall, Near Gurudwara Talahi Sahib"
"AMRITSAR KULCHA POINT","+ 91  9988866194","plot No 8, Batala Road, Amritsar - 143001, near Celebration Mall"
"amritsar optical","+ 91  9878368848","shakti nagar chowk, Shakti Nagar, Amritsar - 143006, near spicy hut restaurant"
"Planet Education","","22, 1st Floor,, Ranjit Avenue, Amritsar - 143001, Above Citi Financial, District Shopping Centre, Ranjit Avenue, D-Block"
"Scholars Destiny Education Ser...","+ 91  183 6555502","108, 2nd Floor, Grd Tower, Ranjit Avenue, Amritsar - 143001, Near Passport Office"
"Australia & New Zealand Educat...","+ 91  9356065208","VENUE - Holiday Inn, Ranjit Avenue, Amritsar - 143001, District Shopping Centre"
"Mega Canada Education Fair 201...","01835095585","VENUE - Holiday Inn, Ranjit Avenue, Amritsar - 143001, District Shopping Centre"
"Canadian Education Fair 2016-A...","+ 91  9356065208","VENUE - Holiday Inn, Ranjit Avenue, Amritsar - 143001, District Shopping Centre"
"Mid Brain Activation in Amritsar","+ 91  9465637520","house no:d-288, Ranjit Avenue, Amritsar - 143001, near bus parking"
"Get Global Immigration","+ 91  8556911911","SCO 8 Aneja Tower, B Block, Ranjit Avenue, Amritsar - 143001, Near Akash Academy"
"Canadian SPP Colleges & Univer...","01835093010","VENUE - M K Hotel District Shopping Centre, Ranjit Avenue, Amritsar - 143001, Near Hotel holiday"
"Amritsar Tour And Travels","+ 91  8729092100","Majitha Road, Amritsar - 143001, Near Guru Nanak Hospital"
"Ghuman Guidance Today Immigration","+ 91  183 2551810","203, Amritsar - 143001"
"Winner Immigration Services","","Amritsar - 143001, Inside Bus Stand"
"Deep Immigration","+ 91  9781517802","Shop No.1619,, Gol Masjid,, Amritsar - 143001, Opp. Bus Stand,"
"Amritsar Engg Works","+ 91  183 2585229","G T Rd, Amritsar - 143001, Four Fields, Nr New Amritsar Colony"
"District Amritsar Business Ass...","+ 91  183 2541475","151, Amritsar - 143001, Idh Mkt"
"Education Planet","+ 91  9779151713","9, Ramsar Rd, Amritsar - 143001, Above Style Wear, Amritsar"
"Sood Education","+ 91  9988080275","427, Amritsar - 143001, Guru Nanak Ngr"
"Shashi Education Services","+ 91  183 6534528","4 Sf Imp Flats B Blk, Amritsar - 143001"
"Amritsar College","+ 91  183 5069527","GT Road, Amritsar - 143001, 12 Km Stone, Amritsar-Jalandhar,Near Jandiyal Toll TAX"
"Future Education Consultants","+ 91  183 5015038","SCO 6, 3RD Floor, 304 DSC, Amritsar - 143002, Ranjitavenue B-Block"
"Navrang Institute Of Computer ...","+ 91  183 5062632","Amritsar - 143001, Nr Kali Mata Mandir, Tunda Talab"
"Euro Immigration & Financial","+ 91  183 2255447","Majitha Rd, Amritsar - 143001, Opp Gnd Hospital"
"Indian Overseas Bank Empanelle...","+ 91  183 2540420","Mahajan Market,, Amritsar - 143001, Hall Bazaar"
"Columbus Intl Education Consul...","+ 91  9872978695","2nd Flr,Prime Tower, G T Rd, Amritsar - 143001"
"Amritsar Caterers","+ 91  183 2553080","Upper Ramesh Kulfis & Ice Cream Shop, Hall Bazar, AMRITSAR - 143001"
"Students Efficacious Education","+ 91  9217195744","407 B Blk, Ranjit Avenue, Amritsar - 143001"
"Super Shah Education & Immigra...","+ 91  9814058125","B-588, Amritsar - 143001, Ranjit Avenue, Nr Gurudwara Sahib"
"Amritsar Heartcentre","+ 91  183 2400567","255, Race Cource Rd, Amritsar - 143001, Basant Avenue"
"Amritsar Nursing Home","+ 91  183 2504334","Maqbool Rd, Amritsar - 143001"
"Chemiz Ins Of Education And Co...","+ 91  9815411206","Amritsar - 143001, 22 No Phatak"
"Skytrax Education And Immigrat...","+ 91  183 5020641","Nai Sadak, Lawrence Road, Amritsar - 143001, Above Oxford Book Shop"
"Amritsar Financial Service And...","+ 91  9915544464","Office No 2 Sharma Cmplx Ff, Amritsar - 143001"
"Royal Canadian Immigration Ser...","+ 91  9779190082","Amritsar - 143001"
"Amritsar Police Gas","+ 91  183 2402780","Azad Nagar, Amritsar - 143001, Police Lines"
"OCA Education PVT LTD","+ 91  183 5079050","Sco-4,2nd Flr, Amritsar - 143001, Blk-B,Ranjit Avenue"
"Amritsar Surgical","+ 91  183 2542799","Karan Building, 1st Floor, Amritsar - 143001, Near Kulfiwala"
"Amritsar Taxi Booking","+ 91  183 2221408","Amritsar - 143001, Near Durgiana Temple, Hathi Gate, Corporation Market"
"Itct Education Computer","+ 91  9855660976","Batala Road, Amritsar - 143001, Nr State Bk Of India"
"Sunrise Visa Immigration","+ 91  183 2589944","Sant Avenue G T Rd, Amritsar - 143001"
"Amritsar Electro Care","+ 91  9217895693","30 A Ff A Block Mkt, Ranjit Avenue, Amritsar - 143001"
"Gulmohar Education HUB","+ 91  183 2555252","Sco-76 B/S Sangam Cinema, Bus-Stand, Amritsar - 143001, Amritsar"
"New Amritsar Ornaments House","+ 91  183 2547093","Amritsar - 143001, Guru Bzr"
"Amritsar Marble House","+ 91  183 2220446","Shop No-10, Basant Avenue, Amritsar - 143001"
"Lotus Immigration & Financial ...","+ 91  183 5062157","Scf-3, A Block Market, Ranjit Avenue, Amritsar - 143001"
"Gulmohar Education HUB","+ 91  183 5094923","A-Block Market, Amritsar - 143001, Court"
"Community Care Center For Peop...","+ 91  183 2572401","Majitha Road Amritsar, Amritsar - 143001, Near De-Addiction Centre,"
"Amritsar Computer Hut","+ 91  183 5053909","Showroom 4 5 Lawrance Plaza, Lawrence Road, Amritsar - 143001, Nr Pizza Hut"
"Deep Overseas Education","+ 91  183 2223353","226, Gyani Chay Wala, Amritsar - 143001, Crysteral Chowk."
"Amritsar Woollen Mills","+ 91  183 2554973","1, Katra Sher Singh, Telephone Exchange Road, Amiritsar, AMRITSAR - 143001, Amritsar"
"Iclt Education","+ 91  8146666266","62-63, Amritsar - 143002, Green Avenue, Opposite Shahzada Nand College"
"Sudarshan Weaving Factory Amri...","+ 91  183 2556936","Chowkbabaphowriwala, Amristar, Amritsar - 143001"
"D K Mktg Amritsar H O","+ 91  9356002714","Amritsar - 143001"
"Canara Bank, Amritsar, Punjab","+ 91  183 2222020","Tarn Taran Amritsar-, Amritsar - 143001"
"Royal Travels & Education","+ 91  183 1243175","Taran Taran Rd, Amritsar - 143001, Gurdain Clny Patti"
"Canara Bank, Amritsar, Punjab","+ 91  183 2222049","Rayya Mandi Amritsar- 143 112, Amritsar - 143001"
"SR Sec School Amritsar","+ 91  183 2490666","Taran Road Kot Mit Singh,, Amristar, Amritsar - 143001"
"Amritsar Pulp & Board Mills PV...","+ 91  183 2503666","Jagdev Kalan Road, Gumtala,, Amristar, Amritsar - 143001"
"Amritsar Bottling Co","+ 91  183 2258530","G T Rd, Amritsar - 143001, Chheharta,P O Rayon & Silk Mills"
"Kailash Co Education School","+ 91  183 2225078","Kailash Co Education School, Azad Nagar, Azad Nagar, Amritsar - 143001"
"Amritsar Ivory Works","+ 91  183 2508820","501, Amritsar - 143001, Maqbool Rd"
"K Tech Computer Education","+ 91  183 5051866","Shop No.8-9, Grover Mkt., AMRITSAR - 143001, Amritsar"
"Kevin Immigration To Innovation","+ 91  9876908202","Ghee Mandi Gate ,Amritsar, Amritsar - 143001"
"Amritsar interiors","+ 91  9988829737","12 Tailor Rd, Amritsar - 143001"
"Bengal To Amritsar Tour & Travel","+ 91  9357682320","K D Plaza, Chowk Mahan Singh Gate, Amritsar, Amritsar - 143001"
"Amritsar Jewellers","+ 91  183 2558605","Guru Bazar, AMRITSAR - 143001"
"Air Wings Immigration","+ 91  183 5013444","72-73, Hotel Marry Gold, Amritsar, Railway Link Road, AMRITSAR - 143001"
"Amritsar Insurance Institute","+ 91  9814702582","C/O. National Insurance Co. Ltd ., D-26,, Court Road, Amritsar, Amritsar - 143001"
"Amritsar Enterprises & Passpor...","+ 91  9915142066","Basement Of. Sco 109, Shop No- 3- B, Adjoining Passport Office, Ranjit Avenue, B Black, Amritsar, Amritsar - 143001"
"Ghm Immigration Consultants","+ 91  183 5005101","Sco 6, 3rd Floor, Dsc Ranjit Avenue, Amritsar Kutchery, Amritsar - 143001"
"Icfai Business School Amritsar","+ 91  9888010151","Amritsar - 143001"
"Amritsar Caterer","+ 91  183 2581358","B/2a, East Mohan Nagar,Near Gupta Bakery, Amritsar - 143001"
"Positive Network Amritsar (DIC)","+ 91  183 2570686","C/O Community Care Center, Red Cross Building, Amritsar , Inside Guru Nanak DEV"
"Amritsar Sewa Kendramarket","+ 91  9815699451","50, Infront Of SBI Bank, Amritsar - 143002, Main Road"
"Amritsar Fertilizer Agency","+ 91  8872989993","65, Infront Of Honda Soroom, Amritsar - 143002, Main Road"
"Bright Industries.Amritsar","+ 91  9814053702","Amritsar - 143 006, Punjab, Amritsar - 143002"
"Amritsar Punjabi Dhaba","+ 91  7355980475","Plot No-17, Gali No-3, Guru Nanak Colony, tarn taran road, Amritsar - 143002, Nr. Purani Chungi"
"Excel Education & Consultancy","+ 91  183 5012109","2nd Floor, G T Road, Amritsar - 143002, Madan General Store, Opposite Railway Station"
"Amritsar Motors","+ 91  9815191372","Shop No-22, Amritsar - 143002, Near-Graduate Gas Service, Lohgarh Gate"
"Amritsar Broiler House","+ 91  9815338686","Amritsar - 143002, Bakkar Mandi, Khazana Gate, Near-Chabhal Road"
"Amritsar Cycle Works","+ 91  183 2224756","Shop Number- 27, Railway Road, Amritsar - 143002"
"Amritsar Fish Centre","+ 91  183 5062292","Inside Hall Gate, Amritsar - 143002, Fish Market"
"Amritsar Property Linkers, Pro...","+ 91  183 2502220","Sco-105, Distt. Shopping Complex, Near Passport Office, Amritsar - 143002, Above L.G. Showroom,Ranjit Avenue"
"Amritsar Plywood Emporium","+ 91  9876029422","pieel mandi, Amritsar - 143002"
"Ess Education Pty Ltd","+ 91  8054145110","Majitha Road, Amritsar - 143002, Kwality Sweets"
"Elite Immigration Consultants ...","+ 91  9023284463","Amritsar - 143002"
"Dove Education Services","+ 91  183 3018104","K K Towers, Sco 31 , District Shopping Complex, Amritsar - 143002, B Block , Ranjit Avenue"
"SSSS Immigration Services","+ 91  183 5010980","C/O 21st Century Academy, GT Road, Putligarh, Amritsar - 143002, Nr Harvinder Hospital"
"KARATE AMRITSAR","+ 91  183 2102206","SCO-1019/12, MAIN ROAD, Amritsar - 143002, ISLAMABAD"
"Amritsar Model School","+ 91  9814357585","Shaheed Udham Singh Nagar, Gali No.3,, Amritsar - 143001, Near Bhai Khaniya GurudwaraSultanwind Road"
"Amritsar Weighing Eqiupments","+ 91  9814475554","Booth no-94,95, Kabir Park Colony, Amritsar - 143002, Opp Gndu Amritsar"
"Amritsar Property Consultants","+ 91  9876592391","Fatehgarh Churian Road, Amritsar - 143001, Adda Nangli,Near Thakur Ji Enclave"
"SCHOLARS WAY IMMIGRATIONS","+ 91  9779345533","Sco 69 kabir park market, Amritsar - 143001, opp GNDU"
"Scholars Way Immigration Consu...","+ 91  183 225433","Sco 69, Guru Nanak DEV University, Amritsar - 143005, Kabir Park Market"
"Enrich Education & Training So...","+ 91  7696005014","sco 61, kabir park market, Kabir Park Colony, Amritsar - 143002, opp GNDU university"
"Canreach Immigration Consultin...","+ 91  183 5015233","Batala Road, Amritsar - 143001"
"CICT Computer Education","+ 91  183 5005711","Batala Road, Amritsar - 143001, Near SBI Bank"
"ENRICH EDUCATION & TRAINNING S...","+ 91  183 5061313","SCF 61 Kabir park market, Amritsar - 143001, opp GNDU UNIVERSTY"
"Amritsar home tutors for Physi...","+ 91  7307006732","kabir park, Amritsar - 143002"
"Elite Immigration Consultant","+ 91  183 2255222","SCF -43, 1st FLOOR,, KABIR PARK MARKET, Amritsar - 143001, OPP. G.N.D.U"
"NAVADA TOUR AND TRAVEL &IMMIGR...","+ 91  183 5013873","Sco 34, Kabir park, Amritsar - 143002, Opp gndu"
"Amritsar Handicraft","+ 91  9855588196","148, Rajinder Nagar, Amritsar - 143001, Backside Alpha Mall, Dalit Avanue"
"Caravan Packers N Movers Amritsar","+ 91  183 2552875","Caravan Packers N Movers, Kesri Bagh, Gandhi Bazar, Amritsar - 143006, Near Improvement Trust Office"
"Amritsar Gift House","+ 91  183 2549885","19, Gandhi Bazar, Amritsar - 143006, Krishna Market, Chowk Fawara"
"The Amritsar Tea Company","+ 91  183 2548713","2, Shree Durga Market, Bikanerian Bazar,, Katra Sher Singh, Amritsar - 143006, Katra Ahluwalia"
"The Amritsar Co-Op L/C Society...","+ 91  9814051307","57, Pionk Plaza, O/S Hall Gate, Amritsar - 143006"
"Amritsar Medicine Centre","+ 91  9217595356","shop no 2084/12, main bazar, Amritsar - 143006, Gali Kucha Dai Khana"
"Amritsar Shawl Traders & Mfrs","+ 91  183 2552089","Gandhi Bazar, Amritsar - 143006, Nr J K Bank,Swaran Complex"
"Computer repair in amritsar","+ 91  9464230007","shop no:62, main, Shakti Nagar, Amritsar - 143006, opp obc bank"
"Amritsar City Tour","+ 91  183 5016633","Shop Number 2, Gali Sita Ram, Katra Ahluwalia, Amritsar - 143006, Near Jalebi Wala Chowk, Sai Baba Market"
"Tect Computer Education","+ 91  9417855630","1425, Chowk Jai Singh, Opp. Street Salamat Singh, Moni Chowk, Amritsar - 143006, Inside Gilwali Gate"
"Aiwwa Group Of Education","+ 91  9517600945","C-271, First Floor, Shivala Colony, Amritsar - 143001, Bus Stand , East Hassan Pur, Near Amritsar Public School"
"Amritsar Public School","+ 91  183 5054465","Amritsar - 143001, Near New Bridge, Before Alpha Mall, Focal Point"
"Arora infotech computer educat...","+ 91  183 2258611","khandwala chownk, Gt Road, Amritsar - 143001, khandwala chownk"
"Amritsar Bathinda Transport Co...","+ 91  183 2551834","60, Gt Road, Amritsar - 143001, City Centre"
"Empire Machinery Corporation, ...","+ 91  8447569073","Amritsar, Panjab, Amritsar - 143001"
"Sonyog Enterprises, Amritsar","+ 91  7696662303","34 Industrial Focal Point, Mehta Road, Sultant Wind Gate, Amritsar - 143006"
"I-Tech India Computer Education","+ 91  9417032695","Shop No.2646, Amritsar - 143002, Oppostie Mahajan Hall,Tehsil Pura"
"Raj Group Of Education","+ 91  183 5050921","Sco-8, 3rd Floor, Ranjit Avenue, Amritsar - 143002, B-Block"
"Amritsar Pet World","+ 91  183 5050329","house-84,plot num-1guru nanak avenue, Sher Shah Suri Road, Chheharta, Amritsar - 143105, bhalla colony"
"Anuradha Professional Educatio...","+ 91  183 5002004","849, E-4, St. No. 4, Jawahar Nagar, Main Bazar Chhehartta,, Chheharta, Amritsar - 143105"
"Sam Tours & Travels Amritsar","+ 91  9888589875","7, G T Road, Chheharta, Amritsar - 143105, Near Ocm, Milap Nagar"
"shri sai travels amritsar","+ 91  9780377601","wahga border road, gt, Naraingarh, Amritsar - 143105, near india gate"
"Mata Charan Kaur Para Medical ...","+ 91  183 5060698","Mata Charan Kaur Para Medical Edu. Society Paraksh Market, Guru Gobind Singh Nagar, Majitha Road, Am, Majitha, Amritsar - 143601"
"Amritsar Kheti Store","+ 91  9464180656","Thadey Road, Majitha, Amritsar - 143601"
"Alliens Education","+ 91  9872938861","Majitha, Amritsar - 143601, Opposite Civil Hospital"
"New Futech Computet Education","+ 91  9814524048","609, 27 Feet Road, Majitha, Amritsar - 143601, Green Field Avenue"
"Amritsar Optical Center","+ 91  9855593867","Tarsikka, Amritsar - 143116, Main Bazar"
"Studentway Education Pvt Ltd","+ 91  8968483157","above bank of indian,tehsil garhshankar,anandpur sahib road, Distt Hoshiarpur,144527, Khadur Sahib, Amritsar - 143117, Anand Pur Near Bank Of India Garhshankar"
"i can... IMMIGRATION Solutions","+ 91  1859 222222",""
"Amritsar Central Co Operative ...","+ 91  9876567400","Rajatal Amritsar, Rajdhan, Amritsar - 143114"
"new tech group of educations,","+ 91  9815157225","old lic building, gt road, Rayya, Amritsar - 143112, near post office and punjab & sind bank"
"Amritsar Kheti Store","+ 91  9855748244","Rayya, Amritsar - 143112"
"Eeurotech Overseas Education C...","+ 91  9888440886","Rayya, Amritsar - 143112"
"S K Education","+ 91  9646270000","Sco-40-41,2nd Floor, Patiala - 147001, Opposite Cooperative Bank"
"Kingsway Immigration & Oversea...","+ 91  172 5003357","Sco-80-81-82 First Floor, Chandigarh - 160020, Sec 34 A"
"Bharat Computers And Education...","+ 91  1859 5014720","Khalsa College, Amritsar - 143001, Opp Daily Needs"
"Superior Education","+ 91  183 5008849","33/34, Fourth Floor, Deep Complex, Court Road, AMRITSAR - 143002, Opposite Doaba Automobiles"
"Easy Immigration Consultants","+ 91  9646958787","62-A 1st Lour Doctor Complex, AMRITSAR - 143002, Amritsar"
"Rightway Immigration","+ 91  8591688555","Sco-32 4th Flour Disst Shoping Complex, AMRITSAR - 143002, Amritsar"
"Amritsar Associates","+ 91  9915944266","19, Deep Complex,, Amritsar - 143002, Opp- Doaba Automobiles"
"Amritsar Internet Data Card Se...","+ 91  8283805013","Amritsar, Amritsar, Amritsar - 143002, Amritsar"
"GURU KIRPA EDUCATION","+ 91  183 5056109","35,, Deep Complex, AMRITSAR - 143002, Opp Doaba Automobile"
"Divine Education Consultant","+ 91  183 5006971","Guru Har RAI Avenue, Gt Road,, Amritsar - 143002, Opposite Khalsa Collage & Near Sportking Showroom"
"Ints Group of Education","+ 91  183 5006596","Preet Vihar, AIRPORT ROAD, Gumtala, Amritsar - 143008, NR JANTA HOSPITAL"
"Society Of Education, Environm...","+ 91  183 2555714","131, G T Road, Pratapnagar, Amritsar - 143006, Opp Main Gurudwara"
"AMRITSAR HOME APPLIANCES","+ 91  9356521311","main bazar, thandi khuhi, Amritsar - 143002, near main chownk"
"Abacus Overseas Education Advi...","+ 91  183 5011220","Sco 32, 1st floor, Ranjit Avenue, Ranjit Avenue, Amritsar - 143002, Pal plaza"
"Amritsar Jassi Travel","+ 91  9888920121","Court Khalsa, 10, Kabir Park Colony, Amritsar - 143002"
"Amritsar Auto Spares","+ 91  183 2401000","66-67, Railway Road, Amritsar - 143002, Opposite Railway Station"
"Melbourne Migration & Educatio...","+ 91  9876119554","Golden Square,, Dehli Chd Highway, Zirakpur, Amritsar - 143002, Near Metro Cash And Carry, Adjoining Rishi Appartments"
"Nagi shohrat & party amritsar ...","+ 91  9356032970","New market, Back side children ward, Amritsar - 143002, Majitha road"
"kamboj education","+ 91  9876478113","new shaheed udam singh nagar, house 3, Amritsar - 143002, tarantaran road"
"Amritsar OET College","+ 91  183 2225416","D-14/447 Guru Arjan Dev Nagar, Opp Ganga Building, Amritsar - 143002, P.o. Khalsa College"
"AMRITSAR RADIATOR","+ 91  9914106854","SHOP NO, GOAL BAGH, Amritsar - 143002, Near Pullporian"
"VISQM Immigration","+ 91  9888855220","Airport Rd,Gumtala By Pass, Amritsar - 143001"
"Singh Immigration","+ 91  183 2226222","Opp. Khalsa College, Near Reebok Showroom, G.t.road, AMRITSAR - 143001"
"Global Education","+ 91  183 2587412","opp. Khalsa College, Gt road amritsar, Amritsar - 143001, opp. khalsa college"
"world4ugroup amritsar","+ 91  183 5062020","nanak building, lawrence road, Lawrence Road, Amritsar - 143001, amritsar"
"AMRITSAR OIL TRADER","+ 91  183 2543483","shop no 3768/7, main bazar, Amritsar - 143006, near HDFC Bank, Dhab Wasti Ram"
"Khalsa College Amritsar","+ 91  183 2258097","Amritsar - 143002"
"Amritsar Communications","+ 91  9915720000","Amritsar - 143002"
"Sidana Institute Of Education","+ 91  9988461002","13, Khiala Khurd Near Ram Tirth, Amritsar - 143002"
"Mohan LAL Memorial Institute O...","+ 91  9815516403","12, Near Verka, Amritsar - 143002, Batala Road Amritsar"
"Acupressure Amritsar","+ 91  9357331020","Partap Nagar Amritsar 9888926276 Partap Nagar Amritsar, Amritsar - 143002"
"State Bank Of India Clearing C...","+ 91  183 2540404","Clearing CPC, Amritsar - 143002"
"Perfect IT Solutions, Amritsar","+ 91  9915017900","Bagh Ramanad Near Golden Templ, Amritsar - 143002"
"Amritsar tractor parts","+ 91  9872106986","Sh no. 89 b, Kabari market, Amritsar - 143001, G. T road"
"Amritsar telecom","+ 91  9855856018","Golden avenue, GT road, Amritsar - 143001, Near petrol punp"
"International Education System","+ 91  183 5061444","42, Dsc Ranjit Avenue, Amritsar - 143001"
"Amritsar Plywood Palace","+ 91  9888894543","Amritsar - 143001, Opposite Punjab & Sind Bank, Chowk Islamabad"
"Amritsar plywood place","+ 91  183 5010780","chownk islamabad, Amritsar - 143001, opp punjab & sind bank"
"Canara Bank, Amritsar, Punjab","+ 91  183 2268990","Bhure Kohna Amritsar-143 419, Amritsar - 143001"
"Studywell Education Pvt Ltd","+ 91  183 5019795","Sector-21 B, Amritsar - 143001, Near Shopping Complex, Ranjit Avenue"
"Amritsar Power Centre","+ 91  9872297557","Shop no 2, Near golden cloth market, Sultant Wind Gate, Amritsar - 143006, Nr Balmiki Mandir"
"Dolphin Immigration Consultant","+ 91  183 5008850","House No 2016/14, 2nd Floor, Putligarh, Amritsar - 143002, Above SBI Bank"
"Amritsar Sarvice Station","+ 91  183 2565497","HPCL Dealer, Gt Rd, Amritsar - 143001, Opp Chief Khalsa Diwani"
"Amritsar Commodity Mart","+ 91  183 2523285","luxaman, Amritsar - 143001, Dhab Wasti Ram, Near Kucha Dayal, Chowk Laxmansar"
"Navigator Visa Immigration","+ 91  183 5064196","Preet Tower, Amritsar - 143001, Near Navpreet Hospital Putlighar"
"Amritsar cold drinks","+ 91  9501026802","Trillium mall, Amritsar - 143001"
"Amritsar handloom house","+ 91  9915013689","Shop no 5-A, Sandhu market, Sultant Wind Gate, Amritsar - 143006, Near power house"
"Amritsar Transporter","+ 91  183 3224115","PLOT 94, Transport Nagar, Amritsar - 143001, Opp Pataka Market"
"AMRITSAR PHOTO STUDIO","+ 91  9463826696","Judge Nagar, Main Bazaar, Amritsar - 143001, Near Gurudwara Judge Nagar"
"Amritsar Wire Industries","+ 91  183 2393569","Near Old Octroi Post, Sultanwind Road, Sultanwind, Amritsar - 143021, Amritsar"
"Rattan Institute of Education","+ 91  9815024920","Sultanwind, Amritsar - 143021, Jodh Nagar, Nr Chungi Mandir"
"S V Education Centre","+ 91  9855527560","Guru ram dass avenue, Amritsar - 143002, Opp.22 no phatak"
"Khaira education Pvt Ltd","+ 91  183 5063159","Nagpal towers, MAIN ROAD, Ranjeet Avenue Block B, Amritsar - 143001, MK HOTEL"
"Amritsar Yellow Plate Taxi Ser...","+ 91  183 5053045","Sco35,IIIrd Floor Court Road, Deep Complex, Amritsar - 143001, Opposite HDFC Bank"
"Amritsar Electrician","+ 91  9814140019","1138 EAST GOBIND NAGAR, Sultanwind Road, Ajit Nagar, Amritsar - 143001, OPPOSITE MANDIR WALA BAZAR"
"Aarti International Amritsar","+ 91  183 5065024","337, East Mohan Nagar,, Amritsar - 143001"
"Amritsar Vikas Manch","+ 91  183 2582323","253 Ajit Nagar, Amritsar-Punjab India, Ajit Nagar, Amritsar - 143001"
"Dare Education Group","+ 91  183 5008250","10, Amritsar - 143001, Khalsa College Avenue"
"Amritsar Haldi Sales Corporation","+ 91  9417510352","Batala Road, Amritsar - 143001"
"Amritsar Pharmaceuticals Labs","+ 91  183 3099434","Naraingarh, Chheharta, Amritsar Cantt, Amritsar - 143001"
"Baba Deep Singh Computer Educa...","+ 91  9592087751","Shop No- 13, Amritsar - 143001, Near Water Tank , Attari"
"TALENTEDGE AMRITSAR EDICATION ...","+ 91  183 5011002","338, Ajit nagar, Amritsar - 143001, Opp.bsnl exchange"
"Taxi Service Amritsar","+ 91  9855028504","Aman Motors, Khalsa College, Amritsar - 143001, Opposite Khalsa Senior Secondary School"
"Swift Educations","+ 91  1859 5030598","2nd Floor, Sher Gill Market, Khalsa College, Amritsar - 143001, Near Ganga Building"
"Nutrition World, Amritsar","+ 91  9915099822","Amritsar, Panjab, Amritsar - 143001"
"R. S. Electricals, Amritsar","+ 91  9815237613","Amritsar, Panjab, Amritsar - 143001"
"Alpha Exports, Amritsar","+ 91  9417057275","Amritsar, Panjab, Amritsar - 143001"
"Computer Education Development...","","Amritsar - 143001"
"Karra World Wide Immigration C...","+ 91  183 4612212","Amritsar - 143001, Nr. Bus Stand"
"Dhruv International Amritsar","+ 91  183 3124164","G. T. Road, Amritsar - 143001, Opposite O. C. M. Chheharta,"
"Right Way Immigration","+ 91  9569137200","Amritsar - 143001, Ranjit Avenue"
"Smartway Immigration Consultant","+ 91  9417066504","Amritsar - 143001, Nr. Friend Cinema"
"Wide Education Board","+ 91  9417984118","Amritsar Gpo,Amritsar, Amritsar - 143001"
"Commercial Office Space Amrits...","+ 91  9996113456","Amritsar, Amritsar - 143001"
"Achiever Point Immigration Con...","+ 91  9855114042","Gill Complex, Gali Janta Place Wali, Amritsar - 143001, Taran Taran"
"Amritsar Cold Drinks","+ 91  9872998519","52, Old Jail Road, Amritsar - 143001"
"Sgs Education & Visa Consultant","+ 91  9888570202","G T Road, Amritsar - 143001, Near PNB Bank Rayya"
"Shree Amritsar Sword","+ 91  9779710797","149, Amritsar - 143001, Chattiwind Gate, Baba Deep Singh Ji Colony"
"B N Overseas Education Service","+ 91  183 2452093","Jal Road, Amritsar - 143001"
"Amritsar Gaming Zone","+ 91  9814110007","95, Mall Road, Amritsar - 143001, Opposite Ig Border Range Residence"
"Amritsar Haldi Sales Corp","+ 91  183 2578200","Gali Bankey Bihari,Batala Rd, Amritsar - 143001"
"Bbs Overseas Education","+ 91  183 2222232","2nd Flor Lawrence Road, Amritsar - 143001"
"Deep Enterprises, Amritsar","+ 91  9988111275","Amritsar, Panjab, Amritsar - 143001"
"Amritsar provisional store","+ 91  9872618117","Shop no 297, Fatehgarh Churian Road, Amritsar - 143001, Near Akash avenue"
"Danish Immigration Consultants","+ 91  183 5014005","Shop No 88-89 Kabir Market, Opp HDFC Bank, Amritsar - 143001, Near King Palace"
"Bachpans Education & Consultancy","+ 91  183 5014861","Mm Malviya Road, Amritsar - 143001"
"Apex Education Group","+ 91  183 2213899","208, Amritsar - 143001, Opposite Khalsa College, Mohni Park"
"Malik Seeds, Amritsar","+ 91  9815687861","Amritsar, Panjab, Amritsar - 143001"
"Trendz, Amritsar","+ 91  9814530300","Amritsar, Panjab, Amritsar - 143001"
"Luthra Industries Amritsar","+ 91  183 2571198","132, Gopal Nagar,, Amritsar - 143001"
"Teriot Auto & Electricals Priv...","+ 91  183 2581057","221, East Mohan Nagar,, Amritsar - 143001"
"amritsar electronic shop","+ 91  7765063007","Amritsar - 143001"
"Amritsar Motor Store","+ 91  183 2541046","Amritsar - 143001, Sheranwala Gate"
"Education Visa Consultants","+ 91  183 5067592","Amritsar - 143001, Thana Sadar"
"Amritsar Aluminium House","+ 91  9817151289","Chk Hussianpura, Amritsar - 143001"
"Jaro Education","+ 91  9920902440","No.99,, 5th Block, Ajnala, Amritsar - 143102, Koramangala Industrial Area"
"Amritsar Clinic And Nursing","+ 91  183 2572848","Gurdwara Lane , , ,200*A ,Gali No.5, ,Gurdwara Lane ,Majitha Road ,Amritsar-,"
"Amritsar Centeral Co Op Bank Ltd","+ 91  183 2750031","Branch Wadala Viram ,Vill.p.o.wadala, Viram ,Via Majitha Distt.amritsar, , ,Wadala Viram-"
"On Locale Regional Office Amri...","+ 91  183 2550505","Town Hall , , ,Town Hall ,Town Hall, ,Amritsar ,Amritsar-143001,"
"Amritsar Hospital Ltd","+ 91  183 2263927","Verka Majitha Bye Pass ,New Building, ,Amritsar. ,-,"
"Gurdaspur Amritsar Kshetriya G...","+ 91  183 2382069","Gramin Vikas Bank,B/O Mode G.t.road, ,Near Bus Stand ,V & P.o Attari Teh &, , Distt ,Amritsar-"
"amritsar Car Care","+ 91  9876801994","Shop number 18, taylor road, Amritsar - 143001, Opposite Aanaam Cinema"
"Health Way Immigration","+ 91  9888888125","Court Road, Amritsar - 143001"
"Cic Immigration","+ 91  8872634791","Court Road, Amritsar - 143001"
"Amritsar motors","+ 91  7508111204","Court road, Amritsar - 143001, Rialto chowk, church"
"Amritsar Builders","+ 91  183 5069907","House No-10, Radha Swami Road, Amritsar - 143001"
"Amritsar Tour & Travel","+ 91  9815845150","Albert Road, Near Railway Station & Kundan Dhaba, AMRITSAR - 143001"
"English Dot Com Education Serv...","+ 91  183 4094378","Ho Sco-26,Distt Shopping Cplx, Amritsar - 143001, B Blk,Ranjit Avenue"
"New Amritsar Furniture","+ 91  183 2226124","Shop Number-173, Cooper Road, Amritsar Bus Stand, Amritsar - 143001, bhandari brij"
"SAI Immigration","+ 91  7508983007","Amritsar - 143001"
"Amritsar Motors Pvt. Ltd.","+ 91  183 3106750","B-306, Ranjit Vihar,, Loharka Road, Amritsar - 143001"
"Amritsar Computer Care","+ 91  9463247501","104, 1st Floor, Amritsar - 143001, Chowdhary Plaza, Hide Market, Gt Road"
"Amritsar Computer Care","+ 91  9464750065","Amritsar - 143001, Hide Mkt."
"Goodwill Immigration","+ 91  9814778926","Amritsar - 143001, Ranjit Avenue"
"Amritsar Health Club","+ 91  9988423109","L6/872, Gali No 2, Amritsar - 143001, Shaheed Udham Singh Nagar, Tt Road"
"Amritsar Timber Store","+ 91  9872249191","Cheel Mandi, Amritsar - 143001"
"Amritsar Dental Lab","+ 91  183 2211954","The Mall Barkats Singh Marke, Amritsar - 143001"
"Amritsar /Tarntaran District D...","+ 91  9417247974","No 759 (Gf) Housefed Complex, Amritsar - 143001"
"Amritsar Education Society And...","+ 91  183 2507622","72 Sector 4 Amritsar, Amritsar - 143001"
"Amritsar Sweets","+ 91  9855292856","Near Tungan Wali Puli, Majitha Road, Amritsar - 143001"
"Express Immigration","+ 91  9815258826","Opposite Ram Mandir, Amritsar - 143001"
"Travel Agent In Amritsar","+ 91  183 2530847","Shop No 27 Pandit Din Diyal Upadhiaya Complex, Amritsar - 143001"
"Amritsar Haldi Sales Corp.","+ 91  183 3092430","Gali Bankey Behari, Batala Road,,, Amritsar - 143001"
"Book Cab In Amritsar","+ 91  183 5007187","Opp Railway Station Amritsar Opp Canal Office Albert Road Amritsar, Amritsar - 143001"
"Amritsar Medicine Center","+ 91  183 2548892","Schme No. 2, Katra Sher Singh, Amritsar - 143001"
"Amritsar Public School","+ 91  183 2588000","Canal Road, Amritsar,, Amritsar - 143001"
"SpringAhead Education Pvt Ltd","+ 91  183 5096464","7/3, Rani Ka Bagh, Amritsar - 143001, Near SBI, Adjoining HP Petrol Pump"
"NFCI Education Pvt Ltd","+ 91  9888011222","33a, 2nd Floor, Rani Ka Bagh, Amritsar - 143001, Near Nirankari Bhawan"
"AMRITSAR OVERSEAS EDUCATION CO...","+ 91  183 9814797331","156 PRITAM NAGAR, 100FEET ROAD, Amritsar - 143001, NEAR DEEP BAKERY"
"Amritsar Commerce Education","+ 91  9815193154","2 old jail road, Care of Arora gift and greet, Amritsar - 143001, Ranjit avenue"
"Amritsar Musical Academy","+ 91  9888399871","Amritsar - 143001"
"AR Travels Amritsar","+ 91  9888302117","Amritsar - 143001"
"NEC INSTITUTE OF MULTIPURPOSE ...","+ 91  183 2554135","Amritsar - 143001"
"Amritsar Central Coop Bank LTD","+ 91  183 2508765","D-68, Amritsar - 143001, Ranjeet Avenue"
"E-Tech Computer Education","+ 91  183 5008813","1st Floor, Sunny Market, Mcleod Road, Rani Ka Bagh, Amritsar - 143001, Near Radical & Out Side Rani Ka Bagh"
"Amritsar Time Centre","+ 91  9872595935","Hall Bazar, Amritsar - 143001"
"gsas repair amritsar","+ 91  9781595981","shop 2, rayato cinema, qreens road(kot road), railway station, Amritsar - 143001, Samrat Hotel"
"Indian Overseas Bank - New Amr...","+ 91  183 2580330","Scf No. S44,, New Amritsar Market., AMRITSAR - 143001"
"Global Education Solutiions","+ 91  9888877900","2nd Floor,Singh Complex, Nr. Post Office, Amritsar Bus Stand, Amritsar - 143001, Hussainpura Chowk"
"AMRITSAR AUTO DEALER","+ 91  9815722305","shop no 59, hukam singh road, Amritsar - 143001, opposite Company Bagh, Near Petrol Pump"
"Kuldeep Travels Amritsar","+ 91  183 5008600","H.No-45,Gali No 12, Saheed Udham singh Colony, khajane wala gate, Golden Temple, Amritsar - 143006"
"Amritsar - Isw","+ 91  9888282155","Amritsar - 143001, Sco 34, B Block,Ranjit Avenue"
"Dav College Of Education","+ 91  183 2541564","O/S Beri Gate, Amritsar - 143001"
"Surya College Of Education","+ 91  9815257867","Hussainpura, Amritsar - 143001, Near Shiwala Railway Fatak"
"Spectrum World Of Education","+ 91  9779412766","129 madhuban estate, konsa bag Ram Tirath Road, Amritsar - 143001, Opp. D. T. O Office"
"Fly Dreams Immigration Consult...","+ 91  183 5002444","SCO 33, 2nd Floor District Shopping Complex, Amritsar - 143001, B-Block, Ranjit Avenue"
"Global migration & education s...","+ 91  183 2508020","Sco-6 2nd floor, B block market distt,shopping complex, Ranjit Avenue, Amritsar - 143001, Ranjit avenue"
"Svs Global Immigration & Edu S...","+ 91  183 5007728","Amritsar - 143001"
"Bnoc education board","+ 91  183 5006444","Sco - 6 2nd floor, Distt. Shopping complex b block ranjit avenue, Amritsar - 143001, Near oxl"
"Tejpal immigration","+ 91  183 5007517","Sco-6 2nd floor, Distt shopping cimplex, Ranjit Avenue, Amritsar - 143001, Uppar la pizeria"
"Kats immigration","+ 91  9988603928","Sco 6,forth floor,b-block, District shopping complex,ranjit avenue, Amritsar - 143001, Near punjab kesri office"
"Eves Immigration Consultants","+ 91  8054616204","62/A Doctor Complex, Majitha Road, Amritsar - 143001, Opp. Madan Hospital"
"Ramiit Technologies Institute ...","+ 91  183 5057651","Sandhu Colony, B-Block, G.t.road, Chheharta,, Chheharta Railway Station, Amritsar - 143105, Near Ocm Mill,"
"KHAIRA IMMIGRATION","+ 91  9872285159","SCO 122, 2nd Floor, B-Block, Amritsar - 143001, Vishal Mega Mart"
"Amritsar digital color lab","+ 91  9780119123","G.T. Rd bus stand, Amritsar - 143001, Opp. Bus stand"
"Amritsar Engg Works East Mohan...","+ 91  183 2230524","21, Mohan Nagar, Amritsar - 143006, Goka Ka Bagh,East"
"New Amritsar Ornaments House","+ 91  183 2547093","Amiritsar, Amritsar - 143006"
"Amritsar Time Centre","+ 91  9876198988","Hall Bazar, Gandhi Bazar, Amritsar - 143006, Opp Electric Centre"
"Amritsar Food","+ 91  9872985201","Shukar Chak Road Near Verka Octroi Verka, Amritsar - 143001"
"Tulec Computer Education","+ 91  183 2212346","Lawrence Road, Amritsar,, Amritsar - 143001"
"Amritsar Glass House","+ 91  183 5063965","Amritsar - 143001, Town Hall"
"Amritsar Medicine Centre","+ 91  183 2543679","2084/12, Gali Kucha Dai Khana, Amritsar - 143001, Katra Sher Singh"
"Amritsar Commercial Press","+ 91  9988099498","Amritsar - 143001, Near Indusind Bank,Majith Mandi"
"Travcare Education System","+ 91  183 5011595","Amritsar - 143001, B/S Gagan Cinema"
"Amritsar Care","+ 91  7355633836","C/O. Master Mind Computer Institute, Daim Ganj, Main Road, Amritsar - 143001, Near Petrol Pump, Opp. Qilla"
"Amritsar Engg. Works","+ 91  183 4069898","Plot No. 71-72,, G.T. Road, Amritsar - 143001"
"Amritsar Engineering Works","+ 91  183 2581524","21, 100 Feet Road, AMRITSAR - 143001, Near Mata Kaulan Hospital, Gokal Ka Bagh"
"Amritsar Motor Agency","+ 91  9417020308","Pink Plaza Market, G T Road, Amritsar - 143001"
"Deep International, Amritsar","+ 91  9814182564","Golden Temple, Guru Ram, Amritsar - 143006"
"Ascend Global Travel & Oversea...","+ 91  183 5098372","4th Floor Eminent Mall,Kennedy Avenue, Mall Road, Amritsar - 143001, Near New Passport Office"
"Amritsar fertilizer agency","+ 91  9815191493","Shop no.51, Hide market, Amritsar - 143001, Opp. Bhandari bridge"
"Aims Global Education","+ 91  183 2542355","Hide Market, Amritsar - 143001, Nr Tourist Guest House"
"Amritsar Marketing","+ 91  183 2545832","2nd Floor, Kundan Plaza, Amritsar - 143001, Hall Bazar, Above Andharh Bank, Near Airtel Office"
"World 4u Overseas Education & ...","+ 91  183 5062020","1st Floor, Nanak Building, Opp. Nehru Shopping Complex, Lawrence Road, Amritsar, Lawrence Road, Amritsar - 143001"
"CITY TRAVEL AMRITSAR","+ 91  183 5059007","shop no 69, 2nd floor, nehru shopping complex, Lawrence Road, Amritsar - 143001, Nr chaupati restaurant"
"Tgcl Abroad Education","+ 91  183 5007772","shop no 42, 2ND Floor, nehru shopping complex, Lawrence Road, Amritsar - 143001, near chaupati res"
"Amritsar pet shop","+ 91  9888294318","Sh no 4 b guru teg bhadur hospital, Ram Bagh, Amritsar - 143001"
"amritsar shutter industries","+ 91  9815018264","katra sher singh, Katra Sher Singh, Amritsar - 143006, near dav college"
"Bright Star Institute of Educa...","+ 91  183 2484845","Tarn Taran Road, Chatiwind, Amritsar - 143022, Near Bajwa Gas Service"
"GEHNA AMRITSAR - A House Of Fa...","+ 91  9988221148","C/O Fancy Tent House, Lawrence Road, Lawrence Road, Amritsar - 143001, Opposite Ritu Wears"
"SSSS Immigration Services","+ 91  183 5832451","Building Number-33-A,Shop Number-2, Rani Ka Bagh, Amritsar - 143001, Near Archies Gallery"
"Dav College Of Education","+ 91  183 2258415","Dav College Of Education, Amritsar, Amritsar - 143001"
"AMRITSAR PESTICIDES","+ 91  9803550002","27-28, MAIN ROAD, Ram Bagh, Amritsar - 143001, OPP. SHREE RAMA KRISHNA MARBLES"
"Amritsar mobile centre","+ 91  9988426420","Hall bazar, Opp mobile hub, Hall Bazar, Amritsar - 143001"
"AMRITSAR STEEL EMPORIUM","+ 91  183 5008518","O/S Ram Bagh, Ram Bagh, Amritsar - 143001, Near nandan cinema"
"ISO Certification Amritsar Punjab","+ 91  9872086041","T-13/1433, I/S Hathi Gate, Hathi Gate, Amritsar - 143001, Quality Assessment Bureau"
"Amritsar Novelty Store","+ 91  9256196462","Hall Bazar, Amritsar, Amritsar Road, Amritsar - 143001, Opp. Novelty Shoes"
"Amritsar Mobile Centre","+ 91  9872177770","Pultighar, Amritsar, G T Road, Amritsar - 143001"
"International School of Design...","+ 91  9988863388","33a/1,Ground floor, Rani Ka Bagh, Amritsar - 143001, Next to Archies galery"
"Amritsar Gas Service","+ 91  183 2400440","Dilawari Street, Putligarh, Amritsar - 143002, Putlighar"
"Kabir Park- Amritsar HDFC Bank...","+ 91  9356688710","Main Road, Kabir Park Colony, Amritsar - 143002, Opp Guru Nanak DEV University"
"Amritsar Public School","+ 91  183 2238001","G T Rd, Amritsar - 143001"
"ACET- Amritsar College Of Engi...","+ 91  9501033881","12km Stone Nh3, Grand Trunk Road Mehar Banpur, Manawala, Amritsar - 143109"
"Well wishers Amritsar Tourist ...","+ 91  9814180754","Amritsar - 143002"
"A.D.C .(G)Amritsar.","+ 91  183 2226363","Amritsar,, Amritsar - 143002"
"Amritsar HDFC Bank Ltd","+ 91  183 3018603","Main Road, Amritsar - 143002, Nr Police Line"
"The British Library & Immigrat...","+ 91  8872890000","Sco 123/124,Nr Vishal Mega Mart, B Block, Amritsar - 143002, Near V"
"Vmm Education","+ 91  183 2222923","3, 991487487, Amritsar - 143001"
"Amritsar Sewa Samiti","+ 91  183 2531048","Sewa Samiti Pharmacy Building, Durgiana Road, Amritsar - 143001, Opp Andh Vidhyala"
"Amritsar Electronic House","+ 91  9779922009","9-10, M M Malviya Road, Amritsar - 143001, near art gallery"
"Amritsar Airport Cabs","+ 91  9988370123","Sco-32, Deep Complex, Coourt Road, Amritsar - 143001, Opposite Dwaba Automobile"
"Amritsar Taxi Stand tour & Travel","+ 91  9988314811","Shop Number-3, Goal bagh, Amritsar - 143001, Opp.railway station"
"Global Computers Amritsar","+ 91  9216350546","Amritsar - 143001"
"Amritsar Furniture","+ 91  183 2552489","2638/V-16, Amritsar Bus Stand, AMRITSAR - 143001, Uttam Garh , Bazar Baba Bhori Wala"
"Anand College Of Education For...","+ 91  183 2744301","Batala Road, Amritsar - 143001"
"Manappuram Finance, Lowrance R...","+ 91  183 3222520","Flat No. 104, Ist Floor, S.s. Colour Lab Building, Lowrance Road, Lawrence Road, Amritsar - 143001, Opp. Nehru Shopping Complex"
"Amritsar College Of Engineerin...","+ 91  183 5069532","12 Km. Stone, G.t.road, Amritsar - 143001, Amritsar - Jalandhar"
"Medway Education Consultant PV...","+ 91  183 5051900","47, Tilak Nagar, Amritsar - 143001, Near Shivala Mandir"
"Dr Shorey The Amritsar Clinica...","+ 91  183 2542979","Chowk Regent Cinema, Gandhi Bazar, Amritsar - 143006, Chowk Regent Cinema"
"Amritsar Hospital","+ 91  183 2702500","100 Feet Road, Amritsar Bus Stand, Amritsar - 143001, Near Sultanwind Road"
"Bank Of Baroda Amritsar Pratap...","+ 91  183 2584172","P No-1, G T Rd, Pratapnagar, Amritsar - 143006"
"VRINDAVAN GARDENS AMRITSAR","+ 91  183 6548182","SCO 1, VRINDAVAN ORCHARD, Amritsar - 143002, LOHARKA ROAD"
"EXPERT IMMIGRATION","+ 91  9216201616","ScF 22 2nd floor kabir park market, Amritsar - 143001, opp gndu universty"
"Acumen Capital Market (I) LTD ...","+ 91  183 3257448","Adjacent ICICI Bank, Rani Ka Bagh, Amritsar - 143001, Amirtsar"
"Amritsar Crown Cap","+ 91  183 2432527","14 Km Stone, G T Rd, Jandiala Guru, Amritsar - 143115"
"Amritsar Rice Mills","+ 91  183 2440161","Jandiala Guru, Amritsar - 143115, Manawala,District Amritsar"
"Amritsar Sewa Samiti Regd Homo...","+ 91  183 2534072","66/X-1 , , ,Inner Circular Road ,Beri, Gate , ,Amritsar-,"
"Amritsar Co Op Bank Ltd","+ 91  183 2592935","Central Jail Road ,Raja Sansi Road ,, ,Amritsar-,"
"Amritsar Transport Co.(P) Ltd.","+ 91  183 2532189","Amritsar Transport Co.(P) Ltd., Amritsar - 143001"
"IIJT Education Pvt Ltd","+ 91  183 2211188","Sco-21, Hemkunt Tower, District Shopping Complex, Ranjit Avenue, Amritsar - 143001"
"Amritsar Agra Transport Co.","+ 91  9888102343","123,Transport Nagar, Amritsar - 143002"
"AMRITSAR MOTORS","+ 91  9815782037","Amritsar Gpo, Amritsar, Court Rd, Amritsar - 143001, Opp Church"
"Amritsar Time Centre","+ 91  183 5006773","Hall Bazar,, Amritsar - 143001"
"Amritsar Tampo Union","+ 91  183 6535495","G T Road, Amritsar - 143001, Ram Bhlai Mini State Bank"
"Amritsar Air Lines","","Amritsar - 143001, M K International Hotel,Ranjit Avenue"
"Amritsar Sewa Samiti","+ 91  183 2564437","76, Shri Hari Bhawan, Kennedy Avenue, Amritsar - 143001"
"Bank Of Baroda Amritsar","+ 91  183 2291492","Amritsar - 143001, Town Hall"
"Messrs Amritsar Music House","+ 91  183 2546668","Pultighar, Amritsar, G T Road, Amritsar - 143001"
"Amritsar Music House","+ 91  183 2545668","Hall Bazar, Amritsar - 143001"
"amritsar Hardware Store","+ 91  183 2545216","shop No 94, Ram bag, Amritsar - 143001, near goll hathi chownk"
"THE AMRITSAR ELECTRICALS","+ 91  183 2543595","Goal HATTI chowk, Hall bazar, Hall Bazar, Amritsar - 143001, Near ramada hotel"
"Canam Group Amritsar","+ 91  183 3067525","Sco 109, 2nd Floor, District Shopping Complex,, Amritsar - 143001, Adjacent Passport Office"
"Amritsar Trading Co","+ 91  9653490970","Shop No-104, Amritsar Bus Stand, Amritsar - 143001, Idh Market, Near Bus Stand"
"Canara Bank, Amritsar, Punjab","+ 91  183 2275145","Sursingh (Bhikiwind) Amritsar-143 302, Amritsar - 143001"
"Amritsar Institute Of English ...","+ 91  9216225060","25 C4 Ff, Amritsar - 143001, Opp Karan Palace"
"Amritsar Bagh Associates","+ 91  183 5014374","374, Amritsar - 143001, East Mohan Ngr, Nr Gopta Bakery"
"ICI Computer Education In","+ 91  183 2450433","G.t. Road, Amritsar - 143001"
"Amritsar Club","+ 91  183 2401837","Ram Bagh Gardens Amritsar, Amiritsar, Amritsar - 143001"
"Amritsar College Of Engg & Tech","+ 91  183 2440675","Amritsar Jalandhar G T Rd, Amritsar - 143001, Mananwala"
"Universal Education Consultants","+ 91  183 2700681","24 Jawahar Ngr, Amritsar - 143001, Nr Industry Office"
"Amritsar Dog Kennel","+ 91  9530769306","Street No-2, Amritsar Bus Stand, Amritsar - 143001, Bus Stand, Opposite Sangam Cinema"
"Amritsar Property Linkers","+ 91  183 2502220","S.C.O. No-105, Distt. Shopping Complex, Ranjeet Avenue, Ranjit Avenue, Amritsar - 143001, Above LG Showroom, Near Passport Office"
"Bala Immigration Guidance Serv...","+ 91  9872212270","2929/2, Pakki Gali, Amritsar - 143001, Outside Mission Compound"
"Amritsar Hotel & Restaurant As...","+ 91  183 2229636","84 queen road amritsar, Amritsar - 143001, hotel suncity"
"Amritsar Swadeshi Textile Corp...","+ 91  183 2220782","Ram Tirath Road, Amritsar - 143001"
"Amritsar holiday Travels","+ 91  183 6845161","Anad Avenue, 101-c,old jail road,opp providend fund building Amritsar, Ranjit Avenue, Amritsar - 143001, Nr.gurdwara"
"Amritsar Aviation Club","+ 91  183 2214044","Post office Raja sahasi, (10 km ), Amritsar - 143001, INSIDE SHRI GURURAM DAS INTER NATIONAL AIRPORT"
"Amritsar Traders","+ 91  183 2272393","Main Batala Road, Amritsar - 143001, Near Navjot School,Krishna Sweets"
"New Amritsar Delhi Goods Carriers","+ 91  183 2557085","Amritsar Bus Stand, Amritsar - 143001, Near Punjab National Bank,Katra Jaimal Sing, Near ghee mandi"
"taxi service amritsar","+ 91  9855028504","Opp. Khalsa Public School, GT Road, Near. Khalsa College Amritsar, Punjab, Putligarh, Amritsar - 143002"
"Amritsar Tour Guides","+ 91  8528497302","House No-63b, Model Town, Amritsar - 143002"
"Sri Guru Teg Bahadur College O...","+ 91  9888754601","Khankot, Amritsar - 143501"
"Amritsar College Of Engineerin...","+ 91  183 5069536","G.t. Road, Amritsar - 143001"
"Renault Amritsar","+ 91  183 3293909","Attri Bye Pass Road, Gt Road, Amritsar - 143001, Near Byepass Chowk, Dohuri, Daburchi"
"Government Medical College, Am...","+ 91  183 2421977","Circular Road, Amritsar, Punjab, Amritsar - 143001"
"State Bank Of India Karmon Deo...","+ 91  183 2294496","Amritsar - 143002"
"Ramada Amritsar","+ 91  8566831722","Ramada, goal hatti chowk, Amritsar - 143006, Amritsar"
"Worldwide Immigration Consulta...","+ 91  183 6616200","Sco-112,ICICI Bank Bldg, District Shopping Centre, M K Hotel Rd, Amritsar - 143001, Ranjit Avenue"
"State Bank Of India Gopal Naga...","+ 91  183 2570182","Majitha Road, Gopal Nagar, Amritsar - 143001"
"Khalsa College Of Education","+ 91  183 2258283","Amritsar - 143002"
"Hotel Victoria International","+ 91  183 2226172","4, Queens Road, Amritsar - 143001"
"Amritsar Printing Press","+ 91  183 2224520","31, Circular Road, Amritsar - 143001"
"Ferozpuria Turban Training Cen...","+ 91  9027400004","38-A, 100 FEET RD,, Amritsar - 143006"
"Sekhri Academy & Immigration Ltd.","+ 91  9569101112","Sco-37, 1st Floor, Dist. Shopping Complex, Block-B, Ranjit Avenue, Amritsar - 143001"
"Corporation Bank Amritsar","+ 91  183 2532284","LIC Of India,Jeevan Udyog Bldg, Amritsar - 143001, City Centre"
"State Bank Of India Tarn Taran...","+ 91  1859 278446","Fatehbad (Tarn Taran), Amritsar - 143407"
"Dav College Of Education","+ 91  183 2559648","Amritsar - 143001, Beri Gate"
"Amritsar Eye Hospital","+ 91  183 2256361","G N D U Shopping Complex, G T Road, Guru Nanak DEV University, Amritsar - 143005"
"Amritsar Public School","+ 91  183 2588001","Amritsar - 143002"
"Kids Cafe Amritsar","+ 91  183 5060505","109 & 110, First Floor, Nehru Shopping Complex, Lawrence Road, Lawrence Road, Amritsar - 143001, Novelty Chowk"
"Bank Of Baroda Amritsar","+ 91  183 2566417","40-A, Amritsar - 143001, Kennedy Avenue"
"Amritsar Placements","+ 91  183 5061919","1-2, Ashirwad Apartments. Ground Floor, Rani Ka Bagh, Amritsar - 143001, Adjoing State Bank Of India"
"Fortis Hescorts Hospital Amritsar","","Amritsar, Panjab, Amritsar - 143001"
"Amritsar Sewa Samiti Homoeopat...","+ 91  183 2534419","Khuh Suniarian 66/10-I ,H.o. Khoo, Suniarian ,Amritsar ,-,"
"Immigration Law Office","+ 91  9815210114","Amritsar - 143001, Ranjit Avenue"
"Time Travels Amritsar","+ 91  183 2400143","14, Kapoor Plaza, Queens Road, Amritsar - 143001"
"Amritsar Gun House","+ 91  9501091438","Amritsar Gpo, Amritsar, Court Road, Amritsar - 143001"
"Art of Living Amritsar","+ 91  9417022457","Dwarkadheesh Complex, Queens Road, Amritsar - 143001, Opposite Alexandra School"
"Amritsar HDFC Bank Ltd","+ 91  9316993563","Plot No 39, Amritsar - 143001, Main Bajar"
"Amritsar Kennel Club","+ 91  183 2222612","Dayanand Nagar-3, Lawrence Road,, Amritsar - 143001"
"Angel Broking - Amritsar Branch","+ 91  183 3987001","Shop No-5 Deep Complex,, Court Road, AMRITSAR - 143001, Opposite Doaba Automobiles,"
"Mohan LAL Memorial Institute O...","+ 91  183 5095636","Batala Rd, Amritsar - 143001, Vill Mudhal"
"Cwc Immigration Solutions","+ 91  183 2504466","Sco-112, 2nd Floor, Amritsar - 143001, Near Old Passport Office, Near ICICI Bank"
"Victoria Immigration & Education","+ 91  183 5098112","Scf-35, Amritsar - 143001, Kabir Park,Opposite Guru Nanak DEV University"
"All Blacks Immigration & Educa...","+ 91  8146541236","Ptk Bye Pass, Amritsar - 143001"
"Roshni Immigration & Education...","+ 91  183 2560926","Super Plaza, Cooper Road,, Amritsar - 143001, Cristal Chowk Toward Bridge Left Side."
"VISION IMMIGRATION & EDUCATION...","+ 91  183 5065348","102,Sunrise Plaza, Crystal Chownk ,Cooper Road, Amritsar - 143001, Near Nokia Care"
"ssss immigration services amri...","+ 91  183 8196980","280, ##, Amritsar - 143002, near alpha one mall"
"Angels Immigration & Education...","","SCO 68, Amritsar - 143002, City Centre Market"
"Ramada Amritsar","+ 91  183 5025555","Golden Temple, Amritsar - 143006, Ramada Hall Bazar"
"Sky High Immigration","+ 91  183 2422283","Shop Number 90 Deep Complex, Court Road, Amritsar - 143002, Near Doaba Auto"
"NIIT Amritsar Mall Road Centre","+ 91  183 2562301","Second Floor 38 The Mall, Amritsar - 143001"
"One Stop Immigration Solutions","+ 91  183 5066680","Sco 44,Kabir Park Market, GT Road, Kabir Park Colony, Amritsar - 143002, Opposite GNDU"
"Toris An Education Hub","+ 91  183 2228082","Opp. Uppal Hospital,, Rani Ka Bagh, Amritsar - 143001, Main Road, Near State Bank Of India,"
"Noc Immigration Pvt Ltd","+ 91  183 5056563","Sco 36 & 53 B Block Ranjit Avenue, Amritsar - 143001, Near Balle Bowl Restaurant"
"Scholar Destiny Education S...","+ 91  183 6555503","108 Second Floor, Ranjit Avenue, Amritsar - 143001, Near Passport Office"
"Amritsar Dental Clinic","+ 91  9815036035","53 - A, New Kangra Colony, Amritsar - 143001, Opposite Lord Krishna School"
"Vibgyor Education, The Engl...","+ 91  183 2562922","R.B.K.C. Tower, Opp. St. Francis School, Amritsar - 143001, Mcleod Road, Rani Ka Bagh"
"Amritsar Enviro Care System...","+ 91  9653470000","Pasricha Medicare Centre, Main Road, Haripura, Amritsar - 143006, Adjoining Gurudwara & Near Jwala Flour Mill Post Office"
"Global Immigration Consulta...","+ 91  183 5015277","Sco 6 Second Floor District Shopping Complex, Ranjeet Avenue Block B, Amritsar - 143001, Near Connect Office"
"Cherish Education Centre","+ 91  9814827794","69 First Floor Ratan Market, Maqbool Road Main Ratan Singh Chowk, Amritsar - 143001"
"Shree Amritsar Sword","+ 91  9779710797","149 Baba Deep Singh Ji Colony, Amritsar - 143001, Inside Chahtiiwind Gate"
"Amritsar Property Linkers","+ 91  9417292777","Sco Number 105 District Shopping Complex Ranjeet Avenue, Main Road, Amritsar - 143002, Near Passport Office Ran Avenue Above Lg Showroom"
"S S S S Immigration Services","+ 91  183 5018295","Number 280 Partap Avenue Phase 2 G T Road, Amritsar - 143001, Opposite Alpha One Mall"
"Amritsar Sanitary And Hardw...","+ 91  9988877782","Guru Nanak Colony, Sultanwind Road, Amritsar - 143001, Near Gobind Nagar Gate Opposite Allahabad Bank"
"Hyatt Hotel","+ 91  183 2871234","Main G T Road, Amritsar - 143001, Adjoining Alpha One City Centre Mall , Mbm Farms"
"Sri Guru Ram Dass Jee Internat...","+ 91  183 2214353","Ajnala Road, Amritsar - 143001"
"Peddlers Amritsar","+ 91  183 5002224","Sco. 36,, Dist Shoping Complex, Amritsar - 143001"
"The Fern Residency Amritsar","+ 91  183 5151222","33, The Mall, Sona Chandi Tower, Mall Road, Amritsar - 143001, Near Income Tax Chowk"
"Amritsar Club","+ 91  183 2222082","Mall Road, Amritsar - 143001, Company Bagh"
"Amritsar Transport Co","+ 91  183 2551533","Street Number- 2, G T Road, Amritsar - 143001, Pulighar"
"Municipal Corporation Amritsar","+ 91  183 2545155","Town Hall, Amritsar - 143002"
"Corporation Bank Amritsar","+ 91  183 2228521","8,Ground Floor, Lawrence Road, Amritsar - 143001"
"Idp Education India Pvt Ltd","+ 91  183 2063041","SCO 28, 1st Floor, Taneja Towers, Ranjeet Avenue Block B, Amritsar - 143001, DSC, Near Amritsar Bus Stand"
