"Name","Phone","Address"

"Fly Abroad","+ 91  183 5096057",""
"Global Immigration Consulta...","+ 91  183 5015277",""
"One Stop Immigration Solutions","+ 91  183 5066680",""
"S S S S Immigration Services","+ 91  183 5018295",""
"Noc Immigration Pvt Ltd","+ 91  183 5056563",""
"Sky High Immigration","+ 91  183 2422283",""
"Your destination","+ 91  183 5005300",""
"Canam Consultants LTD","+ 91  183 5093010",""
"Aum Global","+ 91  183 5004885",""
"Worldwide Immigration Consulta...","+ 91  183 6616200",""
"N B Educational Private Limited","+ 91  183 5070705",""
"Cwc Immigration Solutions","+ 91  183 2504466",""
"Wisdom Services","+ 91  183 2422114",""
"Singh Foundation","+ 91  183 5064055",""
"Raj Travel Agency","+ 91  183 221776",""
"Seven Seas","+ 91  183 5014242",""
"EXPERT IMMIGRATION","+ 91  9216201616",""
"Green Planets","+ 91  183 5056833",""
"Universal Education Consultants","+ 91  183 2700681",""
"Canadian Institute For Intl St...","+ 91  183 5096300",""
"World Foru U Group","+ 91  183 5062020",""
"Victoria Immigration & Education","+ 91  183 5098112",""
"Mohini Solution Pvt Ltd","+ 91  183 3502550",""
"Success Route Pvt Ltd","+ 91  183 5050605",""
"Ridge Overseas","+ 91  183 5030020",""
"Divine Education Consultant","+ 91  183 5006971",""
"Kulwinder Kaur","+ 91  9914023824",""
"Safeway Educational Consultancy","+ 91  183 5061230",""
"True Way","+ 91  183 5012983",""
"Roshni Immigration & Education...","+ 91  183 2560926",""
"Aussies immigrants","+ 91  9781127984",""
"Sky Enterprises","+ 91  9872321259",""
"Counsel One","+ 91  183 5003637",""
"First Teach Services","+ 91  183 5061244",""
"Fly Dreams Immigration Consult...","+ 91  183 5002444",""
"Tejpal immigration","+ 91  183 5007517",""
"Eves Immigration Consultants","+ 91  8054616204",""
"Career Overseas","+ 91  183 5093252",""
"Study abroad for u","+ 91  9041699255",""
"ADEPT CANADIAN SCHOOL","+ 91  183 5008398",""
"Amp Overseas Services","+ 91  183 3040682",""
"Kevin Immigration To Innovation","+ 91  9876908202",""
"Orbitz Overseas","+ 91  183 5021387",""
"Future Helpline","+ 91  183 3229700",""
"ETL Pvt Ltd","+ 91  183 2557220",""
"Australis Intl","+ 91  8566043002",""
"Amitesh Global Opportunities","+ 91  183 2563466",""
"Feather Wings","+ 91  183 6534153",""
"Royal Canadian Immigration Ser...","+ 91  9779190082",""
"Kumar Associate","+ 91  9988070600",""
"Super Shah Education & Immigra...","+ 91  9814058125",""
"Mid Overseas","+ 91  183 5094555",""
"Admission Overseas","+ 91  7508545678",""
"Apprise Overseas Education Con...","+ 91  183 2702100",""
"Entrust Consulting UK Ltd","+ 91  183 6549065",""
"AIMZ CONSULTANT","+ 91  183 5018850",""
"Professionals overseas","+ 91  9915032900",""
"Roots Educationals","+ 91  183 5052816",""
"Auscanus Consultants PVT LTD","+ 91  183 5070833",""
"Scholars Destiny Education Ser...","+ 91  183 6555502",""
"Eoes","+ 91  183 2570399",""
"Brighton Overseas Educational ...","+ 91  183 5019166",""
"Yugraj Foundation","+ 91  183 5003144",""
"Matrix Visa Consultants Pvt. Ltd","+ 91  183 5013513",""
"Career Overseas","+ 91  183 5070417",""
"CAREER ADVISOR","+ 91  183 2589918",""
"Globe Money Solution","+ 91  9815251754",""
"Master Key Overseas","+ 91  183 5002354",""
"Visa World","+ 91  9888194266",""
"telford unicom pvt ltd","+ 91  9915569693",""
"Melbourne Migration & Educatio...","+ 91  9876119554",""
"Abacus Overseas Education Advi...","+ 91  183 5011220",""
"Singh Immigration","+ 91  183 2226222",""
"TEC Educational Consultancy","+ 91  9855554111",""
"Royal Visa Advisors Pvt Ltd","+ 91  183 2422182",""
"Pacific Consultants","+ 91  183 5060433",""
"Horizon abroad","+ 91  183 2500429",""
"Elite Immigration Consultant","+ 91  183 2255222",""
"ITEC International Travel & Ed...","+ 91  183 5098589",""
"Bright Future","+ 91  183 5020022",""
"i can... IMMIGRATION Solutions","+ 91  1859 222222",""
"Eeurotech Overseas Education C...","+ 91  9888440886",""
"Kingsway Immigration & Oversea...","+ 91  172 5003357",""
"Eeurotech Overseas Education C...","+ 91  172 5019300",""
"NHIS Consultants Private Li...","+ 91  172 5201213",""
"Eurowise Consultants Privat...","+ 91  161 4641313",""
"A V Immigration And Careers...","+ 91  11 48077782",""
"Royal Study Hub","+ 91  181 4050022",""
"Royal Study Hub","+ 91  181 4050022",""
"Columbus Consultant Pvt Ltd","+ 91  2642 645659",""
"Pyramid Overseas Education Con...","+ 91  79 27497551",""
"Caan Wings Consultants Pvt Ltd","+ 91  181 4606666",""
"Max Overseas Consultants","+ 91  154 2480244",""
"JAGDEEP EDUCATIONAL CONSULTANT","+ 91  154 2480242",""
"Panache Immigration & Educa...","+ 91  181 4673999",""
"Eurowise Consultants Privat...","+ 91  175 5006743",""
"British Educare","+ 91  1824 462002",""
"Abroad Holidays","+ 91  172 5013239",""
