"Name","Phone","Address"

"One Stop Immigration Solutions","+ 91  183 5066680",""
"EXPERT IMMIGRATION","+ 91  9216201616",""
"Mohini Solution Pvt Ltd","+ 91  183 3502550",""
"True Way","+ 91  183 5012983",""
"First Teach Services","+ 91  183 5061244",""
"Tejpal immigration","+ 91  183 5007517",""
"Australis Intl","+ 91  8566043002",""
"Visa World","+ 91  9888194266",""
"Melbourne Migration & Educatio...","+ 91  9876119554",""
"Abacus Overseas Education Advi...","+ 91  183 5011220",""
"Super Shah Education & Immigra...","+ 91  183 5015524",""
"ITEC International Travel & Ed...","+ 91  183 5098589",""
"i can... IMMIGRATION Solutions","+ 91  1859 222222",""
