"Name","Phone","Address"

"One Stop Immigration Solutions","+ 91  183 5066680",""
"Global Immigration Consulta...","+ 91  183 5015277",""
"EXPERT IMMIGRATION","+ 91  9216201616",""
"Green Planets","+ 91  183 5056833",""
"Mohini Solution Pvt Ltd","+ 91  183 3502550",""
"First Teach Services","+ 91  183 5061244",""
"Tejpal immigration","+ 91  183 5007517",""
"Scholars Destiny Education Ser...","+ 91  183 6555502",""
"telford unicom pvt ltd","+ 91  9915569693",""
"Melbourne Migration & Educatio...","+ 91  9876119554",""
"ITEC International Travel & Ed...","+ 91  183 5098589",""
"i can... IMMIGRATION Solutions","+ 91  1859 222222",""
