"Name","Phone","Address"

"Ahuja Book Distributor","+ 91  9463828264","Opp HDFC Bank Hall Bazar, Hall Bazar, Amritsar - 143001"
"Ahuja Book Depot","+ 91  183 2548197","Hall Bazar, Amiritsar, AMRITSAR - 143001, Amritsar"
"Ahuja Automobiles","+ 91  9872205407","Batala Road, Amritsar - 143002"
"Ahuja Car Dealer","+ 91  9888437173","No.4, Avtar Nagar, Guru Nanak Pura, Amritsar - 143002"
"Ahuja Sweet & Bake","+ 91  183 2582011","Sw Rd.,,"
"Ahuja Sweets & Milk Bhandar","+ 91  183 2542308","Dhab Khatikan,, Hindu Sabha College, Amritsar - 143006"
"Ahujas Milk Products & Sweets","+ 91  183 2227655","Booth No- 12, Amritsar - 143001, Basant Avenue, Main Mkt"
"Ahuja Mandeep Singh","+ 91  9855549871","H.No.18 Krishan Garh,Inside Chatiwind Gate,Amritsar, Amritsar - 143001"
"Ahuja Tea","+ 91  183 2551719","Golden Temple Road, Amritsar - 143001"
"Ahuja STD PCO","+ 91  183 2565137","Lawrence Road,, Amritsar - 143001"
"Ahuja Travels","+ 91  183 2552424","Amritsar - 143001, Bazar Atta Mandi,Backside Golden Temple"
"Ahuja enterprises","+ 91  183 2001647","Shop No.2-a gagar mal road, katra sher singh, Gandhi Bazar, Amritsar - 143006, Opp. Regent Cinema"
"Ahuja Opticals","+ 91  183 2546148","Main Bazar, Inside Hall Bazar, Hall Bazar, Amritsar - 143001, Near Jamamasjid"
"AHUJA STORE","+ 91  183 2503992","12 B, Green Avenue market, Green Avenue, Amritsar - 143001, Near sakhi house"
"Ahuja Diamond Jewellery","+ 91  183 2551437","Guru Bazar, Amritsar - 143006"
"Ahuja Impex","+ 91  183 5098300","57, Grd Flr B-Blk, Amritsar - 143001, Ranjit Avenue"
"Ahuja Property Advisor","+ 91  183 5024567","12, Sunjay Avenue, Chudiya Rd, Amritsar - 143001, Fatehgarh"
"Ahuja Lassi","","Amritsar - 143001, Near Hindu Maharashtra College"
"Ahuja & Co","+ 91  9872755657","KATRA BHAI SANT SINGH, Beri Gate, Amritsar - 143006, NEAR HINDU COLLEGE"
"Ahuja Traders","+ 91  9217782868","Chowk Amrit Talkies, Gandhi Bazar Amritsar, Amritsar - 143006"
"Ahuja Tea Exports","+ 91  183 2558515","Patel Building, 2nd Floor, Golden Temple Road, Amritsar - 143001, Chowk Katra Ahluwalia"
"Ahuja chemist shop","+ 91  8196922672","islamabad, Amritsar - 143001, near manohar dairy"
"Ahuja Paint Hardware Sanitary ...","+ 91  183 2401879","Shop No-4, Basant Avenue, Amritsar - 143001, Near Mental Hospital"
"Ahuja Electronics","+ 91  9356019355","Shop Number-44, G T Road, Amritsar - 143001, Opposite Baba Deep Singh Guruduwara"
"Ahuja Traders","+ 91  8872951955","Shop No 78, Amritsar Cantt, Amritsar - 143001, Bus Stand, Idh Market"
"Ahuja Toy Shop","+ 91  9803526928","Main Bazaar Krishna Nagar, Amritsar - 143002, Near Jaura Fatak"
"ahuja Agencies","+ 91  183 2500078","Shop 1st Floor, Main bazar, Amritsar - 143001, guru Nanak Market, Gurjan Wala , Majith Mandi"
"Ahuja and Company","+ 91  9872755657","shop no. 597, beri gate market, katara bhai ,sant singh, Amritsar - 143006, Near post office"
"Ahuja Sethi & Associates","+ 91  183 2552105","New S.bhagat S. Mkt,,"
"Ahuja Seth Vinsal & Co","+ 91  183 2222644","2/175, Tarn Taran Rd,,"
"Ahuja Traders","+ 91  183 2541280","78, Idh Mkt.,"
"National Book Distributors","+ 91  183 2213948","House Number - 856, Jawahar Lane, Amritsar - 143002, Bara Makaan, Near Desh Bhagat Gas Agency, Islamabad"
"C D Mehra Book Depot","+ 91  9815339988","Hall Bazar, Amritsar - 143001"
"Harbans Book Depot","+ 91  183 2523517","Shop Number- 910/9, Street Number- 3, Amritsar - 143001, Katra Khazana, Near Punjab Gas Agency, Oppsosite Sai Ram Mandir"
"Nanda Book Depot","+ 91  183 2227328","Shop Number- 3, Arya Samaj Building, Lawrence Road, Lawrence Road, Amritsar - 143001, Opposite Bbk Dav College of Women"
"Kapoor Book Seller","+ 91  183 2224315","Gopal Nagar,"
"City Book Shop","+ 91  183 2571591","Shop No 2,First Floor,Opp.govt.ent Hospital,Majitha Road, Amritsar - 143001, Near Petrol Pump"
"honey distributor aircel","+ 91  183 5057276","honey telecom, Jandiala Guru, Amritsar - 143115, Government school of girls"
"Refresher Book Depot","+ 91  183 2550962","Amritsar - 143001, Hall Bazar, Ahead R S Tower"
"Pappu Book Depo","+ 91  183 2272609","Shop Number 13, Amritsar - 143001, Opposite Union Bank Of India,Near Shivala Bhiya"
"AZAD BOOK DEPOT","+ 91  183 2292513","HALL BAZAAR, Hall Bazar, Amritsar - 143001, NEAR PUNJAB AND SIND BANK"
"Rajat Book Corner","+ 91  183 2223055","Circular Road, Amritsar - 143001, Opposite Medical College"
"Ajit Book Binder","+ 91  183 2540456","Nai Gali, Katra Sher Singh, Amritsar - 143006, Hall Bazar, Furniture Market"
"Mahajan Book Binder","+ 91  7837707505","Gali No:12, H.No 8, Pawan Nagar, Amritsar - 143001, Celebration Mall"
"Azad Book Depot","+ 91  183 2535015","Hall Bzr.,,"
"Venus Photo Book","+ 91  9815030406","Venus Album Co Pvt Ltd, Indigo Division, Amritsar - 143001, Sco 1022-23, 2nd Floor Sec 22b, Chandigarh"
"Book Cab In Amritsar","+ 91  183 5007187","Opp Railway Station Amritsar Opp Canal Office Albert Road Amritsar, Amritsar - 143001"
"Harman Book Store","+ 91  183 2570936","Majitha Road,, Amritsar - 143001"
"Somaay Pharmaceuticals & Distr...","+ 91  183 5053997","Shop No. 3, B.D. Market, Kucha Dai Khana,, Amritsar - 143001, Katra Sher Singh"
"Vestige distributor","+ 91  9888476195","Shop no :3, Amritsar - 143001, Majitha road"
"sourav distributor","+ 91  9915819467","lal chowk, Amritsar - 143001, gurdwara"
"Book Cafe","+ 91  183 5002082","Main Road,, Amritsar - 143001"
"Vikas Book Stall","+ 91  9988648292","Amritsar ,, Amritsar - 143001"
"Malhotra Book Depot","+ 91  183 2212670","Putlighar, Amritsar - 143001"
"Chawla Book House","+ 91  7508900546","Gali No 1 Gopal Nagar Amritsar, Amritsar - 143001, near bhabha high school"
"Nayyar Book Depot","+ 91  9876198398","Amritsar - 143001"
"khurana book store","+ 91  9780749025","main road, MAJITHA ROAD, Amritsar - 143001, NEAR GHALLA MALLA CHOWNK"
"G S Distributors","+ 91  183 2533611","64-A, Amritsar - 143001, Katra Moti Ram,Inside Hatthi Gate"
"Sikh Book Co.","+ 91  9417107967","Amritsar - 143001, Ghanta Ghar"
"Shanker Law Book Agency","+ 91  183 2552301","shop no. 831/10, Amritsar - 143001, Opposite Gali Gossian, Inside Beri Gate, Near Temple, ,Katra Bhai Sant Singh"
"Osho book & tape centre","+ 91  9876614308","shop no 3c geonka market, 378 M M MALVIYA Road, Amritsar - 143001, Near Lic Office"
"Satya Bhushan Ahuja","+ 91  9815414368","Chamber No-19-B, District Court, AMRITSAR - 143001"
"Radhika Pharma Distributors","+ 91  183 2210213","379, Gali Number-2, Amritsar - 143001, Model Town Near Amandeep Hospital"
"Manohar Book Binder","+ 91  183 2557166","Katra Sher Singh, Amritsar - 143006, Parbhat Market"
"Distributor In Amritsar","+ 91  183 5056254","C/O. K K Pharmaceuticals , B-14, Navi Gali, Katra Sher Singh, Amritsar - 143006, Katra Sher Singh, Hall Bazar"
"Durga Book House","+ 91  9878871718","Malhotra Buildind,Durgiana Bazar, Durgiana Mandir, Amritsar - 143001"
"Uma Book Depot","+ 91  183 2530198","Hall bazar, Amritsar - 143001, Opp.kairon market"
"Parvinder Book Depot","+ 91  183 2547332","Amritsar - 143001, Hall Bzr"
"VIKAS BOOK CORNER","+ 91  9888171754","Hall bazar, Hall bazar road, Hall Bazar, Amritsar - 143001, Near R S residency"
"Vikas Book Corner","+ 91  183 2544847","Pultighar, Amritsar, G T Road, Amritsar - 143001"
"Avtar Singh Ahuja","+ 91  9855566121","Danik Savera, Ranjit Avenue, B-Block, Amritsar - 143001"
"Rakesh Book Depot","+ 91  9530956463","Shop No 150, Amritsar - 143001, Idh Market"
"Navyug Book Depot","+ 91  183 2541766","71, New Shaheed Bhagat Singh Market, Amritsar Bus Stand, Amritsar - 143001, Near Bus Stand"
"asfl books","+ 91  183 2223121","Basant Avenue, Amritsar - 143001"
"Good Luck Distributors","+ 91  183 2291517","1811/12, Amritsar - 143001, Chowk Baba Sahib, Opposite Bhappi Di Hatti"
"Satya Bhushan Ahuja","+ 91  183 2226693","No.13, Mohindra House Colony, Amritsar - 143001"
"N.K.Ahuja","+ 91  9872746494","D-428, Ranjit Avenue, AMRITSAR - 143001"
"Charanjiv Singh Ahuja","+ 91  183 2272406","23, Braham Nagar, Lawrence Road, AMRITSAR - 143001, Amritsar"
"Book Lovers Retreat","+ 91  183 2545666","Amritsar - 143001, Hall Bzr"
"Law Book Agency","+ 91  9888323121","House No-3966, Gali Mahavir, Amritsar - 143001, Nr Gurudwara Piplisahib,Putlighar"
"Modicare products distributor","+ 91  9888168405","Kala Mala chownk, Amritsar - 143001, Majitha road"
"Palwinder Book Depot","+ 91  8528058450","Kairo market, Amritsar - 143001, Near post office"
"New popular books","+ 91  7837633441","Amritsar - 143001, Near Ajanta Sr. Sec. School"
"Darshan Book Depot","+ 91  183 2540126","Bazar MAI Sewan, Amritsar - 143001, Near Golden Temple"
"Crown Book Car Pvt Ltd","+ 91  9803112568","office no.216, City Center, Amritsar - 143001, Nr Guru Nanak Bhawan, Opp Bus Stand"
"Preet Book Depot","+ 91  9814364411","Sultanwind Rd, Mohan Nagar, Amritsar - 143006, Mohan Ngr"
"Sahni And Sahni Pharma Distrib...","","Katra Sher Singh, Katra Sher Singh, Amritsar - 143006"
"Mehta book depot","+ 91  183 5003129","P No-2, Gali Number -2, Head Water Works Road, Amritsar - 143001, Near Ram Talai"
"Khurana Book depo","+ 91  9914466064","shop no.4, palika bazar Islamabad, Amritsar - 143001, near pns bank"
"Mukesh books and stationary","+ 91  9888131514","Na, Majitha Road, Medical Enclave, Amritsar - 143001, Ghalamala chownk"
"CHOLIA BOOK DEPOT","+ 91  7837583014","F.G.C ROAD, Amritsar - 143001, NAI ABADI"
"Punjab Book Depot","+ 91  183 5065744","Sultanwind Road, Sultanwind, Amritsar - 143021, Mandir Wala Bajar, Govind Nagar"
"ASHOKA BOOK DEPT","+ 91  183 2702073","194, ajit Nagar, Near Kalra Hospital, Amritsar - 143001, Sultanwind Road"
"Khalsa Book Shop","+ 91  9814650256","G T Rd, Amritsar - 143001, Opp Khalsa College Gate"
"Rajan Books And Stationery","+ 91  9464227491","Gurunanak Nagar, Amritsar - 143006"
"Gurunanak Book Store","+ 91  9329563039","Main Road, Amritsar - 143002, Shiv Mandir, Gol Chakra"
"Satyam Distributors","+ 91  183 2547666","397/1, SAI Sadan, Amritsar - 143002, Sabharwal Mkt, Hall Bazar"
"Anshu Book Depot","+ 91  9888065054","Shop no. 2-3, Gulmohar avenue, Amritsar - 143001, Near Brother sweet shop"
"BDS Book Centre","+ 91  8198086771","Kot Mangal Singh, Tarn Taran Road, Amritsar - 143001, Near Saheed Bhai Mani Singh Guruduara"
"medical Books & Surgical Centre","+ 91  183 2422729","shop No. 1,kala mala chownk, majitha Road, Amritsar - 143002, near eye hospital"
"Khalsa Book Shop","+ 91  183 2565435","GT Road, Amritsar - 143002, Opp Khalsa college gate"
"Harnam Pharmacy Distributors","+ 91  183 2546309","B D Market, Kucha Dal Khan, Amritsar - 143002"
"Bala Ji Stationers And Book Shop","+ 91  9463963876","New Gokal ka Bagh, Amritsar - 143002"
"HERBALIFE INDEPENDENT DISTRIBUTOR","+ 91  9592756050","Healthy Living, Pawan Nagar Chownk, Amritsar - 143002, Near Celebration Mall"
"Preet Book Depot","+ 91  9646464916","main road, Gt Road, Amritsar - 143001, near Harkrishan Public School"
"Nanda Book Depot","+ 91  9464119117","Main Bajar, Majitha, Amritsar - 143601, Near Shiwala Chowk"
"Prince Gulshan Book House","+ 91  183 6577140","Jandiala Guru, Amritsar - 143115, Opposite Government Girls Senior Secondary School"
"Ajit Book Stall","+ 91  1851 272117","Patti Road, Bhikhiwind, Amritsar - 143303, Tarn Taran"
"Chahal Paint Store & Distributor","+ 91  9803188752","Main Adda, Butala, Amritsar - 143203, Opp. HDFC Bank"
"Sanjay Ahuja","+ 91  183 2546478","Hall Gate,,"
"Book Garden","+ 91  183 2403981","M.m. Malviya Rd.,,"
"A B D Publisher S Distributors","+ 91  183 2546478","Hall Bazar,"
"Bharat Book Depot","+ 91  183 2441342","Vijay Nagar,,"
"Gold Spot Limca Distributors","+ 91  183 2225749","Aanam Cinema,,"
"Navyog Book Depot","+ 91  183 2547304","Nr. Bus Stand,,"
"Arjun Book Binder","+ 91  183 2213258","Gr/Field Ph.ii,,"
