"Name","Phone","Address"

"Hyderabadi Bawarchi","+ 91  80 33294746","No 960, Prithvi Arcade, Vidyaranyapura Main Road, Vidyaranyapura, Bangalore - 560097, Next To Adigas"
"Hyderabadi Bawarchi","+ 91  80 33054732","No.1012, Ground Floor, Dasarahalli Main Road, Kempegowda Circle,, Dasarahalli, Bangalore - 560024, Near Shoba Moon Apartments, Near Maruthi Temple"
"The Nawab Speciality Restau...","+ 91  9741780015","The Solitaire Hotel,No.3, Madhavnagar, Kumara Krupa Road, Bangalore - 560001, Near Race Course"
"Have More Punjabi Restaurant","+ 91  80 33293665","No 306, Hennur Main Road,HRBR 3rd Block, Kammanahalli, Bangalore - 560043, Opposite Teachers Academy"
"4 Seasons Multicuisine Rest...","+ 91  80 33531246","1st Floor, Inorbit Mall, ITPL Road, Whitefield, Bangalore - 560066, Beside Marriott 5 Star Hotel, EPIP Area"
"Banashankari Restaurant","+ 91  80 33619439","No 60/3, Nanjappa Layout,New BEL Road, Vidyaranyapura Block 4, Bangalore - 560097, Below Metro Sprit Wine Shop"
"Bhagini Restaurant","+ 91  80 25427999","No.1253, Outer Ring Road, Banaswadi, Bangalore - 560043, Near Horamavu Signal"
"Hyderabad Biryaani House","+ 91  80 33539337","No.19/1,Classic Aura, Panathur Junction, Kadubeesanahalli, Bangalore - 560087, Adjacent Arihant Technologies"
"Spice Root","+ 91  80 33091451","No.12, Byrasandra Main Road,G M Palya, C V Raman Nagar, Bangalore - 560093, Behind Bagmane Tech Park Back Gate"
"Arabian Mehek","+ 91  80 41208888","No.46, MIG CHS 707, 4th Phase, Yelahanka New Town, Bangalore - 560064, Near Government School"
"Biriyani Paradise","+ 91  80 33640435","No.309,1st Floor,VMR Complex, Kundalahalli Gate, Kundalhalli-Whitefield, Bangalore - 560066, Opposite SRK Kalyana Mantapa"
"Zam Zam Darbar","+ 91  80 26686262","No.57, 8th A Main, Btm Layout 1st Stage, Bangalore - 560029, Near Food Palace"
"Biryani Wala","+ 91  7795999404","No 39/2 3 And 4,1st Floor,N S Complex, Kundanahalli Gate,Itpl Main Road, Marathahalli, Bangalore - 560037, Opposite Hyper City"
"Kritunga Restaurant","+ 91  80 65625665","Plat No 95, EPIP ITPL Road, Whitefield, Bangalore - 560066, Opposite Vydehi Hospital"
"Gowdara Mudde Mane","+ 91  80 33536852","No.24, 1st Main,1st Cross, Manjunath Nagar, Ragunalli, Kanakapura Road, Bangalore - 560062, Behind Adigas Hotel"
"Adithya Biriyanis","+ 91  80 33562107","No 17,B,13,14,1st Floor, A Sector,Doddaballapur Main Road, Yelahanka, Bangalore - 560064, Opposite Rail Wheel Factory"
"New Biryani Mane","+ 91  80 33531003","No 2, Uttarahalli Main Road,Chikkalasandra, Uttarahalli, Bangalore - 560061, Next Dominos Pizza"
"Namane Oota","+ 91  80 33642183","No 522/G, Opposite Nammura Thindi Service Road, Nagarbhavi, Bangalore - 560072, Near Thirige Bavana"
"Shanmukha Restaurant","+ 91  80 33724420","No 1313, 25th Main, Jayanagar 9th Block, Bangalore - 560069, Near Bangalore Central"
"Dandes Hyderabad Biryani","+ 91  80 33491826","7 Main,10 Cross,Mico Layout, BTM Layout 2nd Stage, Bangalore - 560076"
"Cauvery Hyderabadi Biryani","+ 91  80 33083700","#1, 6 Th cross, Akshaya nagar , T C PALYA main road, Ejipura, Bangalore - 560016, Above Canara bank atm , near Ideal mart supermarket"
"Kritunga Restaurant","+ 91  80 65625111","Sriven Square,2nd Floor, Kundalahalli Gate, Kundalahalli, Bangalore - 560037, Opposite Sankara Eye Hospital And Beside Star Bazaar"
"Biriyani Adda","+ 91  80 33619932","No.52/S, 2nd Main, Chandra Layout, Bangalore - 560040, Behind Prasanna Ganapathi Temple ,Near Chandra Layout Police Station"
"Ruh Restaurant","+ 91  80 33054577","4th Floor,Ganapa Tower, Sarjapur Outer Ring Road, Bellandur, Bangalore - 560103, Near Bellandur Junction And Central Mall"
"Hyderabad Biryaani House","+ 91  80 33057651","No.7/1,, Victoria Layout, Bangalore - 560047, Near Life Style, opp to SBH bank,"
"Pavithra Deluxe","+ 91  80 39827773","No 118,1st Floor, Hormavu Main Road, Banaswadi, Bangalore - 560043, Near ICICI Bank Atm"
"Zabi","+ 91  80 40910604","No.208/E, H S Complex, 80 Feet Road, 1st Stage, 2nd Block, Hbr Layout, Bangalore - 560043, Next To Samsung Show Room"
"Meghana Foods","+ 91  80 33532644","No.124, 1st Main,Khb Colony,5th Block, Koramangala, Bangalore - 560095, Near Jyothi Nivas College"
"Roll N Biryani","+ 91  80 33538385","No 9, Pipeline road, Vijayanagar, Bangalore - 560040"
"Kerala Mess","+ 91  80 33536526","No 6, 1st Cross,Model Colony, Yeshwanthpur, Bangalore - 560022, Opposite Bescom Office"
"Samruddhi Family Restaurant","+ 91  80 33640797","No 540/A, 8th Main Vijayanagar, Vijayanagar, Bangalore - 560040, Behind Vijayanagar Traffic Police Station"
"The Yellow Chilli","+ 91  80 33724693","No.3, 2nd Floor, MSR West Park, Brigade Road, Church Street, Bangalore - 560001, Opposite To Metro Station"
"Meghana Foods","+ 91  80 41308080","No.57/1,Jayalaxmi Chambers, Residency Road, Bangalore - 560025, Opposite Old Galaxy Theather"
"Olive Garden Restaurant","+ 91  80 33052615","No.414, Hrbr Layout,4th Cross,Cmrc Road, Kalyan Nagar, Bangalore - 560043, Opposite BSNL Office"
"R V International Lodging A...","+ 91  80 33642955","No.K 7, 100 Feet Ring Road,1st Phase,Kiadb Industrial Area,Anekal Taluk, Jigani, Bangalore - 560105, Near APC Circle"
"R V International Lodging A...","+ 91  80 33518437","No.K 7, 100 Feet Ring Road, 1st Phase, Kiadb Industrial Area, Anekal Taluk, Jigani, Bangalore - 560105, Near APC Circle"
"4 Seasons Multicuisine Rest...","+ 91  80 33013467","No.5,A C/402,Lamcy Plaza,1st Floor, HRBR 2nd Block ,Kammanahalli Cross, Kalyan Nagar, Bangalore - 560043, Opposite To Tanishq"
"Ma-Arya","+ 91  80 33563260","No.186, Gandhi Bazar Main Road, Basavanagudi, Bangalore - 560004, Opposite Roti Ghar"
"Aalishan Restaurant And Cat...","+ 91  80 33530588","No.158, Koramangala 7th Block, Bangalore - 560095, Near SAI Baba Temple Road"
"Hyderabad Biryaani House","+ 91  80 65659696","No 46, Varthur Main Road,Kundalahalli,, Ramagondanahalli, Bangalore - 560066, Near Forum Mall"
"Kritunga Restaurant","+ 91  80 65625444","No 2750, NNS Plaza, 4th Floor, Bellary Service Road, E Block,, Sahakara Nagar, Bangalore - 560092, Near Swati Gardenia Hotel"
"Nile Garden Restaurant","+ 91  80 33569991","No 13, 4th Main,1st Cross, Madivala, Bangalore - 560068, Behind Ayyappa Temple"
"NAATI PARK RESTAURANT","+ 91  80 30145047","14, RR Layout, Nagadevanahalli-Gnanabharathi, Bangalore - 560056, Near HP Petrol Bunk"
"Hyderabadi Biryani","+ 91  80 33618859","No.98, Sky Lark Plazzo, Old Airport Road, Murugeshpalya, Bangalore - 560017, Near Total Mall"
"Have More North Indian Fami...","+ 91  80 23516768","No.1,3rd Floor, 80 Feet Road, New Bel Road, Bangalore - 560054, Opposite M S Ramaiah Hospital And 2nd Building After Pizza Hut"
"Amrutha Grand Restaurant","+ 91  80 30145349","No 9/1A,Ground Floor,Sidda Reddy Ellite, Off Sarjapura Road, Kasavanahalli, Bangalore - 560035, Near Andhra Bank"
"Ambur Star Biryani","+ 91  80 26689973","No.38, 1st Stage,1st Phase, BTM Layout, Bangalore - 560076, Opposite Central Silk Board"
"New Hyderabad House","+ 91  80 33083295","No.528,Ground Floor, Ambalipura Bellandur Gate, Sarjapur Road, Bangalore - 560034, Opposite Total Mall"
"Kabab Hut","+ 91  80 33056638","No.740, 6th Block, Rajajinagar, Bangalore - 560010, Beside St Anns School"
"Kaayal Restaurant","+ 91  80 33092587","No. 1647/1, 2nd Floor, Jeevan Bima Nagar, Bangalore - 560075, Opposite Miranda College"
"Oye Amritsar Restaurant","+ 91  80 39627829","No.54, Canara Bank Road, Koramangala 6th Block, Bangalore - 560095, Near To Vijaya Bank & Diagonal Opp To Nilgiris"
"Ambur Star Biryani","+ 91  80 33511645","No.5,Ground Floor, Dairy Circle Road, Hosur Road, Bangalore - 560029, Opposite Forum Mall"
"Relish Restaurant","+ 91  80 23513513","No.79, Rmv 2nd Stage, New Bel Road, Bangalore - 560054, Opposite MS Ramaiah Hospital"
"Southern Spice The Biryani ...","+ 91  80 33100977","Plot 95, Epip Zone, Vydehi Circle, Whitefield, Bangalore - 560066, Above SBI And Opposite Bmtc Bus Stop"
"Hyderabad Biryaani House","+ 91  80 33080203","No.407- 4M,1st Floor, Kammnahalli Main Road, Kammanahalli, Bangalore - 560043, Next KFC"
"Donne Biriyani House","+ 91  80 33050756","No 4009, 80 Ft Road,Hosakerehalli Cross, Banashankari 3rd Stage, Bangalore - 560085, Opposite To Supreme Fast Food"
"Hyderabad Ruchis","+ 91  80 33100573","No.55/5, Sarjapura, Marathahalli Outer Ring Road, Devarabeesanahalli-Bellandur, Bangalore - 560103, Near Sakra World Hospital"
"Oye Amritsar Restaurant","+ 91  80 33761005","No.72, 2nd Floor, Inner Ring Road, Jp Nagar 3rd Phase, Bangalore - 560078, Next Maxx & Near Cross World"
"Chettinad Biryani","+ 91  8884562666","Sapthagiri Building, Vignana Nagar,Kaggadasapura Main Road, Kaggadasapura Road, Bangalore - 560093, Near Sct College"
"Hyderabadi Biryani House","+ 91  80 39200047","A2,148/1,, Bannerghatta Road,, Arekere Gate, Bangalore - 560076, Opposite Reliance Mart,"
"Meghana Foods","+ 91  80 40970707","No.52,1st Floor, 33rd Cross,4th Block, Jayanagar, Bangalore - 560011, Above Dhanalakshmi Bank"
"Empire Restaurant","+ 91  80 40414041","80 Feet Road, 2nd Stage, Indiranagar, Bangalore - 560008, Opposite Vijaya Bank"
"Empire Restaurant","+ 91  80 41202867","Jayanagar 3rd Block, Bangalore - 560011, Opposite To Nmkrv Womens College,Next To Show Off"
"Empire Restaurant","+ 91  80 25493349","No.83, Nehru Main Road, Kammanahalli, Bangalore - 560084, Opposite To Riti Jewellery"
"Empire Restaurant","+ 91  80 40222777","No.103, Industrial Area,5th Block, Koramangala, Bangalore - 560095, Near Jyothi Nivas College"
"Empire Restaurant","+ 91  80 41231217","No.161, MLA Layout, R T Nagar, Bangalore - 560032, Next To Adigas Restaurant"
"Swathi Ring View Restaurant","+ 91  80 23187878","No.856, Vinayaka Layout, 2nd Stage, Nagarbhavi, Bangalore - 560072, Near To Panacea Hospital"
"Empire Restaurant","+ 91  80 40414141","No.34, Mosque Road, Frazer Town, Bangalore - 560005, Near Savoury Restaurant"
"Empire Restaurant","+ 91  80 42678888","No.36, Church Street, Bangalore - 560001, Opposite Java City"
"Paradise Food Court","+ 91  80 69001677","No.915, 24th Main Road,Mayura Circle, Jp Nagar 2nd Phase, Bangalore - 560078, Next To Reliance Digital"
"Royal Andhra Spice Restaurant","+ 91  80 64506450","No 52/454, 60 Feet Road, Beml Layout, Rajarajeshwari Nagar, Bangalore - 560098, Near Bus Depot"
"Imperial Restaurant","+ 91  80 25588331","No 94/95, Residency Road, Bangalore - 560025, Opposite To Naagpal Petrol Bunk"
"Paradise Biryani Restaurant","+ 91  80 69001784","No. 484, Signature Square, Cmh Road, Indiranagar, Bangalore - 560008"
"Imperial Restaurant","+ 91  80 69994888","No.1324, Double Road, Indira Nagar 2nd Stage, Bangalore - 560038, Near Kaveri School"
"Meghana Foods","+ 91  80 33724454","No.544, 1st Floor, CMH Road, Indiranagar, Bangalore - 560038, Near Metro Station"
"Paradise","+ 91  80 69001676","No.1, Chikkamarahalli, New Bel Road, Bangalore - 560097, Opposite To Kanti Sweets"
"Imperial Restaurant","+ 91  80 22371233","No.20, 11th Main Road, Millers Road, Vasanth Nagar, Bangalore - 560001, Near Jain hospital"
"Empire Restaurant","+ 91  80 40924042","No.232, Abm Building, 6th Cross, Subedar Chatram Road, Anand Rao Circle, Nataka Gubbi Veeranna Road, Gandhi Nagar, Bangalore - 560009, Opposite To Srs Travels"
"Anjappar Chettinad Restaurant","+ 91  80 25534477",""
"Paradise Biryani Restaurant","+ 91  80 69000197","11th Main, 80 Feet Main Road, Koramangala 4th Block, Bangalore - 560034, Opposite To Puma, Near Maharaja Signal"
"Nandhana Palace","+ 91  80 33568551","No.8A, N S Palya, BTM Layout 2nd Stage, Bannerghatta Road, Bangalore - 560076, Next To Girias, Near Shoppers Stop"
"Kritunga Restaurant","+ 91  80 33643769","Plot No.88,Venkatadri Plaza,3rd Floor, Outer Ring Road, Marathahalli, Bangalore - 560037, Opposite More Mega Store"
"Anjappar Chettinad Restaurant","+ 91  80 41222790","No.54, MSK Plaza, 100 Feet Road, 3rd Main,Defence Colony, Indiranagar, Bangalore - 560038, Opposite To California Kitchen"
"Paradise Food Court","+ 91  80 64540015","No.83, Rose Mahal, Mosque Road, Frazer Town, Bangalore - 560005, Opposite To KFC"
"The Ocea International Hotel","+ 91  80 40636261","No 72, Ocea International Hotel, Markham Road, Brigade Road, Bangalore - 560025, Next To St Josephs College Of Commerce"
"Richies Rahhams Family Restaurant","+ 91  80 22878700","No 30/1, Cunningham Road, Bangalore - 560052, Next To Just Dial Ltd"
"Biryani Zone","+ 91  9686409911","No 92/5, Outer Ring Road, Marathahalli, Bangalore - 560037, Diagonally Opposite To Innovative Multiplex"
"Biriyani Zone Restaurant","+ 91  9886639783","No.5/3, Food Zone Complex, Beml Layout, Aecs Layout, Kundalahalli, Whitefield, Bangalore - 560066, Opposite To Skr Kalyana Mantapa"
"New Prashanth Hotel","+ 91  80 26790906","No.43/2, Kamakya Complex, 100 Feet Ring Road, Kathriguppe, Banashankari 3rd Stage, Bangalore - 560085, Opposite Bmtc Depot, Near Kamakya Theatre"
"Nandhana Palace","+ 91  80 26547222","No.1001,1st Floor, 24th Main, Jp Nagar 1st Phase, Bangalore - 560078, Opposite To Food World,Above ICICI Bank"
"Chichabas Taj Hotel","+ 91  80 41618888","No 50, MM Road, Frazer Town, Bangalore - 560005, Near to Everest Theater"
"Al Bek Restaurant","+ 91  80 23461077","No.527, 1st Cross,Sampige Road, Malleswaram, Bangalore - 560003, Near To Mantri Mall,Opposite To Samsung Smart Phone Cafe"
"Golkonda Chimney Restaurant","+ 91  80 28476532","No.42/2, Old Airport Road,Whitefield Road, Marathahalli, Bangalore - 560037, Opposite To Shankara Eye Hospital"
"Ammis Biryani","+ 91  80 39457777","No.29, N S Palya ,Btm 2nd Stage, Bannerghatta Road, Bangalore - 560076, Near Subhiksha, Opposite To Gopalan Mall"
"Shivaji Military Hotel","+ 91  9845149217","No.718, 1st C Main Road, 45th Cross, Jayanagar 8th Block, Bangalore - 560082, Near Banashankari Bus Stop"
"S S Bucket Biriyani","+ 91  9980950032","No.61, MDM Road, Frazer Town, Bangalore - 560005, Off Stephens Road"
"Hyderabadi Biriyani House","+ 91  7829488222","No.633/B555, Panduranga Nagar, Bannerghatta Road, Bangalore - 560076, Opposite To HSBC, Near Arekere Gate"
"Al Bek Restaurant","+ 91  9980884494","Jayanagar, Bangalore - 560011, Opposite To Jayadeva Hospital"
"Biryani Night Out","+ 91  9741109909","No 1187/14, Gokula Extension,1st D Main Road,1st Stage,4th Phase, Yeshwanthpur, Bangalore - 560022, Near Yeshwanthpur Circle"
"Empire Restaurant","+ 91  80 22682057","Orion Mall, 3rd Floor, Dr Rajkumar Road, Malleswaram West, Bangalore - 560055"
"Biryani Zone","+ 91  9945025656","No. 5/3, Beml Layout.Varthur Main Road., Kundalahalli, Bangalore - 560037, Opposite Skr Convention Hall,"
"Bhagini Residency Lumbini Garden","+ 91  80 46665999","No.4, Hebbal Outer Ring Road,Veeranna Palya,Service Road, Arabic College, Bangalore - 560045, Opposite Lumbini Park"
"Rahhams","+ 91  80 25268700","No.1, Medison Complex, Kodihalli, Old Airport Road, Bangalore - 560017, Near Leela Palace"
"Mane Ruchi Palate","+ 91  80 23396665","No.1380, Banglore university main road, Nagarbhavi, Bangalore - 560072, Near Axis Bank And Nagarbhavi Circle"
"Rahhams","+ 91  80 25808700","No.39, Yadava Layout, Arvindnagar, Kammanahalli, Bangalore - 560043, Near Honest Bakery"
"Copper Chimney Restaurant","+ 91  80 41155800","No.2006,Ground Floor, 100 Feet Road,Hal 2nd Stage, Indiranagar, Bangalore - 560038, near. Vodafone Store"
"Chicken County Restaurant","+ 91  80 26533377","No.13, Bannerghatta Main Road, Dairy Circle, Bangalore - 560029, Opposite To Spar Hyper Market"
"Ammis Biryani","+ 91  80 39457777","No.7, P&T colony,80 ft road, R T Nagar, Bangalore - 560032, Opposite to Lakshmi vilas bank ATM"
"Manis Dum Biryani","+ 91  80 60001600","No.474, 10th Main, Hal 3rd Stage, Jeevan Bima Nagar, Bangalore - 560075, Near BSNL, Diagonally Opposite To Hertiage"
"Kabab Magic","+ 91  80 26490895","No 1548, East End Main Road, 9th Block, Jayanagar East, Bangalore - 560069, Near East End Circle, Near Jayadeva Hospital"
"Al Bek Kabab Corner","+ 91  9036167826","No.1, SS Towers, 80 Feet Road, R T Nagar, Bangalore - 560032, Near Florence Public School"
"Anjappar Chettinad Restaurant","+ 91  80 25722207","Shop No 25/26, 6th Sector, Hsr Layout, Bangalore - 560102, Bda Complex"
"Angeethi Restaurant","+ 91  80 41113340","No 1, Museum Inn Premises, Museum Road, Bangalore - 560001, Near To Kc DAS"
"New Prashanth Hotel","+ 91  80 26530150","No.119/A, Garla Garnet, 2nd Floor, 9th Main, Jayanagar 4th Block, Bangalore - 560011, Opposite To Jayanagar Club, Above Cafe Coffee Day"
"Eden Park Restaurant","+ 91  80 22861100","No.21/1, Cunningham Road, Bangalore - 560052, Behind The Hindu"
"Suchithra Biryani House","+ 91  80 25238444","No.121,Atr Complex, Murgeshpalya, Old Airport Road, Bangalore - 560017, Opposite To Isro"
"Punjabi Rasoi Restaurant","+ 91  80 25720999","No.1082, 18th Cross,3rd Sec, HSR Layout, Bangalore - 560102, Near Bda Complex"
"Cauvery Hyderabadi Biryani","+ 91  80 25650474","No.93, Nl Arcade, Ramamurthy Nagar Main Road, Ramamurthy Nagar, Bangalore - 560016, Above More Super Market"
"Lazeez Restaurant","+ 91  80 41104271","No.480, Khb Colony,5th Block, Koramangala, Bangalore - 560095, Near Krishna Temple"
"Suchithra Biryani House","+ 91  80 25220740","No.1, Vinod Reddy Complex, Whitefield Road, Marathahalli, Bangalore - 560037, Opposite To State Bank Of Mysore"
"Naati Manae","+ 91  80 41116661","No.462, 17th C Main,5th Block, Koramangala 5th Block, Bangalore - 560034, Adjacent To Aqura Hospital,And Nova Hospital"
"Manis Dum Biryani","+ 91  80 60001600","No.88, K K Center, Jyothi Nivas College Road, 5th Block, Koramangala, Bangalore - 560095, Next To Jyothi Nivas College"
"Bhagini Restaurant And Bar","+ 91  80 41157842","No.11, Itpl Road, K R Puram Hobli, Hoodi, Bangalore - 560048, Near DHL & Kamat Hotel"
"Shaadi Ki Biryani","+ 91  80 65650707","No.75-76, Jansons Building, Mezzanine Floor, Commercial Street, Bangalore - 560001, Opposite To Max Showroom"
"Pista House","+ 91  80 41238463","No.78/1, MM Road, Frazer Town, Bangalore - 560005, Opposite To Bata Showroom"
"Moriz Restaurant","+ 91  80 41614242","No 614, C Block Aecs Layout, Kundalahalli, Bangalore - 560037, Opposite Brookfield Hindustan Lever"
"Ammis Biryani","+ 91  80 39457777","No.16, Office Model Home , Co Operative House Building Society Ltd, Jalahalli Cross, Bangalore - 560057, Opposite To Reliance Fresh"
"Kritunga Restaurant","+ 91  80 65665777","No.105, Vikas Tech Park, 1st Floor, 1st A Cross Road, Koramangala Industrial Layout, Koramangala 5th Block, Bangalore - 560034, Above California Pizza Kitchen, Near Jyothi Nivas College"
"The Bawarchi","+ 91  9739977771",""
"Shanmukha Restaurant","+ 91  80 42287405","No.93/7, C N Reddy Plaza, Outer Ring Road, Marathahalli, Bangalore - 560037, Near Home Town"
"Ammis Biryani","+ 91  80 39457777","No.689, Ground Floor, 13th Main Road, 3rd Phase, Yelahanka New Town, Bangalore - 560064, Opposite To Sheshadripuram College, Next To Axis Bank"
"Shubh Family Restaurant","+ 91  80 23186387",""
"Golkonda Chimney Restaurant","+ 91  80 25804444","No 13, 1st Floor, Mosque Road, Frazer Town, Bangalore - 560005, Above Mc Donalds"
"Hyderabadi Bawarchi","+ 91  80 65775555","No.82, 80 Feet Road, New Bel Road, Rmv Extension 2nd Stage, Bangalore - 560094, Opposite MS Ramayya Hospital Road"
"Green Chillies Restaurant","+ 91  80 65659901","No.17, 1st Cross, Srirama Layout, Jp Nagar 7th Phase, Bangalore - 560078, Opposite To Rbi Water Tank"
"Retreat Restaurant","+ 91  80 33056434","No.1/2, 1st Main Road, Jc Nagar, Bangalore - 560006, Behind Jc Nagar Police Station"
"Briyani Zone Restaurant","+ 91  8123507547","No.87/2, Seegehalli, Whitefield Post, Kadugodi, Bangalore - 560067, Near H P Petrol Bunk"
"Chinnaswamy Naidu Biryani","+ 91  9538723326","# 242, 17th cross, 9th main, HSR Layout Sector 6, Bangalore - 560034, Opp. Vasant Eye Care"
"Ginger Greens","+ 91  80 25434744","No. 122/4, Sri Shankar Reddy Building, Outer Ring Road, Kalyan Nagar, Bangalore - 560043, Near Bus Depot"
"Masalaa Family Garden Restaurant","+ 91  80 26667111","No.58/1, Chikkalasandra, Uttarahalli, Bangalore - 560061, Near Brigade Apartments"
"Prashanth Naati Corner","+ 91  9880893932","No.38, New Bel Road, Bangalore - 560054, Near Devasandra Bus Stand"
"Shezan Restaurant","+ 91  80 22287895","No 35/2 Ground Floor Shah Sultan Complex, Cunningham Road, Bangalore - 560052, Opposite To Reliance Web World"
"Biriyani Zone","+ 91  8884740128","No.1548, 19th Main, HSR Layout Sector 1, Bangalore - 560102, Opposite To Bmtc Bus Depo, Before Myntra Office"
"Ammis Biryani","+ 91  80 39457777","No.2383, 1st Main E Block Kodigehalli Main Road, Sahakara Nagar, Bangalore - 560092, Opposite To SBM Bank, Near Twin Tower"
"Gundappa Donne Biryani","+ 91  80 60502349","No.120/1, 1st Main,Seshadripuram Road, Malleswaram, Bangalore - 560003, Near Palace Guttahalli Circle,Opposite North Wind Bar And Restaurant"
"Athithi Residency Restaurant","+ 91  80 41507674",""
"Bhagini Restaurant","+ 91  80 68888869","No.2, Amrutha Court, Kaggadasapura Main Road, C V Raman Nagar, Vignana Nagar, Bangalore - 560037, Near Vignana Nagar Bus Stop"
"Manis Dum Biryani","+ 91  80 65000505","No 13, Varadhani Complex, Sarjapur Outer Ring Road, Bellandur, Bangalore - 560103, Opposite To Bangalore Central Mall"
"New Paradise Hyderabadi Biryan...","+ 91  80 33052174","No.224/Y, 100 Feet Ring Road,7th Block, Banashankari 3rd Stage, Bangalore - 560085, Near Kamakya Theatre"
"New Biriyani Mane","+ 91  80 65652999","No.5, Raguvanahalli Street, Kanakapura Road, Bangalore - 560062, Near Ksit College"
"Copper Chimney","+ 91  80 67266455","Unit No. F-15, 1st Floor, Phoenix Marketcity, Whitefield Road, Mahadevapura, Bangalore - 560048, Beside Bata Showroom"
"Taj Rahmania Hotel","+ 91  80 25592006","No.383, Jumma Masjid Road, Oph Road, Shivaji Nagar, Bangalore - 560001, Above Taj Hotel & Near Russel Market"
"Hotel Little Imperial","+ 91  80 41646360","No.5, AC 921, 1st Block, Hrbr Layout, Babusa Palya, Kalyan Nagar, Bangalore - 560043, Near To Bus Stop"
"The Kabab Room At Vapour","+ 91  80 49422313","No.773, 100 Feet Road, Indiranagar, Bangalore - 560008, Near Axis Bank"
"Aqni Restaurant","+ 91  80 25433334","No 1534, Hennur Main Road, Hbr Layout, Bangalore - 560043, Near Petrol Bunk"
"Ammis Biryani","+ 91  80 39457777","No.47/1, BBMP Ward No.160, Beml Layout, 3rd Phase, Rajarajeshwari Nagar, Bangalore - 560098"
"Ammis Biryani","+ 91  80 39457777","No.645, 24th Cross, Banashankari 2nd Stage, Bangalore - 560070, Opposite To State Bank Of Mysore"
"Hyderabadi Biryani Utsav","+ 91  9964644447","Arden Fair Building, 1st Floor, PAI Layout, Old Madras Road, Bangalore - 560016, Above Dominos"
"Dandes Hyderabad Biryani","+ 91  80 39827087","No.268/3, 1st Floor, Bvnr Complex, Hosur Main Road, Bommanahalli, Bangalore - 560068, Near Bommanahalli Signal"
"Biriyani Zone","+ 91  9738799293","No. 87/2, GN Plaza, Seegehalli, Whitefield Hoskote Main Road, Kadugodi, Bangalore - 560067, Opposite To Sterling Villa Grande"
"Sai Mango Tree Restaurant","+ 91  80 32559597","No.4/3, Bhuvanappa Layout, Hosur Road, Koramangala, Bangalore - 560034, Opposite To Forum, Behind Home Building"
"Pulimunchi Restaurant","+ 91  80 23616678","No.188/1, 1st Floor, 13th Cross, Upper Palace Orchards, Sadashivanagar, Bangalore - 560080, Near Bashyam Circle"
"Ammis Biryani","+ 91  80 39457777","K R Complex, 8th Main, New Bel Layout, Vidyaranyapura Block 4, Bangalore - 560097, Next To Post Office, Adjacent To Syndicate Bank"
"New City Kitchen","+ 91  80 65681315","No.1, Slv Layout, T C Palya Main Road, Anandpura Circle, Thambuchetty Palya, Bangalore - 560036, Near Axis Bank ATM"
"Faasos","180030023939","No.121, 2nd Main, Kasturi Nagar, Bangalore - 560043, Near Chaya Hospital"
"Birinz Asli Hyderabadi Biryani","+ 91  80 65996599","No.425,Ksr Court, 7th Cross,8th Main Road, BTM Layout 2nd Stage, Bangalore - 560076, Beside Health And Glow"
"Chicken County Restaurant","+ 91  80 23514456","No.561, Mosque Complex, Devasandra Main Road, New Bel Road, Raj Mahal Vilas 2nd Stage, Bangalore - 560094, Opposite to Ganesha Temple , Near HP Petrol Pump"
"Donne Biryani Mane","+ 91  80 33724536",""
"Bunts Biryani Palace","+ 91  80 26697231","No.487, 80 Feet Road, Bank Colony, Banashankari 1st Stage, Bangalore - 560050, Opp. Ayurveda Therapies"
"Chandrappa Hotel","+ 91  80 23606186","No.40/4, 15th Main, Msr Industrial Estate Road, Mathikere, Bangalore - 560054, Near Ramaiah College Bus Stop"
"Coringa Restaurant","+ 91  80 65705016","No.5 & 6, Sindhu Building, Jakkur, New Airport Road, Yelahanka, Bangalore - 560064, Above Coffee Day, Near Vidyashilp School"
"Hyderabadi Biryani","+ 91  9731841126","19th Main, BTM Layout 1st Stage, Bangalore - 560029"
"Little Empire Restaurant","+ 91  80 41470238","No.16, Millers Road, Vasanth Nagar, Bangalore - 560052, Near Ambedkar Bhavan"
"Gundappa Donne Biriyani","+ 91  80 23123888","Mahakavi Kuvempu Road, Rajajinagar, Bangalore - 560010, Opposite To Boots Showroom, Near Navarang signal"
"Biryani House","+ 91  80 64556455","No.850/2, Sri Sumukh, Ground Floor, 1st Main Road, D Block, Sahakara Nagar, Bangalore - 560092, Near Sterling Apartments"
"Viking Family Bar And Restaurant","+ 91  80 23444411","No.136, 8th Main Road, 15th Cross, Malleswaram West, Bangalore - 560055, Near MES College"
"Saits","+ 91  80 40928094","No.55, Mm Road, Frazer Town, Bangalore - 560005, Opposite To Big Post Office"
"Biriyani House","+ 91  8050090055","No 10, Outer Ring Road, Nagawara, Bangalore - 560045, Next To Manyahtha Tech Park"
"Helloo Delhi","+ 91  80 65351717","No.17, 18th Main, Hsr Layout Sector 3, Bangalore - 560102, Near Reliance Digital & Nandini Cool Joint"
"Gundappa Donne Biryani","+ 91  80 42352255","No.14,Nahar Heritage Complex, St Marks Road, Bangalore - 560001, Opposite To Bank of india"
"New Ambur Biryani Centre","+ 91  9008291946","Masjid Noor Complex, 24th Main Road, Agara, Hsr Layout Sector 1, Bangalore - 560102, Near Agara Hanuman Statue"
"New Inchara Family Restaurant","+ 91  80 33293075","No., Bellary Road, New International Airport Road, Yelahanka, Bangalore - 560064, Opposite Jakkur Aerodrome And Next H P Petrol Bunk"
"Chinnaswamy Naidu Biriyani","",""
"Hotel Prashanth","+ 91  80 39558725","No.31, 12th Main Road, Rajajinagar 3rd Block, Bangalore - 560010, Near Swathi Gift Centre"
"The Grand Taj Restaurant","+ 91  80 25591838","No.5/1, Lady Curzon Road, Shivaji Nagar, Bangalore - 560001, Opposite To Bowring Hospital"
"Donne Biryani House","+ 91  80 68888355","No.62, 1st Main, Koramangala 7th Block, Bangalore - 560095, Opposite To HDFC Bank"
"Akshaya Deluxe","+ 91  80 23583311","Magadi Main Raod, P And T Layout, Sunkadakatte, Bangalore - 560091, Near Unani Hospital"
"Biriyani Mane","+ 91  80 33561470","No.1345, South End Main Road, Jayanagar 9th Block, Bangalore - 560069, Near Bangalore Centre"
"3 Spice (Fusion Foods)","+ 91  80 41554141","No.115/34, 8th Cross, 4th Main, Wilson Garden, Bangalore - 560027, Behind Bata Showroom"
"Santhrupthi Hotel","+ 91  80 65656526","Double road, Beml 3rd Stage, Rajarajeshwari Nagar, Bangalore - 560098, Near Kanakadasa Circle"
"New Nandini Hotel","+ 91  80 33569695","No.6, Uttarahalli Main Road, Padmanabhanagar, Bangalore - 560070, Opposite To Brigade Residency"
"Ammis Biryani","+ 91  9739392407","24th main road, Jp Nagar 6th Phase, Bangalore - 560078, crystal hotel"
"Chinnaswamy Naidu Biriyani","+ 91  9108918704","11, Ground Floor, Arya Hub Mall, ITPL Main Road, Whitefield, Bangalore - 560066, Hope Farm"
"Biryani Day","+ 91  80 23377001","No.522/B, 1st Main, A Block, 17th Cross, Tank Bund Road, 2nd Stage, Rajajinagar, Bangalore - 560010, Near Vivekananda College"
"Ruchis Biryani","+ 91  80 32965127","No.42/111, 2nd Floor, Kundalahalli,ITPL Main Road, Kundalahalli, Bangalore - 560037, Opposite Cosmos Mall"
"New Biryani Paradise","+ 91  7795212900","No.8/1, Lakshmipura Main Road, Indiranagar, Bangalore - 560038, Near Cmh Road"
"Naati Oota","+ 91  9448622354","No.312, 15th Cross, Jp Nagar 5th Phase, Bangalore - 560078, Near Cafe Coffee Day"
"Gonguras","+ 91  8904233998","No.37/38, 14th Main,7th Sector, HSR Layout, Bangalore - 560102, Next To Bda Complex"
"Ammis Biryani","+ 91  80 39457777","No.35/7, Langford Road, Richmond Circle, Shanthinagar, Bangalore - 560027, Opposite To St Joseph College"
"Coastal Biriyani Paradise","+ 91  80 41466655","No.11, 10th Cross, CBI Road, Ganganagar, Bangalore - 560032, Near CBI"
"Biryani Paradise","+ 91  80 26421238","No.83, Ittamadu Main Road, Banashankari 3rd Stage, Bangalore - 560085, Near Janatha Bazaar Circle"
"Hyderabad Biryaani House","+ 91  8861784801","Varthur main road, kundalahalli,, Ramagondanahalli, Bangalore - 560066"
"Shaadi Ki Biryani","+ 91  80 65650707","137, Ground Floor, Brigade Road, Bangalore - 560025, Next To Brigade Towers 4, 5"
"Donne Biriyani Mane","+ 91  9900453024","#633, 19th main, 2th cross, Banashankari 2nd Stage, Bangalore - 560070, Opp to BDA Complex"
"Sambram Biryani Paradise","+ 91  9980875526","No.135/14, 100 Feet Road, Jp Nagar 3rd Phase, Bangalore - 560078"
"Zeeshan Restaurant","+ 91  80 41616648","No 1 Gopal Reddy Layout, Gopal Reddy Layout,18th Cross,21st Main,5th Phase, Jp Nagar, Bangalore - 560078, 5th Phase"
"Raidan Restaurant","+ 91  80 40915140","St Germain School Building, Promenade Road, Frazer Town, Bangalore - 560005, Near Coles Park"
"Ammis Biryani","+ 91  80 39457777","No.M20, 10th Main, LIC Colony, Sector 11, HAL 3rd Stage, Jeevan Bima Nagar, Bangalore - 560075, Opposite To Axis Bank ATM"
"Mango Tree Restaurant","+ 91  80 65555884","No 1099/88/1, Marathahalli Outer Ring Road, Bellandur, Bangalore - 560103, Opposite Salarpuria Soft Zone, Near Citrus Hotel"
"Hotel Gowdas","+ 91  80 40907438","No.38/1, HMT Main Road, Mathikere, Bangalore - 560054, Near Agarval Bhavan"
"Shetty Lunch Home","+ 91  8971897132","No 17, Dinnur Main Road, Bangalore - 560032, Next ING Vysya Bank"
"Navaithes Kitchen","+ 91  80 42107797","No.81/6, Chanukya Layout, Nagawara, Bangalore - 560045, Opposite To Manyata Tech Park"
"Nizams Paradise","+ 91  80 67232400","No. 1085, 18th Cross, 14th Main, HSR Layout, Bangalore - 560102, Near Bda Complex, Opposite MC Donalds"
"Baadsha (The Golden Palms Hote...","+ 91  80 23712222","No.31/32, Tumkur Road, Nelamangala, Bangalore - 562123, Oppsotie To Himalaya Drug Factory"
"Adda The Restaurant","+ 91  80 42112433","# 34/5, D.C Halli Main Road,, Devarachikkana Halli, Bangalore - 560076, Opposite Golden Park Apartment"
"Narmadas Hyderabad Biryani","+ 91  80 33724858","No.1/1,1st Floor, 100 Feet Ring Road, Btm Layout 1st Stage, Bangalore - 560029, Near Water Tank & Opposite Samsung Showroom"
"Hotel Niyaaz","+ 91  80 25534343","No.48, 48th B Cross, Koramangala, Bangalore - 560095, Near Jyothinivas College"
"7 Biryanis","+ 91  80 40955678","No 612/1, Lotus Building, 4th Floor, 80 Feet Road, Koramangala 4th Block, Bangalore - 560034, Near Sony World Signal"
"Hotel Aditya","+ 91  9740445349","No.159, 6th Main, Mahalakshmipuram Layout, Bangalore - 560086, Opposite To Nandhini Theatre"
"Chillys Restaurant","+ 91  80 41725222","No.956, 1st Mn Rd, Hoody, Whitefield, Mahadevapura, Bangalore - 560048, Near Tata Elexsi"
"Ammis biryani","+ 91  80 39457777","No. 60, Near Mk Ahmad Stores,, 6th Sector, Hsr Layout,, HSR Layout, Bangalore - 560102, Next To Me Ahmad Supermarket"
"Beegara Oota","+ 91  80 22580009","No. 519, 1st Floor, 24th Main, Parangipalya Main Road, HSR Layout Sector 2, Bangalore - 560102, Near Keb Office, Above Muthoot Finance"
"Royal Savera Restaurant","+ 91  80 25472233","No 66, M M Road, Frazer Town, Bangalore - 560005, Opposite Mosque"
"Biryani Paradise","+ 91  80 25435888","No.43,1st Floor,Shwetha Complex, Kammanahalli main road, Kammanahalli, Bangalore - 560084, NearTo Satya hospital"
"Kabab Magic","+ 91  80 25726667","No.1565,Masti Square, Service Road, HSR Layout Sector 1, Bangalore - 560102, Near Indian Oil Petrol Bunk"
"Imperio Restaurant","+ 91  80 60505151","No.101/9, Apple City, Hoskote Main Road, Seegehalli, Kadugodi, Whitefield, Bangalore - 560067, Near HP Petrol Bunk"
"Mustard Food Court","+ 91  80 65754854","No.46, 18th Main, 17th Cross, 3rd Sector, HSR Layout Sector 3, Bangalore - 560102, Next To Bank Of India"
"Mayura Andhra Style Restaurant","+ 91  80 28397288","No. 9, Kiadb Complex, TVS Cross, Peenya Industrial Area, Bangalore - 560058, Near TVS Cross Signal"
"House Of Kababs","+ 91  80 33293039","No.39/1, Ground Floor, R V Chambers, R V Road, Basavanagudi, Bangalore - 560004, Opposite To Vijaya College"
"Taaam Restaurant","+ 91  9845538234","No.19/1, Muniswamy Road, Queens Road, Bangalore - 560051, Near Congress Office"
"Manthara Kabab Magic","+ 91  80 69999931","HAL Main Road, Marathahalli, Bangalore - 560037, Near Brand Factory"
"Kareems Restaurant","+ 91  9900625626","No.426, Ground Floor, Railway Parallel Road, Ngef Layout, Sadananda Nagar, Sadananda Nagar, Bangalore - 560038, Near Satellite Bus Stop"
"Shahi Hyderabadi Dum Biryani","+ 91  80 65322214","No. 63, 1st Main, 7th Block, Koramangala, Bangalore - 560034, Near HDFC Bank"
"Donne Biriyani Paradise","+ 91  9008887763","No.44, Sanjay Nagar main road,Ashwathnagar, Sanjay Nagar, Bangalore - 560094, NearAshwath nagar bus stop"
"BAWARCHI INN","+ 91  8971655556","NO.1, BTM COMPLEX, 1ST FLOOR, 100 FEET RING ROAD, Btm Layout 1st Stage, Bangalore - 560029, Opp matrimony.com"
"Sibas Dinnning Multicuisine Re...","+ 91  80 33642925","No.38,Paradise Stay Inn, 3rd Main,3rd Cross, Ramaiah Layout, Kammanahalli, Bangalore - 560084, Near Sathya Hospital"
"Abhiruchi Hotel","+ 91  80 65606666","Bannerghatta Road, Bangalore - 560076, Opposite To Meenakshi Mall"
"Al Khair Restaurant","+ 91  80 23652244","No.45/2, Sultan Palya Main Road, 8th A Cross, Kanaka Nagar-rt Nagar, Bangalore - 560032, Near New Mart Super Market"
"Biryani Paradise","+ 91  80 33090410","No.4/3, 12th Main Road, 4th Cross, Mathikere, Bangalore - 560054, Near M S Ramaiah College Road"
"Chandini Chowk Restaurant","+ 91  9972305871","No.28, 80 Feet Road, Koramangala 6th Block, Bangalore - 560095, Near Sony World Signal And Opposite IBP Petrol Bunk"
"Curries & Pickles Restaurant","+ 91  80 33090341","No.4, Kagdaspura Main Road, 29th Cross, Kaggadasapura Road, Bangalore - 560093, Near State Bank Of India ATM"
"Shahi Special Hyderabadi Dum B...","+ 91  80 65322212","No.991, 5th A Cross, Service Road, 1st Block, Hrbr Layout, Kalyan Nagar, Bangalore - 560043, Near Karnataka Bank"
"DONNE BIRIYANI MANE","+ 91  80 23144606","#16, Sampige layout 8 th main road pattegerpalya, Vijayanagar, Bangalore - 560040, Near total gas govindraju nagar"
"Express 2 Bhojan","+ 91  80 33292880","No,1/12, indian express Building, Queens Road, Bangalore - 560001"
"Amrutha Grand Restaurant","+ 91  80 69999493","No.31/32, Ground Floor, Outer Ring Road, Nagawara, Bangalore - 560045, Near Manyatha Tech Park"
"New Biriyani Mane","+ 91  80 65667755","No.604, 5th Stage,2nd Phase,BEML Layout, Rajarajeshwari Nagar, Bangalore - 560098, Near Bus Depo"
"Mr Chef Restaurant","+ 91  80 23641213","No.1269/1, 1st Block, Bel Layout, Vidyaranyapura, Bangalore - 560097, Above More Super Market"
"Khazana Food Paradise","+ 91  9900903909","No. 16, Aga Abdullah Street, Richmond Town, Bangalore - 560025, Behind Johnson Market"
"Ruchi Rayalaseema","+ 91  80 41700009","No.534/77, 4th Floor, Ajantha Avenue, Puttenahalli, 7th Phase, Jp Nagar, Bangalore - 560078, Opposite To Brigade Millennium"
"The Ambient Turret","+ 91  80 49379999","No.35/A, 1st Main Road, Jp Nagar 3rd Phase, Bangalore - 560078, Opposite Jayadeva Hospital"
"Bhagini Pavilion","+ 91  80 32563331","No.58, Singhayakanahalli,Doddaballapur Main Road, Yelahanka, Bangalore - 560064, Near BMST College"
"Andhra Chimney","+ 91  9008025552","Whitefield Main Road, Whitefield, Bangalore - 560066, Opposite To St Joseph School"
"The Studio Bar II","+ 91  80 67294080","No 132, 3rd Floor, Elements Mall, 100 Feet Road, Thanisandra Main Road, Nagawara, Bangalore - 560045, elements mall 3rd floor"
"Gundappa Donne Biryani","+ 91  8041314555","#63, 100ft. Road, Koramangala 5th Block, Bangalore - 560034, Near sukh sagar"
"Ammis Biryani","+ 91  80 67977777","26th Main, Jayanagar 9th Block, Bangalore - 560069, Near ICICI Bank & Jayshree Bar And Restaurant"
"Ambur Biryani Point","+ 91  9008154629","No. 302, 1st Main Road, Koramangala 2nd Block, Bangalore - 560034, Shreya hearing clinic"
"The Biriyani Authentic Hyderabadi","+ 91  7676710768","No 39, L I C Colony, Jeevan Bima Nagar, Bangalore - 560075, Opposite To Indian Petrol Bunk Or Above Coffe Day"
"Al Badriya Restaurant","+ 91  80 33292774","No 5/59,Saraswathama Complex, Tc Palya Main Road,Akshaya Nagar, Ramamurthy Nagar, Bangalore - 560016, Near Koshis Hospital"
"Kadai Crust","+ 91  80 42074371","No.197/A, Double Road,2nd Stage, Indiranagar, Bangalore - 560038, Opposite HDFC Bank"
"New Imperial Restaurant","+ 91  80 26714439","No.39/3c, Kanakapura Main Road, Banashankari 2nd Stage, Bangalore - 560070, Opposite To Prabha Eye Clinic"
"MMA Kababs And Biriyani Centre","+ 91  9901251691","No 39/3, Itpl Main Road,Kundalahalli Gate, Marathahalli, Bangalore - 560037, Opposite To Silver Line Bakery"
"Oasis Restaurant","+ 91  80 33530681","No 25/1, Grond Floor, R V Road, Bangalore - 560059, Near R V College"
"Coringa Restaurant","","100 Feet Road, Koramangala, Bangalore - 560095, Opposite To Canara Bank,Near BDA Complex"
"Hotel Alpha","+ 91  8861496656","No.107/P-4, Praveen Transport Complex, Pattadur Agrahara, Itpl, Whitefield, Bangalore - 560066, Opposite To Service Gate C"
"Satyas Kitchen","+ 91  9900803078","No. 1, 80 Feet Road, HMT Layout, R T Nagar, Bangalore - 560032, Near BMTC Bus Depot"
"Moti Mahal Delux Tandoori trail","+ 91  80 40914854","No.331, 27th Main, Hsr Layout Sector 2, Bangalore - 560102, Opposite to Andhra Bank"
"The Park East 01","+ 91  80 22206777","1/1, kumara krupa rd, Kumara Krupa Road, Bangalore - 560001, shivananda stores"
"Uttarahalli Biryani House","+ 91  9945567476","No.6/7, 3rd Cross, Nethaji Subash Chandra Bose Road, Uttarahalli, Bangalore - 560061, Near Uttarahalli Bus Stop"
"Fill N Chill Multicuisine Rest...","+ 91  80 33511448","No.107/2,, 80 Feet Road,, Koramangala 4th Block, Bangalore - 560034, Between Sony World & Maharaja Signal,"
"Donne Biriyani House","+ 91  9880827537","Shop no427, 8th Main traffic police station, Vijayanagar, Bangalore - 560040, Near vijayanagar Bus stop"
"Manis Dum Biryani","+ 91  8951183766","shop no.7, CRM Soubhagya annex ,vartur road, Marathahalli, Bangalore - 560037, spice garden"
"Biryani Pot","+ 91  80 33674569","No.1/84/1, 2nd Floor, Shama Transport Building, Hosur Main Road, Madivala Junction, Koramangala, Bangalore - 560095, Above Citi Bank ATM, Behind S V Hospital"
"HOTEL ARCHANA GRAND","+ 91  80 25728888",""
"Donne Biriyani","+ 91  80 32929919","No.49/8, 29th B Main, BTM Layout 1st Stage, Bangalore - 560068, Next To Axa Company,Opposite To Kuvempu Nagar Bus Stop"
"Bhuvis Hyderabad Bawarchi Biryani","+ 91  80 40976285","No.6/3, Ground Floor, 1st Cross, Koramangala, Bangalore - 560095, Opposite Forum Mall,Beside Yamaha Bike Showroom"
"Charminar Hyderabadi Chicken B...","+ 91  7022088999","No.3/1, 2nd Main Road, Palace Guttahalli Main Road, Malleswaram, Bangalore - 560003, Near Vinayaka Circle"
"Biryani Adda","+ 91  9535744422","No.42, Bashyam Circle, Rajajinagar, Bangalore - 560010, Opposite To Adyar Ananda Bhavan Sweets & Snacks"
"Pot Biryani","+ 91  9164588869","No.71, Krishnapa Gowda Building, Electronic City Phase 1, Bangalore - 560100, Near Wipro Gate 12"
"Empire Suites","+ 91  80 40414140","No.35, Castle St, Castle Street, Bangalore - 560025, Of Brigade Rd"
"New Royal Darbar","+ 91  9964784567","No. 788 MIG, Yelahanka New Town, Bangalore - 560064, Near Mother Dairy Circle"
"Lucknowiz Restaurant","+ 91  9986645105","No.1006, 7th Main,80 Feet Road, Koramangala, Bangalore - 560034, Near Wipro Signal"
"Biryani Club","+ 91  80 41224407","No.L 10, Sector XI, 10th Main, Jeevan Bima Nagar, Bangalore - 560075"
"Rutvi Andhra Style Family Rest...","+ 91  80 32428865","P 2, Rk 01, Rbi Gowtham Housing Society, Jp Nagar 7th Phase, Bangalore - 560078, Next T R Hospital"
"City Durbar Restaurant","+ 91  80 22458877","No. 76/1, 30th Cross, Jayanagar 4th T Block, Tilaknagar, Bangalore - 560041, Next To SS Traders"
"Shaan E Punjab","+ 91  80 42242288","No.401, 5th Main, 2nd Block, HRBR Layout, Kalyan Nagar, Bangalore - 560043, Near Indian Gas Agency"
"Daawat E Rasoi","+ 91  80 41616106","ALS Complex, 1st Main Road, 2nd Cross, R T Nagar, Bangalore - 560032, Opposite To Indian Oil Petrol Bunk"
"Ammi Biryani","+ 91  80 65690242","No.7, 80 Feet Road, 2nd Stage, Chandra Layout, Bangalore - 560040, Opposite KFC Restaurant"
"New Kabab Plaza","+ 91  8971120007","Balaji Complex, Hennur Bagaluru main road, Kothanur, Bangalore - 560077, Near TVS showroom"
"Naidu Biryani Hut","+ 91  80 41279255","No.10/30/1, 1st Main, Gokul 1st Stage, 2nd Phase,,, Mathikere, Bangalore - 560054, Opposite To Bombay Dying Road, And New Sagar Hotel"
"Venkat Geethanjali Restaurant ...","+ 91  80 32323232","No.2961, 1st A Cross, 2nd Stage, Rajajinagar, Bangalore - 560010, Diagonally Opposite To Navarang Theatre"
"Royal Bawarchi","+ 91  8884382828","Shop No 3 & 4, Amrutha College Road, Kasavanahalli, Bangalore - 560035, Beside BRS Global School,Off Sarjapur Road"
"Al-Fanaar Restaurant","+ 91  80 23547899","Dinnur Main Road, Bangalore - 560032, Next To Kotak Mahindra Bank"
"Shree Yummys Palace","+ 91  80 23562402","No 261, Sampige Road, 17th Cross, Malleswaram, Bangalore - 560003, Next Shekar Hospital"
"Kabab Curry Aur Biryani","+ 91  80 41654422","No. 724, A Sector, Yelahanka Main Road, Yelahanka New Town, Bangalore - 560064, Near NES Bus Stop"
"New Kadai Family Restaurant","+ 91  9742364763","No. 24, Kammanahalli Main Road, Kammanahalli, Bangalore - 560084, Near to Ganesh Temple"
"Emirates Restaurant","+ 91  80 23540079","No.24, RK Terminus, Bellary Road, Ganganagar, Bangalore - 560032, Next Shell Petrol Pump"
"Biryani Adda","+ 91  9945345566","No 1774, 22nd main rd, Govindaraj Nagar-Vijaynagar, Bangalore - 560040, Behind A 2 B hotel"
"Grand Mubarak Restaurant","+ 91  80 23632272","No.15, Marappa garden, Benson Town, Bangalore - 560046, Near 119 bus stop"
"Tandoor Fusion","+ 91  80 60123999","No.121, 5th Main, 7th Cross, Malleshpalya, New Thippasandra, Bangalore - 560075, Near Foodmaxx, Next To Maheshwaramma Devi Temple"
"Birbal Darbar","+ 91  80 65650300","8/1C, Sarjapur Road, Bangalore - 560034, Doddakannelli, Near Decathlon, Opposite RGA Tech Park"
"The Biryanis","+ 91  80 25202333","No.39, LIC Colony,10th Main Road, Jeevan Bima Nagar, Bangalore - 560075, Opposite Indian Oil Petrol Bunk"
"Charminar Kabab Paradise","+ 91  80 25484607","No.41, Mosque Complex, Mm Road, Frazer Town, Bangalore - 560005, Opposite To Masjid"
"Hyderabad Ruchis","+ 91  9620253338","74, 1st Floor, Govinda Reddy Building, ITPL Main Road, Brookefield, Bangalore - 560037, Opposite AECS Layout, Kundanahalli"
"Hyderabad Biryani Corner","+ 91  7406721198","No.793, Mig, Ground Floor, Double Road, Yelahanka New Town, Bangalore - 560064, Near State Bank Of Patiala"
"Siddique Kabab Centre","+ 91  8105214235","No. 1574, East End Main Road, Jayanagar 9th Block, Bangalore - 560069, Opposite Naval Party Hall"
"New Prashanth Hotel","","No 4, Thundlu Main Road, Vidyaranyapura, Bangalore - 560097"
"Biryani House","+ 91  8748035251","No.5, PNS Layout, 60 Feet Road, Kammanahalli, Bangalore - 560084, Near Kullappa Circle"
"Curries & Pickles","+ 91  9535703777","Whitefield Road, Mahadevapura, Bangalore - 560048, Near Phoenix Market City Mall"
"Sri Sai Grand","+ 91  9036090805","No 66, 100 Feet Road, Banaswadi, Bangalore - 560043, Opposite to Food World"
"Basmati Restaurant","+ 91  7411719385","No.165/4,Bashireddy Complex, Hoodi Main Road, Mahadevapura, Bangalore - 560048, Near BBMP Office"
"Hotel Salala","+ 91  9036263454","1, Devappa Building, Old Airport Road, Murugeshpalya, Bangalore - 560017, near total mall"
"Naati Mane","+ 91  9480389777","Sarjapur Main Road, Hsr Layout, Bangalore - 560034, Near Agara Bus Stop"
"Thindipotha","+ 91  7899693683","No 295 silver square building, Whitefield main road, Whitefield, Bangalore - 560066, Opp mayura bakery above city Union bank Whitefield main road"
"Manis Dum Biryani","+ 91  80 65321900","No 15, Ground Floor, Koramangala 1st Block , 1st Main, Jakkasandra, Bangalore - 560034, Near Axis Bank ATM"
"Biryani Royale","+ 91  80 42241111","No.119, Nehru Road, Kullappa Circle, Kammanahalli, Bangalore - 560084"
"Ammis Biryani","+ 91  80 39457777","No.172, Mahalakshmi Complex, Devarachikkanahalli Main Road, Bommanahalli, Bangalore - 560068, Near Royal Legend Apartment"
"BTM Bawarchi Biryani","+ 91  80 33762169",""
"Jaffas Biryani","+ 91  80 33673508","No.92/3, 7th main, Venkataswamy Building, Tulsi Theatre Main Road, Marathahalli, Bangalore - 560037, Behind Home Town"
"Alfaham Family Restaurant","+ 91  80 25918599","No.77, Big Bazaar Road, Nagavarapalya Main Road, C V Raman Nagar, Bangalore - 560093, Near Mina Masjid"
"Mirchi Curry Point","+ 91  8095811122","No.971/26, 15A Cross, Kanti Sweets Road, Yelahanka, Bangalore - 560064, Near Chaithanya Hospital,Opp Khb High Rise Appartments"
"Twilight Tandoor Restaurants","+ 91  9972396699","No.951-H, 8th A Main, 1st Phase, Ideal Home Township, Rajarajeshwari Nagar, Bangalore - 560098, Near Indian Oil Petrol Bunk And Corperation Bank"
"Donne Biriyani House","+ 91  9845821871",""
"Riwaaz Restaurant","+ 91  80 41728444","No.37/3, Meanee Avenue, Ulsoor Lake, Bangalore - 560008"
"Sunrise Restaurant","+ 91  80 64513719","No.53, 80 Feet Road, Jp Nagar 1st Phase, Bangalore - 560078, Near Indira Gandhi Circle"
"Green View Restaurant","+ 91  80 68888920","No 28/9, Hegade Nagar Main Road, Yelahanka, Bangalore - 560064, Opposite Reva University"
"Taj Restaurant","+ 91  80 41249978","No. 116/117, City Market, N R Road, Bangalore - 560002, Opp To City Market Bus Stop"
"The Biryani Paradise","+ 91  9448882232","No.4/1, 7th Main Road, Sr Nagar, Richmond Road, Bangalore - 560025, Near Geo Hotel"
"Madras Masala Family Restaurant","+ 91  80 65781234","No.601, 1st Main, Aecs Layout, Kundalahalli, Bangalore - 560037, Near Cosmos Mall"
"Eat N Meet","+ 91  9008444844","No.5,6,7, Neeladrinagar Main Road, Electronic City Phase 1, Bangalore - 560100, Near Ajmer Apartment"
"Curries & Pickles","+ 91  8971014499","No.3048, 80 Feet Road-Indiranagar,2nd Stage,, Indiranagar, Bangalore - 560038, Opposite Monkey Maze"
"11 To 11 Vijaywada Style Multi...","+ 91  80 25525527","No.63, Jyothi Nivas College Road, 5th Block, 4th Cross Road, Industrial Layout, Koramangala, Bangalore - 560095, Near Circlus Pub"
"Faasos","+ 91  7022019193","No.1/8, Nanda Ashirwad Complex, Canara Bank Colony Road, Nagarbhavi, Bangalore - 560072, Behind Village Hipper Market"
"Tiara Food Court","+ 91  80 28611999","No.38, Utharahalli Kengeri Main Road, Channasandra, Bangalore - 560067, Next To Rnsit College"
"Rayaans Restaurant","+ 91  7204214960","No.329, 27th Main Road, Hsr Layout Sector 2, Bangalore - 560102, Opposite To Andhra Bank"
"Green Park Farm Dhaba","+ 91  8861232895","N H 48, Kunigal Road, Mallarabanawadi Cross, Nelamangala, Bangalore - 562123, Near B P Indian School"
"Star Biryani","+ 91  8880290234","No 50 Puttappa Compound, Mahadevapura, Bangalore - 560048"
"Biryani House","+ 91  8884950252","Gopalan Grandeur, Mahadevapura, Bangalore - 560048, Near Kamath Hotel"
"Ginger Restaurant","+ 91  8951230464","No.105, Ashwath Nagar, Sanjay Nagar, Bangalore - 560094, Near Ashwathnagar Bus Stop, Opposite To IFB Point"
"Papannas Biriyani","+ 91  80 65303036","No. 1460, 14th Main, Dr Siddhiah Puranik Marg, 2nd Stage, Basaveshwara Nagar, Bangalore - 560079, Near Shankar Mutt"
"Banashankari Donne Biryani And...","+ 91  9743050305","No.10, 15th Main Road, Hanumantha Nagar, Bangalore - 560019, Near Maruthi Circle"
"Donne Biriyani Mane","+ 91  9986947335","10th Main Road, Jeevan Bima Nagar, Bangalore - 560075, Opposite To Nal Quarters"
"MY KITCHEN","+ 91  80 69993336","No.737/1, Kohinoor Square, 1st Floor, Malleshpalya Main Road , Vignana Nagar, Malleshpalya, Bangalore - 560075, Above ICICI Bank"
"DAKSHIN","+ 91  80 22278910","No 164, 4th Main Road, Wilson Garden, Bangalore - 560027, Near to Wilson Garden police station"
"Biryani Adda","+ 91  9844864747","No.17, Kodigehalli Main Road, Sahakara Nagar, Bangalore - 560092, Near Sterling Park Appartments"
"Huliyappas Donne Biryani","+ 91  7795510007","Bellary Road, Service Road, Byataranyanapura, Bangalore - 560092, Near Byatarayanapura Signal"
"Ugadi","+ 91  80 43692864","No.609, 10th A Main Road, Jayanagar 9th Block, Bangalore - 560011"
"Basmati Restaurant","+ 91  9108554617","No.36/1, Varthur Hobli, Kadubeesanahalli, Bangalore - 560087, Opposite To Jp Morgan Prestige Tech Park"
"Banashankari Donne Biryani","+ 91  8105539286","No. 19, Subash Chandra Bose Road, Banashankari 2nd Stage, Bangalore - 560070, Bendrenagar"
"Pot Biriyani","+ 91  9632091611","#7, Hulimavu-Begur Main road, DLF New Town, Bangalore - 560076, Akshayanagar,Yelenahalli Village"
"Marwa Restaurant","+ 91  80 26785734","No.944, 16th Main, Btm Layout 2nd Stage, Bangalore - 560076, Near Udupi Garden,Opposite Food Day"
"Lazeez Xpress","+ 91  80 41538637","No.939, 6th D Main, Koramangala 1st Block, Bangalore - 560034, Near Wipro Park"
"Chopstick World","+ 91  80 23232336","No. 5, 1st Main Road, 2nd Block, 3rd Stage, Basaveshwara Nagar, Bangalore - 560079, Opposite To Police Station"
"Alankrutha","","No. 935, SAI Arcade, 1st Floor, 16th Main Road, Btm Layout, Bangalore - 560076, Near Udupi Garden Signal"
"Donne Biriyani Mane","+ 91  8147474411","No.1, Hessarghatta Main Road, Bangalore - 560073, Next To Dominos Pizza"
"The Bawarchi","+ 91  9739977771","No.20, 1st Floor, Banaswadi Main Road, Banaswadi, Bangalore - 560043, Near Fire Station"
"Hyderabadi Biryani House","+ 91  8105849666","No.633/B555, Arekere Road, Bannerghatta Road, Bangalore - 560076, Opposite To HSBC"
"Biryani Corner","+ 91  80 33562066","No.4/19, 30th Main, Banashankari 3rd Stage, Bangalore - 560085, Opposite KIMS"
"Hotel Andhra Chillies","+ 91  80 39828881","No.91/13, Tc Palya Main Road, Ramamurthy Nagar, Bangalore - 560016, Near Family Doctor Clinic"
"Ruchi Curry Point","+ 91  7676704455","No.F/519, 60 Feet Road, Sahakara Nagar, Bangalore - 560092, Opposite Balaji Sweets"
"The Biryani Cafe","+ 91  9902889904","No. 476, 2nd Floor, 9th Cross, Banashankari 3rd Stage, Bangalore - 560085, Near Avalahalli BDA Park"
"Foodies Express","+ 91  80 33566736","No.4, 2nd Phase, Fruit Market Road, Electronic City, Bangalore - 560100, Near TCS"
"F M Biriyani Plaza And Caterers","+ 91  8553236359","10th Main, Kalyan Nagar, Bangalore - 560043, Opposite Hennur Bus Depot"
"Roti Mane Restaurant","+ 91  9980197778","No.16, Uttarahalli- Kengeri main road, Poorna Pragna Layout, Uttarahalli, Bangalore - 560061, Opposite To P P Layout Water Tank"
"Lords Biryani","+ 91  80 33080414","No. 53/3, Nagarbhavi Main Road, Nagarbhavi, Bangalore - 560072, Next To Nagarbhavi Village Bus Stop"
"Donne Biriyani Mane","+ 91  9980774411","No.88/4, Rbdgts Building, Majestic, Bangalore - 560023, Near City Railway Station"
"Biryani Day","+ 91  80 33059725","Tulasi Theater Road, 7th Cross, Tulasi Theatre Road, Marathahalli, Bangalore - 560037, Behind Innovative Multiplex"
"Andhra Vilaas","+ 91  80 41496666","No 17/1,Chandra Mansion, HDFC Bank Road,Bellandur Gate, Haralur-HSR Layout, Bangalore - 560102, Oppsite Spring Field Apartments,Next Family Hyper Market"
"The Moms Kitchen","+ 91  80 28375544",""
"Eat Street","+ 91  80 42296566","No 900, 80 Feet Road, Koramangala 6th Block, Bangalore - 560095, Opposite To Indian Oil Petrol Bunk"
"Atithi Multi Cuisine Restaurant","+ 91  9916500066","No.4, Basaveshwara Nagar Main Road, 60 Feet Road, Rajajinagar Industrial Estate, Bangalore - 560010, Next To H P Petrol Bunk"
"Mayuri Bar and Restaurant","+ 91  9036366029","Poornima Complex, Whitefield Main Road, Bangalore - 560066, Opposite Mayura Sweets And Bakery"
"Taj Hot Kitchen","+ 91  9980255465","No.62, Mosque Road, Frazer Town, Bangalore - 560005, Near Uco Bank"
"Raichur Biryani House","+ 91  8050008880","# 30/17, 19th Main Road, Hsr Layout Sector 4, Bangalore - 560102, Opposite To Gnan Shrishti School Of Excellence"
"Aroma Family Restaurant And Bar","+ 91  80 25611115","No.13 , New No.831, Old Madras Road,Kr Puram Extension, Krishnarajapuram, Bangalore - 560036, Opposite To Deepa Hospital"
"Biryani Hub","+ 91  9900072822","No.3 And 4,Sri Arunachaleshwara Building, Marathahalli Outer Ring Road, Bellandur, Bangalore - 560103, Near Trinity Meadows"
"Uncles Kitchen","+ 91  80 49515001","No.1, Leheri Building, SBI Layout, 2nd Main, Kodichikanahalli, Bangalore - 560076, Near Aravind School And Anjaneya Temple"
"Ammis biryani","+ 91  9743209013","#1653, Kumaraswamy lay out Main road, Kumaraswamy Layout, Bangalore - 560078, Opp.Apollo Pharmacy"
"Rice & Roll","+ 91  80 41478669","No.100, Place On Earth Building, Old Madras Road, PAI Layout, Bangalore - 560016, Behind Honda 2 Wheeler Showroom"
"A To Z Family Restaurant","+ 91  9538296730","No.1, 24th Main, HSR Layout Sector 2, Bangalore - 560102, Opposite K E B Power Station & Near To Food Palace"
"The Village Restaurant","","Brookefield, Bangalore - 560037"
"Venkys Express","+ 91  8892459430","No.604, 4th Cross, 2nd Block, HRBR Layout, Kalyan Nagar, Bangalore - 560043, Near Axis Bank"
"Dil Pasand Biryani Paradise","+ 91  9449666335","Robertson Road, Frazer Town, Bangalore - 560005"
"7 Biryanis by Kuchipudi","+ 91  80 40955678","No.612/1, Lotus Building, 80 Feet Road, 4th Block, Koramangala, Bangalore - 560095, Near Sony World Signal"
"New Kabab Zone","+ 91  9739201153","#7, Kothannur Main Road, Rajathadri Layout, Jp Nagar 8th Phase, Bangalore - 560076, Opposite Medplus, Near B K Circle"
"Biriyani Paradise","+ 91  7846817186","No. 4/3, M S Ramaiah College Road, 12th Main Road, 4th Cross, Mathikere, Bangalore - 560054, Near Ramaiah College"
"Moms rasoi","+ 91  9945644440","#22, 2nd main road , Vaiyalikaval, Vaiyyalikaval, Bangalore - 560003, next to Rajesh hotel"
"Ambur dum star biryani","+ 91  9738056472","No.1378/5, East end circle, Jayanagar 9th Block, Bangalore - 560069, Near central mall"
"Biryani Delicacy","+ 91  80 60506551","No 359, Wheller Road Extension, St Thomas Town, Bangalore - 560084, Near Banaswadi Railway Station"
"Swathi Restaurant","+ 91  9902627945","No.25/1, 9th Cross, Jp Nagar 2nd Phase, Bangalore - 560078, Opposite To Lakshmi Venkateshwara Temple"
"Families Food Court","+ 91  80 42044267","No.3, Shamsundar Palya, Hsr Layout Sector 2, Bangalore - 560102, Opposite To Sri Sairam Vidya Mandira"
"The Diner","+ 91  80 28410777","No.107/4, Agrahara Road, Whitefield, Bangalore - 560066, Near Itpl Exit Gate No.3, Beside HCL Vertex"
"Spicy Tree","+ 91  80 41200145","No.2/8, 23rd Cross, Marenahalli, Jp Nagar 2nd Phase, Bangalore - 560078, Opposite To Mayura Sweets"
"Radinya Tandoori Mane RTM","+ 91  80 40939888","No.14/2 Ward No.12, 4th Cross Fkc Building, Hosur Main Road, Bommanahalli, Bangalore - 560068, Sub way Near Krishna Theater"
"Nimma Mane Restaurant","+ 91  80 33057147","No.14, Airport Main Road, Domlur, Bangalore - 560071, Behind New Shanthi Sagar Hotel"
"Ambur Biriyani","+ 91  8792563130","No.1, 2nd Main Road, New Bel Main Road, New Bel Road, Bangalore - 560054, Near to Mahabazaar, Near PNB Bank"
"Donne Biryani","+ 91  9945779848","Amjapura Main Road, Shanthinagar, Bangalore - 560027, Sudhamnagar"
"Dastarkhan Lazeez Khana","","No.1, K. Narayanapuram road, Hegde Nagar, Bangalore - 560077, Near Kothanur bus stop"
"Hotel Taj Regency","+ 91  80 65900000","No.59, Whitefield Road, Mahadevapura, Bangalore - 560048, Opposite Mahadevpura Police Station"
"S Hotel","+ 91  80 42456060","No. 60, 13 Th Cross,2nd Main, Jp Nagar 3rd Phase, Bangalore - 560078, Near Shoppers Stop"
"Ambur Star Biryani","+ 91  80 25720796","No.44, 12th Main, 7th Cross, HSR Layout, Bangalore - 560102, Behind Bda Complex"
"Kabab Ghar","+ 91  8884888891","No 70,1st Main, Near Richmond Circle, Sampangiramnagar, Bangalore - 560027, Behind Woodland hotel"
"Biryani Ghar","","No.8, 1st Floor, Allied Grande Plaza, Magrath Road, Bangalore - 560025, Opp to Garuda Mall"
"Biriyani Corner","+ 91  8105772236","No.30/7-31, 22nd Main Road, Nagendra Block, Banashankari, Bangalore - 560050, Opposite Pes College"
"Nest (Howard Johnson Bengaluru...","+ 91  80 30407008","C/O Howard Johnson Bengaluru Hebbal, Thanisandra Main Road, Nagawara Junction, Nagawara, Bangalore - 560045, Near Manyata Embassy Business Park"
"Donne Biryani Angadi","+ 91  7795510007","Bellary Road, Hebbal, Bangalore - 560024, Near Amruthalli Signal"
"The Grub Hub","+ 91  80 69990075","L1 -05 Skywalk Building Ground floor, 5/1 Assaye road, Ulsoor, Bangalore - 560008, Near YMIA club, Nr Ulsoor lake"
"New Royal Darbar","+ 91  9620025786","No 169, 707, 1st Main Road, 4th Phase, Yelahanka New Town, Bangalore - 560064, Opposite To 4th Phase Bus Stop"
"Ambur Star Biriyani","+ 91  7795723101","No.3, 1st Main, Garvebhavi Palya Main Road, Begur Road, Bommanahalli, Bangalore - 560068"
"New Ambur Hot Dum Biryani","+ 91  9821814136","Ashwathnagar, Sanjay Nagar, Bangalore - 560094, Opposite To Maruti Service Centre"
"Utopia Restaurant","+ 91  9535466077","No.5,Anjanadri Krust Shopping Complex, Kundalahalli, Bangalore - 560037, Near Axis Bank ATM,Opposite Government High School"
"Callista Bar And Kitchen","+ 91  9741216529","No.38/3, Outer Ring Road, Marathahalli, Bangalore - 560037, Opposite EMC Square"
"Sadda Circle Restaurant","+ 91  80 40954500","No.17b/5 17b/ 6, Db Pura Main Road, Yelahanka, Bangalore - 560064, Opposite To Rail Wheel Factory"
"Hotel Savajis","+ 91  9449034000","No.25, 1st Stage, Manjunath Nagar, Rajajinagar, Bangalore - 560010, Near SBI ATM & Opposite To Navrang Chord Road Bridge"
"Donne Biriyani Mane","+ 91  8880070716","No.2639, Maruti Nagar, Nagarbhavi Main Road, Nagarbhavi, Bangalore - 560072, Next To Muthoot Finance & Opposite To Frank Ross Pharma"
"Cubbonpet Donne biriyani","+ 91  80 33724515","#2704/2, 14 th main road, e block, Sahakara Nagar, Bangalore - 560092, near reliance fresh"
"Red Bowl Restaurant","","No. 90/1, Ram Arcade, Outer Ring Road, Munnekulalu Village, Marathahalli, Bangalore - 560037"
"Malgudi Baduta","+ 91  8722846167","No.202, 2nd Block, 28th Cross, Rajajinagar, Bangalore - 560010, Near KLE College"
"Biryani Wala","+ 91  80 41566744","No.1383 & 1384, New No.40, East End A Main Road, Jayanagar 9th Block, Bangalore - 560069, Near To East End Circle"
"Coastal Biriyani Paradise","+ 91  80 41217055","No 126, 7th main, Jayanagar 4th Block East, Bangalore - 560011, Behind Hatti Coffee"
"New Kabab Zone","+ 91  9740022666","No.1057, Devarachikkanahalli Main Road, Vijaya Bank Colony, Bilekahalli, Bangalore - 560068, Opposite To Heritage Fresh"
"Kaafila Restaurant","+ 91  80 41214400","No.487, 1st A Cross, Jyoti Nivas College Road, Koramangala 5th Block, Bangalore - 560034, Opposite To Krishna Temple"
"Reddys Restaurant","+ 91  9620057965","No. 1131, 17th Cross, Hsr Layout Sector 7, Bangalore - 560068, Near HSR BDA Complex"
"Raj Mahal","+ 91  9880436870","No. 242, 7th Cross, Mico Layout, Btm Layout 2nd Stage, Bangalore - 560076, Near Disney bakery"
"Ambika Biriyani Corner","+ 91  9591236499","No.175, OMBR Layout, 4th Main, Banaswadi, Bangalore - 560043, Opposite To ICICI Bank"
"Bismillah Biryani & Kabab Corner","+ 91  9980683339","No.49, Ramamurthy Nagar Main Road, Dodda Banaswadi, Bangalore - 560043, Beside Baldwin School"
"Sri Lakshmi Curries","+ 91  7676666799","Shop No.32, Subramanyapura Main Road, Uttarahalli, Bangalore - 560061, Opposite To Cafe Coffee Day"
"Grand Southern Spice","+ 91  80 33092346","No.37, Ganapa Nilayam Buliding, Sgr College Main Road, Munnekolla, Marathahalli, Bangalore - 560037, Opposite To Sgr Dental College"
"Donne Biryani Mane","+ 91  9035500217","No.15/ B, Dodda Bommasandra, Vidyaranyapura, Bangalore - 560097, Near Indian Oil Petrol Bunk"
"Afghani Qabuli & Biryani","+ 91  80 41105888","No.21, Praise The Lord Mansion, Nehru Main Road, Thomas Town, Kammanahalli, Bangalore - 560084, Opposite To Sreeraj Lassi Bar"
"Biriyani Palace Taste Of Ambur","+ 91  9886077936","No.435, 13th Cross, Jeevan Bima Nagar, Bangalore - 560075, Near Om Shakthi Temple"
"Grab Eat","+ 91  80 28026700","No. 3/15, Ascendes Park Square Mall, 3rd Floor Itpb Main Road, Whitefield, Bangalore - 560067"
"Bhagini Grand","+ 91  8123917897","Bangalore International Airport Road, Hunasamarana Halli, Bangalore - 562157, Near Toyota Show Room And Opposite To Government School"
"Hello Curry","+ 91  80 42094209","No.35/1b, Geetana Orchid, 1st Floor, Itpl Main Road, Marathahalli, Bangalore - 560037, Near Purva Riviera Apartment"
"Ambur Biriyani","+ 91  9980830833","No.153, 9th Cross, 2nd Main, Indiranagar, Bangalore - 560008, Near RTO Office"
"The Q Restaurant","+ 91  80 65357575","Outer Ring Road Hebbal, Nagawara, Bangalore - 560045, Opposite To Manyata Tech Park"
"BIRYANI MANE","+ 91  80 33055406","No.115, opp chinnappa layout, outer ring road , beside IOC, Mahadevapura, Bangalore - 560048, near EMC Square"
"S K Donne Biryani","+ 91  9886512671","#220, 13th cross, Indiranagar Shopping Complex, Bangalore - 560038, Near Adigas"
"FOOD STAR","+ 91  80 25490573","R.S.Playa, Kammanahalli, Bangalore - 560043, Near corporation Bank"
"Biryani Magic","+ 91  9986583274","No.948, 16th Main Road, Btm Layout 2nd Stage, Bangalore - 560076, Opposite Fooddays"
"Hyderabad Handi Biryani","+ 91  80 26682232","No.6, 1st Main, N.S Palya, BTM Layout 2nd Stage, Bangalore - 560076, Near PM Kalyamantap"
"Mangala Hotel","+ 91  80 33091284","No 5, 1st Main, 1st Block, Jakkasandra Extn, Koramangala, Bangalore - 560034, Opp HDFC Bank"
"Biryani Hotel","+ 91  9341905911","No 40, Arabic College Complex, Arabic College Main Road, Nagawara, Bangalore - 560045"
"Maa Reddys Hyderabadi Biryani ...","+ 91  80 33569356","No.47/14, 1st Phase, Electronic City, Bangalore - 560100, Near Velankini Gate Bus Stop,Opposite To Hp Surya Wave"
"Mayu Restaurant","+ 91  80 28390886","No.11/7, S M Road Jalahalli Cross, Jalahalli Cross, Bangalore - 560057, Opp to Sangeetha Mobile"
"Donne biryani mane","+ 91  80 65000346","56, 6th sector, HSR Layout, Bangalore - 560102, Opp to bda complex"
"Biriyani Treats","+ 91  9880147147","No.1 & 2, 80 Feet Road, New Bel Road, Bangalore - 560097, Behind HDFC Bank"
"Banashankari Biriyani","+ 91  8861776666","Anand Complex, 1st Main Naidu Layout, Banashankari 3rd Stage, Bangalore - 560085, Near Abbayya Naidu Studio"
"Donne Biryani Mane","+ 91  7259553333","14, Hesaragatta Main Road, Jalahalli, Bangalore - 560013, Defence Colony"
"Wok N Tava","+ 91  9342427966","No 340, 1st B Cross, Koramangala 7th Block, Bangalore - 560095, Near Bharath Petrol Pump, Next To Totoodo"
"M M A Kabab Centre","+ 91  7406511807","No.6/1, Old Madras Road, Indiranagar, Bangalore - 560038, Opposite To Indiranagar Bus Depot"
"Green Family Bar & Restaurant","+ 91  9731894798","No. 106/4, Ground Floor, Neeladri Nagar, Electronic City, Bangalore - 560100, Adjacent To Himagiri Towers"
"Biriyani Ghar","+ 91  9986806710","No.8,Allied Grand Plaza,1st Floor, Magrath Road, Ashoknagar, Bangalore - 560025, Opposite Garuda Mall,Above Nalli Sliks"
"Karavali Delux","+ 91  80 26582628","No.62, 7th Cross,2nd Phase,Marenahalli Main Road, Jp Nagar, Bangalore - 560078, Opposite R V Dental College"
"Infinity Family Restaurant","+ 91  9590386059","No.43, B. Chikkanna Layout, Mahadevapura, Bangalore - 560048, Near Maheswaramma Temple, Behind More Mall"
"Sultans Garam Masala","+ 91  80 25564224","No.32, Castle Street, Ashoknagar, Bangalore - 560025, Next To Empire Hotel"
"Shine Family Restaurant","+ 91  80 41511148","No.272, S C Road, Gandhi Nagar, Bangalore - 560009, Near Annamma Temple"
"My Chefs Kitchen","+ 91  80 41241110","148, R.S.Palya, Kammanahalli, Bangalore - 560043, Near Lakshmi Party Hall"
"Empire Plaza","+ 91  80 23124103","No.32, Rajajinagar 1st Block, Bangalore - 560010, Opposite Bank Of India"
"Rasoiis Restaurant","+ 91  80 42188822","No.60,Nrv Complex, Cholanayakanahalli Main Road,Hebbal, R T Nagar, Bangalore - 560032, Near Vidyanjali School"
"Biryani Paradise","+ 91  9972840147","No.29, 3rd Cross, Nagarbhavi, Bangalore - 560072, Opposite To Anand Gym"
"Eat N Meet","+ 91  9742811477","Reddy Residency, Chandrapura, Hosur Main Road, Bommasandra Industrial Area, Bangalore - 560099, Opposite To Narayana Narayana Hrudayalaya Hospital"
"Biryani Adda","+ 91  7026182238",""
"7 Star Ambur Dum Biryani","+ 91  9743262211","No.30/A, Shampura Main Road, R T Nagar, Bangalore - 560032, Next To Dr Ambedkar Medical College"
"Ambur Dum Biriyani","+ 91  9164601088","No.3, Shop No.1, Vivekanandanagar, Kathriguppe Main Road, Bangalore - 560085, Near 43 Bus Stop"
"Maria Restaurant","+ 91  9986764551","No.1, Ramanjaneya Layout, Marathahalli, Bangalore - 560037, Behind HP Petrol Pump"
"Ambur Biriyani","+ 91  8892173780","# 3, SNT Road, Ulsoor Lake, Bangalore - 560008, Opposite To Millennium Tower"
"Hotel ashok","+ 91  8050980977","Babureddy layout, r t nagar post, Manorayana Palya, Bangalore - 560032, Near touch wood apartments"
"Kevins Kitchen","+ 91  9738509396","43, 20th J Cross road, Ejipura, Bangalore - 560047, Near VRR homes"
"Bhagini Palace Multicuisine Fa...","+ 91  80 65961818","No.92/6, Outer Ring Road, Marathahalli, Bangalore - 560037, Opposite Innovative Multiplex Theatre"
"Ovenfresh Restaurant","+ 91  80 28026520","Park Square Mall, Itpl Main Road, Whitefield, Bangalore - 560066"
"Biryani Junction","+ 91  80 33094706","298/10, Old Madiwala, 100 Ft Ring Road, Btm 1st Stage, Bangalore, Outer Ring Road, BTM Layout 1st Stage, Bangalore - 560029, Opp Btm Bus Stand"
"Nawabi The Finest Hyderabadi C...","+ 91  80 65356677","Yamuna Complex, Nagavarapalya Main Road, C V Raman Nagar, Bangalore - 560093, Near More Megastore,Opposite Ammas Pastries"
"Chef In Restaurant","+ 91  80 65677779","ITPL Main Road, Kundalahalli, Bangalore - 560037, Beside To Cafe Coffee Day Lounge, Opposite To Maharaja Furniture"
"Donne Biryani Mane","+ 91  8065000707","No.1354/107, 1st Floor, Pattandur Agrahara, Whitefield, Bangalore - 560066, Opposite To ITPL Gate No.3"
"Kritunga Restaurants","+ 91  80 65665777","6th Block, Koramangala, Bangalore - 560095, Near Jyothi Nivas College"
"MRS Paradise Family Restaurant","+ 91  9481788191","No.119/A, 9th Main, Jayanagar 4th Block, Bangalore - 560011, Opposite To Cafe Coffee Day, Opposite To Jayanagar Club"
"Sri Banashankari Donne Biriyan...","+ 91  9902978133","No 621, 80 Feet Road, Banashankari 3rd Stage, Bangalore - 560085, Hoskerehalli Cross"
"Banashankari Biryani Corner","+ 91  80 25618888","Survey No 11/3, Service Road, Bangalore - 560038, Next To SS Bar, Before Evoma Hotel, Battarahalli"
"Ambur Biryani Zone","+ 91  7411976245","7th Main, 80 Feet Road, Banaswadi, Bangalore - 560043, Near Patel Public School"
"FLAVORS OF NORTH","+ 91  80 23602386","No. 4/1, M S Ramaiah Engineering College Road, 3rd Cross, Mathikere, Bangalore - 560054, Near M S Ramaiah College Gate No.11, Opposite To NIIS"
"Namana Restaurant","+ 91  80 23484213","No.37/E, 80 Feet Road, Basaveshwara Nagar, Bangalore - 560079, near punya hospital opp mrp wine store"
"Coastal Spice","+ 91  80 23420002","No.2/9, Abhimaani Vasathi Hotel, Ground Floor, Dr Rajkumar Road, Rajajinagar, Bangalore - 560010, Near Kanva Hospital"
"Hotel Hyderabadi Chicken And M...","+ 91  9945697070","No.1, Nagawara Mn Rd, Nagawara, Bangalore - 560045, Nr Umarbin Khattab Masjid Cmplx"
"Ankur Restaurant","+ 91  80 65345566","Plot No.238 & 239, Hoodi, Whitefield, Bangalore - 560066, Opposite To Kuppuswamy Steel Yard"
"Prashanth Hotel","+ 91  9844838300","No.877/24,Ground Floor, Dwarakanagar,BMTC Depo Road,Channasandra, Rajarajeshwari Nagar, Bangalore - 560098, Near Adhiswar Show Room"
"Moonlight Biryani","+ 91  80 33724028",""
"Savipriya Donne Biriyani Mane","+ 91  9901650689","1/2, West Park Road, 7th Cross, Malleswaram, Bangalore - 560003"
"Tandoori Ghar Multicuisine Res...","+ 91  80 33091643","No.41/4, Cholanayakanahalli, Bangalore - 560032, Opposite To Acharya College"
"Familiar Food","+ 91  80 49524012","# 2625, 27th main, HSR Layout Sector 1, Bangalore - 560102, Before NIFT"
"Spicy Hub","+ 91  8147096339","No.M 22 Ground floor, Jeevan Bima Nagar Main Road, Jeevan Bima Nagar, Bangalore - 560075, Opposite To Axis Bank ATM"
"Mudde Manar Military Hotel","+ 91  8095838333","No.32/C, 100 Feet Road, Koramangala 5th Block, Bangalore - 560034, Near Sukh Sagar"
"Danny Lambas Punjabi Dhaba","+ 91  9343775155","No.17, Bda Complex, 1st Stage, Indiranagar, Bangalore - 560008, Old Madras Road"
"Biriyani Mahal","+ 91  80 26750666","No.298, Mysore Road, Bangalore - 560026, Near Byatarayanapura Police Station, Opposite Kavika Factory"
"Chillyz Food Court","+ 91  80 33090239","No. 1081/1, 24th Main, Hsr Layout Sector 1, Bangalore - 560102, Opposite To Assetz Apartment"
"Fine Food","+ 91  80 65652055","No.625/5, Shop No.2, Basement, Geddalahalli Village, Hennur Main Road, Bangalore - 560043, Near South Indian Bank"
"Sri Lakshmi curries and pickles","+ 91  80 26655086","Shop no.298, 24th main road,, Jp Nagar 6th Phase, Bangalore - 560078, Opposite IDBI Bank"
"New Bhagini Deluxe Restaurant","+ 91  80 65376777","New International Airport Road, Byataranyanapura, Bangalore - 560092, Opposite To Gkvk, Near Shell Petrol Bunk"
"Maya Restaurant","+ 91  80 25594365","No. 52/1, Rawars Inn, Church street, Church Street, Bangalore - 560001, Opposite to blue frog"
"Bangalore Belly","+ 91  80 33644679","No.70/7, Lalbagh road, Lalbagh Road, Bangalore - 560027, Near Passport Office"
"Biryani Mane","+ 91  80 25343311","No.12, Byrasandra, C V Raman Nagar, Bangalore - 560093, Behind Bagmane Tech Park, Next To Chitrakut Dham Apartments"
