"Name","Phone","Address"

"1947 Restaurant","+ 91  80 28605666","No 292/A, 12th Cross,Ideal Home Township, Rajarajeshwari Nagar, Bangalore - 560098, Opposite Maharastra Bank"
"Golden Oak","+ 91  80 33724824","Lamarvella Hotel, No.1,1st Floor, 14th Cross, South End Circle, Jayanagar 2nd Block, Bangalore - 560011, Opposite Bangalore Hospital"
"Hyderabadi Bawarchi","+ 91  80 33294746","No 960, Prithvi Arcade, Vidyaranyapura Main Road, Vidyaranyapura, Bangalore - 560097, Next To Adigas"
"Hyderabadi Bawarchi","+ 91  80 33054732","No.1012, Ground Floor, Dasarahalli Main Road, Kempegowda Circle,, Dasarahalli, Bangalore - 560024, Near Shoba Moon Apartments, Near Maruthi Temple"
"Shanghai Chowk To Coastal H...","+ 91  80 33538255","No.670, 11th Main, Jayanagar, Bangalore - 560011, Opposite Jayanagar 4th T Block Post Office"
"Nesara Grand Restaurant","+ 91  80 39558158","Satya Heritage, 13th Main,E Block,8th Cross,Parallel Kodigehalli Main Road, Sahakara Nagar, Bangalore - 560092, Opposite Bbmp Park"
"4 Seasons Multicuisine Rest...","+ 91  80 33531246","1st Floor, Inorbit Mall, ITPL Road, Whitefield, Bangalore - 560066, Beside Marriott 5 Star Hotel, EPIP Area"
"Spice Root","+ 91  80 33091451","No.12, Byrasandra Main Road,G M Palya, C V Raman Nagar, Bangalore - 560093, Behind Bagmane Tech Park Back Gate"
"The Royal Kitchen","+ 91  80 33293961","No 6, 3rd Main Road,Bismilla Nagar, BTM Layout 1st Stage, Bangalore - 560029, Beside HDFC Bank"
"ReddyS Paradise","+ 91  80 33530839","# 1313/41, Lakshmu towers, Adjacent to devasandra main road, Krishnarajapuram, Bangalore - 560036, Old Aishwarya palace building"
"Seasons Restaurant","+ 91  80 33792582","No.36/1, Hosur Main Road, Electronic City, Bangalore - 560100, Near Bmtc Bus Depo"
"Mainland China Restaurant","+ 91  80 39491234","No 14, Church Street, Bangalore - 560001"
"Eden Park Restaurants","+ 91  8880845845","No.722/22, 10th Main,36th Cross, Jayanagar 4th Block, Bangalore - 560011, Opposite Limelite Salon,Near Jayanagar 5th Block Telephone Exchange"
"Keerthi Restaurant","+ 91  80 33763200",""
"Chef Land Restaurant","+ 91  80 33642036","No 43, Swetha Complex, Rammaiya Layout, Kammanahalli, Bangalore - 560084, Near To Kammnahalli Church"
"Hunan","+ 91  80 33532564","No.123,1st Floor, JNC Road,1st Main,5th Block, Koramangala, Bangalore - 560095, Above Costa Coffee And Opposite Califonia Pizza Kitchen"
"Gams Delicacy Restaurant","+ 91  80 64555224","Door No 61, 7th Block, Koramangala, Bangalore - 560095, Above Corner House And Near HDFC Bank"
"Bean Here","+ 91  80 33724257","No.3,The Solitaire Hotel, Madhavnagar, Kumara Krupa Road, Bangalore - 560001, Near Sivananda Circle"
"Hongkong Garden","+ 91  80 33532688","No 184/3, 9th Cross, Kaggadasapura Road, Bangalore - 560093, Near SCIT College"
"Zhangs Chinese Restaurant","+ 91  80 39559883","No 1743, 17th Main, Jp Nagar 2nd Phase, Bangalore - 560078, Near Diwakars Hospital"
"Mainland China Restaurant","+ 91  80 39491234","No 28/2, 1st Floor, Whitefield Main Road, Bangalore - 560066, Siddapura"
"Shandong Restaurant","+ 91  80 28444918","No 39-40,1st Floor Idhaya Complex, Geddalahalli, Kothanur, Bangalore - 560077, Near Mantri Splendour"
"Baristo Brew","+ 91  80 33530601","No 10 , 4th floor dominos building, Krishna Nagar , industrial area, Hosur Main Road, Bangalore - 560029, Near to Christ college"
"Delicacy Chinese And Thai F...","+ 91  80 39827717","No.313, 4th Cross,Ombr Layout, Banaswadi, Bangalore - 560043, Opposite St George College"
"Olive Garden Restaurant","+ 91  80 33052615","No.414, Hrbr Layout,4th Cross,Cmrc Road, Kalyan Nagar, Bangalore - 560043, Opposite BSNL Office"
"Spice Up Restaurant","+ 91  80 32931154","No.228/A, 9th Main,Ksrtc Layout,2nd Phase, Jp Nagar, Bangalore - 560078, Near Divakar Global Hospital"
"Filling Station Restro And Pub","+ 91  80 33531392","No.33,, 17th Main, 5th Cross, 5th Block,, Koramangala, Bangalore - 560095, Opposite Nandhana Grand Hotel"
"R V International Lodging A...","+ 91  80 33642955","No.K 7, 100 Feet Ring Road,1st Phase,Kiadb Industrial Area,Anekal Taluk, Jigani, Bangalore - 560105, Near APC Circle"
"Fill N Chill Multicuisine R...","+ 91  80 33511448","No.107/2,, 80 Feet Road,, Koramangala 4th Block, Bangalore - 560034, Between Sony World & Maharaja Signal,"
"Mainland China Restaurant","+ 91  80 33054231","No 430, Service Road, HRBR Layout, Bangalore - 560043"
"4 Seasons Multicuisine Rest...","+ 91  80 33013467","No.5,A C/402,Lamcy Plaza,1st Floor, HRBR 2nd Block ,Kammanahalli Cross, Kalyan Nagar, Bangalore - 560043, Opposite To Tanishq"
"Nile Garden Restaurant","+ 91  80 33569991","No 13, 4th Main,1st Cross, Madivala, Bangalore - 560068, Behind Ayyappa Temple"
"Raaga","+ 91  80 25272755","No .3, Cmh Road, Indiranagar, Bangalore - 560008, Near HDFC Bank"
"Beyond China Restaurant","+ 91  80 33619186","No.188/1, 6th Main,Defence Colony, Indiranagar, Bangalore - 560038"
"Chings With A Twist","+ 91  80 39626083","No.1,2nd Floor, Dasarahalli Main Road,Bhuvaneshwari Nagar,9th Cross, Hebbal, Bangalore - 560024, Above Reliance Fresh,Behind Godrej Apartments"
"Hong Kong Noodles","+ 91  80 33700745",""
"Mainland China Restaurant","+ 91  80 33293946","No 4032, 100ft Road, Indiranagar, Bangalore - 560038, Opposite Barbeque Nation, Hal II Stage"
"Mainland China Restaurant","+ 91  80 33724249","9th Main Road, Jayanagar, Bangalore - 560041"
"Asia Kitchen By Mainland China","+ 91  80 25504445","136, Ground Floor, 1st Cross Road, 5th Block , Jyotiniwas College Road, Koramangala, Bangalore - 560095, Under The Gold Gym"
"Shanghai Dhaba","+ 91  80 33091050","No.120, P-A3,Santosh Tower, EPIP, KIADP, Whitefield, Bangalore - 560066, Behind Bus Depot"
"Kim Ling Restaurant","+ 91  80 33531551","No 164,1st Floor,Sandeep Arcade, East Of Ngef Road,2nd Main Road, Kasturi Nagar, Bangalore - 560043, Above Kanti Sweets"
"Absolute Sizzlers","+ 91  80 33762667","#329, 3rd floor, Taralabalu Road, R T Nagar, Bangalore - 560032, Opp to Cafe Coffee Day"
"Flavour Of Shanghai","+ 91  9880889933","No.15/1,15/2,Shop No.1,Balaji Complex, Gubblala, Kanakapura Road, Bangalore - 560062, Opposite Mantri Tranquil Apartment"
"King Restaurant","+ 91  80 33082130","No.34/2 Keerthana Apartment, Electronic City Phase 2, Bangalore - 560100, Behind XIME College"
"Food Plaza","+ 91  80 33641742","Narayan Reddy Building,Ground Floor, Narayana Reddy Layout, Electronic City Phase 2, Bangalore - 560100, Near Rajarajeswari Temple"
"Isys Restaurant","+ 91  80 41808777","No.79/8, Diagonal Road, Jayanagar 3rd Block, Bangalore - 560011, Next ICICI Bank"
"The Brew Master","+ 91  80 33294449","No.53/1, 2 & 3, Old Madaras Road,Battrahalli, Virgonagar, Bangalore - 560049, Near Indian Oil"
"Flavors Restaurant","+ 91  80 40985253","No.120p,A3 Epip, Kiadb, Whitefield, Bangalore - 560066, Near Itpl"
"Chung Wah City Chinese Rest...","+ 91  80 33762026","Fortune City Hotel Building, Vidyanagar,1st Cross, Bommasandra Industrial Area, Bangalore - 560099, Opposite SKF"
"Mainland China Restaurant","+ 91  80 22682015","No 24, Upper Ground, Orion Mall, Dr Rajkumar Road, Malleswaram West, Bangalore - 560055, Brigade Gateway Campus, 26/1"
"Empire Restaurant","+ 91  80 41231217","No.161, MLA Layout, R T Nagar, Bangalore - 560032, Next To Adigas Restaurant"
"Sattvam Restaurant","+ 91  80 23608000","No.35, 4th Floor, J M Plaza, Sankey Road, Sadashivanagar, Bangalore - 560080, Opposite Shell Petrol Bunk"
"Chutney Chang","+ 91  80 22443007","No 22, Cosmopolitan Club, 1st Floor, 22nd Cross, Jayanagar 3rd Block, Bangalore - 560011, Near Cosmopolitian Club Swimming Pool"
"Three Quarter Chinese","+ 91  80 33532487","No.22, Church Street, Bangalore - 560001, Near Amoeba Complex"
"Shiro Restaurant","+ 91  80 41738864","No.222, 3rd Floor, Ub City Mall, No.24, Vittal Mallya Road, Bangalore - 560001, Next Shell Petrol Bunk"
"1947 Restaurant","+ 91  80 41261947","No 62, 5th Floor,The High Street Building, 11th Main, Jayanagar 4th Block, Bangalore - 560011, Opposite To Vijaya Junior College"
"High Ultra Lounge","+ 91  80 45674567","Roof Top, World Trade Center, Brigade Gateway Campus, No.26/1, Dr Rajkumar Road, Malleswaram West, Bangalore - 560055, Near Orion Mall"
"Imperial Restaurant","+ 91  80 69994888","No.1324, Double Road, Indira Nagar 2nd Stage, Bangalore - 560038, Near Kaveri School"
"Savoury Seashell Restaurant","+ 91  80 33641429","No 10, Bhavani Layout, Bannerghatta Road, Bangalore - 560076, Next To Maruti Sagar Automobiles"
"Chung Wah Restaurant","+ 91  80 65703696","No.418, 5th Main Road, Kalyan Nagar, Bangalore - 560043, Near 7 plates, 2nd Block, Kalyan Nagar"
"Chungs Chinese Corner","+ 91  80 23368222","No.88/1, Shubh Arcade, 16th Cross, Margosa Road, Malleswaram, Bangalore - 560003, Opposite To The Professional Couriers"
"Chung Wah Restaurant","+ 91  80 41234738","No.22, Saunders Road, Frazer Town, Bangalore - 560005, Opposite To Seventh Day Adventist Hospital"
"China Pearl","+ 91  80 41105060","No.53/1, 5th Cross, 60 Feet Road, Koramangala 6th Block, Bangalore - 560095, Near Nandhana Grand"
"Beijing Bites Restaurant","+ 91  80 41251616","No.11, Fazal Pentagon, Ground Floor, Mosque Road, Frazer Town, Bangalore - 560005, Opposite To More Super Market"
"Chungs Pavilion Restaurant","+ 91  80 25285403","No.3047, 80 Feet Road, Indiranagar, Bangalore - 560008, Diagonally Opposite Yes Bank"
"Chungs Chinese Corner Restaurant","+ 91  80 26644700","No.295, Sri Krishna Complex, 22nd Cross, 10th Main, Jayanagar 3rd Block, Bangalore - 560011, Opposite To Cosmopolitan Club"
"Beijing Bites Restaurant","+ 91  80 40915505","No.11/2, Ground Floor, Sigma Trident, Hayes Road, Richmond Road, Bangalore - 560025, Opposite To Baldwin School"
"1947 Restaurant","+ 91  80 26791213","No.296,Ram Towers,2nd Floor, 100 Feet Ring Road, Banashankari 3rd Stage, Bangalore - 560085, Near Devegowda Petrol Bunk"
"Mamagoto","+ 91  80 40937237","No 949, Ground Floor, 12th Main, HAL 2nd Stage Indiranagar, Bangalore - 560038, Next To ICICI Bank"
"Tim Tai Restaurant","+ 91  80 65698888","No 130, 1st cross, 5th block, Koramangala, Bangalore - 560095, Near Sukh Sagar Hotel"
"Chung Wah Restaurant","+ 91  80 41607999","No 129, Punjab national bank road, Koramangala 5th Block, Bangalore - 560034, Opposite To Jyothi Nivas College, Behind Juice Center, Khb Colony"
"Zaitoon Restaurant","+ 91  80 33532798","No.138,Maruthi Tower, Old Airport Road, Bangalore - 560017, Opposite To Leela Palace"
"Beijing Bites Restaurant","+ 91  80 42068388","No.186/1, Banashankari Mane, 24th Cross, Banashankari 2nd Stage, Bangalore - 560070, Near BDA Complex"
"Chungs Chinese Corner Restaurant","+ 91  80 22202224","No 13, West Minister, No.106, Cunningham Road, Bangalore - 560052, Opposite To H M Geneva House"
"Delicacy Restaurant","+ 91  80 33292958","No.97, Wheelers Road Extension, Cooke Town, Bangalore - 560005, Diagonally Opposite ITC Infotech"
"Chung Wah Restaurant","+ 91  80 25582662","No.45/1, Leo Complex, Residency Road, Bangalore - 560025, Near Symphony Theatre"
"The Rock Restaurant","+ 91  80 30119487","No.2001,3rd Floor, 100 Feet Road, Hal 2nd Stage, Indiranagar, Bangalore - 560038, Opposte To Reliance Digital Showroom"
"Beijing Bites Restaurant","+ 91  80 23417188","No.14, 1st Floor, Indira House, ITI Layout, New Bel Road, Bangalore - 560097, Opposite To Sree Nandhini Palace Hotel"
"Delicacy Restaurant","+ 91  80 33052439","No.1a,1st Floor,LG Complex, Chellakere Main Road, Kalyan Nagar, Bangalore - 560043, Next Chroma Showroom"
"The Tao Terrace Restaurant And...","+ 91  9886640234","No.1, One M G Mall, 5th Floor, Trinity Cirlce, M G Road, Bangalore - 560001, Opposite Hotel Taj Vivanta"
"Taipan Restaurant","+ 91  80 41253080","No.58, 1st Floor, Coles Road, Frazer Town, Bangalore - 560005, Above Sony Centre"
"Canopy Restaurant","+ 91  80 25588542","2nd Floor Public Utility Building, M G Road, Bangalore - 560001, Next mayo Hall"
"Beijing Bites Restaurant","+ 91  80 42246688","No.11, 1st Cross, 5th Block, Koramangala, Bangalore - 560095, Near Sukh Sagar Hotel"
"Beijing Bites Restaurant","+ 91  80 41492149","No 10, H M T Layout, R T Nagar, Bangalore - 560032, Above Spiker Showroom"
"Chungs Chinese Corner Restaurant","+ 91  80 23104929","No.726, Modi Hospital Main Road, 2nd Stage, Mahalakshmipuram Layout, Bangalore - 560086, Next To Petrol Pump"
"Chung Wah Restaurant","+ 91  80 23567888","No.48, 2nd Main Road, Vaiyyalikaval, Bangalore - 560003, Opposite To Namdhari Fresh"
"Yauatcha","+ 91  80 67724400","One M G Road Mall, 5th Floor, Trinity Circle, M G Road, Bangalore - 560001, Opposite To Taj Vivanta"
"Chung Wah Restaurant","+ 91  80 41215557","5, Arekere Gate, Bannerghatta Road, Bangalore - 560076, Above Vijaya Bank , Opposite HSBC"
"Chungs Chinese Corner Restaurant","+ 91  80 25428677","No.401, 5th A Main Road, 2nd Block, Kalyan Nagar, HRBR Layout, Bangalore - 560043, Opposite To Barista"
"I Bar (The Park Hotel)","+ 91  80 25594666","C/O The Park Hotel, No.14/7, Trinity Circle, Bangalore - 560008"
"No Limmits Lounge And Club","+ 91  80 49333000","No.8,2nd Floor,Allied Grande Plaza, Magrath Road, Bangalore - 560025, Above Nalli Silks"
"Chung Wah Opus Restaurant","+ 91  80 32488588","No.63/2, 18th Cross, 8th Main, Jayanagar 3rd Block, Bangalore - 560011, Behind Ramakrishna Hospital"
"Chung Wah Restaurant","+ 91  80 23413814","No.4, 1st Floor, Anagha, Unit No.005, Devasandra, New Bel Road, Bangalore - 560054, Opposite To M S Ramaiah Hospital"
"Chung Wah Restaurant","+ 91  80 33568630","No.33, 1st Floor, Hormavu Main Road, Horamavu, Bangalore - 560043, Near Home Buzz Supermarket"
"Beijing Bites Restaurant","+ 91  80 41268088","No.473, 10th Main, Hal 3rd Stage, Jeevan Bima Nagar, Bangalore - 560075, Near Telephone Exchange"
"Beijing Bites Restaurant","+ 91  80 42114588","No.36, 60 Feet Road, G Block, Sahakara Nagar, Bangalore - 560092, Opposite To Bhagini Restaurant, Behind Big Market"
"New Peking Family Restaurant","+ 91  80 25446020","No.11, Kammanahalli Main Road, Kammanahalli, Bangalore - 560084, Opposite RC Church"
"Sea Rock","+ 91  80 41523344","No 6/4,1st And 2nd Floor,Shivananda Complex, Kumara Park East, Bangalore - 560001, Near Shivananda Circle"
"Beijing Bites Restaurant","+ 91  80 40904288","No.408, 1st Floor, Hrbr Layout, Kammanahalli, Bangalore - 560043, Opposite To Kotak Mahindra & Food Bazarbank"
"Beijing Bites Restaurant","+ 91  80 41463677","No.31,1st Floor,R R Images Building, Panduranga Nagar,60 Feet Main Road, Bannerghatta Road, Bangalore - 560076, Opposite To HSBC Bank,Next To Adigas Hotel"
"Hunan","+ 91  80 33724202",""
"Beijing Bites Restaurant","+ 91  80 28606888","No.179, 1st Floor, Jawaharlal Nehru Road, Beml Layout, Rajarajeshwari Nagar, Bangalore - 560098, Opposite Food World, Near Cafe Coffee Day"
"Wok With Chung Restaurant","+ 91  80 28540039","No.35/1- A, Akshaya Complex, Varthur Main Road, Marathahalli, Bangalore - 560037, Opposite To Yeshomati Hospital"
"Bangalore Mandarin Chinese Res...","+ 91  80 25251772","No 196/A, Double Road, 2nd Stage, Indiranagar, Bangalore - 560038, Beside Nagarjuna hotel"
"Beijing Bites Restaurant","+ 91  80 28029788","No.75, Inorbit Mall, Level 1, Epip Industrial Area, Whitefield, Bangalore - 560066, Next To Sai Baba Hospital"
"Delicacy Restaurant","+ 91  80 33090232","No.972/C,Ground Floor, St Bed Layout, Koramangala 4th Block, Bangalore - 560034, Near Maharaja Hotel Signal"
"Chung Wah Restaurant","+ 91  80 41472788","No.520, 60 Feet Road, Sahakara Nagar, Bangalore - 560092, Near Canara Bank"
"Eden Park Restaurant","+ 91  80 22861100","No.21/1, Cunningham Road, Bangalore - 560052, Behind The Hindu"
"Beijing Bites Restaurant","+ 91  80 41169588","No.16, 1st Floor, Rbi Layout, 7th Phase, Putenahalli Main Road, Jp Nagar, Bangalore - 560078, Opposite Capitol School And Above Kanti Sweets"
"Xian Chinese Restaurant","+ 91  80 41515163","No.132, Ground Floor, Gangadhar Chetty Road, Bangalore - 560042, Below premson Near Gurudwara"
"Saaga Veg","+ 91  80 22260896","No.19/3, Abhishek Hotel, Kumara Krupa Road, Race Course Road, Bangalore - 560001, Opposite To Hotel Bangalore international"
"Wazirs Restaurant","+ 91  80 33642650","No.546/5, Langford Road, Shanthinagar, Bangalore - 560027, Opposite Karnataka Hockey Stadium"
"Beijing Bites Restaurant","+ 91  80 42286088","Old No.21, New No.57, Ground Floor, 8th Cross, Kaggadasapura Main Road, K R Puram Hobli, C V Raman Nagar, Bangalore - 560093, Opposite To Lamcy Super Market"
"Aagaman Veg Uttar Dakshin Fine...","+ 91  80 33094800",""
"Moriz Restaurant","+ 91  80 41614242","No 614, C Block Aecs Layout, Kundalahalli, Bangalore - 560037, Opposite Brookfield Hindustan Lever"
"Beijing Bites Restaurant","+ 91  80 40965388","No.201, 1st Floor, 2nd Main Road, East Ngef, Kasturi Nagar, Bangalore - 560043, Opposite To Day To Day Supermarket"
"Mango Tree","+ 91  80 26851030","No. 99/4, Nataraja Layout, Kothanur, Jp Nagar, Bangalore - 560078, Behind Brigade Millenium Apartment"
"Banjara Melting Pot","+ 91  80 33700797","Plot No 32, 80 Feet Road,4th Block, Koramangala, Bangalore - 560095, Next Umerkot Restaurant"
"Ginger Tiger Restaurant","+ 91  80 69994949","No. 775, 100 Feet Road, Indira Nagar 2nd Stage, Bangalore - 560038, Near Sony Signal"
"The Mings Legacy","+ 91  80 23433444","#/1, 1st Floor, P&T Colony, RT Nagar Main Road, R T Nagar, Bangalore - 560032, Next to Shanti Sagar"
"Green Gardenia Veg Restaurant","+ 91  80 26698822","No.376,2nd And 3rd Floor, Mk Puttalingaiah Road, Padmanabhanagar, Bangalore - 560070, Above SBI Bank"
"Chowmein Restaurant","+ 91  80 23315599","No.54, Railway Parallel Road, Kumara Park West, Bangalore - 560020, Near Tata Coffee & Next To Empire Towers"
"Singkong Restaurant","+ 91  80 41734151","No.204, 2nd Level, 4th Floor, Comet Block, Ub City, Vittal Mallya Road, Bangalore - 560001, Near Lavelle Road"
"Thalassery Restaurant","+ 91  7022910222","Neeladri Road, Neeladri Nagar, Karuna Nagar, Doddathoguru, Electronic City Phase 1, Bangalore - 560100, Opposite To Village Hyper Market"
"Chung Wah Opus Restaurant","+ 91  80 65788588","No.55, 3rd Floor, 15 Cross, 19th Main, Jp Nagar 2nd Phase, Bangalore - 560078, Opposite To Mast Kalandar, Below Blue Sky"
"Seasons Arabian Sea Food Resta...","+ 91  7411798798","No.7, Bilekanahalli, Bannerghatta Road, Bangalore - 560076, Opposite Kalyani Motors"
"Delicacy Restaurant","+ 91  80 42005566","No.22, 1st Floor, 10th Main Road, Indiranagar, Jeevan Bima Nagar, Bangalore - 560075, Near Government School"
"Bhagini Restaurant","+ 91  80 25427999","No.1253, Outer Ring Road, Banaswadi, Bangalore - 560043, Near Horamavu Signal"
"Green Chillies Restaurant","+ 91  80 65659901","No.17, 1st Cross, Srirama Layout, Jp Nagar 7th Phase, Bangalore - 560078, Opposite To Rbi Water Tank"
"Ginger Greens","+ 91  80 25434744","No. 122/4, Sri Shankar Reddy Building, Outer Ring Road, Kalyan Nagar, Bangalore - 560043, Near Bus Depot"
"Shezan Restaurant","+ 91  80 22287895","No 35/2 Ground Floor Shah Sultan Complex, Cunningham Road, Bangalore - 560052, Opposite To Reliance Web World"
"Altaf Chillies Restaurant","+ 91  80 33092659","No.32/1, North Rd, Hutchins Rd, Cooke Town, Bangalore - 560005, Opp Food Magic"
"Chungs Kitchen","+ 91  80 23618861","No.11, Bda Complex, Rmv Extension, 1st Cross, 9th Main Road, Sadashivanagar, Bangalore - 560080, Opposite To Palace Ground"
"Curry Leaves Restaurant","+ 91  80 33518675","No 1616, 36th Cross, East End Main Road, Jayanagar 9th Block, Bangalore - 560069, Opposite Yamaha Show Room"
"Beijing Bites Restaurant","+ 91  80 41667588","#.723, 1st Floor, Nes Parallel Road, A Sector, Yelahanka New Town, Bangalore - 560064, Above Pizza Hut"
"Savoury Seashell Restaurant","+ 91  80 41256363","No.28, 1st Cross, Maruthi Nagar, 1st Main Road, Madivala, Bangalore - 560068, near enzen it pak"
"Sizzling Szechuan","+ 91  80 41468866","No.4 C-118, Ombr Layout, Banaswadi, Bangalore - 560043, Next To HDFC Bank"
"Bawarchi Restaurant","+ 91  80 25422555","No.20, 1st Floor, Center Court Building, Banaswadi Main Road, Banaswadi, Bangalore - 560043, Near Banaswadi Fire Station, Above Bata Showroom"
"In Wok Restaurant","+ 91  80 22242288","No.85/1, Sheriff House, Richmond Road, Bangalore - 560025, Behind Lakme Beauty Salon"
"Sizzling Szechuan","+ 91  80 25316333","No.13 And 14, Tc Pallya Main Road, Hoysalanagar,Outer Ring Road, Ramamurthy Nagar, Bangalore - 560016, Above Smart Supermarket"
"Oriental Spice Restaurant","+ 91  80 41148989","No.149, C/o Ashraya International Hotel, Infantry Road, Bangalore - 560001, Opposite To Police Commissioner Office"
"Shanmukha Restaurant","+ 91  80 33724420","No 1313, 25th Main, Jayanagar 9th Block, Bangalore - 560069, Near Bangalore Central"
"Bhagini Iris Restaurant","+ 91  80 33563177","No 8/1, Varthur Main Road,Siddapura, Whitefield, Bangalore - 560066, Near D Mart"
"Park N Eat Restaurant","+ 91  80 22261629","No.1, Hare Krishna Road, Kumara Krupa Road, Bangalore - 560001, Near Shivananda Circle"
"De Grand Restaurant","+ 91  9886000028","No.345, 100ft road, Kalyan Nagar, Bangalore - 560043, Dodda Banswadi"
"Wangs Kitchen","+ 91  80 39253925","No.1, Clarkes Road, Richards Town, Frazer Town, Bangalore - 560005, Opposite Richards Park"
"Clove Restaurant","+ 91  80 42454000","C/O Hotel Kandi Tree, No.118-119, 8th B Main, Jayanagar 4th Block, Bangalore - 560011, Near Jain Temple"
"Wangs Kitchen","+ 91  80 32569593","No.305, 100 Feet Road, 15th Main Road, Jp Nagar 5th Phase, Bangalore - 560078, Opposite To Lathangi Ford Car Showroom, Near To Pizza Hut"
"Chungs Chinese Corner Restaurant","+ 91  80 41132312","No.537, Robby Arcade,4th cross, 10th Main, Cmh Road, Indira Nagar 2nd Stage, Bangalore - 560038, Near Metro Station"
"What The F","+ 91  80 44443333","No.2, 3rd Floor, Manandi Plaza, St Marks Road, Bangalore - 560001, Next St Marks Hotel"
"Cinnamon Hotel","+ 91  80 28397899","No.1, Hesargatta Main Road, Chikbanavara, Bangalore - 560090, Opposite To Sapthagiri Hospital And Near Bangalore International Exhibition Centre"
"Royal Treat Restaurant","+ 91  80 33100700","No.88, Industrial Layout, 5th Block, Koramangala, Bangalore - 560095, Besides Jyoti Nivas Girls College"
"Green Onion Restaurant","+ 91  80 25327146","No.44/3, Chandra Prabha Complex,1st Floor,, Residency Road Cross, Residency Road, Bangalore - 560025"
"Slv Corner Restaurant","+ 91  80 26609671","No.42, Vani Vilas Road, Basavanagudi, Bangalore - 560004, Next To Brigade Ratana Apartment"
"Chung Wah Restaurant","+ 91  80 42193888","No.770, 16th Main, 2nd Stage, BTM Layout 2nd Stage, Bangalore - 560076, Opposite To Apollo Pharmacy"
"Wanley Restaurant","+ 91  80 25253463","No. 421/P, Sri Krishna Temple Street, Indiranagar, Bangalore - 560038, Behind Max Showroom, Near ICICI Bank"
"Olive Era Restaurant","+ 91  80 42021219","#1763, 14th Main Road, Kumaraswamy Layout 1st Stage, Bangalore - 560078, Near Swathi Galaxy Hospital"
"Beijing Bites Restaurant","+ 91  80 42093688","No.956,Ground Floor,N S Plaza, 16th Main Road, BTM Layout 2nd Stage, Bangalore - 560076, Opposite To Food World"
"Fat Buddha Restaurant","+ 91  80 41235139","No.70, Cunningham Road, Bangalore - 560052, Near Accenture Office ,Opposite Embasy Woods Apartments"
"New City Kitchen","+ 91  80 65681315","No.1, Slv Layout, T C Palya Main Road, Anandpura Circle, Thambuchetty Palya, Bangalore - 560036, Near Axis Bank ATM"
"Red Onion","+ 91  80 30805871","No. 6 Money Chambers, Double Road, KH Road, Shanthinagar, Bangalore - 560027, Opposite To Olympic Showroom"
"Zam Zam Darbar","+ 91  80 26686262","No.57, 8th A Main, Btm Layout 1st Stage, Bangalore - 560029, Near Food Palace"
"Saha Chowmein Family Restaurant","+ 91  80 41735375","No.556, 60 Feet road F block, Sahakara Nagar, Bangalore - 560092, Opp to Vodafone store"
"Beijing Bites Restaurant","+ 91  80 49535288","No.47/8,47/9,47/10, 1st Floor, Sjr Equinox, Dodda Thogur Village, Electronic City, Bangalore - 560100, Above Just Bake"
"Yo China Restaurant","+ 91  8892400500","No 90/3 Sri Sapthagiri Complex, Munekollala Outer Ring Road, Marathahalli, Bangalore - 560037, Opposite To Innovative Multiplex Theatre"
"Beijing Bites Restaurant","+ 91  80 40932488","No.17/1, 1st Floor, Bellandhur Gate Next To Spencers Hyper Market, Sarjapura, Bangalore - 562125, Above HDFC Bank"
"Cafe Mondo","+ 91  80 49534335","No. 2617, 27th Main, HSR Layout Sector 1, Bangalore - 560102, Opposite To Cpwd Complex"
"Hong Kong Noodles","+ 91  80 42064225","No.123, T C Palya Main Road, Ramamurthy Nagar, Bangalore - 560016, Near Koshys Hospital"
"Happy Brew","+ 91  80 40937001","No 40, 4th B Cross, Koramangala 5th Block, Bangalore - 560034, Parallel Road To Jyothinivas College"
"Square Plate","+ 91  9742201125","No.30/2, 1st Floor, Magadi Main Road-Vijaynagar, Bangalore - 560040, Above Matha Borewell, Near Raheja Apartment"
"Wangs Kitchen","+ 91  80 32569437","No.19/4, Cunningham Road, Bangalore - 560052, Opposite To Just Dial Ltd"
"Szechuan dragon Chinese restau...","+ 91  80 33100939","8, 1st Main Rd, Hanumantha Nagar, Bangalore - 560019, Mount Joy Road"
"3 Spice (Fusion Foods)","+ 91  80 41554141","No.115/34, 8th Cross, 4th Main, Wilson Garden, Bangalore - 560027, Behind Bata Showroom"
"Kimlee Restaurant","+ 91  80 41153277","No 54, Double Road, Appareddy Palya, Indiranagar, Bangalore - 560038, Near Srinidhi Sagar Hotel"
"Raidan Restaurant","+ 91  80 25442544","No.33/4, Ramaiah Layout, Kammanahalli, Bangalore - 560043, Near Sathya Hospital"
"Magnolia Chinese And Thai Rest...","+ 91  80 41102222","No.37/38, SBI Colony,3rd Block, Koramangala, Bangalore - 560034, Above Reliance Fresh,Near Wipro Park"
"Neel Restaurant","+ 91  80 23412259","No 3, 80 Feet Road, 2nd Stage, Raj Mahal Vilas 2nd Stage, Bangalore - 560094, Opposite M S Ramaiah Hospital"
"Little Chef","+ 91  80 25303341","No.20/2, Anjaneya Temple Street, Yg Palya, Austin Town, Bangalore - 560047, Off Richmond Road, Near Shantani Hotel"
"Gokul Veg","+ 91  80 65320555","No.1056, 7th Main, Chord Road, Vijayanagar, Bangalore - 560040, Above Food World"
"Fanoos Restaurant","+ 91  9886399614","No.17/1, Hosur Rd, Richmond Road, Bangalore - 560025, Nr Johnson Market"
"Beijing Bites Restaurant","+ 91  80 41114588","No 33 1st Floor Sundari Armadale, Whitefield Main Road, Bangalore - 560066, Adjacent To Forum Value Mall"
"Shezan Restaurant","+ 91  80 22249667","No 68,1st Floor, Lavelle Road, Bangalore - 560001, Near Java City"
"Shangrila Restaurant","+ 91  80 25588994","No.181, Brigade Road, Bangalore - 560001, Opposite Pizza Hut"
"Treat Kitchen","+ 91  80 41708070","No.1, 1st A Main, Vignan Nagar, New Thippasandra, Bangalore - 560075, Behind Fair Price Super Bazaar"
"Tangra Indo Chinese Restaurant","+ 91  80 42777333","No.722/22,Eden Park Restaurant, 36th Cross,10th A Main,5th Block, Jayanagar, Bangalore - 560011, Behind 5th Block Jayanagar Telephone Exchange, Opp Namdhari Fresh"
"Mockaholic","+ 91  80 42033222",""
"Red Bamboo Shoots Restaurant","+ 91  80 41113333","No.1,Museum Inn Premises, Museum Road, Bangalore - 560001, Near K C Das, Next Empire"
"Soho","+ 91  80 41609443","C/O 31 South Park Hotel, No.198, 2nd & 3rd Floor, Gandhi Bazar Main Road, Basavanagudi, Bangalore - 560004, Beside Adayar Anandhbhavan Restaurant"
"Sherlocks Pub","+ 91  80 40917221",""
"Momoz Chinese Delicacy","+ 91  80 42234621","No.59, Nehru Road, Yadava Layout, Aravind Nagar, Kammanahalli, Bangalore - 560084, Opposite To Syndicate Bank & Jyothi School"
"Firangi Paani Pub","+ 91  80 22067831","2nd Floor, The Forum Mall, Koramangala, Bangalore - 560095"
"Bubbles Bite","+ 91  80 23418666","No.259, Sanjay Nagar, Bangalore - 560094, Near Indian Oil Petrol Bunk, Opposite To Pai Mobile"
"La Brasserie (Le Meridien Hotel)","+ 91  80 22262233","C/O Le Meridien Hotel, No.28, Post Box No.174, Sankey Road, Bangalore - 560020, Opposite Golf Ground"
"Chung Wah Restaurant","+ 91  80 23339666","No.14, Panchajamya Towers, 2nd Floor, 100 Feet Outer Ring Road, Kathriguppe, Bangalore - 560085, Above Pizza Hut"
"Noodle Heads","+ 91  80 40980488","No.315, Hrbr Layout, Kammanahalli, Bangalore - 560043, Near Jal Vayu Vihar"
"Wangs Kitchen","+ 91  80 39253925","No.148/1, 148/2, Ground Floor, Bannerghatta Road, Bangalore - 560076, Near HSBC & Relaince Mart"
"Parika Multicuisine Coastal Fi...","+ 91  80 65470459","No.1086/A, Twin Tulips, 14th Main, 18th Cross, 3rd Sector, HSR Layout, Bangalore - 560102, Near Bda Complex"
"Fujian On 24th","+ 91  80 60502424","No 25/1, 24th main,, Jp Nagar 5th Phase, Bangalore - 560078, next to IDBI Bank"
"Cibo Esca","+ 91  9886919942","No 92, 1st Main Road, Chandra Layout, Vijayanagar, Bangalore - 560040, Next To HP Petrol Bunk, Above Marrybrown & Greentrends"
"Wangs Kitchen","+ 91  80 32569575","No.319/C, 2nd Main, East of NGEF, Kasturi Nagar, Bangalore - 560043, Opposite To New Horizon College"
"Popsies Restaurant","+ 91  80 65659336","No.11, 5th Block, 4th Cross, Koramangala, Bangalore - 560095, Next To Mcdonalds, Off Jyothi Nivas College"
"Gokul Veg Family Restaurant","+ 91  9343787890","Kogilu Cross, International Airport Road, Yelahanka, Bangalore - 560064, Near To Kendriya Vihar Apartments"
"Level 5 Lounge Bar","+ 91  80 33511641","No.74/2, 5th Floor, Sanjana Plaza, Elephant Rock Road, Jayanagar 3rd Block, Bangalore - 560011, Above Rr Gold Palace"
"Wangs Kitchen","+ 91  80 32569440","No.2317, 27th Main, 16th Cross, Hsr Layout Sector 1, Bangalore - 560102, Opposite NIFT College"
"Adda The Restaurant","+ 91  80 42112433","# 34/5, D.C Halli Main Road,, Devarachikkana Halli, Bangalore - 560076, Opposite Golden Park Apartment"
"Afrina Restaurant","+ 91  80 41328031","No.4/1, Rmv Extension, 9th Main, International Airport Road, Sadashivanagar, Bangalore - 560080, Near Croma Store"
"Salem Kitchen","+ 91  80 28546565","Shop No.615, C Block, Aecs Layout, Itpl Road, Brookefields, Kundalahalli, Bangalore - 560037"
"Zodiac Restaurant","+ 91  80 39884422","No.49,Fortune Select Jp Cosmos, Cunningham Road, Bangalore - 560051, Behind Sigma Mall"
"Chillys Restaurant","+ 91  80 41725222","No.956, 1st Mn Rd, Hoody, Whitefield, Mahadevapura, Bangalore - 560048, Near Tata Elexsi"
"Mars Chicken Delight Restaurant","+ 91  80 25532425","No.17, 7th Main, 1st Block, Koramangala, Bangalore - 560034"
"Take 5 Lounge Bar","+ 91  80 65300645","No 54, 2nd Floor, Msk Plaza, 100 Feet Road, Indiranagar, Bangalore - 560038, Above Coffee Day Opp To California Pizza"
"Aroi","+ 91  8880404404","No 51, 4th Floor, Sarjapur Road, Bangalore - 560034, Above ICICI Wealth Managment, Opposite Kaikondrahalli Lake"
"Beijing Bites Restaurant","+ 91  80 41504388","Rmz Ecospace Bhay Food Counter, Sarjapur Ring Road, Bellandur, Bangalore - 560037, Opposite To Prayhum Maruthi Showroom"
"Chowmein Restaurant","+ 91  7090935145","No.13, 2nd Floor, New Bel Road, Bangalore - 560054, Opposite To ICICI Bank"
"Pepper Kitchen","+ 91  80 60503032","1st Floor, Dodanekundi, Bangalore - 560037, Opposite To Rainbow Children Hospital"
"Buff Buffet Buff","+ 91  80 43431818","No.60, Blu Petal Hotel, Jyothi Nivas College Road, Koramangala, Bangalore - 560095"
"Glassy","+ 91  9886984357","No.25, 3rd Floor, Outer Ring Road, Bellandur, Bangalore - 560037, Opposite To Citrus Hotel & Above ICICI Bank"
"Memories Of China (Vivanta By ...","+ 91  80 66604444","C/O Vivanta By Taj Hotel No 41/3, M G Road, Bangalore - 560001"
"China Bowl","+ 91  80 41751636","No.99, 2nd Flr,Ard Cmplx, 5th Crs, Koramangala 6th Block, Bangalore - 560095, Opp To Anand Sweets"
"Delicacy Restaurant","+ 91  80 49574522","Shop No.1, Main Road, Jp Nagar 7th Phase, Bangalore - 560078, Near Corporation Bank"
"Wangs Kitchen","+ 91  80 39253925","No.1, Prasad Complex, Ground Floor, New Bel Road, Bangalore - 560054, Opposite To Ramaiah Hospital Bus Stop"
"Imperio Restaurant","+ 91  80 60505151","No.101/9, Apple City, Hoskote Main Road, Seegehalli, Kadugodi, Whitefield, Bangalore - 560067, Near HP Petrol Bunk"
"Delicacy Restaurant","+ 91  80 41647356","No.8-9, Lakshmi Mansion, Kaggadasapura Main Road, C V Raman Nagar, Bangalore - 560093, Near Railway gate"
"Red Dragon Restaurant","+ 91  80 64551666","No.199, 9th Cross HMT Layout R T Nagar, R T Nagar, Bangalore - 560032, Opposite To R T Nagar Public School"
"Spice Curry Restaurant","+ 91  80 25211188","No.34/1,Girija Mansion, 80 Feet Road, Indiranagar, Bangalore - 560038, Near Sapna Book Store"
"Hong Kong Noodles","+ 91  80 30924464","No 2721, Beml Main Road, New Thippasandra, Bangalore - 560075, Next To Post Office"
"Chung Wah Restaurant","+ 91  80 65000588","No. V8, 1st Floor, 3rd Cross, Keonics Road, Electronic City Phase 1, Bangalore - 560100, Next To Cafe Coffee Day, Opposite To Genpact"
"Beijing Bites Restaurant","",""
"Momoz Chinese Delicacy","+ 91  80 41739353","No. A/4, Khb Colony, 5th Block,100ft Road, Koramangala, Bangalore - 560095, Near Airtel Office"
"Bejing Bites","+ 91  9900134249","No.11, Robertson Road, Frazer Town, Bangalore - 560005"
"Jade Chinese Restaurant","+ 91  80 32942990","No.601, 1st Main, C Block, Aecs Layout, Kundanahalli, Brookefield, Bangalore - 560037"
"Sibas Dinnning Multicuisine Re...","+ 91  80 33642925","No.38,Paradise Stay Inn, 3rd Main,3rd Cross, Ramaiah Layout, Kammanahalli, Bangalore - 560084, Near Sathya Hospital"
"Troika","+ 91  80 39559202","No 2010, 100 Feet Road,Hal 2nd Stage, Indiranagar, Bangalore - 560038, Above Staples"
"Beijing Bites Restaurant","+ 91  80 22667025","Shop No.14, 3rd Floor, Food Court, Mantri Square Mall, Sampige Road, Malleswaram, Bangalore - 560003"
"Chings Chinese Cuisine","+ 91  80 23339442","#33/9, HMT Layout, 6th C Main Road, R T Nagar, Bangalore - 560032"
"Treat Restaurant","+ 91  9741078439","No 46, Vinayaka Layout, Kempapura Agrahara, Bangalore - 560023, Next To Sindhi College,Corp Bank"
"Cafe Grill","+ 91  80 40960522","No.2, 10th Main, Hal 3rd Stage, Jeevan Bima Nagar, Bangalore - 560075, Opposite Yathra Travels"
"Xian","+ 91  80 30625552","No.L1-03, Skywalk, Assaye Road, Ulsoor, Bangalore - 560008, Near Body Craft"
"The Purple Pan","+ 91  9845221675","No 5/111, 1st Floor, Dr Rajkumar Road, Rajajinagar, Bangalore - 560010"
"Black Jack Restaurant","+ 91  80 41129418","No 118, New Bel Road, Ags Layout, Sanjay Nagar, Bangalore - 560094, Next To KFC"
"Chung Wah Express","+ 91  80 41238088","No.3169, 1st Main Service Road, HAL 2nd Stage, Indiranagar, Bangalore - 560038"
"Chung Wa Restaurant","+ 91  80 23339666","No. 3/1, 1st Floor, P & T Colony, R T Nagar, Bangalore - 560032, Next To Shanthi Sagar"
"Red Chilliez","+ 91  80 33530703","No. 1, 2nd Floor,Maruthi Sankeerna, Beml Main Road, New Thippasandra, Bangalore - 560075, Opposite To Beml Gate"
"Olive Garden Restaurant","+ 91  80 25800111","No.74, M M Road, Frazer Town, Bangalore - 560005, Near Ismail Sait Masjid"
"Bridgeway Restaurant","+ 91  80 26753339","No.11/1, New Guddadahalli, Mysore Road, Bangalore - 560026, Opp To Satellite Bus Stand"
"Juke Box Retro Pub","+ 91  80 41216430","No.359, 1st Main Road, Koramangala, Bangalore - 560095, Near Apollo Pharmacy"
"Shang Palace (Shangri La Hotel)","+ 91  80 45126440","C/O Shangri La Hotel, Palace Road, Bangalore - 560001, Next To French Consitel"
"Icon Club","+ 91  80 33674319","No.1A/35/1,3rd Floor, Tumkur Road, Yeshwanthpur, Bangalore - 560022, Opposite Rns Motors"
"Fujan chinese Restaurant","+ 91  80 66039618","No.136, M M Road, Frazer Town, Bangalore - 560005, Near Mosque"
"HongKong","+ 91  80 25599992","2nd Floor, Building 3, MSR Westpark, Church Street, Bangalore - 560001, Off Brigade Road"
"WHITE HORSE","+ 91  80 26541328","No.724, 24th Main,6th Phase, Jp Nagar, Bangalore - 560078, Near Nandhini Hotel"
"New Peacock Restaurant","+ 91  80 64564255","No.G2 And G3,SMS Complex, Khb Main Road,Kaveri Nagar,R T Nagar Post, Kanaka Nagar-rt Nagar, Bangalore - 560032, Opposite Reliance Fresh"
"Taiyuans","+ 91  80 23337197","1/1 , Ganganagar, Ganganagar, Bangalore - 560032, opposite cbi office"
"Shanghai Court","+ 91  80 42087188","#1035, 5th Cross, 13th Main, Vijaya Bank Layout, Kodichikanahalli, Bannerghatta Road, Bangalore - 560076, Near Sri Bhagaya Grand Hotel"
"Wangs Kitchen","+ 91  80 39253925",""
"La Casa","+ 91  80 42084201","George Court, Outer Ring Road,Hrbr Layout,2nd Block, Kalyan Nagar, Bangalore - 560043, Near Girias Showroom"
"Noodle Bar","+ 91  80 67266466","1st Floor,Phoenix Marketcity, Whitefield Road, Mahadevapura, Bangalore - 560048, Opposite Wrangler"
"Mabra Family Restaurant","+ 91  80 30805507","No 11/36, 2nd Stage, Bhoopsandra-rmv Extension, Bangalore - 560094"
"Bamboo Heights","+ 91  9731272322","No 12, Krishna Nagar,Industrial Layout, Hosur Road, Bangalore - 560030, Next To Christ College,Near Dairy Circle"
"Three Ace Cafe","+ 91  8123141992","No. 3, Dinesh Arcade, Whitefield Main Road, Kadugodi, Bangalore - 560067, Near Kannamangala"
"Rice Bowl Xpress","+ 91  8123487727","No 857, 2nd Cross, Hennur Main Road, Bangalore - 560043, Opposite to HP Petrol Bunk"
"Kamat Hotel","+ 91  8277404369","Prashanth Hotel Building, Tank Bund Road, Gandhi Nagar, Bangalore - 560009, OppositeTo Majestic Bus Stand"
"Food Zone Restaurant","+ 91  80 41287099","No.44, 2nd Main,2nd Cross,3rd Block, Basaveshwara Nagar, Bangalore - 560079"
"New Imperial Restaurant","+ 91  80 26714439","No.39/3c, Kanakapura Main Road, Banashankari 2nd Stage, Bangalore - 560070, Opposite To Prabha Eye Clinic"
"Leelas Kitchen","+ 91  9916803920","No 3, Maruti Corner, 9th B Cross, Banaswadi, Bangalore - 560043, Near Food World"
"Chung Wah","+ 91  80 25537447","No.20, Khb Colony, 1st Main, Koramangala, Bangalore - 560034"
"Sanjha Chulha Restaurant","+ 91  80 33644108","1st Floor,, Purva Riviera Shopping Complex, Marathahalli, Bangalore - 560037, Near Marathahalli Bridge"
"Beijing Bites Restaurant","+ 91  80 22682188","No.26/1, 2nd Floor, Sause PAI Food Court, Orion Mall, Dr Rajkumar Road, Brigade Gate Way, Malleswaram West, Bangalore - 560055, Brigade Gateway"
"China China Restaurant","+ 91  80 41712345","C/O BEST Western Hotel, 11th Main, Jayanagar 4th Block, Bangalore - 560011"
"Hot Soup And Bowl","+ 91  80 65970773","No 33, Bhcs Layout, 7th Main Road, Chandra Layout, Bangalore - 560040, Opposite To Union Bank Of India"
"Ruchi Restaurant","+ 91  80 25363694","No.18/1, Cambridge Road, Ulsoor, Bangalore - 560008, Above Canara Bank"
"Serengeti Restaurant","+ 91  80 40003333","3rd Floor, Hosur Road, Madivala, Bangalore - 560068, Opposite Madiwala Police Station"
"Hotel Alpha","+ 91  8861496656","No.107/P-4, Praveen Transport Complex, Pattadur Agrahara, Itpl, Whitefield, Bangalore - 560066, Opposite To Service Gate C"
"Tomatina Restaurant","+ 91  80 42420606","No.2631, 27th Main, 1st Sector, Hsr Layout, Bangalore - 560102"
"Melange Hotel Ekaa","+ 91  80 49343499","No.52, Hosur Main Road, Kudlu Gate, Hosur Road, Bangalore - 560068, Near Kudlu Bus Stop"
"24/7 Restaurant (The Lalit Ash...","+ 91  80 30527777","C/O The Lalit Ashok Bangalore, No.5095, High Grounds, Golf Course Road, Kumara Krupa Road, Bangalore - 560001"
"Peppers Restaurant","+ 91  9742798806","Rajappa Building, Sri Rama Temple Road, Ejipura, Bangalore - 560047"
"The Big Kahuna","+ 91  80 22682037","Unit No. Ug-09, Upper Ground Floor, Orion Mall, Dr Rajkumar Road, Malleswaram West, Bangalore - 560055, Near shell petrol bunk"
"Momo Rice Noodles","+ 91  8065464338","No. 1/7, Srinivagilu Main Road, Ejipura, Bangalore - 560047"
"Dragons Kitchen","+ 91  80 64448888","No.764/1, Vishal Towers, 19th Main, Hsr Layout Sector 2, Bangalore - 560102, Near Hsr Club"
"Kuttanadu Restaurant","+ 91  80 42114333","Ground Floor, 13A, 14th Main, Hsr Layout, Bangalore - 560102, Near Green View Hospital"
"Chung Wah Express","+ 91  80 64533222","No.E1, Beech Building, Manyata Embassy Business Park, Nagawara, Bangalore - 560045, manyata techno mark"
"Auntie Fungs","+ 91  80 42228555","No. 78/A, Ground Floor, Devasandra, New bel Road, New Bel Road, Bangalore - 560054, Opposite To Ramaiah Hospital"
"Blue Alps Restaurant (Clarks E...","+ 91  80 71777000","C/O Clarks Exotica Resort & Spa, Cva Building, Devanahalli, Bangalore - 562110, Swiss Town, Hollywood Junction, Sadahalli Post"
"Noble House Chinese And Thai R...","+ 91  80 26541554","No 197/F, 8th B Main,27th Cross, Jayanagar 3rd Block, Bangalore - 560011, Next 3rd Block Pizza Hut"
"Desi Wok Restaurant","+ 91  9886693509","No.1009, Vijaya Bank Layout, Bilekahalli Main Road, 4th Stage, Arekere Gate, BTM Layout, Bangalore - 560076, Near IBP Petrol Bunk"
"Momoz Chinese Delicacy","+ 91  80 41677117","No.805/A, 16th Main, 7th Cross, Btm Layout 2nd Stage, Bangalore - 560076, Near To ICICI Bank"
"Premier Petal","+ 91  80 41107554","No.17/2, S M Road, Jalahalli West, Bangalore - 560015, Opposite Triveni Petrol Bunk"
"Golden Plate Restaurant","+ 91  80 25271535","Gem Wellington Building, Old Airport Road,Murgeshpalya, Airport Road, Bangalore - 560017, Near HP Petrol Bunk"
"Oko (The Lalit Ashok Bangalore)","+ 91  80 30527777","C/O The Lalit Ashok Bangalore, No 5095, Golf Course Road, High Gorunds, Kumara Krupa Road, Bangalore - 560001"
"Palegars House Restaurant","+ 91  80 65777177","No.90/2, Kishan Icon, 1st Floor, Outer Ring Road, Marathahalli, Bangalore - 560037, Beside Innovative Multiplex"
"Grill House Restaurant","+ 91  80 25256571","No.43, 7th Main, Indiranagar, Bangalore - 560038, Near Dr Ambedkar College, Next To Esi Hospital"
"Kuaican","+ 91  9980846688","Paragon Building, Nehru Road, Kammanahalli, Bangalore - 560084, Near Honest Bakery"
"The Oriental Kitchen","+ 91  80 69999230","No.612/1, Lotus Building, 80 Feet Road, Koramangala 4th Block, Bangalore - 560034, Near Sony Centre"
"Grigliato Restaurant","+ 91  80 25726660","No.1562, Hsr Layout 1 Sector Ring Rd Agara, HSR Layout, Bangalore - 560102, Near Mantri Sarovar"
"Chungs Dumpling House","+ 91  80 40977555","No.3, C 619, 2nd Block, 3rd Cross, Kalyan Nagar, Bangalore - 560043, Near Police Station, Opposite Cmr Insitute Of Management, Hrbr Layout"
"Midnight Food Point","+ 91  80 33566424","No.35, 1st Cross,Maheshwari Nagar, Mahadevapura, Bangalore - 560048, Opposite Phoenix Mall"
"Emirates Restaurant","+ 91  80 23540079","No.24, RK Terminus, Bellary Road, Ganganagar, Bangalore - 560032, Next Shell Petrol Pump"
"Beijing Bites Restaurant","+ 91  80 41171313","Old No.39/1, New No.2, Raj Mandir, Kumara Krupa Road, Bangalore - 560001, Above Cake Basket"
"Beijing Bites Restaurant","+ 91  80 42436262","Embassy Golf Links Business Park, Koramangala Inner Ring Road, Domlur, Bangalore - 560071, Next To Dell"
"18 China Town Restaurant","+ 91  80 41511818","No.58, M M Corner, Banaswadi, Bangalore - 560043, Opposite To Indian Overseas Bank"
"Chilli Pepper Restaurant","+ 91  80 32972076","No.95/3, Kote M R Plaza, K R Puram Ring Road, Marathahalli, Bangalore - 560037, Below Infusion Bar & Restaurant"
"Beijing Bites","+ 91  80 43283000","Food World, No 45-1, 45-2, Counter No 03, 2nd Stage, Jp Nagar, Bangalore - 560078, Opposite To Big Bazaar"
"Chung Wah Opus","+ 91  80 65788688","55, 3rd Floor, 15th Cross, 19th Main, 2nd Phase, Opposite Mast Kalander, Jp Nagar, Bangalore, Jayanagar 9th Block, Bangalore - 560011"
"Guzzlers Inn","+ 91  80 41122513","No. 48, Rest House Road, Brigade Road, Bangalore - 560001, Opposite Dominos Pizza"
"Peace Restraunt","+ 91  80 25500278","Shop.no 124, 6th Main, Koramangala 5th Block, Bangalore - 560034, Near Jyothi Nivas College,opposite to Empire hotel"
"One Chu Chinese Restaurant","+ 91  80 25238800","No 7 Ground Floor, Konena Agrahara, Old Airport Road, Bangalore - 560017, Opposite Besscom"
"China Hut","+ 91  80 23556786","No.7, 1st Cross, Nandidurga Main Road, Jayamahal Extension, Bangalore - 560046, Opposite To Old Janatha Bazar"
"Eat N Joy","+ 91  9740333366","No.37, Dinnur Main Road, R T Nagar, Bangalore - 560032, Near ING Vysya Bank"
"Cafe Rossini","+ 91  9880498424","No.2/10, 80 Feet Road, Poojari Layout, Sanjaynagar, Rmv Extension 2nd Stage, Bangalore - 560094, Near Ramaiha Hospital"
"Fish Palace","+ 91  80 23472999","No.522, 2nd STG,17th Crs, Nr Dr.raj Kumar Rd, Rajajinagar, Bangalore - 560010, Nr Vevekananda College"
"Alfaham Family Restaurant","+ 91  80 25918599","No.77, Big Bazaar Road, Nagavarapalya Main Road, C V Raman Nagar, Bangalore - 560093, Near Mina Masjid"
"SICHUAN CHINESE RESTAURANT","+ 91  80 32320077","No.1552, Sector 1,19th Main, HSR Layout Sector 1, Bangalore - 560102, Opp. IOL petrol bunk"
"Cafe Mondo","+ 91  80 42088686","No.2/2, Pattalamma Gudi Street, Armugam Circle, Basavanagudi, Bangalore - 560004, Opposite To Anugraha Vithala Hospital"
"Wok N Tava","+ 91  80 39457612","No 35, Ground Floor, Ds Arcade, 1st Main, 1st Block, Koramangala 1st Block, Bangalore - 560034, Near Wipro Park"
"Late Night","+ 91  8884932323","Kumaraswamy Layout 1st Stage, Bangalore - 560078"
"Beach Hut","+ 91  9740002754","Site No.16, 7th Cross,24th Main Road,2nd Phase, Jp Nagar, Bangalore - 560078, Near Rv Dental College"
"PETOO","+ 91  80 28561376","NO 1 Janapriya Havens, Gkvk, Bangalore - 560065, Near Royal Orchid Club"
"3 Ediots","+ 91  9620633312","No.1 & 2, Christu Jayanati College Road, K Narayanapura, Bangalore - 560077, Opposite Hennur Main Road"
"Hotel Paris","+ 91  80 23571166","No.25, Javed Bldgs, S C Rd, Yeshwanthpur, Bangalore - 560022, Nr RTO"
"New Punjabi Tasty Khaana","+ 91  9739259094","No.107, Whitefield, Bangalore - 560066, Opposite To Itpl Back Gate"
"Luo Han Chinese Vegetarian Res...","+ 91  80 64505304","No 666, 27th Main, 13th Cross, 1st Sector, Hsr Layout, Bangalore - 560102, Opposite Foodie Super Market"
"Beijing Bites","+ 91  8892735616","No.4, Aharam Food Court, Royal Meenakshi Mall, Bannerghatta, Bangalore - 560083"
"11 To 11 Vijaywada Style Multi...","+ 91  80 25525527","No.63, Jyothi Nivas College Road, 5th Block, 4th Cross Road, Industrial Layout, Koramangala, Bangalore - 560095, Near Circlus Pub"
"Soul City Restaurant","+ 91  80 22348888","C/O Oakwood Premier Prestige, No.24, Ub City Mall, Vittal Mallya Road, Bangalore - 560001"
"Red Sun Restaurant","+ 91  80 67303050","No 1a/35/1, 2nd Floor, C/o Shivbhoj Hotel, Tumkur Road, Yeshwanthpur Industrial Suburb, Bangalore - 560022, Opposite To RNS Motors"
"Green Onion Restaurant","+ 91  80 65712222","Golden Enclave, murgeshpalya, Old Airport Road, Bangalore - 560017, Next To Nilgiris near to hdfc bank"
"The Peoples Pub","+ 91  7795232584","#457, Sri Krishna Temple Road, Indiranagar, Bangalore - 560038, Near to Imperial"
"Flavour Of China Restaurant","+ 91  8904655758","No.727, 10th Main ,7th Cross, Btm Layout 2nd Stage, Bangalore - 560076, Next To Om Medicals"
"Hae Kum Gang Restaurant","+ 91  80 41127730","No.20,2nd Floor,Paul Castle, Castle Street, Bangalore - 560025, Near To Empire Hotel Near Show Off"
"Stir Fry Chinese Bistro","+ 91  80 41151185","No.45/3, Residency Road, Bangalore - 560025, Before Mayo Hall"
"A2B Veg Restaurant","+ 91  9902606067","No 42/1 A, Bilekempanahalli Village, Bidadi, Bangalore - 562109, Near National Highway"
"Recipe Restaurant","+ 91  80 65476399","No.1621, 1st Floor, 50 Feet Road, Kumaraswamy Layout, Bangalore - 560078, Near dayananda sagar college of Engineering"
"MY KITCHEN","+ 91  80 69993336","No.737/1, Kohinoor Square, 1st Floor, Malleshpalya Main Road , Vignana Nagar, Malleshpalya, Bangalore - 560075, Above ICICI Bank"
"Panda Xpress","+ 91  9742824291","No.1, Thomson Lets, Kothanur Police Station Street, Hennur Main Road, Bangalore - 560043, Opp. To Kothanur BSNL Office"
"The Big Kahunu","+ 91  80 67266237","No S 20 23 A 24 & 24a 2nd Floor Phoenix Marketcity Mall, Whitefield Road, Mahadevapura, Bangalore - 560048"
"The Szechuan Restaurant","+ 91  9980212361","No.723, 4th Stage, 1st Main Road, Yelahanka, Bangalore - 560064, Opposite To Air Quarters"
"Beijing Bites Restaurant","+ 91  80 66141034","Pit Stop, Garuda Mall, 3rd Floor, Food Court, Magrath Road, Bangalore - 560025"
"Smoke The Sizzler House","+ 91  80 25706525","No. 61, 1st Main, Koramangala 7th Block, Bangalore - 560095, Below Corner House"
"Marwa Restaurant","+ 91  80 26785734","No.944, 16th Main, Btm Layout 2nd Stage, Bangalore - 560076, Near Udupi Garden,Opposite Food Day"
"Tamarind Restaurant","+ 91  9986009799","No.1, Banasawadi Main Road, Banaswadi, Bangalore - 560043, Next Fire Station"
"Liquid - Hyatt Bangalore Mg Road","+ 91  80 40187300","Hyatt Bangalore Mg Road, 1/1, Swami Vivekananda Road, Ulsoor, Bangalore, Ulsoor, Bangalore - 560008"
"Tibetan Mothers Kitchen","+ 91  80 41739260","No 404,2 Nd Floor, 1st C Cross, 7th Block, Koramangala 7th Block, Bangalore - 560095, Behind Vodafone Store,Opp. Raheja Arcade"
"Foodies Express","+ 91  80 33566736","No.4, 2nd Phase, Fruit Market Road, Electronic City, Bangalore - 560100, Near TCS"
"Beijing Bites Restaurant","+ 91  80 22067692","Forum Mall, 2nd Floor, Forum Foods Prestige, Hosur Main Road, Koramangala, Bangalore - 560095, Next To At Home"
"Flavours Inn","+ 91  80 41719511","Gokul Towers, Mathikere, Mathikere, Bangalore - 560054, Movenpick Hotel & Spa"
"Raj Ka Chulha","+ 91  9972519777","1st Main Road, Vinayaka Layout, Hebbal, Bangalore - 560024, Near Venkateshwara Temple"
"Tang Of Jamaica Restaurant","+ 91  80 65326666","C/O Jamayca Hotel, 2nd Block, Outer Ring Road, Hrbr Layout, Bangalore - 560043"
"Sangria Wine Lounge","+ 91  9986667679","No 201,2nd Floor, New Bel Road, Bangalore - 560054, Opposite HP Petrol Bunk,Above Sony Showroom"
"Zingron Restaurant","+ 91  80 40997506","No.62,2nd Floor,Solitaire Cascade, 1st A Main,7th Block, Koramangala, Bangalore - 560034, Opposite HDFC"
"Koli Mane","","No. 108/9, Wedia Road, Attiguppe Road, Chandra Layout, Bangalore - 560040"
"Amoeba","+ 91  80 25125121","3rd Floor, Royal Meenakshi Mall, Hulimavu, Bannerghatta Road, Bangalore - 560076, Opposite Meenakshi Temple"
"The Lantern (The Ritz Carlton ...","+ 91  80 49148000","No 99, Residency Road, Bangalore - 560025, Opposite To Sweet Chariot"
"Wangs Kitchen","+ 91  9343310479","No.75/11,Unit Of Oriental Cuisine,, 2nd Main Road, Vyalikaval, Sadashivanagar, Bangalore - 560080, Near Police Station"
"Ocean Restaurant","+ 91  80 41435672","No 5/11, 6th Crs, Koramangala 6th Block, Bangalore - 560095, Nr Club Rd"
"Mr Hong","+ 91  80 22682240","3rd Floor, Orion Mall, Dr Rajkumar Road, Malleswaram West, Bangalore - 560055, Opposite To Pvr"
"Little Orissa Restaurant","+ 91  9740243144","No.32, 18th Main, Indiranagar, Bangalore - 560038, Off 100 Feet Road"
"Green Pepper Restaurant","+ 91  80 40958587","No.1650, 10th Main, 80 Feet Road, Jeevan Bima Nagar, Bangalore - 560075, Near To 80 Feet Road And BSNL Office"
"Thayee Touch Family Restaurant","+ 91  80 65596570","#725,, 24th Main, 17th Cross, 6th Phase, Jp Nagar, Bangalore - 560078, Opp Nandhini Hotel"
"A1 Spice Inn","+ 91  9535388444","No.4/1, Msrit Road,3rd Cross, Mathikere, Bangalore - 560054, Opposite To Nias Gate"
"Shimmer (Vivanta By Taj Hotel)","+ 91  80 66900111","No 2275 C/O Vivanta By Taj, Tumkur Road, Yeshwanthpur, Bangalore - 560022, Near Rns Motors"
"Fine Flavours Restaurant","+ 91  80 33561656","No.253/6 And 7, Panchvati Comforts Premises, Vasanthapura Main Road, Jp Nagar, Bangalore - 560078, Off Kanakapura Main Road"
"Little Kitchen Restaurant","+ 91  80 25631504","No.1015, 80 Feet Road, Koramangala 1st Block, Bangalore - 560034, Near Wipro Signal"
"Eat Well","+ 91  9902055284","No.543, 7th Cross, 24th Main, Hsr Layout Sector 1, Bangalore - 560102, Opposite To Nous Info System"
"Fish Corner","+ 91  80 41210848","No.1065, Triveni Road, Gokul Extension, Mathikere, Bangalore - 560054, Near M S Ramaiah Bus Stop"
"Majestic Hotel","+ 91  80 41511290","No.10, Tank Bund Road, Dhanavantri Road, Subash Nagar, Bangalore - 560009, Opposite To Bmtc Bus Stand"
"Zaica Dine And Wine","+ 91  80 25444449","141, Thanisandra Main Road, Nagawara Junction, Bangalore, 4th floor, Nagawara, Bangalore - 560045, above A2B"
"The Wok","+ 91  80 41604444","Plot No.13,14,15, Leisure Well, S J R Park, Epip, Whitefield, Bangalore - 560066, Opposite To Satya SAI Institute"
"Royal Garden","+ 91  80 65476163","No.12, SBR Complex, Badrappa Layout, Bangalore - 560094, Near Big Bazaar"
"Bamboo Chopsticks","+ 91  80 66035790","No 891/A, 7th Main Road, 1st Block, Koramangala, Bangalore - 560034, Near Wipro Park"
"Royal Treat","+ 91  7760771006","No.8/3, Bhavan I Layout, S G Palya, 4th Cross, Christ School Road, Tavarekere, Bangalore - 562130, Opposite To St Thomas Parish Hall"
"3 oh 3 Cafe & Diner","+ 91  80 65666636","No.303, 100 Feet Main Road, Indiranagar, Bangalore - 560038, Next To Toit,Near KFC Signal opp kotak mahendra"
"Citrus (The Leela Palace)","+ 91  80 30571340","No 23, Old Airport Road, Kodihalli, Bangalore - 560017, Opposite To Manipal Hospital"
"The Diner","+ 91  80 28410777","No.107/4, Agrahara Road, Whitefield, Bangalore - 560066, Near Itpl Exit Gate No.3, Beside HCL Vertex"
"Casa De Express Restaurant","+ 91  80 22212907","No.A-17, Devatha Plaza, Residency Road, Bangalore - 560025, Opposite Bishop Cottons Boys School"
"Elongos Pub And Grub","+ 91  80 42173536","No.64,1st Floor,Samanth Block, 1st Main, Koramangala 7th Block, Bangalore - 560095, Near Corner House"
"20 Char (Sterling Mac Hotel)","+ 91  80 42494949","No.134, Hal, Old Airport Road, Bangalore - 560017"
"Spicy North Restaurant","+ 91  80 41101644","No.1382, East End Circle, Jayanagar 9th Block, Bangalore - 560069, Near BTM Flyover"
"Spicy Tree","+ 91  80 41200145","No.2/8, 23rd Cross, Marenahalli, Jp Nagar 2nd Phase, Bangalore - 560078, Opposite To Mayura Sweets"
"Nanda gokula","+ 91  9845498654","No.209/36/A, 14th main, 50 feet road, Hanumantha Nagar, Bangalore - 560019, Near PES college"
"Hotel Taj Regency","+ 91  80 65900000","No.59, Whitefield Road, Mahadevapura, Bangalore - 560048, Opposite Mahadevpura Police Station"
"37 China Town","+ 91  80 40373737","C/O Hotel 37th Cresent, Crescent Road, Race Course Road, Bangalore - 560001, Opposite Mallige Nursing Home"
"Tamarind House","+ 91  9743401784","No.301, 7th Cross, Domlur Layout, Bangalore - 560071, Opposite To Creation Jewllers"
"Priyadarshini Veg","+ 91  9449044154","No.765, 1st Main, 5th Cross, Yeshwanthpur, Bangalore - 560022, Next RTO Office, Near Yeshwanthpura Railway Station"
"Chinese Hut Restaurant","+ 91  9844156109","Flat No.4105 & 4106, High Point 4, Palace Road, Bangalore - 560001, Next To Chalukya Hotel"
"Chow San Chinese And Thai Rest...","+ 91  80 33058557","No.1&2, Bennerghatta Road, Arekere Village, Bangalore - 560076, Opposite British Biologicals"
"SRS Restaurant","+ 91  9945935954","No.98/3, Jambo Savari Dinne,8th Phase, Jp Nagar 7th Phase, Bangalore - 560078, Near Anjanaya Temple"
"Nest (Howard Johnson Bengaluru...","+ 91  80 30407008","C/O Howard Johnson Bengaluru Hebbal, Thanisandra Main Road, Nagawara Junction, Nagawara, Bangalore - 560045, Near Manyata Embassy Business Park"
"Mint Masala Restaurant","+ 91  80 22375500","No.147, Chevron Hotel, Ground Floor, Infantry Road, Bangalore - 560001, Opposite To Commissioner Office"
"Indo-Nepal Flavour","+ 91  9845096859","No.5, 5th main 7th cross malleshpalya, New Thippasandra, Bangalore - 560075, Opposite to Chaitanya techno school"
"Utopia Restaurant","+ 91  9535466077","No.5,Anjanadri Krust Shopping Complex, Kundalahalli, Bangalore - 560037, Near Axis Bank ATM,Opposite Government High School"
"Wok N Tava","+ 91  80 40959355","No.42, 1st Floor, 7th Main, Appareddy Palya, 2nd Stage, Double Road, Indiranagar, Bangalore - 560008"
"Chicken County Restaurant","+ 91  80 22257711","No 25/16 And 25/1-18, Sharada Lodge Building, K G Circle, Tank Bund Road, Kempegowda Road, Bangalore - 560009, Opposite To Metro Station"
"Chicken World","+ 91  80 33090231","Gopala Krishna Complex, SM Road, Jalahalli West, Bangalore - 560015, Near Ayyappa Temple"
"Hangout Adventure Sports Cafe","+ 91  9591005901","No 70/1, Sadana Palya, Kanakapura Road, Bangalore - 560062, Near Ravishankar Ashram"
"Choi Choi Momos","+ 91  9632913503","No.223, Mosque Road, Frazer Town, Bangalore - 560005, Near Cafe Coffee Day"
"Indijoe Sizzlers","+ 91  80 41113311","No.46/3, Kalpak Arcade, Ward 76, Church Street, Bangalore - 560001, Off M G Road, opp. Empire hotel"
"Palmgrove Restaurant","+ 91  80 25597277","C/O Ballal Residency Hotel, Ground Floor, 3rd Cross, Residency Road, Bangalore - 560025, Next To Indian Oil Petrol Bunk, Near Taj Gateway"
"Chicken Park","+ 91  80 64530003","No.959, 2nd Cross, 80ft Road, Paparaddy Playa, Nagarbhavi 2nd Stage, Bangalore - 560072, Next To Keb Office& Opposite Bbmp Office"
"Bameys Restro Cafe","+ 91  80 41102071","No.A-5, Ground Floor, Khb Colony, 5th Block, Koramangala, Bangalore - 560095, Near Airtel Office"
"Hungry Dragon","+ 91  9886851320","No.1, JNC Road, Koramangala, Bangalore - 560095, Near Corner House"
"The Q Restaurant","+ 91  80 65357575","Outer Ring Road Hebbal, Nagawara, Bangalore - 560045, Opposite To Manyata Tech Park"
"Mangala Hotel","+ 91  80 33091284","No 5, 1st Main, 1st Block, Jakkasandra Extn, Koramangala, Bangalore - 560034, Opp HDFC Bank"
"Beijing Bites Restaurant","+ 91  80 41665050","Bay Food Court, Rmz Infinity, Old Madras Road, Dooravani Nagar, Bangalore - 560016, Opposite To Big Bazaar"
"Chopstick Authentic Chinese N ...","+ 91  80 41280858","No.1, Balaji Layout,29th Cross, Kaggadasapura Road, Bangalore - 560093, Opposite Koteshwara,Near Krishna Matt"
"Jimis Restaurant","+ 91  80 25223828","No.90/3, 4th Floor, Sarjapur Outer Ring Road, Marathahalli, Bangalore - 560037, Opposite To Innovative Multiplex"
"Roll N Rock","+ 91  8867107660","No.608, 21st Cross, Kumaraswamy Layout 1st Stage, Bangalore - 560078, Opposite To Aahar Villa"
"Seasons Restaurant","+ 91  80 33618079","Venugopalaswamy Complex ground floor, Electronic city, Electronic City, Bangalore - 560100, Near Bmtc Bus Depot"
"Taamara Restaurant","+ 91  80 22254111","No.22/4, Maurya Hotel, Race Course Road, Gandhi Nagar, Bangalore - 560009"
"HUNAN KINGS","+ 91  80 41488488","No.2576, 13th Main, E-Block, Sahakara Nagar, Bangalore - 560092, Near MORE MEGA Store"
"Chings With A Twist","+ 91  9880166007","7, Koramangala 1st Block, Bangalore - 560034, 8th cross, Jakkasandra Extension,"
"Wok N Tava","+ 91  9342427966","No 340, 1st B Cross, Koramangala 7th Block, Bangalore - 560095, Near Bharath Petrol Pump, Next To Totoodo"
"The Onyx Restaurant","+ 91  80 40761500","No 686, HHI Hotel, 15th Cross, 2nd Phase, Jp Nagar, Bangalore - 560078, Near To Bannerghta Road & Near To Dalmiya Circle"
"Art Blend Cafe","+ 91  80 39257157","No.659, 22nd Main,Hsr Club Road, Hsr Layout Sector 2, Bangalore - 560102"
"Orchid Restaurant","+ 91  80 39884433","C/O Fortune Hotel Jp Celestial, No.5/43, Race Course Road, Bangalore - 560001, Opposite To Srs Travels"
"Red Bowl","+ 91  80 60503032","Gopalan Signature Mall, Nagavarapalya, Old Madras Road, Bangalore - 560016"
"Keys Cafe","+ 91  80 39189407","Hosur Road, Electronic City, Bangalore - 560100, Opposite To Live 100 Hospital"
"Pepper Hut Restaurant","+ 91  9620141603","Pepper hut, Main Road, Anekal Taluk, Sompura Gate, Sarjapura, Bangalore - 562125, Next To HP Petrol Bunk"
"Mehfil Restaurant","+ 91  80 64555590","Shop No.23, 27th Cross, Banashankari 2nd Stage, Bangalore - 560070, Next To Krishna Grand Restaurant"
"Kohinoor restaurant","+ 91  8124259712","30, markham road, Ashoknagar, Bangalore - 560025, behind garuda mall"
"Nahars Sidewalk Cafe","+ 91  80 33674438","No.14, St marks road, St Marks Road, Bangalore - 560001, Opposite State Bank Of India, Near Bishop Cotton Girls School"
"Kevins Kitchen","+ 91  9738509396","43, 20th J Cross road, Ejipura, Bangalore - 560047, Near VRR homes"
"Bhagini Palace Multicuisine Fa...","+ 91  80 65961818","No.92/6, Outer Ring Road, Marathahalli, Bangalore - 560037, Opposite Innovative Multiplex Theatre"
"Chef In Restaurant","+ 91  80 65677779","ITPL Main Road, Kundalahalli, Bangalore - 560037, Beside To Cafe Coffee Day Lounge, Opposite To Maharaja Furniture"
"The Takeaway","+ 91  7847069316","No.2, KHM Block, R T Nagar, Bangalore - 560032, Near Amanath Bank"
"Rang De Basanthi","+ 91  80 60500444","No 770, 80 FEET ROAD, Koramangala 1st Block, Bangalore - 560034, Next Sotally Tober Pub"
"Cinnamon Restaurant","+ 91  9900890054","No.78, Ground Floor, Right Wing, 11th Main, 14th Cross, HSR Layout, Bangalore - 560102, Behind Bda Complex"
"Jade Chinese Cuisine","+ 91  8884295218","No.601, Ground Floor, 1st Main, Aecs Layout Kundanahalli, Bangalore - 560037, Opposite To M K Retails"
"Princess Restaurant","+ 91  80 26494300","PAI Comforts Hotel, 100ft Road, 2nd Phase, Jp Nagar, Bangalore - 560078"
"Balle Balle","+ 91  9916591313","Kristal Jasper Campus, Kasavanhalli Main Road, Sarjapur Road, Bangalore - 560034, Near Amrutha University"
"Adithya Restaurant","+ 91  9060043941","RBI Layout, Puttenahalli Main Road, Jp Nagar 7th Phase, Bangalore - 560078, Opposite To Brigade Millinium"
"Coastal Spice","+ 91  80 23420002","No.2/9, Abhimaani Vasathi Hotel, Ground Floor, Dr Rajkumar Road, Rajajinagar, Bangalore - 560010, Near Kanva Hospital"
"Greens Garden","+ 91  8971411691","No.67, 13th Main, Ns Palya, Mahadeshwara Nagar, Btm Layout 2nd Stage, Bangalore - 560076"
"Momos","+ 91  7795770093","59, nehru road, Kammanahalli, Bangalore - 560084"
"Wangs Kitchen","+ 91  80 39253925","Food Court, Elements Mall, Thanisandra Main Road, Nagawara, Bangalore - 560045"
"Brewberrys Pub & Restaurant","+ 91  80 25747019","C J R Arcade, Sarjapur Ring Road, Bellandur, Bangalore - 560103, Next To Bangalore Central"
"Blue Coriander Restaurant","+ 91  80 40408888","Hotel Lords Plaza, Electronic City, Phase 1, Electronic City, Bangalore - 560100, Opp Infosys Gate Number 1"
"Thanima Restaurant","+ 91  9739721615","Electronic City, Bangalore - 560100, Oppsite To Wipro Gate No.12"
"Zen Restaurant (The Leela Palace)","+ 91  80 30571315","C/O Leela Palace Hotel, No 23, Old Airport Road, Kodihalli, Bangalore - 560017, Opposite Manipal Hospital"
"Sri Lakshmi curries and pickles","+ 91  80 26655086","Shop no.298, 24th main road,, Jp Nagar 6th Phase, Bangalore - 560078, Opposite IDBI Bank"
"Equinox ( DoubleTree Suites By...","+ 91  80 67656565","C/O Doubletree Suites By Hilton Bangalore, Iblur Gate, Outer Ring Road, Sarjapur Road, Bangalore - 560034, Near Mantri Flora"
"Yak Kitchen","+ 91  80 41157087","No.28, 3rd Floor, Sun Shine Plaza, Rest House Road, M G Road, Bangalore - 560001, Off Brigade Road"
"Malabar Family Restaurant","+ 91  80 33090723","No.24, 4th Cross, Mathikere, Bangalore - 560054, Near MS Ramaiah College"
"Delhi Restaurant","+ 91  9731417171","No.84,, K R Puram, Hobli, Whitefield, Bangalore - 560066, Near Itpl Main Gate & Next To Taj Vivanta"
"Chopstick World","+ 91  80 23232336","No.5, 1st Main,2nd Block,3rd Stage,, Basaveshwara Nagar, Bangalore - 560079, Opposite Police Station"
"Mughal Empire Restaurant","+ 91  80 33055380","No.22 R, 3rd Cross, 1st Phase Surya Park Road, Electronic City, Bangalore - 560100, Next Canara Bank"
"Beijing Bites Restaurant","+ 91  80 23094025","No.10/34, 3rd Floor, Orion East Mall, Food Court, Maruthi Sevanagar, Banaswadi Main Road, Bangalore - 560033"
"Szechwan Court (The Oberoi Hotel)","+ 91  80 25585858","No 37, M G Road, Bangalore - 560001, Opposite To Kids Kemp"
"New Tasty Cafeteria","+ 91  9036196189","20th Main Road, Madivala, Bangalore - 560068"
"Masters Chef","+ 91  80 33090729","Doddakanahalli, Sarjapur Road, Bangalore - 560034, Near Shani Mahatma Temple"
"Volga Restaurant","+ 91  8095891017","No.42/4 C, SNB Complex, Anand Reddy Layout, Electronic City Phase 2, Bangalore - 560100, Near Tech Mahindra"
"Blue Wings Bar & Restaurant","+ 91  80 26609626","No.488, 7th Main, 50 Feet Road, Gavipuram Extension, Hanumantha Nagar, Bangalore - 560019, Near Kumara Swamy Temple"
"Indo China Restaurant","","No 585, Airport Service Road, Domlur, Bangalore - 560071, Behind Bata Showroom"
"Ginseng Restaurant (Royal Orch...","+ 91  80 41783000","No.1, C/o Royal Orchid Hotel, Hal Airport Road, Kodihalli, Bangalore - 560017, Near KGA Golf Course"
"Food Junction","+ 91  80 39257675","No.1/100, 20th Main, Maruthi Nagar main road, Btm Layout 1st Stage, Bangalore - 560068, Near Gangothari Circle"
"Zanzibar Pub","+ 91  80 40003333","3rd Floor, Total Mall, Hosur Road, Madivala, Bangalore - 560068, Opposite To Madivala Police Station"
"Srinidhi Upachar","+ 91  8105714391","No.5, Banaswadi Main Road, Dodda Banaswadi, Bangalore - 560043, Near Fire Station"
"Vishal Restaurant And Sweets","+ 91  80 42099021","Shop No 3, Munnekolala,Papaiah Garden, Marathahalli, Bangalore - 560037, Opposite SGR Dental College"
"Indian Food Court","+ 91  8880470988",""
"Peace Restaurant","+ 91  80 65630023",""
"Upper Deck Restaurant","+ 91  80 26701494",""
"Infinity Executive Bar & Grill...","+ 91  80 66657272","C/O The Zuri Hotel, 2nd Floor, No.244, Rajpalya, Hoodi, Itpl Road, Mahadevapura, Bangalore - 560048"
"Park N Eat Restaurant","+ 91  80 33674991","No.73/321, Kannanahalli Road, Kadubeesanhalli, Panathur Road, Marathahalli, Bangalore - 560037, Near New Horozon Gurukul School"
"Beijing Bites Restaurant","+ 91  9902889062","Prestige Shantiniketan, Whitefield, Bangalore - 560066"
"Chinese Street","+ 91  9900079000","No.G7, Garudacharpalya, Mahadevapura, Whitefield, Bangalore - 560066, Near Brigade Metropolis"
"Dominus Restaurant","+ 91  9035033971","No.669, Whitefield Road, Whitefield, Bangalore - 560066, Near Reliance Fresh"
"Sawaria","+ 91  9164642554","1373, South End Road, 9th Block, Jayanagar, Bangalore, Jayanagar 9th Block, Bangalore - 560011"
"Elois Chinese Restaurant","+ 91  80 42131558","No.115, 18th Main Road, Hal 2nd Stage, Indiranagar, Bangalore - 560008, Behind Bajaj Showroom"
"Yuan Chinese Restraunt","+ 91  80 39827871","No.2 And 3 Renu Arcade, 80ft Road, 1 St Stage,Second Block, HBR Layout, Bangalore - 560043, Beside HDFC ATM,opposite to Samsung showroom"
"China Bowl","+ 91  8147864210","No 123, 3rd main,18th cross,vigneshwara layout,hoysala nagar, Ramamurthy Nagar, Bangalore - 560016, Near Ganesha Temple"
"East Delicious Flavour Of China","+ 91  9738158626","No. 42/3 Kundanahalli Gate Road, Sai Baba Temple Road, Munekollal, Bangalore - 560037, Opp 32 Smile Dental Clinic"
"Park N Eat","+ 91  80 39627623","No.137/6d, Subhash Nagar, T C Palya, Thambuchetty Palya, Bangalore - 560049, Near Bajaj Showroom"
"South Parade Restaurant (The ...","+ 91  80 22276767","No.10/6, The Chancery Hotel, Lavelle Road, Bangalore - 560001, Near Stadium,Near Kotak Mahindra Bank"
"Stop Over","+ 91  9901309981","Manchanayakana Halli, Banglaore Mysore Highway, Mysore Road, Bangalore - 560026, near WonderlaGate"
"Naati Food Joint","+ 91  9686235566","Shop No 4, Kaggadasapura Main Road, C V Raman Nagar, Bangalore - 560093, Opposite Care And Dare"
"E Foods Multicuisine Restaurant","+ 91  80 41658154","No.31/A, Jigni Link Road, Bommasandra Industrial Area, Bangalore - 560099, Near Bangalore Electrical"
"Food Night","+ 91  9611118180","No. 24, Lig 2, Khb Colony, Phase 4, Yelahanka New Town, Bangalore - 560064"
"Paprika Chinese and Indian Cui...","+ 91  80 33518434","#4, Manith Patel Complex, Rt Nagar Post, R T Nagar, Bangalore - 560032, Khb Main Road,"
"Inchara","+ 91  80 40937198","No.66, Viijaya Bank Colony, Banaswadi Outer Ring Road, Kalyan Nagar, Bangalore - 560043, Opposite Easyday Shopping Mall"
"Mustard Restaurant","+ 91  80 41316751","No. 114, C/O Grand Pavilion Hotel, K H Road, Bangalore - 560027, Near Bmtc"
"LE Rock Pub","+ 91  80 41231001","No.3, Rest House Road, Bangalore - 560001, Off Brigade Road"
"Taste Of Darjeeling","+ 91  8884094611","No.14, Old Ward No.67, New Ward No.151, Kr Garden, 80 Feet Road, Koramangala, Bangalore - 560095, Near Passport Office"
"The Moms Clay Oven","+ 91  8884888331","A Traditional Multicusine Restaurant No,64, Miniyappa Complex, Beml Road, New Thippasandra, Bangalore - 560075, Opposite Airtel 4g Office"
"H3O","+ 91  80 25804466","No.83, St Thomas Town, Kammanahalli, Bangalore - 560084"
"SNOW LION TIBET KITCHEN","+ 91  9986392272","No.50/1, Msr nagar, New Bel Road, Bangalore - 560054, Near Ramiah gate no 5 , near hotel corporate park inn"
"CRAZY CHEF","+ 91  80 69999060","#.81/6 & 82/3, 3rd Cross, Chanakya Layout, Bangalore North, Nagawara, Bangalore - 560045, Opposite To Manyata Tech Park"
"Sri Matha Sagar","+ 91  9886789843","No.86, New Central Jail,Vinayakanagar City Post, Electronic City, Bangalore - 560100"
"Vyanjan Multicuisine Restaurant","+ 91  80 32481398","No.94/1 And 95/1,Samrudhi Suites, Dodda Thogur Village,1st Phase, Electronic City, Bangalore - 560100"
"Hot Attack Restaurant","+ 91  8880622880","Hosur Road, Electronic City, Bangalore - 560100, Opposite Velankanni Gate"
"Shanghai Bistro","+ 91  7899787744","No.15/A, 1st Floor, Amrita College Road, Off Sarjapur Road, Kasavanahalli, Bangalore - 560035, Opposite To Oceanus Monarda Apartments"
"Anu Momos","+ 91  7795851534","No. 8, Park Road, Chowrappa Layout, Kammanahalli, Bangalore - 560084, Opposite To Park"
"South Inn Restaurant","+ 91  9886072938","Wheelers Road, Frazer Town, Bangalore - 560005"
"Hunan","+ 91  80 25520154","No.123,1st Floor, 1st Main Block,Jnc Road, Koramangala, Bangalore - 560095, About Past Coffee"
"Spicy House","+ 91  8453783221","No.91 Spicy house, Tulasi Theater Road, Marathahalli, Bangalore - 560037, Behind salarpuriya"
"Eat Eroo","+ 91  7411125444","No.19, Outer Ring Road, Marathahalli, Bangalore - 560037, Next To Krishna Vaibhav Hotel"
"The Hidden Dragon (The Golden ...","+ 91  80 23712222","No.31/32, The Golden Palms Hotel And Spa, Tumkur Road, Nelamangala, Bangalore - 562123, Opposite To Himalaya Drug Factory"
"Noodle Bar Restaurant","+ 91  9341940356","No.92/9,, 80ft Rd,Kathriguppe Mn Rd, Banashankari,, Banashankari, Bangalore - 560050"
"Chung Wah Restaurant","+ 91  80 64562222","No.3/1, 1st Floor, P&T Colony, R T Nagar, Bangalore - 560032, Next To Shanthi Sagar"
"Delicious Momos","+ 91  8861444381","No.1738, St Thomas Town, 3rd Main Road, Kammanahalli, Bangalore - 560084, Behind Maha Bazaar"
"Chinese Street","+ 91  80 33724559","C/O Central Mall 5th Floor Shop No .4, Bellandur, Bangalore - 560103, Opposite To Dominios"
