"Name","Phone","Address"

"Adithya Biriyanis","+ 91  80 33562107","No 17,B,13,14,1st Floor, A Sector,Doddaballapur Main Road, Yelahanka, Bangalore - 560064, Opposite Rail Wheel Factory"
"Anjappar Chettinad Restaurant","+ 91  80 25534477","No 04, 17th Main,100 Feet Road,4th B Block, Koramangala, Bangalore - 560095, Near Bda Complex"
"Costa Biryanis","+ 91  80 33090378","612/1, Lotus building ..4th floor, 80 feet road, Koramangala, Bangalore - 560034, 4th block...near Sony world signal banglore"
"Delicacy Chinese And Thai F...","+ 91  80 39827717","No.313, 4th Cross,Ombr Layout, Banaswadi, Bangalore - 560043, Opposite St George College"
"Sea Rock","+ 91  80 41523344","No 6/4,1st And 2nd Floor,Shivananda Complex, Kumara Park East, Bangalore - 560001, Near Shivananda Circle"
"Nisarga Andhra Style Restau...","+ 91  80 23238184","No.470, 3rd Block,3rd Stage,Siddaiah Puranik Road, Basaveshwara Nagar, Bangalore - 560079, Near Havnour Circle"
"Hong Kong Noodles","+ 91  80 33700745","No.6, 1st Cross,100ft Main Road, Banaswadi, Bangalore - 560043, Opposite More Super Market"
"Hyderabad Biryaani House","+ 91  80 65659696","No 46, Varthur Main Road,Kundalahalli,, Ramagondanahalli, Bangalore - 560066, Near Forum Mall"
"Coastal Curry","+ 91  80 42152598","No.8, 3rd Cross, Sri Raghavendra Layout, Yeshwanthpur, Bangalore - 560022, Near RNS Motors And off Tumkur Road"
"Ambur Star Biryani","+ 91  80 26689973","No.38, 1st Stage,1st Phase, BTM Layout, Bangalore - 560076, Opposite Central Silk Board"
"Guru Prasada Veg Indian Res...","+ 91  9035634837","# 1755,, 1st Main, 3rd Cross, Kengeri Satelite Town, Bangalore - 560060, Near Kengeri Railway Station"
"Beyond China Restaurant","+ 91  80 33619186","No.188/1, 6th Main,Defence Colony, Indiranagar, Bangalore - 560038"
"Sri Vishnu Grand","+ 91  80 33724526","No 18,Prakriti Enclave, Kadubisanahalli, Panathur, Bangalore - 560103, Below State Bank Of Mysore"
"Sahara Food Solutions","+ 91  80 33511522","No 52 Post No 5038, Race Course Road, Bangalore - 560001, Opposite To Taj West End Hotel"
"Dal Tadkaa Restaurant","+ 91  80 26691763","No.1, Kattriguppa Main Road, Banashankari 3rd Stage, Bangalore - 560085, Above HDFC Bank"
"Amaseena","+ 91  80 33511287","Unit No.ECE, Jayamahal Road, Munireddypalya, Bangalore - 560006, Next NRI Cricket Ground, Near Bus Stop"
"Hyderabad Biryaani House","+ 91  80 33080203","No.407- 4M,1st Floor, Kammnahalli Main Road, Kammanahalli, Bangalore - 560043, Next KFC"
"Vande Matharam Fine Dine","+ 91  80 33531414","No.149/ A,Iskcon Foothills, West Of Chord Road, R Block, Rajajinagar, Bangalore - 560010, Next Iskon Temple"
"The Moms Clay Oven","+ 91  8884888331","A Traditional Multicusine Restaurant No,64, Miniyappa Complex, Beml Road, New Thippasandra, Bangalore - 560075, Opposite Airtel 4g Office"
"Southern Spice The Biryani ...","+ 91  80 33100977","Plot 95, Epip Zone, Vydehi Circle, Whitefield, Bangalore - 560066, Above SBI And Opposite Bmtc Bus Stop"
"Chicken Chillis","+ 91  80 33700948","No 126,Ground Floor, 2nd Main,1st Cross,KHB Colony, Koramangala 7th Block, Bangalore - 560095"
"Atithi Ahara Dhama","+ 91  80 33641301","No.71, Doddakanahalli, Doddakannelli, Bangalore - 560035, Opposite Rmz Buliding"
"Elegant Dining","+ 91  80 33722301","#9/10, Hulimavu, Begur Road,, DLF New Township, akshyanagar, DLF New Town, Bangalore - 560076, Above Dominos Pizza, And Near Hiranandini"
"Flavors Restaurant","+ 91  80 40985253","No.120p,A3 Epip, Kiadb, Whitefield, Bangalore - 560066, Near Itpl"
"Baskin Rabbins","+ 91  80 33531797","Soul Space Arenamall, Mahadevapura,Doddanakundi, Marathahalli, Bangalore - 560037, Opposite EMC Sqaure"
"Hyderabadi Biryani House","+ 91  80 39200047","A2,148/1,, Bannerghatta Road,, Arekere Gate, Bangalore - 560076, Opposite Reliance Mart,"
"Simply Indian","+ 91  7022001251","No.500, Btm Layout 6th Stage,2nd Block,2nd Phase, Bannerghatta Road, Bangalore - 560076, Near SAI Baba Temple, Arekere"
"Meghana Foods","+ 91  80 40970707","No.52,1st Floor, 33rd Cross,4th Block, Jayanagar, Bangalore - 560011, Above Dhanalakshmi Bank"
"Chettinad Biryani","+ 91  8884562666","Sapthagiri Building, Vignana Nagar,Kaggadasapura Main Road, Kaggadasapura Road, Bangalore - 560093, Near Sct College"
"Vandana Gardenia","+ 91  80 33724503","No 1073/ 784/785, 16th B Cross,Sector B, Yelahanka, Bangalore - 560064, Near Udupi Grand Restaurant"
"1947 Restaurant","+ 91  80 28605666","No 292/A, 12th Cross,Ideal Home Township, Rajarajeshwari Nagar, Bangalore - 560098, Opposite Maharastra Bank"
"Ambur Star Biryani","+ 91  80 33511645","No.5,Ground Floor, Dairy Circle Road, Hosur Road, Bangalore - 560029, Opposite Forum Mall"
"A3 R Amaravati Restaurant","+ 91  80 33569426","No 601,1st Floor,C Block, AECS Layout, Kundalahalli, Bangalore - 560037, Above Jade Restaurant"
"Kollapuris Restaurant","+ 91  80 41211693","No.429/31, 30th Cross,4th Block, Jayanagar, Bangalore - 560011, Above Union Bank Of India,Opposite Ganesh Temple"
"Padharo AS","+ 91  80 33080124","No 320, SLV Arcade,1st Floor, 9th Main,14th Cross, Jayanagar 5th Block, Bangalore - 560041, Opposite Adhishwar Electro World & TJSB Bank"
"R B P Green Gardens Family ...","+ 91  80 33618014","No-67, 13th Main, Mahadeshwaranagar, N S Palya Road, Btm Layout 2nd Stage, Bangalore - 560076, Near Btm Club Road"
"Tamarind Restaurant","+ 91  80 33619410","No.1, Banasawadi Main Road, Banaswadi, Bangalore - 560043, Next To Fire Station & Above Food World"
"Sri Yaksha Shivsagar","+ 91  80 33518648","#.940, 21st Main Road, Banashankari 2nd Stage, Bangalore - 560070, Beside BDA Complex, South Entrance"
"Zaitoon Restaurant","+ 91  80 33532798","No.138,Maruthi Tower, Old Airport Road, Bangalore - 560017, Opposite To Leela Palace"
"NAATI PARK RESTAURANT","+ 91  80 30145047","14, RR Layout, Nagadevanahalli-Gnanabharathi, Bangalore - 560056, Near HP Petrol Bunk"
"New Kairali Family Restaurant","+ 91  80 33055631","No.48-49, Nehru Road, Kammanahalli, Bangalore - 560084, Opposite To Sangeetha Mobiles, Near Riti Jewelry"
"Flavour Of Shanghai","+ 91  9880889933","No.15/1,15/2,Shop No.1,Balaji Complex, Gubblala, Kanakapura Road, Bangalore - 560062, Opposite Mantri Tranquil Apartment"
"Sambram Biryani Paradise","+ 91  80 33673691","No.134/14, 100Feet Ring Road,3rd Phase, Jp Nagar, Bangalore - 560078, Near Delmia Circle"
"1947 Fine Indian Cuisine","+ 91  80 41314321","No 47,4rth Floor, 3rd Main,15th Cross,Margosa Road, Malleswaram, Bangalore - 560003, Above Girias,Opposite Veena Stores"
"HYDERABADI BAWARCHI","+ 91  80 33700638","#171, COFFEE BOAD LAYOUT ROAD, Coffee Bord Layout, Bangalore - 560024, Near coffee board park (beside SBI bank)"
"Hyderabadi Bawarchi","+ 91  80 33294746","No 960, Prithvi Arcade, Vidyaranyapura Main Road, Vidyaranyapura, Bangalore - 560097, Next To Adigas"
"Oye Amritsar Restaurant","+ 91  80 33761005","No.72, 2nd Floor, Inner Ring Road, Jp Nagar 3rd Phase, Bangalore - 560078, Next Maxx & Near Cross World"
"Aagaman Veg Multicuisine Fi...","+ 91  80 40956662","No.545,3rd Floor, Cmh Road, Indiranagar, Bangalore - 560038, Near Metro Station,Above Food World"
"Paakashala Restaurant","+ 91  80 33674169","No.335,1st Floor,Ideal Home Township, 1st Phase,Sector B, Rajarajeshwari Nagar, Bangalore - 560098, Near Bharath Petrol Bunk"
"Hyderabad Ruchis","+ 91  80 33100573","No.55/5, Sarjapura, Marathahalli Outer Ring Road, Devarabeesanahalli-Bellandur, Bangalore - 560103, Near Sakra World Hospital"
"Aalishan Restaurant And Cat...","+ 91  80 33530588","No.158, Koramangala 7th Block, Bangalore - 560095, Near SAI Baba Temple Road"
"Oasis Restaurant","+ 91  80 33530681","No 25/1, Grond Floor, R V Road, Bangalore - 560059, Near R V College"
"Hyderabad Biryaani House","+ 91  80 39257293","No.A2,148/1, Arekere Gate, Bannerghatta Road, Bangalore - 560076, Adjcent HSBC Bank,Opposite Reliance Mall"
"4 Seasons Multicuisine Rest...","+ 91  80 33013467","No.5,A C/402,Lamcy Plaza,1st Floor, HRBR 2nd Block ,Kammanahalli Cross, Kalyan Nagar, Bangalore - 560043, Opposite To Tanishq"
"Hyderabadi Bawarchi","+ 91  80 30805927","No.39,G Block, 60 Feet Road, Sahakara Nagar, Bangalore - 560092, Next Mega Mart"
"Mango Trees","+ 91  80 33537823","No.99/4,Pit Stop Cafe, Kothnur,Nataraja Layout, Jp Nagar 7th Phase, Bangalore - 560078, Near Brigade Millennium Apartment"
"Punjabi Raswada","+ 91  80 41707478","No 4/3/1,3/4 Sm Towers,1st Floor, 11th Main,3rd Block, Jayanagar 3rd Block East, Bangalore - 560011, Opposite Deepam Silks And Niki Shoes"
"Swadist","+ 91  80 33762905",""
"Have More North Indian Fami...","+ 91  80 23516768","No.1,3rd Floor, 80 Feet Road, New Bel Road, Bangalore - 560054, Opposite M S Ramaiah Hospital And 2nd Building After Pizza Hut"
"New Bhagini Restaurant","+ 91  80 30832360","No.485, Hennur Main Road, Bangalore - 560043, Near Byrathi Cross,Opposite Value Mall"
"Relish Restaurant","+ 91  80 23513513","No.79, Rmv 2nd Stage, New Bel Road, Bangalore - 560054, Opposite MS Ramaiah Hospital"
"Hyderabadi Biryani","+ 91  80 33618859","No.98, Sky Lark Plazzo, Old Airport Road, Murugeshpalya, Bangalore - 560017, Near Total Mall"
"Rasa Restaurant","+ 91  80 42067030","No.30, 1st Cross,Sampige Road, Malleswaram, Bangalore - 560003, Near Sampige Theatre,Near Mantri Mall"
"Sufi Persian Restaurant","+ 91  80 33050030","No.103, 5th Floor, Empire Building, Koramangala 5th Block, Bangalore - 560034, Near Jnc, Above Empire Hotel"
"Aaranya Multi Cuisine Resta...","+ 91  80 41108346","No. 462, Teachers Colony, HSR Layout, Bangalore - 560102, Near Central Silk Board"
"South Spice","+ 91  80 33762216","No 907, Dr Vishnuvardhan Road,Channasandra, Rajarajeshwari Nagar, Bangalore - 560098, Near Honda Showroom"
"New Hyderabad House","+ 91  80 33083295","No.528,Ground Floor, Ambalipura Bellandur Gate, Sarjapur Road, Bangalore - 560034, Opposite Total Mall"
"Chings With A Twist","+ 91  80 39626083","No.1,2nd Floor, Dasarahalli Main Road,Bhuvaneshwari Nagar,9th Cross, Hebbal, Bangalore - 560024, Above Reliance Fresh,Behind Godrej Apartments"
"Mayur Andhara Style Family ...","+ 91  80 33055869",""
"R V International Lodging A...","+ 91  80 33642955","No.K 7, 100 Feet Ring Road,1st Phase,Kiadb Industrial Area,Anekal Taluk, Jigani, Bangalore - 560105, Near APC Circle"
"Magic Spice","+ 91  80 33083682","House No.607, Om Shakti Complex, Garebhavi Palya, Hosur Road, Bangalore - 560068, Next To Vasan Eye Care"
"SOUTH GRAND VEG RESTAURANT","+ 91  80 26394647","#23, 7th Main,Ksrtc Layout,Chikalasandra, Uttarahalli, Bangalore - 560061, Opposite Kaggis Bakery"
"Buzz A Meal","+ 91  80 33642551","Balan Farm, no 99/4, Nataraj Layout, Jp Nagar 8th Phase, Bangalore - 560078, Near Brigade Millinium Apts"
"Gams Delicacy Restaurant","+ 91  80 64555224","Door No 61, 7th Block, Koramangala, Bangalore - 560095, Above Corner House And Near HDFC Bank"
"Nisarga Andhra Style Restau...","+ 91  80 33051420","No 111, 1st Main Road,Club Road, Vijayanagar, Bangalore - 560040, Near McDonald"
"Natan Biryani On Leaf Llp","+ 91  80 33642156","No 2481, Hal 3stage, New Thippasandra, Bangalore - 560075"
"Bhagini Residency","+ 91  80 33530692","No.646/2, Bhattarahalli,Old Madras Road, Krishnarajapuram, Bangalore - 560016"
"Hyderabadi Bawarchi","+ 91  80 33054732","No.1012, Ground Floor, Dasarahalli Main Road, Kempegowda Circle,, Dasarahalli, Bangalore - 560024, Near Shoba Moon Apartments, Near Maruthi Temple"
"Coastal Delights","+ 91  80 33091442","No.241, 13th Cross, 2nd Stage, Cmh Road, Indira Nagar 2nd Stage, Bangalore - 560038, Opposite To Kanthi Sweets"
"The Yellow Chilli","+ 91  80 33724693","No.3, 2nd Floor, MSR West Park, Brigade Road, Church Street, Bangalore - 560001, Opposite To Metro Station"
"Nile Garden Restaurant","+ 91  80 33569991","No 13, 4th Main,1st Cross, Madivala, Bangalore - 560068, Behind Ayyappa Temple"
"Foodiction","+ 91  80 33568259","1331, 8th Main,8th C Cross, Kathriguppe Main Road, Bangalore - 560050, Near Hoskerallahalli Petrol Pump"
"Vaibhava Veg","+ 91  80 33293899","No.60/a, Jigni Link Road, Bommasandra Industrial Area, Bangalore - 560099, Near Karanataka Bank"
"Mahesh Lunch Home","+ 91  80 41311101","Cears Plaza, Residency Road, Bangalore - 560025, Opposite Bangalore Club,Near Chancery Pavillion Hotel"
"Olive Garden Restaurant","+ 91  80 33052615","No.414, Hrbr Layout,4th Cross,Cmrc Road, Kalyan Nagar, Bangalore - 560043, Opposite BSNL Office"
"Ayda Persian Kitchen","+ 91  80 33056083","No.1,1st Floor, Church Street, Bangalore - 560001, Near Nasa Pub"
"Oye Amritsar Restaurant","+ 91  80 39627829","No.54, Canara Bank Road, Koramangala 6th Block, Bangalore - 560095, Near To Vijaya Bank & Diagonal Opp To Nilgiris"
"Nesara Grand Restaurant","+ 91  80 39558158","Satya Heritage, 13th Main,E Block,8th Cross,Parallel Kodigehalli Main Road, Sahakara Nagar, Bangalore - 560092, Opposite Bbmp Park"
"Hunan","+ 91  80 33724202","No 10,1st Floor, 1st Main, New Bel Road, Bangalore - 560054, Above Reliance Fresh"
"Ambur Star Biryani","+ 91  80 25720796","No.44, 12th Main, 6th Sector, HSR Layout, Bangalore - 560102, Behind Bda Complex"
"Hyderabad Biryaani House","+ 91  80 33057651","No.7/1,, Victoria Layout, Bangalore - 560047, Near Life Style, opp to SBH bank,"
"Deewar Restaurant","+ 91  80 33058896","No 1210/D, 1st Phase,2nd Stage,80 Feet Road, Chandra Layout, Bangalore - 560040, Near Chandra Layout Bus Stop"
"Meghana Foods","+ 91  80 33532644","No.124, 1st Main,Khb Colony,5th Block, Koramangala, Bangalore - 560095, Near Jyothi Nivas College"
"Sri Annappoorna Vegetarian ...","+ 91  80 33530413","No.1/1, Kanakapura Main Road, Raghunalli, Bangalore - 560062, Near Sofia High School"
"Sai Prasadam","+ 91  80 23200916","No.15, 5th Main Road Rpc Layout, Vijayanagar, Bangalore - 560040, Opposite Karavalli Paradise"
"Mughal Empire","+ 91  80 33531690","No.546, Aecs Layout,60ft Road, Brookrfield, Kundalahalli, Bangalore - 560037, Next To M K Retail"
"Cauvery Hyderabadi Biryani","+ 91  80 33083700","#1, 6 Th cross, Akshaya nagar , T C PALYA main road, Ejipura, Bangalore - 560016, Above Canara bank atm , near Ideal mart supermarket"
"Shanghai Kitchen","+ 91  80 33530337","No.2,Anjanappa Building, Hormavu Main Road, Horamavu, Bangalore - 560043, Near Railway Cross"
"Ritz Restaurant","+ 91  80 33056545","No.52 And 56,C/O Gardeenia Comfortes Suites, Hosur Main Road, Bommasandra Industrial Area, Bangalore - 560099, Opposite Shetron And Canara Bank"
"Hyderabad Biryaani House","+ 91  80 33539337",""
"Delight Food","+ 91  9738087842","No.2, 1st Cross,1st Main, N S Palya-BTM Layout 2nd Stage, Bangalore - 560076, Behind Shoppers Stop"
"Cave N Dine","+ 91  80 33724440","No.12, 4th Stage,3rd Block, Basaveshwara Nagar, Bangalore - 560079, Near Basaveshwara Circle"
"Nagarjuna Chimney Restaurant","+ 91  80 33059830","No.21/22, 22nd Cross, Jayanagar 3rd Block, Bangalore - 560011, Opposite To Corporation Bank"
"Kaayal Restaurant","+ 91  80 33092587","No. 1647/1, 2nd Floor, Jeevan Bima Nagar, Bangalore - 560075, Opposite Miranda College"
"Samruddhi Family Restaurant","+ 91  80 33640797","No 540/A, 8th Main Vijayanagar, Vijayanagar, Bangalore - 560040, Behind Vijayanagar Traffic Police Station"
"Have More Punjabi Restaurant","+ 91  80 33293665","No 306, Hennur Main Road,HRBR 3rd Block, Kammanahalli, Bangalore - 560043, Opposite Teachers Academy"
"Gassi Family Restraunt","+ 91  80 33642118","No 198, Indira Gandhi Circle,9th Cross, Jp Nagar 1st Phase, Bangalore - 560078, Next To IG Circle Arch"
"Bhagini Restaurant","+ 91  80 25427999","No.1253, Outer Ring Road, Banaswadi, Bangalore - 560043, Near Horamavu Signal"
"Aramane Family Restaurant A...","+ 91  80 23509583","No.54/54,1st Floor, Near Canara Bank, Vijayanagar, Bangalore - 560040, Vijayanagar Bus Stand"
"4 Seasons Multicuisine Rest...","+ 91  80 33531246","1st Floor, Inorbit Mall, ITPL Road, Whitefield, Bangalore - 560066, Beside Marriott 5 Star Hotel, EPIP Area"
"Biriyani Paradise","+ 91  80 33640435","No.309,1st Floor,VMR Complex, Kundalahalli Gate, Kundalhalli-Whitefield, Bangalore - 560066, Opposite SRK Kalyana Mantapa"
"Hyderabad Biryaani House","+ 91  80 39257291","No.98,Skylark Plazzo, Old Airport Road, Bangalore - 560017, Near Kemfort Total Mall"
"Wazirs Restaurant","+ 91  80 33642650","No.546/5, Langford Road, Shanthinagar, Bangalore - 560027, Opposite Karnataka Hockey Stadium"
"Dandes Hyderabad Biryani","+ 91  80 33491826","7 Main,10 Cross,Mico Layout, BTM Layout 2nd Stage, Bangalore - 560076"
"Junior Kuppana Hotel","+ 91  80 33530451","No.34, 5th Cross,5th Block, Koramangala, Bangalore - 560095, Opposite Nandana Grand Hotel"
"Kabab Mehal","+ 91  80 33561129","No.23, Raghuvanahalli, Kanakapura Road, Bangalore - 560062, Near Adigas, Opposite Yellamma Wasappa Institute of Technology"
"Asia Kitchen By Mainland China","+ 91  80 25504445","136, Ground Floor, 1st Cross Road, 5th Block , Jyotiniwas College Road, Koramangala, Bangalore - 560095, Under The Gold Gym"
"Kritunga Restaurant","+ 91  80 65625444","No 2750, NNS Plaza, 4th Floor, Bellary Service Road, E Block,, Sahakara Nagar, Bangalore - 560092, Near Swati Gardenia Hotel"
"Hotel Andhra Chillies","+ 91  80 39828881","No.91/13, Tc Palya Main Road, Ramamurthy Nagar, Bangalore - 560016, Near Family Doctor Clinic"
"Zaica Dine And Wine","+ 91  80 41201745","No.2010, Hal,2nd Stage,100Feet Road, Indiranagar, Bangalore - 560008, Above E Zone"
"Troika","+ 91  80 39559202","No 2010, 100 Feet Road,Hal 2nd Stage, Indiranagar, Bangalore - 560038, Above Staples"
"Biriyani Adda","+ 91  80 33619932","No.52/S, 2nd Main, Chandra Layout, Bangalore - 560040, Behind Prasanna Ganapathi Temple ,Near Chandra Layout Police Station"
"Hunan","+ 91  80 33532564","No.123,1st Floor, JNC Road,1st Main,5th Block, Koramangala, Bangalore - 560095, Above Costa Coffee And Opposite Califonia Pizza Kitchen"
"Zaica Dine And Wine","+ 91  80 33531669","No.141, Nagawara Junction,Thanisandra Main Road, Nagawara, Bangalore - 560045, Near Manyta Tech Park, Above A2b Hotel"
"The Royal Kitchen","+ 91  80 33293961","No 6, 3rd Main Road,Bismilla Nagar, BTM Layout 1st Stage, Bangalore - 560029, Beside HDFC Bank"
"Salt N Pepper Family Resta...","+ 91  80 33535202","Near to Bus stop, Hosur main road, Electronic City Phase 2, Bangalore - 560100, Near to Syndicate bank"
"Zaica Dine And Wine","+ 91  80 39629148","No.125, Kundalahalli, Bangalore - 560037, Near CMR IT COLLEGE"
"Kips Delicacy","+ 91  80 33562368","No.3&4,1st Floor,Balaji Complex, Baglur Main Road,Hennur, Kothanur, Bangalore - 560077, Above Ammas Pastries,Near Kothanur Bus Stop"
"Seasons Restaurant","+ 91  80 33792582","No.36/1, Hosur Main Road, Electronic City, Bangalore - 560100, Near Bmtc Bus Depo"
"Kritunga Restaurant","+ 91  80 65625665","Plat No 95, EPIP ITPL Road, Whitefield, Bangalore - 560066, Opposite Vydehi Hospital"
"Spice Root","+ 91  80 33091451","No.12, Byrasandra Main Road,G M Palya, C V Raman Nagar, Bangalore - 560093, Behind Bagmane Tech Park Back Gate"
"Bhagini Residency Lumbini G...","+ 91  80 46665999","No.4, Hebbal Outer Ring Road,Veeranna Palya,Service Road, Arabic College, Bangalore - 560045, Opposite Lumbini Park"
"Zam Zam Darbar","+ 91  80 26686262","No.57, 8th A Main, Btm Layout 1st Stage, Bangalore - 560029, Near Food Palace"
"Banashankari Restaurant","+ 91  80 33619439","No 60/3, Nanjappa Layout,New BEL Road, Vidyaranyapura Block 4, Bangalore - 560097, Below Metro Sprit Wine Shop"
"Hotel Annapoorna","+ 91  80 33291873","No.65, Yeshwanthpur Circle, Yeshwanthpur, Bangalore - 560022"
"Shandong Restaurant","+ 91  80 28444918","No 39-40,1st Floor Idhaya Complex, Geddalahalli, Kothanur, Bangalore - 560077, Near Mantri Splendour"
"Altaf Chillies Restaurant","+ 91  80 33092659","No.32/1, North Rd, Hutchins Rd, Cooke Town, Bangalore - 560005, Opp Food Magic"
"New Biryani Mane","+ 91  80 33531003","No 2, Uttarahalli Main Road,Chikkalasandra, Uttarahalli, Bangalore - 560061, Next Dominos Pizza"
"Meghana Foods","+ 91  80 41308080","No.57/1,Jayalaxmi Chambers, Residency Road, Bangalore - 560025, Opposite Old Galaxy Theather"
"Barbeque City","+ 91  80 33059770","No.30, Old Madras Road, Bangalore - 560036, Near I Yamaha Show Room"
"Hongkong Garden","+ 91  80 33532688","No 184/3, 9th Cross, Kaggadasapura Road, Bangalore - 560093, Near SCIT College"
"Sanjha Chulha Restaurant","+ 91  80 33644108","1st Floor,, Purva Riviera Shopping Complex, Marathahalli, Bangalore - 560037, Near Marathahalli Bridge"
"Shanmukha Restaurant","+ 91  80 33724420","No 1313, 25th Main, Jayanagar 9th Block, Bangalore - 560069, Near Bangalore Central"
"Vaishali Deluxe hotel","+ 91  9845833092","No.20, 100 Feet Road,1st A Cross,5th Main, Banashankari 3rd Stage, Bangalore - 560085, Opposite Kamakya Theatre"
"Kerala Mess","+ 91  80 33536526","No 6, 1st Cross,Model Colony, Yeshwanthpur, Bangalore - 560022, Opposite Bescom Office"
"Nandasree","+ 91  80 33057536","No 32 & 33, Old Madras Road, Bhattrahalli, Bhattarahalli, Bangalore - 560049, RTO Office Road"
"Seasons Arabian Sea Food Re...","+ 91  7411798798","No.7, Bilekanahalli, Bannerghatta Road, Bangalore - 560076, Opposite Kalyani Motors"
"Amrutha Grand Restaurant","+ 91  80 30145349","No 9/1A,Ground Floor,Sidda Reddy Ellite, Off Sarjapura Road, Kasavanahalli, Bangalore - 560035, Near Andhra Bank"
"Savoury Seashell Restaurant","+ 91  80 33641429","No 10, Bhavani Layout, Bannerghatta Road, Bangalore - 560076, Next To Maruti Sagar Automobiles"
"Kritunga Restaurant","+ 91  80 65625111","Sriven Square,2nd Floor, Kundalahalli Gate, Kundalahalli, Bangalore - 560037, Opposite Sankara Eye Hospital And Beside Star Bazaar"
"ReddyS Paradise","+ 91  80 33530839","# 1313/41, Lakshmu towers, Adjacent to devasandra main road, Krishnarajapuram, Bangalore - 560036, Old Aishwarya palace building"
"Chopstick World Restaurant ...","+ 91  80 42248534","No.5, 1st Main Road, 2nd Block, 3rd Stage, Basaveshwara Nagar, Bangalore - 560079, Opposite Basveshwaranagar Police Station"
"Spice Up Restaurant","+ 91  80 32931154","No.228/A, 9th Main,Ksrtc Layout,2nd Phase, Jp Nagar, Bangalore - 560078, Near Divakar Global Hospital"
"Biryani Wala","+ 91  7795999404","No 39/2 3 And 4,1st Floor,N S Complex, Kundanahalli Gate,Itpl Main Road, Marathahalli, Bangalore - 560037, Opposite Hyper City"
"RBP Greens Garden","+ 91  80 30145341","29th Main Road, Lake Road, Btm Layout 2nd Stage, Bangalore - 560076"
"Alibaba Cafe And Restaurant","+ 91  80 33700975","No.69,1st Floor, M M Road, Frazer Town, Bangalore - 560005, Opposite Mosque"
"Biryani Knights","+ 91  80 33761716","Kumaraswamy Layout, Bangalore - 560078, Near Kumaraswamy Layout Police Station,Near 15E Bus Stop"
"R V International Lodging A...","+ 91  80 33518437","No.K 7, 100 Feet Ring Road, 1st Phase, Kiadb Industrial Area, Anekal Taluk, Jigani, Bangalore - 560105, Near APC Circle"
"Zabi","+ 91  80 40910604","No.208/E, H S Complex, 80 Feet Road, 1st Stage, 2nd Block, Hbr Layout, Bangalore - 560043, Next To Samsung Show Room"
"Marwa Restaurant","+ 91  80 26785734","No.944, 16th Main,2nd Stage, Btm Layout, Bangalore - 560076, Near Udupi Garden,Opposite Food Day"
"Ragoos Kitchen","+ 91  80 33057823","No.33, SL Arcade, 1st Main, Mahalakshmi Layout, Bangalore - 560086, Near Panchamukhi Ganpati Temple"
"Regency Park Multicuisine F...","+ 91  80 33530567","No 3826, Mariyappa Circle, Kammanahalli Main Road, Kalyan Nagar, Bangalore - 560043, Near Jalavayu Vihar"
"Sri Matha Sagar","+ 91  9886789843","No.86, New Central Jail,Vinayakanagar City Post, Electronic City, Bangalore - 560100"
"Chinese Fire Dragon","+ 91  80 33293034","Shop No 5, Natasha Gulf View Appartment, Domlur, Bangalore - 560071, Opposite Diamond District"
"Arabian Mehek","+ 91  80 41208888","No.46, MIG CHS 707, 4th Phase, Yelahanka New Town, Bangalore - 560064, Near Government School"
"The Arabian Nights Restaurant","+ 91  80 33091444","Jaibheem Nagar, BTM Layout 1st Stage, Bangalore - 560068, Near Gangothri Circle Opp Masjid E Umre Farooq"
"Dawat E Nizam","+ 91  80 33724642","3rd Block, HBR Layout, Bangalore - 560043"
"Empire Restaurant","+ 91  80 40414041","80 Feet Road, 2nd Stage, Indiranagar, Bangalore - 560008, Opposite Vijaya Bank"
"Empire Restaurant","+ 91  80 41202867","Jayanagar 3rd Block, Bangalore - 560011, Opposite To Nmkrv Womens College,Next To Show Off"
"Empire Restaurant","+ 91  80 25493349","No.83, Nehru Main Road, Kammanahalli, Bangalore - 560084, Opposite To Riti Jewellery"
"Empire Restaurant","+ 91  80 40222777","No.103, Industrial Area,5th Block, Koramangala, Bangalore - 560095, Near Jyothi Nivas College"
"Swathi Restaurant","+ 91  80 23595565","No.5, West Of Chord Road, Mahalaxmipuram, Rajajinagar, Bangalore - 560010, Near Navrang Theatre"
"Sri Nandhini Palace","+ 91  80 30119178","No.1, 5th Main Road, 1st Stage, West Of Chord Road, Shivanagar, Rajajinagar, Bangalore - 560010, Opposite To Power House"
"Nandhini Palace","+ 91  80 23603333","No.21, ITI Nagar Layout, Chickmaranahalli, Mathikere, New Bel Road, Bangalore - 560054"
"Nagarjuna Residency","+ 91  80 33051906","No.44/1, Residency Road, Bangalore - 560025, Next Galaxy Theatre"
"Hotel Nandhini Deluxe","+ 91  80 33569554","No.164,Adi Regency, R T Nagar, Bangalore - 560032"
"Empire Restaurant","+ 91  80 41231217","No.161, MLA Layout, R T Nagar, Bangalore - 560032, Next To Adigas Restaurant"
"Nandhini Palace","+ 91  80 25630202","No.7, 4th B Block, 100 Feet Road, Koramangala, Bangalore - 560034, Next To Bda Complex"
"Nandhini Deluxe Restaurant","+ 91  80 40355555","No.726/A, 24th Main Road, 15th Cross, 6th Phase, Jp Nagar, Bangalore - 560078, Opposite To Green City Hospital"
"Nandhini Deluxe Restaurant","+ 91  80 39626202","No 14/A/37, 27th Cross, Jayanagar 4th Block, Bangalore - 560011, Opposite Karnataka Bank"
"Nagarjuna Restaurant","+ 91  80 41300400","No.174/1, Jp Nagar 3rd Phase Main Road, Bannerghatta Road, Bangalore - 560076, Above Titan"
"Maiyas Restaurant","+ 91  80 43311111","No.459/30, 30th Cross, Jayanagar 4th Block, Bangalore - 560011, Opposite To Ganapathi Temple & Near Police Station"
"Swathi Ring View Restaurant","+ 91  80 23187878","No.856, Vinayaka Layout, 2nd Stage, Nagarbhavi, Bangalore - 560072, Near To Panacea Hospital"
"Nandhini Palace","+ 91  80 33293057","No.4034, 100 Feet Road, Hal 2nd Stage, Indiranagar, Bangalore - 560038, Near Domlur Flyover"
"Empire Restaurant","+ 91  80 40414141","No.34, Mosque Road, Frazer Town, Bangalore - 560005, Near Savoury Restaurant"
"Nandhini Deluxe Restaurant","+ 91  80 33641833","No.114/2, Minerva Circle, Lalbagh West, Bangalore - 560004, Off J C Road"
"Nandhini Deluxe Restaurant","+ 91  80 33030209","No.19, 1st Floor, Palace Guttahalli, Sankey Road, Bangalore - 560020, Above Vijaya Bank"
"Swathi Gardenia Restaurant","+ 91  80 23624299","No.2740, Bellary Road, New Airport Road, Sahakara Nagar, Bangalore - 560092, Opposite To Green Country Public School"
"Nandhana Palace","+ 91  80 29773344","#619 & 620, Sri Nandi Arcade, 80feet main road, Vinayak Layout, Nagarbhavi, Bangalore - 560072, Opp Bharat Petrol Pump"
"Nagarjuna Restaurant","+ 91  80 33562947","No.138, 1st Cross, 5th Block, KHB Colony, Koramangala, Bangalore - 560095, Opposite To Java City"
"Truffles","+ 91  80 41121160","No 22, St Marks Road, Bangalore - 560001, Opposite To State Bank Of India"
"Nandhana Palace","+ 91  80 33058235","No.83, Kammanahalli Main Road, St Thomas Town, Bangalore - 560084, Opposite To Bata Showroom"
"Rahhams Families International","+ 91  80 25486696","No 82, MM Road, Frazer Town, Bangalore - 560005, Opposite To Bata Showroom"
"Empire Restaurant","+ 91  80 42678888","No.36, Church Street, Bangalore - 560001, Opposite Java City"
"Savoury Restaurant","+ 91  80 49336333","No.27, Mosque Road, Frazer Town, Bangalore - 560005"
"Nandhini Deluxe Restaurant","+ 91  80 33762426","No.68, Coles Park Road, Frazer Town, Bangalore - 560005, Next To New Shanthi Sagar Hotel"
"Nandhini Paradise","+ 91  80 26890033","No.108, 150 Ring Road, Banashankari 3rd Stage, Bangalore - 560085, Near Kathtiguppa Circle"
"Empire Restaurant","+ 91  80 25720878","No 139/A/170, 6th Sector, 9th Main, 14th Cross, HSR Layout, Bangalore - 560102, Behind Bda Complex, Near Shobha Supermarket"
"Richies Rahmans Family Restaurant","+ 91  80 25808700","No.39, Yadava Layout,Arvinda Nagar,Nehru Road, Kammanahalli, Bangalore - 560043, Near Honest Bakery"
"Abhiruchi Restaurant","+ 91  80 25422854","No.65, St Thomas Town, Kammanahalli, Bangalore - 560084, Near Sathya Hospital,OppositeTo Kanti Sweets"
"Royal Andhra Spice Restaurant","+ 91  80 64506450","No 52/454, 60 Feet Road, Beml Layout, Rajarajeshwari Nagar, Bangalore - 560098, Near Bus Depot"
"Truffles","+ 91  80 23410222","No.84, 80 Feet Road, Rmv Extension 2nd Stage, Bangalore - 560094, Opposite To Corner House, Near Ramaiah College"
"Imperial Restaurant","+ 91  80 25588331","No 94/95, Residency Road, Bangalore - 560025, Opposite To Naagpal Petrol Bunk"
"Empire Restaurant","+ 91  80 40414041","No.35,Empire Suites, Castle Street, Bangalore - 560025, Off Brigade Road"
"1947 Restaurant","+ 91  80 41261947","No 62, 5th Floor,The High Street Building, 11th Main, Jayanagar 4th Block, Bangalore - 560011, Opposite To Vijaya Junior College"
"Imperial Restaurant","+ 91  80 69994888","No.1324, Double Road, Indira Nagar 2nd Stage, Bangalore - 560038, Near Kaveri School"
"Meghana Foods","+ 91  80 33724454","No.544, 1st Floor, CMH Road, Indiranagar, Bangalore - 560038, Near Metro Station"
"Empire","+ 91  80 43428080","No.78, Central Street, Shivaji Nagar, Bangalore - 560001, Near Parade Ground"
"Imperial Restaurant","+ 91  80 25633136","No.47, 6th Cross, Club Road, Koramangala 6th Block, Bangalore - 560095, Opposite To Indian Bank"
"Imperial Restaurant","+ 91  80 22371233","No.20, 11th Main Road, Millers Road, Vasanth Nagar, Bangalore - 560001, Near Jain hospital"
"Plantain Leaf Restaurant","+ 91  80 25297407","No.59/2, Subramanya Complex, Beml Main Road, Hal 3rd Stage, New Thippasandra, Bangalore - 560075, Next Bharat Petrol Bunk"
"Empire Restaurant","+ 91  80 40924042","No.232, Abm Building, 6th Cross, Subedar Chatram Road, Anand Rao Circle, Nataka Gubbi Veeranna Road, Gandhi Nagar, Bangalore - 560009, Opposite To Srs Travels"
"Nandhana Palace","+ 91  80 33700564",""
"Empire Restaurant","+ 91  80 26541888","No.21, Bhel Officer Colony Road, SR Krishnappa Garden, Hombegowda Nagar, Bannerghatta Road, Bangalore - 560076"
"Rahhams Families International","+ 91  80 23638700","No.4, 80 Feet Road, R T Nagar, Bangalore - 560032, Near Shanthi Sagar"
"The Krishna Grand Veg Restaurant","+ 91  80 26711184","No 1, 27th Cross, K R Road, Banashankari 2nd Stage, Bangalore - 560070, Near Monotype"
"Mainland China Restaurant","+ 91  80 39491234","No 14, Church Street, Bangalore - 560001"
"Chung Wah Restaurant","+ 91  80 65703696","No.418, 5th Main Road, Kalyan Nagar, Bangalore - 560043, Near 7 plates, 2nd Block, Kalyan Nagar"
"Pista House","+ 91  80 88886621","No.6, Marathahalli, Bangalore - 560037, Opposite To Home Town, Near Biriyani Zone"
"Nandhana Palace","+ 91  80 33568551","No.8A, N S Palya, BTM Layout 2nd Stage, Bannerghatta Road, Bangalore - 560076, Next To Girias, Near Shoppers Stop"
"Chungs Chinese Corner","+ 91  80 23368222","No.88/1, Shubh Arcade, 16th Cross, Margosa Road, Malleswaram, Bangalore - 560003, Opposite To The Professional Couriers"
"Ente Keralam Restaurant","+ 91  80 32421002","Old No 12, New No 1, Ulsoor Road, Bangalore - 560008, Near Manipal Centre, Opposite To Prestige Citrix"
"Sunnys Restaurant","+ 91  80 41329366","No.50, Lavelle Road, Bangalore - 560001, Opposite Loom"
"Nandhini Deluxe Restaurant","+ 91  80 33055985","No.9, Jaikar Complex, New Bel Road, Raj Mahal Vilas 2nd Stage, Bangalore - 560094, Near M.S. Ramaiah Medical College"
"Chung Wah Restaurant","+ 91  80 41234738","No.22, Saunders Road, Frazer Town, Bangalore - 560005, Opposite To Seventh Day Adventist Hospital"
"Punjabi By Nature","+ 91  80 49138800","No.6, Krishna Nagar, Industrial Area, Hosur Road, Bangalore - 560029, Behind Forum Mall,Near Christ College"
"Little Italy","+ 91  80 25207171","No.2017, 100 Feet Road, Hal 2nd Stage, Indiranagar, Bangalore - 560038, Next To Reebok Showroom"
"China Pearl","+ 91  80 41105060","No.53/1, 5th Cross, 60 Feet Road, Koramangala 6th Block, Bangalore - 560095, Near Nandhana Grand"
"Mainland China Restaurant","+ 91  80 33293946","No 4032, 100ft Road, Indiranagar, Bangalore - 560038, Opposite Barbeque Nation, Hal II Stage"
"Nandhini Deluxe Restaurant","+ 91  80 33056443","No.10,Taj Mahal Building, 5th Main Road,Hanumanthappa Road, Gandhi Nagar, Bangalore - 560009, Above Tajmahal Hotel"
"Zaitoon Restaurant","+ 91  80 41477466","No.21, 24th Main Road, Jp Nagar 6th Phase, Bangalore - 560078, Near IDBI Bank"
"Kritunga Restaurant","+ 91  80 33643769","Plot No.88,Venkatadri Plaza,3rd Floor, Outer Ring Road, Marathahalli, Bangalore - 560037, Opposite More Mega Store"
"Mayuri Veg And Non Veg Restaurant","+ 91  80 26704284","No.47-D, Jc Road, Jc Road, Bangalore - 560002, Opposite H P Petrol Bunk & Next Kamat Hotel"
"Tandoor Restaurant","+ 91  80 25584620","No.28, Centenary Building, M G Road, Bangalore - 560001, Next To Raheja Towers"
"Konark Vegetarian Restaurant","+ 91  80 22240865","No.50, Field Marshal Cariappa Road, Residency Road, Bangalore - 560025, Near Cash Pharmacy"
"Jalpaan Restaurant","+ 91  80 41701550","No 5, Unnati Arcade, 1st Main, Dr Rajkumar Road, Rajajinagar, Bangalore - 560010, Near Navrang Theatre, 1st Block"
"Mangalore Pearl Restaurant","+ 91  80 25302224","No 3, Ground Floor, Weeler Road, Coles Road Junction, Frazer Town, Bangalore - 560005, Opposite Sony Centre"
"New Imperial Restaurant","+ 91  9742386986","Prime Business Center, Sri Krishna Temple Road, 1st Stage, Indiranagar, Bangalore - 560038, Near KFC Signal"
"Anjappar Chettinad Restaurant","+ 91  80 41222790","No.54, MSK Plaza, 100 Feet Road, 3rd Main,Defence Colony, Indiranagar, Bangalore - 560038, Opposite To California Kitchen"
"Beijing Bites Restaurant","+ 91  80 41251616","No.11, Fazal Pentagon, Ground Floor, Mosque Road, Frazer Town, Bangalore - 560005, Opposite To More Super Market"
"Rahhams Families International","+ 91  80 22228700","No.28, Double Road, K H Road, Bangalore - 560027, Opposite To HDFC Bank"
"The Ocea International Hotel","+ 91  80 40636261","No 72, Ocea International Hotel, Markham Road, Brigade Road, Bangalore - 560025, Next To St Josephs College Of Commerce"
"Nandhini Delux","+ 91  80 43499999","No 3 & 4, Kiadb Sadaramanagala Agrahara Gate, Whitefield, Bangalore - 560066, Near Itpl, Near Big Bazar"
"Nandhini Deluxe Restaurant St ...","+ 91  80 41233333","No 72, St Marks Road, Bangalore - 560001, Near Signal"
"Chungs Pavilion Restaurant","+ 91  80 25285403","No.3047, 80 Feet Road, Indiranagar, Bangalore - 560008, Diagonally Opposite Yes Bank"
"Nandhini Palace","+ 91  80 25352266","No.280, Amarjyothi Layout, Domlur, Bangalore - 560071, Opp To Dell"
"Chungs Chinese Corner Restaurant","+ 91  80 26644700","No.295, Sri Krishna Complex, 22nd Cross, 10th Main, Jayanagar 3rd Block, Bangalore - 560011, Opposite To Cosmopolitan Club"
"Richies Rahhams Family Restaurant","+ 91  80 22878700","No 30/1, Cunningham Road, Bangalore - 560052, Next To Just Dial Ltd"
"Biryani Zone","+ 91  9686409911","No 92/5, Outer Ring Road, Marathahalli, Bangalore - 560037, Diagonally Opposite To Innovative Multiplex"
"Beijing Bites Restaurant","+ 91  80 40915505","No.11/2, Ground Floor, Sigma Trident, Hayes Road, Richmond Road, Bangalore - 560025, Opposite To Baldwin School"
"1947 Restaurant","+ 91  80 26791213","No.296,Ram Towers,2nd Floor, 100 Feet Ring Road, Banashankari 3rd Stage, Bangalore - 560085, Near Devegowda Petrol Bunk"
"Mamagoto","+ 91  80 40937237","No 949, Ground Floor, 12th Main, HAL 2nd Stage Indiranagar, Bangalore - 560038, Next To ICICI Bank"
"Tim Tai Restaurant","+ 91  80 65698888","No 130, 1st cross, 5th block, Koramangala, Bangalore - 560095, Near Sukh Sagar Hotel"
"Mainland China Restaurant","+ 91  80 33054231","No 430, Service Road, HRBR Layout, Bangalore - 560043"
"Mainland China Restaurant","+ 91  80 33724249","9th Main Road, Jayanagar, Bangalore - 560041"
"Chung Wah Restaurant","+ 91  80 41607999","No 129, Punjab national bank road, Koramangala 5th Block, Bangalore - 560034, Opposite To Jyothi Nivas College, Behind Juice Center, Khb Colony"
"Biriyani Zone Restaurant","+ 91  9886639783","No.5/3, Food Zone Complex, Beml Layout, Aecs Layout, Kundalahalli, Whitefield, Bangalore - 560066, Opposite To Skr Kalyana Mantapa"
"Rajdhani Thali","+ 91  80 22667345","No.T-19 And T-20, 3rd Floor, Mantri Square, Sampige Road, Malleswaram, Bangalore - 560003, Beside INOX Multiplex"
"Rajdhani Thali","+ 91  80 25212517","Salarpuria Building 1st Floor, 100 Feet Road, Hal 2nd Stage, Indiranagar, Bangalore - 560038, Opposite To Reliance Digital"
"New Prashanth Hotel","+ 91  80 26790906","No.43/2, Kamakya Complex, 100 Feet Ring Road, Kathriguppe, Banashankari 3rd Stage, Bangalore - 560085, Opposite Bmtc Depot, Near Kamakya Theatre"
"Nandhini Paradise","+ 91  80 42050588","No.39/2, Itpl Main Road, Kundalahalli, Marathahalli, Bangalore - 560037, Near Hyper City"
"Nandhana Palace","+ 91  80 25613636","No.1342, Asha Building, Old Madras Road, K R Puram Circle, Krishnarajapuram, Bangalore - 560036, Next To Apollo Pharmacy"
"New Prashanth Hotel","+ 91  9902219219","No.92,DSM Plaza,1st Floor, 1st Main, Jp Nagar 7th Phase, Bangalore - 560078, Behind Andhra Bank"
"Nandhana Palace","+ 91  80 26547222","No.1001,1st Floor, 24th Main, Jp Nagar 1st Phase, Bangalore - 560078, Opposite To Food World,Above ICICI Bank"
"Beijing Bites Restaurant","+ 91  80 42068388","No.186/1, Banashankari Mane, 24th Cross, Banashankari 2nd Stage, Bangalore - 560070, Near BDA Complex"
"Mint Masala The Fine Dining Re...","+ 91  80 33292747","No.384/1, Bashyam Circle, Sadashivanagar, Bangalore - 560080, Near Sadashivanagar Swimming Pool"
"Chichabas Taj Hotel","+ 91  80 41618888","No 50, MM Road, Frazer Town, Bangalore - 560005, Near to Everest Theater"
"Chungs Chinese Corner Restaurant","+ 91  80 22202224","No 13, West Minister, No.106, Cunningham Road, Bangalore - 560052, Opposite To H M Geneva House"
"Delicacy Restaurant","+ 91  80 33292958","No.97, Wheelers Road Extension, Cooke Town, Bangalore - 560005, Diagonally Opposite ITC Infotech"
"898 Steaks & Grill","+ 91  80 41435973","No 898, 3rd Floor, N Square Plaza, 80 Feet Road, Koramangala 6th Block, Bangalore - 560095, Opposite IBP Petrol Bunk, Next To F Chisel"
"The Punjabi Rasoi Restaurant","+ 91  80 23339171","No.6, 3rd Floor, 80 Feet Road, R T Nagar, Bangalore - 560032, Above Karnataka Bank"
"Maiyas Restaurant Pvt Ltd","+ 91  80 40907332","No 119/1, Srinidhi Complex, 11th Cross, Malleswaram, Bangalore - 560003, Opposite To Venugopal Swamy Temple"
"Swathi Spice n Ice","+ 91  80 25507575","No.145, 1st Floor, 5th Sector, HSR Layout, Bangalore - 560102, Above Canara Bank"
"New Shanthi Sagar Restaurant","+ 91  80 23384357","No.40/1, Lakshmi Narasimha Complex, 2nd Main Road, Vijayanagar, Bangalore - 560040, next sub rigister office"
"Loft 38 Lounge Bar","+ 91  80 49337555","No.763, Indiranagar, Bangalore - 560038, Near Sony Signal"
"Rajdhani Thali","+ 91  80 22682092","Orion Mall, Food Court, 2nd Floor, Dr Rajkumar Road, Malleswaram West, Bangalore - 560055"
"Eurasia Pasta And Barbeque Res...","+ 91  80 22452203","No.12, 32nd Cross, Jayanagar 7th Block, Bangalore - 560011, Beside Cafe Coffee Day"
"Chung Wah Restaurant","+ 91  80 25582662","No.45/1, Leo Complex, Residency Road, Bangalore - 560025, Near Symphony Theatre"
"Millers 46 Steak House Restaurant","+ 91  80 41131746","No.46, Millers Road, Vasanth Nagar, Bangalore - 560001"
"Rajdhani Thali","+ 91  80 41126111","4th Floor, Bangalore Central Mall, 9th Block, Jp Nagar, Bangalore - 560078, Opposite To Ragi Gudda Temple"
"Golkonda Chimney Restaurant","+ 91  80 28476532","No.42/2, Old Airport Road,Whitefield Road, Marathahalli, Bangalore - 560037, Opposite To Shankara Eye Hospital"
"Swathi Greenland Restaurant","+ 91  80 23502055","No.1199/62, JAI Munirao Circle,Magadi Road Junction,Dasarahalli, Vijayanagar, Bangalore - 560040"
"The Rock Restaurant","+ 91  80 30119487","No.2001,3rd Floor, 100 Feet Road, Hal 2nd Stage, Indiranagar, Bangalore - 560038, Opposte To Reliance Digital Showroom"
"Nandhana Palace","+ 91  80 43111555","No.1, Munnekolala, Marathahalli, Bangalore - 560037, Diagonally Opposite Innovative Multiplex"
"Beijing Bites Restaurant","+ 91  80 23417188","No.14, 1st Floor, Indira House, ITI Layout, New Bel Road, Bangalore - 560097, Opposite To Sree Nandhini Palace Hotel"
"Bheemas Andhra Style Restaurant","+ 91  80 41122535","No 31, Ground Floor, Asha Building, Church Street, Bangalore - 560001, Behind Times Of India"
"Ammis Biryani","+ 91  80 39457777","No.29, N S Palya ,Btm 2nd Stage, Bannerghatta Road, Bangalore - 560076, Near Subhiksha, Opposite To Gopalan Mall"
"Little Italy Restaurant","+ 91  80 41114034","No.32, Krishna Nagar Industrial Area, Hosur Road, Koramangala, Bangalore - 560034, Near Forum Mall"
"Shreedevi Andhra Cusine Restau...","+ 91  80 25283499","No 22, 80ft Road Michealpalya, Indiranagar, Bangalore - 560038, Near Nitesh Complex"
"Eshanya Restaurants","+ 91  80 26531155","No.33, 36th Cross, 26th Main, Jayanagar 4th T Block, Bangalore - 560041, Next To Ssmrv College"
"Chulhachauki Da Dabha Pvt Ltd","+ 91  80 32327799","No.13, 7th Cross, Jp Nagar, Bangalore - 560078, Opposite To R V Dental College, Near Police Station Road"
"Taipan Restaurant","+ 91  80 41253080","No.58, 1st Floor, Coles Road, Frazer Town, Bangalore - 560005, Above Sony Centre"
"Canopy Restaurant","+ 91  80 25588542","2nd Floor Public Utility Building, M G Road, Bangalore - 560001, Next mayo Hall"
"Beijing Bites Restaurant","+ 91  80 42246688","No.11, 1st Cross, 5th Block, Koramangala, Bangalore - 560095, Near Sukh Sagar Hotel"
"S S Bucket Biriyani","+ 91  9980950032","No.61, MDM Road, Frazer Town, Bangalore - 560005, Off Stephens Road"
"The Only Place Restaurant","+ 91  80 32718989","No.13, Shanthala Nagar, Museum Road, Bangalore - 560001, Behind Museum Road Post Office, Next To Raheja Chambers"
"Bhagini Restaurant","+ 91  80 33055715","No.39/3, Doddanekundi, Outer Ring Road, Marathahalli, Bangalore - 560037, Opposite To Total Mall"
"Samaroh Celebration Indian Cui...","+ 91  80 41203600","No 7, 1st Floor, Vittal Mallya Road, Bangalore - 560001, Above ICICI BankOpposite To Mantri House"
"Chungs Chinese Corner Restaurant","+ 91  80 23104929","No.726, Modi Hospital Main Road, 2nd Stage, Mahalakshmipuram Layout, Bangalore - 560086, Next To Petrol Pump"
"Chung Wah Restaurant","+ 91  80 23567888","No.48, 2nd Main Road, Vaiyyalikaval, Bangalore - 560003, Opposite To Namdhari Fresh"
"Anupams Coast To Coast Restaurant","+ 91  80 30527799","No 80/1 Shrungar Shopping Cplx, M G Road, Bangalore - 560001, Opposite Metro Railway Station,Near Barton center"
"Jalsa Restaurant","+ 91  80 32425757","No.25, Outer Ring Road, Doddanekundi Village, K R Puram, Marathahalli, Bangalore - 560037, Next To Grand Mall"
"Sigree Global Grill","+ 91  80 33083381","No 5AC-430, 5th A Cross, Service Road, HRBR Layout, Bangalore - 560043, 2nd Block, Kammanahalli, Kalyan Nagar"
"Chung Wah Restaurant","+ 91  80 41215557","5, Arekere Gate, Bannerghatta Road, Bangalore - 560076, Above Vijaya Bank , Opposite HSBC"
"Nandas","+ 91  80 42090505","No 1558, 19th Main,Outer Ring Road, HSR Layout, Bangalore - 560034, Opposite To Indian Petrol Pump"
"BFC FAMILY RESTAURANT","+ 91  80 25346500","No.1,K K Palace, Vignan Nagar Main Road,Malleshpalya, Vignana Nagar, Bangalore - 560037, Opposite FAIR choice Supermarket"
"7 Plates","+ 91  7829779997","No.420, Hrbr Layout, Kalyan Nagar, Bangalore - 560043, Near State Bank Of India"
"Hyderabadi Biriyani House","+ 91  7829488222","No.633/B555, Panduranga Nagar, Bannerghatta Road, Bangalore - 560076, Opposite To HSBC, Near Arekere Gate"
"1947 Restaurant","+ 91  80 41321947","No.4/4-1, 1st Main, West Of Chord Road, Rajajinagar Industrial Estate, Bangalore - 560010, Near Premananda Convention Hall"
"Chungs Chinese Corner Restaurant","+ 91  80 25428677","No.401, 5th A Main Road, 2nd Block, Kalyan Nagar, HRBR Layout, Bangalore - 560043, Opposite To Barista"
"Midnight Hunger Solution 24/7","+ 91  8105397222","No.169, 13th Main, 100 Feet Road, Indiranagar, Bangalore - 560008, Near Methodist Church"
"Mainland China Restaurant","+ 91  80 39491234","No 28/2, 1st Floor, Whitefield Main Road, Bangalore - 560066, Siddapura"
"Bhagini Restaurant","+ 91  80 64551333","No.139/C1, C/o Bhagini Residency, Pattandur Agrahara, ITPL Main Road, Whitefield Main Road, Bangalore - 560066, Next To GR Tech Park"
"No Limmits Lounge And Club","+ 91  80 49333000","No.8,2nd Floor,Allied Grande Plaza, Magrath Road, Bangalore - 560025, Above Nalli Silks"
"Chung Wah Opus Restaurant","+ 91  80 32488588","No.63/2, 18th Cross, 8th Main, Jayanagar 3rd Block, Bangalore - 560011, Behind Ramakrishna Hospital"
"Biryani Night Out","+ 91  9741109909","No 1187/14, Gokula Extension,1st D Main Road,1st Stage,4th Phase, Yeshwanthpur, Bangalore - 560022, Near Yeshwanthpur Circle"
"Mint Masala Restaurant","+ 91  80 22375500","No.147,Ground Floor,Chevron Hotel, Infantry Road, Bangalore - 560001, Opposite Police Comissioners Office"
"Chung Wah Restaurant","+ 91  80 23413814","No.4, 1st Floor, Anagha, Unit No.005, Devasandra, New Bel Road, Bangalore - 560054, Opposite To M S Ramaiah Hospital"
"100 Feet Boutique Bar Restaurant","+ 91  80 25277752","No.777/ I, 100 Feet Road, HAL 2nd Stage Indiranagar, Bangalore - 560038, Opposite To New Horizon School"
"High Note Bar & Restaurant","+ 91  80 25278361","No.776, 3rd Floor, 100 Feet Road, Indiranagar, Bangalore - 560038, Above kotak Bank"
"Mainland China Restaurant","+ 91  80 22682015","No 24, Upper Ground, Orion Mall, Dr Rajkumar Road, Malleswaram West, Bangalore - 560055, Brigade Gateway Campus, 26/1"
"Nandhini Deluxe Restaurant","+ 91  80 33644049","No.154, 1st Main, 2nd A Cross, Esi Hospital Road, 2nd Stage, Domlur, Bangalore - 560071"
"Biryani Zone","+ 91  9945025656","No. 5/3, Beml Layout.Varthur Main Road., Kundalahalli, Bangalore - 560037, Opposite Skr Convention Hall,"
"Chung Wah Restaurant","+ 91  80 33568630","No.33, 1st Floor, Hormavu Main Road, Horamavu, Bangalore - 560043, Near Home Buzz Supermarket"
"Bonsouth Restaurant","+ 91  80 25526363","No.131, 1st A Cross Road, Koramangala 5th Block, Bangalore - 560034, Near Sukh Sagar"
"Beijing Bites Restaurant","+ 91  80 41268088","No.473, 10th Main, Hal 3rd Stage, Jeevan Bima Nagar, Bangalore - 560075, Near Telephone Exchange"
"Higher Taste Restaurant","+ 91  80 22766501","Iskcon Temple Complex, Hare Krishna Hill, Chord Road, Rajajinagar 1st Block, Bangalore - 560010, Opposite To Mysore Sandal Soap Factory"
"7 Plates","+ 91  7829773337","No.12, Rahamath Nagar, R T Nagar, Bangalore - 560032, Next To Rahamath Nagar Bus Stop"
"Rahhams","+ 91  80 25268700","No.1, Medison Complex, Kodihalli, Old Airport Road, Bangalore - 560017, Near Leela Palace"
"Anupams Coast To Coast Restaurant","+ 91  7760352855","No.113, 6th Cross, Koramangala 6th Block, Bangalore - 560095, Near To Koramangala Club"
"Kopper Kadai","+ 91  80 65657515","No.77/A, Ground Floor, Cygnus Chambers, JNC Road, Koramangala 5th Block, Bangalore - 560034, Next To Bhima Jewellers"
"Mane Ruchi Palate","+ 91  80 23396665","No.1380, Banglore university main road, Nagarbhavi, Bangalore - 560072, Near Axis Bank And Nagarbhavi Circle"
"Kesariya Restaurant","+ 91  80 26590800","No 55, 1st Floor, Goenka Chambers, 15th Cross, 19th Main Road, Jp Nagar 2nd Phase, Bangalore - 560078, Above Fedex Courier, Jeevan Griha Colony"
"Copper Chimney Restaurant","+ 91  80 41155800","No.2006,Ground Floor, 100 Feet Road,Hal 2nd Stage, Indiranagar, Bangalore - 560038, near. Vodafone Store"
"Eden Park Restaurants","+ 91  8880845845","No.722/22, 10th Main,36th Cross, Jayanagar 4th Block, Bangalore - 560011, Opposite Limelite Salon,Near Jayanagar 5th Block Telephone Exchange"
"Banjara Melting Pot","+ 91  80 41231772",""
"Sri Bhemas Garden Family Resta...","+ 91  80 25747755","No 648E, Kaikondrahalli, Sarjapur Road, Bangalore - 560034, Nrear Total Mall"
"Hotel Metro Le Royale","+ 91  80 23215123","No.119/B, 14th Block, 2nd Stage, Nagarbhavi, Bangalore - 560072, Near Ambedkar College"
"Ammis Biryani","+ 91  80 39457777","No.7, P&T colony,80 ft road, R T Nagar, Bangalore - 560032, Opposite to Lakshmi vilas bank ATM"
"Beijing Bites Restaurant","+ 91  80 42114588","No.36, 60 Feet Road, G Block, Sahakara Nagar, Bangalore - 560092, Opposite To Bhagini Restaurant, Behind Big Market"
"Punjabi By Nature","+ 91  80 49677777","No 12, Ground Floor, NCC Garnet Building, Epip Industrial Area, Sadarmangala, Whitefield, Bangalore - 560066, Opposite Prestige Shantiniketan"
"Tamarind Restaurant","+ 91  80 33724156","No.2, Outer Ring Road, Banaswadi, Bangalore - 560043, Near Ramamurthy Nagar Junction"
"Oh! Calcutta Restaurant","+ 91  80 39628004","2nd Floor, 14 Church Street, Church Street, Bangalore - 560001, Above Mainland China"
"New Peking Family Restaurant","+ 91  80 25446020","No.11, Kammanahalli Main Road, Kammanahalli, Bangalore - 560084, Opposite RC Church"
"Ujwal Family Restaurant And Bar","+ 91  80 23517760","No.38, Sanjay Nagar, Bangalore - 560094, Opposite To Rmv Hospital"
"Papa Johns Pizza","+ 91  80 40997272","No 421/A, 80 Feet Road, Koramangala 6th Block, Bangalore - 560095, Opposite To National Games Village"
"Manis Dum Biryani","+ 91  80 60001600","No.474, 10th Main, Hal 3rd Stage, Jeevan Bima Nagar, Bangalore - 560075, Near BSNL, Diagonally Opposite To Hertiage"
"Bhagini Restaurant","+ 91  8722926710","Hunasamaranahalli, Yelahanka, Bangalore - 560064, Opposite To Government School"
"Moghal Darbar Restaurant","+ 91  80 26544417","No 76/2, Swagath Road, Jayanagar, Bangalore - 560041, Opposite To Babu Auto Consultant"
"Beijing Bites Restaurant","+ 91  80 40904288","No.408, 1st Floor, Hrbr Layout, Kammanahalli, Bangalore - 560043, Opposite To Kotak Mahindra & Food Bazarbank"
"Akshaya Deluxe Veg And Non Veg...","+ 91  80 33056211","No.21, New Bel Main Road, Chikkamaranahalli, Devasandra, New Bel Road, Bangalore - 560054, Opposite Indian Bank"
"Beijing Bites Restaurant","+ 91  80 41463677","No.31,1st Floor,R R Images Building, Panduranga Nagar,60 Feet Main Road, Bannerghatta Road, Bangalore - 560076, Opposite To HSBC Bank,Next To Adigas Hotel"
"The Punjabi Rasoi Restaurant","+ 91  80 33054201",""
"Smallys Resto Cafe","+ 91  7406762559","No LG 09, Skywalk, Ulsoor Road, Assaye Road, Bangalore - 560042, Near Body Craft"
"Beijing Bites Restaurant","+ 91  80 28606888","No.179, 1st Floor, Jawaharlal Nehru Road, Beml Layout, Rajarajeshwari Nagar, Bangalore - 560098, Opposite Food World, Near Cafe Coffee Day"
"Anjappar Chettinad Restaurant","+ 91  80 25722207","Shop No 25/26, 6th Sector, Hsr Layout, Bangalore - 560102, Bda Complex"
"Road Runners","","Salarpuria Business Centre, 4th B Cross Road, Koramangala Industrial Layout 5th Block, Koramangala, Bangalore - 560095"
"Wok With Chung Restaurant","+ 91  80 28540039","No.35/1- A, Akshaya Complex, Varthur Main Road, Marathahalli, Bangalore - 560037, Opposite To Yeshomati Hospital"
"Punjab Mail Restaurant","+ 91  80 40955800","No 147,Malleswaram Arcade, 7th Cross, Malleswaram, Bangalore - 560003, Below Axis Bank,Near Malleswaram Association"
"Mast Kalandar Restaurant","+ 91  80 41641751","No.985, 1st Floor, 80 Feet Road, 4th Block, Koramangala, Bangalore - 560034, Near Maharaja Hotel & Above Liberty Showroom"
"Rayalaseema Ruchulu","+ 91  80 49523348","No.949,1st Floor, 12th Main Road, Indira Nagar 2nd Stage, Bangalore - 560038, Above Mamagoto Restaurant"
"Bangalore Mandarin Chinese Res...","+ 91  80 25251772","No 196/A, Double Road, 2nd Stage, Indiranagar, Bangalore - 560038, Beside Nagarjuna hotel"
"Beijing Bites Restaurant","+ 91  80 28029788","No.75, Inorbit Mall, Level 1, Epip Industrial Area, Whitefield, Bangalore - 560066, Next To Sai Baba Hospital"
"US Pizza","+ 91  80 32949966","No. 1525/58, South End B Cross, 28th Main Road, Jayanagar 9th Block, Bangalore - 560069, Near Slv Hotel"
"Tandoori Taal","+ 91  80 41266222","3169-B, 12th main, Indiranagar, Bangalore - 560008, Bbmp Park,Bangalore School"
"Delicacy Restaurant","+ 91  80 33090232","No.972/C,Ground Floor, St Bed Layout, Koramangala 4th Block, Bangalore - 560034, Near Maharaja Hotel Signal"
"Chulha Chauki DA Dhaba","+ 91  80 32329977","No.1 M-404, Masand Esquare, Hennur Main Road, Kalyan Nagar, Hrbr Layout, Bangalore - 560043, Opposite To R M Super Market"
"Chung Wah Restaurant","+ 91  80 41472788","No.520, 60 Feet Road, Sahakara Nagar, Bangalore - 560092, Near Canara Bank"
"New Prashanth Hotel","+ 91  80 26530150","No.119/A, Garla Garnet, 2nd Floor, 9th Main, Jayanagar 4th Block, Bangalore - 560011, Opposite To Jayanagar Club, Above Cafe Coffee Day"
"Bhagini Residency","+ 91  80 42112335","No.40, Banaswadi, Bangalore - 560043, Near Ramamurthy Flyover"
"Hara Restaurant","+ 91  80 42112211","No.2465, 24th Cross, Banashankari 2nd Stage, Bangalore - 560070, Opposite Bda Complex"
"Vasudev Adigas","+ 91  80 41222209","No.160, Mla Layout, Matadahalli Road, R T Nagar, Bangalore - 560032, Near To Nandhini Restaurant"
"Vasudev Adigas","+ 91  80 22560105","No.30, Raghuvanahalli, Kanakapura Road, Bangalore - 560062, Opposite To Yellamma Dasappa College"
"Tandoori Nights Park Inn Resta...","+ 91  80 22441215","No.146/A-22, 6th C Main, Jayanagar 4th Block, Bangalore - 560011, Opposite To Kaveri Emporium, Near Jayanagar Police Station"
"Beijing Bites Restaurant","+ 91  80 41169588","No.16, 1st Floor, Rbi Layout, 7th Phase, Putenahalli Main Road, Jp Nagar, Bangalore - 560078, Opposite Capitol School And Above Kanti Sweets"
"Jalsa Restaurant","+ 91  80 42297555","No.942, 21st Main Road, Banashankari 2nd Stage, Bangalore - 560070, Above ICICI Bank"
"Suchithra Biryani House","+ 91  80 25238444","No.121,Atr Complex, Murgeshpalya, Old Airport Road, Bangalore - 560017, Opposite To Isro"
"Junior Kuppanna","+ 91  80 26490002","No 1878/19, Jayanagar 9th Block, Bangalore - 560069, Opposite To Ragigudda Slv Hotel"
"Gokul Veg Fine Dining Restaurant","+ 91  80 40934563","No.7, 80 Feet Road, P & T Colony, R T Nagar, Bangalore - 560032, Near ICICI Bank"
"Mtr 1924","+ 91  9886637519","No.39/40, Hansa Prathik Building, Hanumanthappa Road, Gandhi Nagar, Bangalore - 560009, Near Dr. Rajkumar International Hotel"
"A2B Veg Restaurant","18001036363","No.567, 38th Cross Road, 11th Main Road, Jayanagar 5th Block, Bangalore - 560041, Opposite To Shalini Field"
"Thalassery Restaurant","+ 91  8884522111","Shop No 1, Whitefield, Bangalore - 560066, Prasanth Layout, Prasanth Extension"
"Park View family restaurant","+ 91  80 23358772","No.906/A, 6th Main, Vijayanagar, Bangalore - 560040, Near Reliance Web World"
"Punjabi Rasoi Restaurant","+ 91  80 25720999","No.1082, 18th Cross,3rd Sec, HSR Layout, Bangalore - 560102, Near Bda Complex"
"Rajdhani Thali","+ 91  80 22067693","2nd Floor, Transit, The Forum Mall, Hosur Main Road, Koramangala, Bangalore - 560095"
"Cauvery Hyderabadi Biryani","+ 91  80 25650474","No.93, Nl Arcade, Ramamurthy Nagar Main Road, Ramamurthy Nagar, Bangalore - 560016, Above More Super Market"
"Xian Chinese Restaurant","+ 91  80 41515163","No.132, Ground Floor, Gangadhar Chetty Road, Bangalore - 560042, Below premson Near Gurudwara"
"Mast Kalandar Restaurant","+ 91  80 41104644","No.287, Ground Floor, 15th Cross, Jp Nagar 5th Phase, Bangalore - 560078, Opposite To HP Petrol Bunk"
"Peacock Restaurant","+ 91  9686377553","No.57, 100 Feet Road, Indiranagar, Bangalore - 560038, Near Coffee Day"
"Lazeez Restaurant","+ 91  80 41104271","No.480, Khb Colony,5th Block, Koramangala, Bangalore - 560095, Near Krishna Temple"
"Hyderabadi Biryani Home","+ 91  80 33642012","No.2627, 27th Main, HSR Layout Sector 1, Bangalore - 560102, Opposite To CPWD Complex, Beside Juice Junction"
"Saaga Veg","+ 91  80 22260896","No.19/3, Abhishek Hotel, Kumara Krupa Road, Race Course Road, Bangalore - 560001, Opposite To Hotel Bangalore international"
"Suchithra Biryani House","+ 91  80 25220740","No.1, Vinod Reddy Complex, Whitefield Road, Marathahalli, Bangalore - 560037, Opposite To State Bank Of Mysore"
"Naati Manae","+ 91  80 41116661","No.462, 17th C Main,5th Block, Koramangala 5th Block, Bangalore - 560034, Adjacent To Aqura Hospital,And Nova Hospital"
"Nandos Restaurant","+ 91  80 28026668","Park Square Mall, Whitefield, Bangalore - 560066, Near Vivanta By Taj"
"Manis Dum Biryani","+ 91  80 60001600","No.88, K K Center, Jyothi Nivas College Road, 5th Block, Koramangala, Bangalore - 560095, Next To Jyothi Nivas College"
"Bhagini Restaurant And Bar","+ 91  80 41157842","No.11, Itpl Road, K R Puram Hobli, Hoodi, Bangalore - 560048, Near DHL & Kamat Hotel"
"Green Theory Restaurant And Cafe","+ 91  80 41663836","No.15, 100 Feet Road, Convent Road, Bangalore - 560025, Near Bishop Cotten Girls School"
"Beijing Bites Restaurant","+ 91  80 42286088","Old No.21, New No.57, Ground Floor, 8th Cross, Kaggadasapura Main Road, K R Puram Hobli, C V Raman Nagar, Bangalore - 560093, Opposite To Lamcy Super Market"
"Shaadi Ki Biryani","+ 91  80 65650707",""
"Aagaman Veg Uttar Dakshin Fine...","+ 91  80 33094800","No.654/66, 3rd Floor,11th Main ,4th Block,, Jayanagar 4th Block East, Bangalore - 560011, Above Mcdonalds & Opposite Vijaya Junior College"
"Pista House","+ 91  80 41238463","No.78/1, MM Road, Frazer Town, Bangalore - 560005, Opposite To Bata Showroom"
"Gandharva Sip N Dine Restaurant","+ 91  80 23402484","No.998/20, Poornima Complex, 1st Floor, Service Road, Rpc Layout, Vijayanagar, Bangalore - 560040"
"Chowmein Family Restaruant","+ 91  80 33641426","No.729,Swarna Dhara,4th Floor, West Of Chord Road, Basaveshwara Nagar, Bangalore - 560079, Near Modi Hospital, Above KFC"
"Swathi Restaurant","+ 91  9900044650","No.3, 80 Feet Road, St Bed, Koramangala 4th Block, Bangalore - 560034"
"The Orchard","+ 91  80 40909337","No.15, 2nd Floor, Lower Palace Orchard, Sadashivanagar, Bangalore - 560080, Next Shell Petrol Pump"
"Only Place Restaurant","+ 91  80 25280077","No 311, 6th Main,Hal 2nd Stage, Indiranagar, Bangalore - 560038"
"Moriz Restaurant","+ 91  80 41614242","No 614, C Block Aecs Layout, Kundalahalli, Bangalore - 560037, Opposite Brookfield Hindustan Lever"
"Ammis Biryani","+ 91  80 39457777","No.16, Office Model Home , Co Operative House Building Society Ltd, Jalahalli Cross, Bangalore - 560057, Opposite To Reliance Fresh"
"Kritunga Restaurant","+ 91  80 65665777","No.105, Vikas Tech Park, 1st Floor, 1st A Cross Road, Koramangala Industrial Layout, Koramangala 5th Block, Bangalore - 560034, Above California Pizza Kitchen, Near Jyothi Nivas College"
"Beijing Bites Restaurant","+ 91  80 40965388",""
"Barbeque Factory","+ 91  80 69990017","No 1200, 2nd Floor, 100 Feet Road, Indiranagar, Bangalore - 560038, Next To Relaince Digital"
"Vasudev Adigas","+ 91  80 22940208","No.204, Panduranganagar, Bannerghatta Road, Bangalore - 560076, Opposite To HSBC Bank & Accenture"
"Vasudev Adigas Restaurant","+ 91  80 22940232","No. 219, Binnamangala, 2nd Stage, Indiranagar, Bangalore - 560038, Opposite To Bda Complex"
"Ragoos Restaurant","+ 91  80 26762888","No.16, Lime Light House, 5th B Main, K R Road, Basavanagudi, Bangalore - 560004, Near Garadi Apartments And Obalappa Garden"
"Oye Amritsar Restaurant","+ 91  80 41232111","No.3, 80 Feet Road, Hal 2nd Stage, Indiranagar, Bangalore - 560008, Near CMH Hospital"
"The Mings Legacy","+ 91  80 23433444","#/1, 1st Floor, P&T Colony, RT Nagar Main Road, R T Nagar, Bangalore - 560032, Next to Shanti Sagar"
"The Bawarchi","+ 91  9739977771","No.65, Karthik Nagar, Marathahalli, Bangalore - 560037, Above I Suzu Car Showroom"
"Zaffran Restaurant","+ 91  80 65958888","Upper Ground Floor, Orion Mall, Brigade Gateway, Dr Rajkumar Road, Malleswaram West, Bangalore - 560055"
"Saaga Restaurant","+ 91  80 23439860","C/O Royal Senate Boutique Hotel, No.24, Bellary Road, Hebbal, Bangalore - 560024, Next To Baptist Hospital"
"4 Seasons Multicuisine Restaurant","+ 91  80 25252221","No.654, Navjyothi, 4th Floor, 100 Feet Road, Indiranagar, Bangalore - 560038, Opposite Wills Lifestyle"
"Portland Steak House And Cafe","+ 91  80 25593405","No.1, 1st Cross, Brunton Road, M G Road, Bangalore - 560001, Diagonally Opposite To Udaya TV, Off Mg Road"
"Green Gardenia Veg Restaurant","+ 91  80 26698822","No.376,2nd And 3rd Floor, Mk Puttalingaiah Road, Padmanabhanagar, Bangalore - 560070, Above SBI Bank"
"Chowmein Restaurant","+ 91  80 23315599","No.54, Railway Parallel Road, Kumara Park West, Bangalore - 560020, Near Tata Coffee & Next To Empire Towers"
"Geethanjali The Cave Restaurant","+ 91  80 32323232","Navarang Circle, Rajajinagar, Bangalore - 560010, Opposite To Navarng Theatre"
"Just Bake","+ 91  80 40901870","Rm Supermarket, Hennur Mn Rd, Kammanahalli, Bangalore - 560033, Nr Hennur Bus Depot"
"Saffron Vegetarian Cuisine","+ 91  80 33674434","No 2 Maruthi Towers, 9th B Main,Chairman Layout, Banaswadi, Bangalore - 560043, Next Food World"
"Shanmukha Restaurant","+ 91  80 42287405","No.93/7, C N Reddy Plaza, Outer Ring Road, Marathahalli, Bangalore - 560037, Near Home Town"
"Elements Eatery Restaurant","+ 91  80 32904513","No.197, Jayamahal Extension, Nandi Durga Road, Bangalore - 560046, Next Airtel Office"
"Ammis Biryani","+ 91  80 39457777","No.689, Ground Floor, 13th Main Road, 3rd Phase, Yelahanka New Town, Bangalore - 560064, Opposite To Sheshadripuram College, Next To Axis Bank"
"Hoppipola Restaurant","+ 91  80 33674246",""
"Thalassery Restaurant","+ 91  7022910222","Neeladri Road, Neeladri Nagar, Karuna Nagar, Doddathoguru, Electronic City Phase 1, Bangalore - 560100, Opposite To Village Hyper Market"
"Rajdhani Thali","+ 91  80 67080099","3rd Floor Royal Meenkashi Mall, Bannerghatta Road, Bangalore - 560076, Opposite Meenakshi Sundareshawar Temple"
"Shubh Family Restaurant","+ 91  80 23186387","No.188,Vivek Complex,1st Floor, 80 Feet Ring Road, Nagarbhavi 2nd Stage, Bangalore - 560072, Above State Bank Of India , Near BDA Complex"
"Chung Wah Opus Restaurant","+ 91  80 65788588",""
"Italy","+ 91  9972436154","No 1766, Kumaraswamy Layout, Bangalore - 560078, Kumaraswamy Layout Police Station"
"Happy Endings","+ 91  80 65467001","No.164, green glen layout, Bangalore - 560103, opp to shobha jasmin"
"Rasovara The Royal Kitchen Res...","+ 91  80 41738968","The Collection Ub City, Level 2, Lavelle Road, Vittal Mallya Road, Bangalore - 560001"
"Vasudev Adigas Fast Food Resta...","+ 91  8494911152","No 21/4, Trinity Circle, M G Road, Bangalore - 560001, Near To Trinity Metro Station"
"Golkonda Chimney Restaurant","+ 91  80 25804444","No 13, 1st Floor, Mosque Road, Frazer Town, Bangalore - 560005, Above Mc Donalds"
"Hyderabadi Bawarchi","+ 91  80 65775555","No.82, 80 Feet Road, New Bel Road, Rmv Extension 2nd Stage, Bangalore - 560094, Opposite MS Ramayya Hospital Road"
"Mast Kalandar Restaurant","+ 91  80 41215666","No.396/85, 1st Floor, 11th Main Road, Jayanagar 3rd Block, Bangalore - 560011, Opposite To Taniska Showroom"
"Sigree Global Grill","+ 91  80 22716331","No 28/2 2nd Floor, Siddapura Whitefield Main Road, Whitefield, Bangalore - 560067, Before Demart"
"Midnight Hunger Solution 24x7","+ 91  8088922299","No.22, M G Road, Bangalore - 560001, Near Lido Mall"
"Kabab Magic","+ 91  80 41650241","No.528, Bellandur Gate, Sarjapur Road, Bangalore - 560034, Near Total Mall"
"Mayura Andhra Style Family Bar...","+ 91  80 23506361","No.46/3, 6th Block, Dr Rajkumar Road, Rajajinagar, Bangalore - 560010"
"Coconut Grove Restaurant","+ 91  80 25596149","No.86, Spencers Building, Church Street, Bangalore - 560001, Opposite To Amoeba"
"Atulya Group of Restaurant Pvt...","+ 91  80 25253902","No.3047, 80 Feet Road, Hal 2nd Stage, Indiranagar, Bangalore - 560008, Near Telephone Exchange"
"Maharaja Multicuisine Restaurant","+ 91  80 25526408","No.640, 80 Feet Road, Koramangala 4th Block, Bangalore - 560034"
"Nandas Grand Restaurant","+ 91  80 41105606","Sarjapur Road, Bangalore - 560034, Opposite To Fire Station, Near Total Mall"
"Kudla At Hotel Coraltree","+ 91  80 43346600","No.166, 80 Feet Road,Mla Layout, R T Nagar, Bangalore - 560032, Near R T Nagar Post Office"
"Delicacy Restaurant","+ 91  80 42005566","No.22, 1st Floor, 10th Main Road, Indiranagar, Jeevan Bima Nagar, Bangalore - 560075, Near Government School"
"Green Chillies Restaurant","+ 91  80 65659901","No.17, 1st Cross, Srirama Layout, Jp Nagar 7th Phase, Bangalore - 560078, Opposite To Rbi Water Tank"
"Margarita Lounge Bar","+ 91  7353800001","No.25/4,1st Floor, Lavelle Road, Bangalore - 560001, Opposite Harley Davidson Showroom"
"Pizza Stop","+ 91  80 33562047","No.17/16/1, Ali Asker Road, Cunningham Road, Bangalore - 560052, Opposite Sigma Mall"
"Shivbhoj Restaurant","+ 91  80 23370247","No.1A/35/1, Tumkur Road, Yeshwanthpur, Bangalore - 560022, Opposite To RNS Motors"
"Retreat Restaurant","+ 91  80 33056434","No.1/2, 1st Main Road, Jc Nagar, Bangalore - 560006, Behind Jc Nagar Police Station"
"Ji Hazoor Restaurant","+ 91  9964651107","Plot No.95, 4th Floor, Epip Zone, Whitefield, Bangalore - 560066, Near Vydehi Hospital Circle"
"Kabab Mehal","+ 91  9731507799","No.23, Raguvana Halli, Kanakapura Road, Bangalore - 560062, Near Adigas, Opposite Yellamma Dasappa Institute Of Technology"
"Chinnaswamy Naidu Biryani","+ 91  9538723326","# 242, 17th cross, 9th main, HSR Layout Sector 6, Bangalore - 560034, Opp. Vasant Eye Care"
"Kentaky Fast Food","+ 91  80 33539949","No 301/A, 80 Feet Road,8th Main Road,3rd Stage,3rd Block, Basaveshwara Nagar, Bangalore - 560079, Opposite State Bank Of India"
"Ginger Greens","+ 91  80 25434744","No. 122/4, Sri Shankar Reddy Building, Outer Ring Road, Kalyan Nagar, Bangalore - 560043, Near Bus Depot"
"Athithi Grand Restaurant","+ 91  80 26860101","No.18/2/C3, Athithi Grand Hotel Premises, Konankunte Cross Road, Kanakapura Road, Bangalore - 560062, Next To Metro Cash & Carry"
"Masalaa Family Garden Restaurant","+ 91  80 26667111","No.58/1, Chikkalasandra, Uttarahalli, Bangalore - 560061, Near Brigade Apartments"
"Kabab Squq","+ 91  9008840020","No. 5,J M Complex, 1st Main Road, Vignana Nagar, Bangalore - 560037, Next To Fair Choice"
"Prashanth Naati Corner","+ 91  9880893932","No.38, New Bel Road, Bangalore - 560054, Near Devasandra Bus Stand"
"Casino Restaurant","+ 91  80 65662103","No.185, Rmv Extension, 2nd Stage, New Bel Road, Bangalore - 560054, Opposite M S Ramaiah Hospital"
"Shezan Restaurant","+ 91  80 22287895","No 35/2 Ground Floor Shah Sultan Complex, Cunningham Road, Bangalore - 560052, Opposite To Reliance Web World"
"Mast Kalandar Restaurant","+ 91  80 42192828","No.19, Arekere Gate, Jalaram Industrial Estate, Bannerghatta Road, Bangalore - 560076, Opposite To Food World"
"Chilis Grill & Bar Restaurant","+ 91  80 42352526","No.1135, 100 Feet Road, 12th & 13th Main, HAL 2nd Stage Indiranagar, Bangalore - 560038, Opposite To Axis Bank"
"A2B Veg Restaurant","18001036363","No.78, Old No.236, Srinivasa Nagar, Kathriguppe, Banashankari 3rd Stage, Bangalore - 560085, Next To State Bank Of India"
"Biriyani Zone","+ 91  8884740128","No.1548, 19th Main, HSR Layout Sector 1, Bangalore - 560102, Opposite To Bmtc Bus Depo, Before Myntra Office"
"Roadrunner Carthero Technologi...","+ 91  80 30196415","No.7, Leela Landmark, 2nd Floor, 1st Cross, 3rd Main, Ashwini Layout, Ejipura, Bangalore - 560047, Near Sony Signal"
"Chungs Kitchen","+ 91  80 23618861","No.11, Bda Complex, Rmv Extension, 1st Cross, 9th Main Road, Sadashivanagar, Bangalore - 560080, Opposite To Palace Ground"
"Imli","+ 91  80 40949464","No.204, 5th Main, 7th Cross, Indira Nagar 1st Stage, Bangalore - 560038, Near To Toitpop"
"Kudla Restaurant","+ 91  80 65584050","No.16 Ramanashree Hotel, Raja Ram Mohan Roy Road, Richmond Road, Bangalore - 560025"
"Vasudev Adigas Fast Food Resta...","+ 91  80 25724458","SAI Optamus Building, 5th Main, HSR Layout Sector 7, Bangalore - 560068, Near Allahahbad Bank"
"New Shanthi Sagar Restaurant","+ 91  80 33056393","No.198, Cmh Road, 2nd Stage, Indira Nagar 2nd Stage, Bangalore - 560008, opp. HDFC Bank"
"Curry Leaves Restaurant","+ 91  80 33518675","No 1616, 36th Cross, East End Main Road, Jayanagar 9th Block, Bangalore - 560069, Opposite Yamaha Show Room"
"Beijing Bites Restaurant","+ 91  80 41667588","#.723, 1st Floor, Nes Parallel Road, A Sector, Yelahanka New Town, Bangalore - 560064, Above Pizza Hut"
"Barbeque Factory","+ 91  80 41505325","No.612/1, Lotus, 80 Feet Road, Koramangala 4th Block, Bangalore - 560034, Near To Sony World Junction"
"NH 8 Restaurant","+ 91  80 33091396","No.710, 3rd Floor, 8th Main, 80 Feet Road, Indiranagar, Bangalore - 560038, Above New Bata Showroom"
"Savoury Seashell Restaurant","+ 91  80 41256363","No.28, 1st Cross, Maruthi Nagar, 1st Main Road, Madivala, Bangalore - 560068, near enzen it pak"
"Maa Da Dhaba Express","+ 91  80 40931043","No.791, Mig 2nd Stage, Yelahanka, Bangalore - 560064, Next To Just Bake, Near Dairy Circle"
"Bhojohori Manna Restaurant","+ 91  80 26593666","No.42, 7th Cross, 24th Main, Marenahalli, 2nd Phase, Jp Nagar, Bangalore - 560078, Near R V Dental College"
"Little Italy","+ 91  80 25457078","No.415, 80 Feet Road, Kalyan Nagar, Bangalore - 560043, Near HRBR Cosmopolitan Club"
"Indian Kitchen Restaurant & Bar","+ 91  80 25598995","No. 86, Oak Shot Place, M.G. Road, Bangalore, India 560001, Bangalore - 560001, Next to Barton Center on MG Road"
"CHICHABAS TAJ","+ 91  7899677677","#97/3, 5th Main Road, HRBR Layout, Kalyan Nagar, Bangalore - 560043, Near THE FRENCH LOAF"
"Shiv Sagar Restaurant","+ 91  80 26483631","No.41, Banerghatta Road, Hulimavu Gate, Bannerghatta Road, Bangalore - 560076, Next To ICICI Bank"
"Vasudev Adigas Restaurant","+ 91  8495010666","No.850/4, Kodigehalli Village, Sahakara Nagar, Bangalore - 560092, Opposite sterling apartment"
"Esplanade - Calcutta Cuisine","+ 91  80 40927878","No.203, Indiranagar Double Road, Indiranagar, Bangalore - 560038, Opposite HDFC Bank"
"Bhojohori Manna","+ 91  80 25503666","No.66a/V, 6th Block, Koramangala, Bangalore - 560095, Opposite Kormangala Club"
"Sizzling Szechuan","+ 91  80 41468866","No.4 C-118, Ombr Layout, Banaswadi, Bangalore - 560043, Next To HDFC Bank"
"Pizzeria","+ 91  9742751515","No.02, 30th Main, Teachers Colony, Banashankari 3rd Stage, Bangalore - 560085, Near SBI Bank, Opposite To Kims College"
"Gundappa Donne Biryani","+ 91  80 60502349","No.120/1, 1st Main,Seshadripuram Road, Malleswaram, Bangalore - 560003, Near Palace Guttahalli Circle,Opposite North Wind Bar And Restaurant"
"Bawarchi Restaurant","+ 91  80 25422555",""
"Srinathjis Restaurant","+ 91  80 41126155","No.462, Gauranga Foods, Krishna Temple Road, Cmh Road, Indira Nagar 1st Stage, Bangalore - 560038, Opposite To Rock Home School For The Blind"
"In Wok Restaurant","+ 91  80 22242288","No.85/1, Sheriff House, Richmond Road, Bangalore - 560025, Behind Lakme Beauty Salon"
"Bhagini Palace","+ 91  80 49000111","No.210, 1st Main, A Cross, Esi Hospital Road, 2nd Stage, Domlur, Bangalore - 560071, Near Club"
"Athithi Residency Restaurant","+ 91  80 41507674","No.225/226, Arekere Gate, Bannerghatta Road, Bangalore - 560076, Above Canara Bank"
