"Name","Phone","Address"

"Baristo Brew","+ 91  80 33530601","No 10 , 4th floor dominos building, Krishna Nagar , industrial area, Hosur Main Road, Bangalore - 560029, Near to Christ college"
"Pizzeria","+ 91  80 39557439","No.2, 30th Main Road, Banashankari 3rd Stage, Bangalore - 560085, Near KIMS College"
"Dominos Pizza","+ 91  80 23552241","Ground Floor, HMT Layout, R T Nagar Main Road, Ganga Nagar Extension, Bangalore - 560032, Near Police Station"
"Dominos Pizza","+ 91  80 26659696","No.36/9, Ground Floor & 1st Floor, 11th Main Road, Jayanagar 5th Block, Bangalore - 560041, Near Post Office"
"Dominos Pizza","+ 91  80 22412121","No.38, Ground Floor, Bull Temple Road, Basavanagudi, Bangalore - 560004, Opposite To Shekar Hospital"
"Dominos Pizza","+ 91  80 23343330","No.22, Usha Mansion, 5th Cross, Sampige Road, Malleswaram, Bangalore - 560003, Near Malleshwaram Circle"
"Dominos Pizza","+ 91  80 26699540","No.17, Ground Floor, 100 Feet Ring Road, 6th Block, Banashankari 3rd Stage, Bangalore - 560085, Near Kamakya Theatre & Big Bazaar"
"Dominos Pizza","+ 91  80 41530666","No.897, 80 Feet Road, Koramangala 6th Block, Bangalore - 560095, Near Indoor Stadium"
"Dominos Pizza","+ 91  80 23512731","No.54,Ground Floor,Janardhan Santuary, Seenappa Layout,New Bel Road, Rmv Extension, Bangalore - 560094, Near Ramaiya Signal"
"Dominos Pizza","+ 91  80 23205555","No.1/2, Golden Height, Ground Floor, Dr Rajkumar Mills Road, 59th Cross, Rajajinagar 4th Block, Bangalore - 560010, Near Total Mall"
"Dominos Pizza","+ 91  80 25217444","No.308, Ground Floor, 100 Feet Road, Indiranagar, Bangalore - 560038, Near KC Signal, Opposite To Labsin Restaurant"
"Dominos Pizza","+ 91  80 25424700","No.608, Ground Floor, 4th Cross, 2nd Block, HRBR Layout, Bangalore - 560043, Opposite To HRBR Club"
"Dominos Pizza","+ 91  80 26590265","No.7, Ground Floor, 100 Feet Road,1st Stage, Jp Nagar, Bangalore - 560078, Opposite To Shekar Nethralaya Eye Hospital"
"Dominos Pizza","+ 91  80 25499580","No.22/1, Ground Floor, Coles Road, Frazer Town, Bangalore - 560005, Opposite To Fathima School, Next To Reliance Fresh"
"Dominos Pizza","+ 91  80 22374591","No.37/1, Ground Floor, Cunningham Road, Bangalore - 560052, Opposite To Sigma Central Mall And Fortis Hospital"
"Dominos Pizza","+ 91  80 25316500","No 72/73, 4th Main, Thambuchetty Palya, Horamavu Village, Ramamurthy Nagar, Bangalore - 560016, Next To Smart Super Market"
"Dominos Pizza","+ 91  80 23230110","Site No.354 & 353/ A, Ground Floor, 4th Block, 8th Main, Basaveshwara Nagar, Bangalore - 560079, Next To More Supermarket"
"Dominos Pizza","+ 91  80 23212010","No.183, Ground Floor, Old Ring Road, 2nd Block, Nagarbhavi, Bangalore - 560072, Opposite To Bda Complex"
"Dominos Pizza","+ 91  80 23391054","No.40, 1st Floor, Chandra Layout Main Road, Chandra Layout, Bangalore - 560040, Above Peoples"
"Dominos Pizza","+ 91  80 68886888","No.239/E2/4, Ground Floor, Gowrys Building, No.16, Arekere Gate, Bannerghatta Road, Bangalore - 560076, Near Reliance Mart"
"Dominos Pizza","+ 91  80 28564913","No.719, Doddabalapur Main Road, MIG 1st Sector, Yelahanka Satellite Town, Bangalore - 560064, Near Sheshadripuram College"
"Pizza Hut","+ 91  80 41125285","No.66/1, Coles Road, Frazer Town, Bangalore - 560005, Opposite To Cafe Coffee Day"
"Pizza Hut","+ 91  80 39883988","No.216/13, Suraj Towers, 27th Cross, Jayanagar 3rd Block, Bangalore - 560011, Near Sapna Book House"
"Dominos Pizza","+ 91  80 22484848","Shop No.2, No.13, Ground Floor, Rehinus Street, Richmond Town, Bangalore - 560025, Next To Tv9 Office, Opposite To Hockey Stadium"
"Dominos Pizza","+ 91  80 26860131","No.4, Survey No.40/1,2 & 5 , Ground Floor, Yelachenahalli, Yelachenahalli Industrial Layout, 1st Stage, Uttarahalli Hubli, Kanakapura Road, Bangalore - 560062, Opposite To Cauvery Ford"
"Dominos Pizza","+ 91  80 25237122",""
"Dominos Pizza","+ 91  80 42351412","Site No.1, Survey No.56/17, 1st Floor, Hosur Road, Bommanahalli, Bangalore - 560068, Opposite To Maruthi Suzuki"
"Pizza Hut","+ 91  80 23413999","No.3, Om Chambers, Devasandra, New Bel Road, Bangalore - 560054, Opposite To M S Ramaiah Hospital"
"Dominos Pizza","+ 91  80 68886888","No.776, Ground Floor, 80 Feet Road, Koramangala 4th Block, Bangalore - 560034"
"Dominos Pizza","+ 91  80 28606401","No.98 D, Ground Floor, P- 1, Ideal Homes Township, Kenchanhalli, Sector-B, Rajarajeshwari Nagar, Bangalore - 560098, Opposite To Reliance Fresh"
"Dominos Pizza","+ 91  80 23282155","Site No.5, Ground Floor, Prashanth Nagar, Nagarbhavi Main Road, Vijayanagar, Bangalore - 560040, Opposite To Cordial High School"
"Dominos Pizza","+ 91  80 26710070","No.645, 1st Floor, 24th Cross, 24th Main, Banashankari 2nd Stage, Bangalore - 560070, Near Bda Complex"
"Dominos Pizza","+ 91  80 25727782","No.1573, Ground Floor, Outer Ring Road, HSR Layout Sector 1, Bangalore - 560102, Opposite To Agara Lake Park"
"Pizza Hut","+ 91  80 23222999","No.87, Bhima Jyothi Colony, West Of Chord Road, Basaveshwara Nagar, Bangalore - 560079"
"Pizza Hut","+ 91  80 25435999","No.308, A V R Base, 5th B Cross, 3rd Block, Hrbr Layout, Banaswadi Main Road, Kammanahalli, Bangalore - 560043, Near Water Tank"
"Dominos Pizza","+ 91  80 26662118","Shop No.657/659/147/56/1d/455/1, Ground Floor, Kandra Sapphire, Uttarahalli Main Road, Chikkalsandra, Bangalore - 560061, Near Brigade Apartment"
"Dominos Pizza","+ 91  80 23627771",""
"Pizza Hut","+ 91  80 39883988","Shop No.16, 17th Cross, 21st Main Road, M C Layout, Vijayanagar, Bangalore - 560040, Near Maruthi Mandir"
"Dominos Pizza","+ 91  80 23649980","No.573, HMT Layout, Vidyaranyapura Block 2, Bangalore - 560097, Opposite Food World"
"Dominos Pizza","+ 91  80 68886888","No. 39/1 & 25/4, Ground Floor, Ward No.4, Mathikere, Bangalore - 560054"
"Dominos Pizza","+ 91  80 26687733","No.800, Ground & 1st Floor, 7th Cross, 15th Main, BTM Layout 2nd Stage, Bangalore - 560076, Near Mico Employees Griha Nirman Sangha & ICICI Bank"
"Dominos Pizza","+ 91  80 22300500","No.G1,39/2, Hennur Cross, Bangalore - 560043, Opposite To Indian Academy College"
"Pizza Hut","+ 91  80 25260999","No.1/1-A, Cmh Road, Binnamangala, Ward No.82, Indiranagar, Bangalore - 560038"
"Pizza Hut","+ 91  80 33773300","Plot no. 38,1st stage, btm 1st phase, Madivala, Bangalore - 560068, near St. Mira"
"Pizza Hut","+ 91  80 39883988","No.542/19,Ground Floor, Dr Rajkumar Road, Rajajinagar 1st Block, Bangalore - 560010, Opposite To St Theresa Hospital"
"Pizza Hut","+ 91  80 33773300","No.309, 15th Cross,100 Feet Ring Road,5th Phase, Jp Nagar, Bangalore - 560078, Opposite To Hotel HHI"
"Dominos Pizza","+ 91  80 25233391","Shop No-98, No-G2/G3/G4, Skylark Palazzo, Murugeshpalya, Old Airport Road, Bangalore - 560017, Next To Total Mall"
"Pizza Hut","+ 91  80 39883988","No.478 Ground Floor, 80 Feet Road, Koramangala 6th Block, Bangalore - 560095, Next To IBP Petrol Bunk"
"Dominos Pizza","+ 91  80 25342737","No.91/1, Ground Floor, Western B Portion, Kaggadasapura Main Road, Nagavara Palya, C V Raman Nagar, Bangalore - 560093, Next To Coorg Coffee"
"Dominos Pizza","+ 91  80 41670261","No.13/14/15, Leisure Well, Sjri Park, Epip, Whitefield, Bangalore - 560066, Opposite To Satya SAI Medical Institute"
"Pizza Hut","+ 91  80 39883988","No.2469, 21st Cross, Banashankari 2nd Stage, Bangalore - 560070, Opposite To Bda Complex"
"Pizza Hut","+ 91  80 39883988","No.14, 100 Feet Ring Road, 3rd Phase, 6th Block, Kathriguppe, Banashankari 3rd Stage, Bangalore - 560085, Opposite To Megamart"
"Dominos Pizza","+ 91  80 23132240","No.63/154, M N Plaza, Dr Rajkumar Road, Rajajinagar, Bangalore - 560010, Opposite To Subramanyanagar Police Station"
"Dominos Pizza","+ 91  80 28394990","No.1, Defence Colony, Hessarghatta Main Road, Bangalore - 560073, Near Mandovi Motors"
"Pizza Hut","+ 91  80 39883988","Site No.2633, 27th Main Road, 13th Cross, 1st Sector, Hsr Layout, Bangalore - 560034"
"Dominos Pizza","+ 91  80 26850997","No.471, Datta Complex, Putenahalli Main Road, Rbi Layout, Jp Nagar 7th Phase, Bangalore - 560078, Opposite To SBM"
"Pizza Hut","+ 91  80 39883988","No.32, Ground Floor, Anjan Complex, 2nd Main Road, Vyalikaval, Sadashivanagar, Bangalore - 560080, Opposite To Swaadishta Restaurant, Near To Bharat Petrol Bunk"
"Pizza Hut","+ 91  80 22224061",""
"Pizza Hut","+ 91  80 39883988","No.1, 3rd Floor, Mantri Square Mall, Sampige Road, Malleswaram, Bangalore - 560003"
"Dominos Pizza","+ 91  80 45124512","Shop No.6, Ground & 1st Floor, Hebbal Kempapura, Bangalore - 560045, Near Esteem Mall"
"Pizza Hut","+ 91  80 33773300","No.19, Mobas Towers, Bull Temple Road, Basavanagudi, Bangalore - 560004"
"Dominos Pizza","+ 91  80 28440901","No.18/2-A, Ambalipura Village, Bellandur Gate, Sarjapur Road, Bangalore - 560034, Opposite To Ideb Spring Fields"
"Dominos Pizza","+ 91  80 28483100","No 133/1 & 15, Grond Floor & 1st Floor, Old Outer Ring Road, Satellite Town, Kengeri, Bangalore - 560060, Opposite To Kabir Mutt"
"Pizza Hut","+ 91  80 39883988","No.8, Liss Arcade, Arekere Gate, Bannerghatta Road, Bangalore - 560076, Next To Reebok Store"
"Pizza Hut","+ 91  80 39883988","No.38, 1st Phase, Madivala Dollors Scheme, BTM Layout 1st Stage, Bangalore - 560068"
"Pizza Hut","+ 91  80 33773300","No.1148/592, HMT Layout, Vidyaranyapura, Bangalore - 560097"
"Dominos Pizza","+ 91  80 22481800","No.280/3, Ground Floor, 10th Cross, Wilson Garden, Bangalore - 560027, Opposite To Post Office & Next To Karnataka Bank"
"Dominos Pizza","+ 91  80 25459000","No.413, Arka Building, Ground Floor, B Channasandra Main Road, Kasturi Nagar, Bangalore - 560043, Near Raghavendra Hotel"
"California Pizza Kitchen","+ 91  80 64048888","No.284, Ground Floor, Hothur Square, 100 Feet Road, Indiranagar, Bangalore - 560038, Opposite To Cafe Coffee Day"
"Dominos Pizza","+ 91  80 26788008","No.10 & 11, Ground & 1st Floor, Hulimavu, Bannerghatta Road, Bangalore - 560076, Opposite To Royal Meenakshi Mall"
"Dominos Pizza","+ 91  80 28527360","Shop No.6/7, Survey No.14, Hosur Road, 1st Main, 2nd Cross, Electronic City Phase 1, Bangalore - 560100, Near SBI Bank"
"Dominos Pizza","+ 91  80 26788240","No.69/2, 20th Main,8th Cross ,Maruthi Nagar, BTM Layout 1st Stage, Bangalore - 560029, Opposite To Gangothr Bar & i Restaurant"
"Dominos Pizza","+ 91  80 68886888","No.20, Ground Floor, Unit No.G8 Brigade Rubix, HMT Factory Main Road, Jalahalli, Bangalore - 560013"
"Pizza Hut","+ 91  80 39883988","No.262/1, Hosur Main Road, Bommanahalli, Bangalore - 560068, Next To Rns Motors, Garvebhavi Palya"
"Dominos Pizza","+ 91  80 25446990","No.1, 1st Floor, Block E, Manyata Tech Park, Outer Ring Road, Nagawara, Bangalore - 560045"
"Pizza Hut","+ 91  80 39883988","No.18, HMT Layout, 80 Feet Road, R T Nagar, Bangalore - 560032, Next To ICICI Bank"
"Dominos Pizza","+ 91  80 25599076","No.30, 1st Floor, Rest House Road, Bangalore - 560001, Opposite To Guzzlers Pub"
"Dominos Pizza","+ 91  80 25619080","Door No.1B, H L Khata No.565/44, Old Madras Road, Krishnarajapuram, Bhattarahalli, Bangalore - 560049, Opposite To Soupanika Bakery"
"Dominos Pizza","+ 91  80 68886888","No.13, Ground Floor, Sesha Sadan, Sri Shiridi SAI Mandir Road, Cambridge Road, Bangalore - 560008"
"Pizza Hut","+ 91  80 33773300","No.6 & 7, 60 Feet Road, G Block, Sahakara Nagar, Bangalore - 560092, Near ICICI Bank"
"Dominos Pizza","+ 91  80 41154888","Plot No.45/1, 45/2, Central 2, 4th Floor, Unit No.7, Jp Nagar 2nd Phase, Bangalore - 560078, Opposite Big Bazaar"
"Pizza Hut","+ 91  80 25599445","No. 185, Deena Complex, M G Road, Brigade Road, Bangalore - 560001, Opposite To Airtel Office, Next To Coffe Day"
"Crunch","+ 91  80 65724444","No.3272, 5th Main Road, Hal 3rd Stage, Jeevan Bima Nagar, Bangalore - 560075, Near Bda Park"
"Pizza Hut","+ 91  80 33773300","Shop No.723, A Sector, Nes Service Road, Yelahanka New Town, Bangalore - 560064, Near Seshadripuram College, Next To Dominos Pizza"
"Pizza Hut","+ 91  80 39883988","No.363/70, Bkn Plaza, Kanakapura Road, Bangalore - 560069, Next To Spencers Mega Mart"
"U S Pizza","+ 91  80 65721818","No.124/2,1st Floor, Drdo Township, C V Raman Nagar, Bangalore - 560093, Above HP Petrol Station"
"Dominos Pizza","+ 91  80 25329010","Trinity Metro Station, Namma Metro, M G Road, Bangalore - 560001, Opposite To Vasudev Adigas"
"Dominos Pizza","+ 91  80 25608050","Shop No- 2 & 3 , Ground Floor, PAI Layout, Old Madras Road, Bangalore - 560016, Next To LG Showroom, Opposite To Beniganahalli Ring Road Flyover, Near Tin Factory"
"Pizza Hut","+ 91  80 33773300","No 287/B, ideal homes township, 12th Cross Road, Ideal Home Township, Rajarajeshwari Nagar, Bangalore - 560098, Near nibhisamba temple"
"Pizza Hut","+ 91  80 41724160","No.19/3, Banaswadi Main Road, Ramamurthy Nagar, Bangalore - 560016, Opposite To Bharat Petroleum Petrol Bunk"
"Pizza Hut","+ 91  80 33773300","No.321/30, Munnekolalu Village, Mahadevapura CMC, Varthur Hobli, Marathahalli, Bangalore - 560037, Near Spice Garden Restaurant"
"Pizza Hut","+ 91  80 39883988","No.32/1/1, Kuvempu Road, Coffee Board Layout, Hebbal Kempapura, Bangalore - 560045, Near Presidency College"
"Pizza Hut","+ 91  80 39883988","No.124,Ground Floor,Surya Chambers, Old Airport Road, Murugeshpalya, Bangalore - 560017"
"Dominos Pizza","+ 91  80 27839991","No.55, Ground Floor, R S Tower, Bommasandra Flyover, Bommasandra Industrial Area, Bangalore - 560099, Near To Jade Empire Hotel"
"Pizza Hut delivery","+ 91  80 33773300","No.9, Versova Layout, Kaggadasapura Main Road, C V Raman Nagar, Bangalore - 560093, Opposite to dare"
"Dominos Pizza","+ 91  80 25740888","Survey No-78/5, Shri Gowrikshna Arcade, Mh Colony, Bellandur Main Road, Bellandur, Bangalore - 560103, Opposite To Rama Temple & Behind Central Mall"
"Sbarro Pizza","+ 91  80 22667343",""
"Fennys Lounge And Kitchens","+ 91  80 41282428","No.115, 3rd Floor, 7th Block, Industrial Area, Koramangala, Bangalore - 560095, Opposite Raheja Arcade"
"Dominos Pizza","+ 91  80 26753393","No.148, 3rd Floor, Gopalan Legacy, Counter No.13 & 14, Mysore Road, Bangalore - 560026"
"Dominos Pizza","+ 91  80 25579500","No.13, Ground Floor, 3rd Main, Someshwara Layout, Cambridge Layout, Ulsoor, Bangalore - 560008, Near Sri Shirdi SAI Baba Temple"
"Dominos Pizza","+ 91  80 28458605","Site No.34/1b, Khatha No.484/411/411, Ground Floor, Belathur Village, K R Puram Hobli, Bangalore East Taluk, Kadugodi, Bangalore - 560067, Opposite To SBI Bank"
"Papa Johns Pizza","+ 91  80 40980913",""
"Dominos Pizza","+ 91  80 68886888","No.9/10, Ground Floor, Yelenahalli Village, Hulimavu Begur Road, Akshya Nagar, Bangalore - 560016, Near DCF New Town Apartments"
"Dominos Pizza","+ 91  80 68886888","No.3/7, Nova Mall, 1st Cross, Doddanekundi, Mahadevapura, Bangalore - 560048"
"Dominos Pizza","+ 91  80 68886888","Survey No.67, Noves Square, Ground Floor, Commercial Unit, Chokkanahalli Main Road, Hegde Nagar, Bangalore - 560077"
"Dominos Pizza","+ 91  80 25356100","No.7/1 & 7/3, Embassy Golf Link Park, Inner Ring Road, Domlur, Bangalore - 560071"
"Dominos Pizza","+ 91  80 28542445","Ground Floor, No.1 & 2, Saroj Square, Marathahalli, Whitefield Main Road, Kundanahalli Gate, Munekollal, Bangalore - 560037, Next To Yashomati Hospital"
"Dominos Pizza","+ 91  80 22301980",""
"Pizza Hut","+ 91  80 33773300","BTM Layout 2nd Stage, Bangalore - 560076, 13th Main, 10th Cross"
"Pizza Hut","+ 91  80 39883988","No.V-3, 3rd Cross Road, Electronic City, Bangalore - 560100, Near Bda Complex"
"Pizza Hut","+ 91  80 39883988","No.5,Mgr Complex, Kaikondanahalli, Sarjapur Road, Bangalore - 560034, Opposite To Wipro, Near Bata Showroom"
"Pizza Hut","+ 91  80 25354999","No.280, Amarjyothi Layout, Intermediate Ring Road, Domlur, Bangalore - 560071, Opposite To Dell"
"Papa Johns Pizza","+ 91  80 41280614","No.504, 14th Cross, Sampige Road, Malleswaram, Bangalore - 560003, Opposite To Sai Baba Temple"
"Dominos Pizza","+ 91  80 22588008","Shop No.1 Food Court, 1st Floor, No.2738, 27th Main, HSR Layout Sector 2, Bangalore - 560102, Near NIFT College"
"Pizza Stop","+ 91  80 46640404","No.458 1st Floor, 4th Block, 8th Main, 60 Feet Road, Koramangala, Bangalore - 560034"
"Papa Johns Pizza","+ 91  80 41232020","No.706, Dr Modi Hospital Road, West Of Chord Road, 2nd Stage, Basaveshwara Nagar, Bangalore - 560079, Next To Kadamba Hotel"
"Dominos Pizza","+ 91  80 49628888","No. 295, Ground Floor, A Block, Aecs Layout Kundanahalli, Bangalore - 560037, Near Ragam Super Market"
"U S Pizza","+ 91  8123390764","No 102, Ring Road, Marathahalli, Bangalore - 560037, Near Kalamandhir"
"Pizza Stop","+ 91  9880160086","No.203, Double Road,Binnamangala, Indiranagar, Bangalore - 560038, Near HDFC Bank And Adupadi Restaurent"
"Dominos Pizza","+ 91  80 68886888","Unit No.305 & 306, 3rd Floor, The Forum Value Mall, Whitefield Main Road, Bangalore - 560066"
"Papa Johns Pizza","+ 91  80 40997272","No 421/A, 80 Feet Road, Koramangala 6th Block, Bangalore - 560095, Opposite To National Games Village"
"Papa Johns Pizza","+ 91  80 44112233","No.15, Banerghatta Road, Jp Nagar 3rd Phase, Bangalore - 560078, Opposite To Shoppers Stop"
"Pizza Stop","+ 91  80 33293190","No.66/1, Kanakpura Road, Basavanagudi, Bangalore - 560004, Opposite To Corner House"
"Papa Johns Pizza","+ 91  80 44112233","No.536, 1st Floor, V V Plaza, RBI Layout, Kothnur Road, Jp Nagar 7th Phase, Bangalore - 560078, Opposite To Brigade Millenium Apartment"
"P-Zone","+ 91  80 23621310","127 & 128, Esteem Mall, Hebbal, Bangalore - 560024"
"Pizza Hut","+ 91  80 39883988","No.75/2, White Field Main Road, Whitefield, Bangalore - 560066"
"Dominos Pizza","+ 91  80 65733856","Plot No.44, C/O Infosys Technologies Ltd, Hosur Road, Electronic City Phase 1, Bangalore - 560100"
"Onesta","+ 91  80 69000301","No.562, 8th Main, Koramangala 4th Block, Bangalore - 560034, Next To Exide Battery Showroom"
"Dominos Pizza","+ 91  80 28419555","Unit No.01-13, 1st Floor, Ascendas Park Square Mall, ITPL, Whitefield, Bangalore - 560066"
"Indian Pizza","+ 91  9845929011","No.21, Dr Dvg Road, Basavanagudi, Bangalore - 560004, Op to RedBerrys"
"US Pizza","+ 91  80 32949966","No. 1525/58, South End B Cross, 28th Main Road, Jayanagar 9th Block, Bangalore - 560069, Near Slv Hotel"
"Dominos Pizza","+ 91  80 25608800","Soul Space Arena, Total Mall, Outer Ring Road, Doddanekundi Extension, Bangalore - 560037, Oposite To EMC2"
"Foodstop","","Mantri Junction, Bangalore Central, Jayanagar 9th Block, Bangalore - 560069, Near Ragiguda Temple"
"Pizza Hut","+ 91  9663640400","No 99, 5th Cross,3rd Block, Yelahanka, Bangalore - 560064, Near Reva College"
"Pizza Hut","+ 91  80 33773300","Plot No.06, Doddabanaswadi Road, Hobli Banaswadi, Krishnarajapuram, Bangalore - 560016, Opposite To Bpcl Petrol Pump"
"U S Pizza","+ 91  80 32325558","Beereshwara Shopping Complex, Hormavu Road, Ramamurthy Nagar, Bangalore - 560016, Near Raghavendra Circle, Next To Asha Kiran Central School"
"Papa Johns Pizza","+ 91  80 28604665",""
"Pizza Hut","+ 91  80 39883988","No.203/205, Mint Plaza, Green Glen Layout, Bellandur, Bangalore - 560103"
"Pizza Hut","+ 91  80 33773300","No.20/5, Gns Building, Jp Morgan, Kadubisanahalli, Marathahalli, Bangalore - 560037"
"Pizza Hut","+ 91  80 26533999","Suraj Towers, No. 216-13, 27th Cross, 3rd Block, Jayanagar, Bangalore - 560041"
"Pizza Hut","+ 91  80 33773300","No.2633, 27th Main,13th Cross, Hsr Layout Sector 1, Bangalore - 560102, Near Cpdw Quatrus"
"Bricklane Grill","+ 91  80 42415555","C/O Escape Hotel & Spa,No 770, 100 Feet Road,12th Main Road, Indiranagar, Bangalore - 560038, Near Sony Centre"
"Dominos Pizza","+ 91  80 25639350","Survey No.36/1, Ground Floor, Outer Ring Road, Kadubeesanahalli, Bangalore - 560087, Opposite J P Morgan"
"Italy","+ 91  9972436154","No 1766, Kumaraswamy Layout, Bangalore - 560078, Kumaraswamy Layout Police Station"
"Dominos Pizza","+ 91  9916353159","Shop no 305 & 306, Whitefield, Bangalore - 560066, The Forum Value Mall"
"Dominos Pizza","+ 91  80 28476600","No.795/691, Ground Floor, Whitefield Main Road, Ramagondanahalli, Varthur, Bangalore - 560087, Near Shell Petrol Pump"
"The Bungalow Bar & Kitchen","+ 91  9742713392","No.95, Epip Area, Whitefield, Bangalore - 560066, Opposite To Vydehi Hospital"
"Dominos Pizza","+ 91  80 28542901","Plot No.7-D,1st Floor, Itpl Main Road,Doddanekundi Village, Brookefield, Bangalore - 560037, Near Graphite India Signal"
"Papa Johns Pizza","+ 91  80 40967000","No.5, Ramamurthy Nagar, Bangalore - 560016, Opposite To TVS Showroom"
"Pizza Stop","+ 91  80 33562047","No.17/16/1, Ali Asker Road, Cunningham Road, Bangalore - 560052, Opposite Sigma Mall"
"U S Pizza","+ 91  8123129019","No.528, 28 Main Road, Jayanagar 9th Block, Bangalore - 560069, Next To Marshell"
"Pizza Hut","+ 91  80 33773300","No.55, Hosur Road, Bommasandra, Attibele Post, Hebbagodi, Bangalore - 560099, Opposite To SKF"
"Pizza Hut","+ 91  80 39883988","No.6, Gopalan Signature Mall, Ground Floor, Old Madras Road, Bangalore - 560016, Opposite To Rmz Infinity"
"Pizza Hut","+ 91  80 33773300","1st Floor,Total Mall, Mahadevapura, Bangalore - 560048"
"California Pizza Kitchen","+ 91  80 33724344","No.105, Ground Floor, Vikas Tech Park, 1st A Cross, 5th Block, Industrial Layout, Koramangala, Bangalore - 560095, Near Jyothi Nivas College & Opposite To Meghna Foods"
"Dominos Pizza","+ 91  80 28526050",""
"Thunder joint","+ 91  7847997667","#31, 9 th main road, Vijayanagar, Bangalore - 560040, Opp more super market Hampi nagar"
"Dominos Pizza","+ 91  80 67294022","Elements Mall, 4th Floor, Thanisandra Main Road, Kasaba Hobli, Nagawara, Bangalore - 560045"
"Pizzeria","+ 91  9742751515","No.02, 30th Main, Teachers Colony, Banashankari 3rd Stage, Bangalore - 560085, Near SBI Bank, Opposite To Kims College"
"Pizza Hut","+ 91  80 28026591","No.8, 4th Floor, Ascendas Park Square Mall, Whitefield Main Road, Bangalore - 560066, Near Itpl"
"The Pizzeria","+ 91  80 41651515","No 679 Pinto DAS Tower, 8th Main 14th Cross, Jp Nagar 2nd Phase, Bangalore - 560078, Near Delmia Circle"
"Papa Johns Pizza","+ 91  80 44112233","No.366/4 & 399/4, Bellary Road, Yelahanka, Bangalore - 560064, Beside BDK Complex, Near R R Gold Palace"
"Pizza Stop","+ 91  80 33568485","No 268, 18th Cross Sampige Road, Malleswaram, Bangalore - 560003, Opposite To Ammas Pastries"
"Dominos Pizza","+ 91  80 28029524","Unit No.9 & 10, Inorbit Mall, 1st Floor, Epip Industrial Area, Hoodi Village, K R Puram, Whitefield, Bangalore - 560066"
"Pizza Treat And IFC","+ 91  9739111161","No.2735,Ground Floor, E Blk, Sahakara Nagar, Bangalore - 560092, Behind Swathi Gardeniya Restaruant"
"Papa Johns Pizza","+ 91  80 42027272","No 20/6, Durga Money Tree, Outer Ring Road, Marathahalli, Bangalore - 560037, Kadubisanahalli, Opposite To Jp Morgan"
"Pizza Stop","+ 91  9066358278","No.1090, Banswadi Main Road, Banaswadi, Bangalore - 560043, Opposite To Shanthisagar"
"Pasta Street Pvt Ltd","+ 91  80 40976578","No.37/2, Chicago Avenue, Cuningham road, Cunningham Road, Bangalore - 560052, Opposite KFC"
"Dominos Pizza","+ 91  80 25501325","No.10, Ground Floor, Hosur Road, Tavarakere Road, Krishna Layout, Bangalore - 560094, Near Christ College And Dharmaram College"
"The Pizzeria","+ 91  9008832289","No.32/1, Kempapura Main Road, Hebbal, Bangalore - 560024, Opposite To Cafe Coffee Day"
"Sbarro","+ 91  80 22682048","Orion Mall, Food Court, 3nd Floor, Dr Rajkumar Road, Malleswaram West, Bangalore - 560055"
"Pattaka Vadapav","+ 91  8904549089","No.342, Sampige Road, Malleswaram, Bangalore - 560003, Next To Kala Mandir"
"Papa Johns Pizza","+ 91  80 44112233","No.EC 4, Wipro Technologies, Keonics, Electronic City, Bangalore - 560100"
"Crunch","+ 91  80 65724444","No.1,Bloomingdale, Kasavanahalli,Hosa Road, Koramangala, Bangalore - 560034, Near La Casa"
"Sky Lounge Bar ( Svenska Desi...","+ 91  80 44310000","C/O Svenska Design Hotel, No.56/D, Wipro Gate No. 5, Phase 1, Electronic City, Bangalore - 560100"
"Papa Johns Pizza","+ 91  80 41642697","No.45 Above woodland 17th cross, , M C Layout, Vijayanagar, Bangalore - 560040, Near Indraprastha Hotel"
"Mamas Pizzeria","+ 91  80 25200067","No.2041, 17th Main Road, 1st Cross, Hal 2nd Stage, Indiranagar, Bangalore - 560008, Near Adidas Showroom"
"Papa Johns Pizza","+ 91  80 44112233","No.1/3, 1st Floor, Shree Lakshmi Towers, Netaji Nagar, Chokkasandra, Jalahalli Cross, Bangalore - 560057, Opposite To Rockline Mall"
"The Pizzeria","+ 91  9980190880","No 604, 1st Floor, Cmr Road, 4th Cross, Kalyan Nagar, Hrbr Layout, Bangalore - 560043, Opposite To Just Bake"
"Papa Johns Pizza","+ 91  80 44112233","Shop No. G 1, No.86, Gopalan Grand Mall, Nagavarapalya Main Road, C V Raman Nagar, Bangalore - 560093"
"Crunch Chefs Foods Pvt Ltd","+ 91  80 65651180","No.712, 5th Main, 6th Cross Road, New Thippasandra, Bangalore - 560075, Opposite Road Of Thipsandra Market"
"Dominos Pizza","+ 91  80 22300222","No.73/1, Brigade Metropolis, Shop No.31, Whitefield Main Road, Garudacharpalya, Mahadevapura, Bangalore - 560048, Near Vijayalakshmi Theatre"
"Dominos Pizza","+ 91  80 41539994",""
"Pizza Corner","+ 91  80 44112233","No.475, 9th Main, Jayanagar 5th Block, Bangalore - 560041, Opposite Mainland China"
"Cafe Mondo","+ 91  80 49534335","No. 2617, 27th Main, HSR Layout Sector 1, Bangalore - 560102, Opposite To Cpwd Complex"
"Mahek Pizza","+ 91  9448057256","Shop No 21/1, 24th Main,6th Phase, Jp Nagar, Bangalore - 560078, Opposite Royal School"
"Dominos Pizza","+ 91  80 67266044","Shop No.18, 2nd Floor, Phoenix Market City Mall, Food Court, Whitefield Road, Mahadevapura, Bangalore - 560048, Near Little Nathela"
"Midnight Express","+ 91  9538100094","No.402/1, Venkateshwara Layout, 15th Cross, Madivala, Bangalore - 560068, Near Ganesh Temple Arch, children park"
"Northams Pizza Pita","+ 91  8105711811","No. 778, 22nd Cross, 22nd Main, Club Road, Hsr Layout Sector 2, Bangalore - 560102, Near Apollo Pharmacy"
"Pizza Hut","+ 91  80 33773300","Gopalansignature Mall, Old Madras Road,Indiranagar, C V Raman Nagar, Bangalore - 560093, Rmz Infinity"
"Chef Express","","14th Main,4th Cross, Vasanth Nagar, Bangalore - 560001"
"Dominos Pizza","+ 91  80 25384507","Namma Metro, Baiyapanahalli Metro Station, Old Madras Road, Bangalore - 560016"
"Pizza Stop","+ 91  80 33644617","No.2454, 9th Main, 17th E Cross, Banashankari 2nd Stage, Bangalore - 560070, Near Post Office"
"Pizza Stop","+ 91  80 46640404","No.116, 8th Main Road, Jp Nagar 4th Phase, Bangalore - 560078, Next To M K Ahmed Retail"
"Pizza Stop","+ 91  80 33644312","No.5, Upper Palace Orchards, 13th Cross, Sadashivanagar, Bangalore - 560080"
"La Casa","+ 91  80 42172469","No 1, Hosa Road,Kasavanahalli Main Road, Sarjapur Road, Bangalore - 560034, Opposite Aishwarya Mart,Near Lake Shore Home"
"Brik Oven","+ 91  9148100119","19, Church Street, Bangalore - 560001"
"Napoli Bistro","+ 91  80 22580999","No.646, 27th Main Road, 12th Cross, HSR Layout Sector 1, Bangalore - 560102, Above Cafe Coffee Day, Opposite Biba, Next To Little Boss"
"Srinathjis Cafe","+ 91  80 26600704","No.112, Bull Temple Road, Basavanagudi, Bangalore - 560004"
"House Of Harvest","+ 91  9880829571","No.444, 5th Main, 2nd Block, Kalyan Nagar, Bangalore - 560043"
"Papa Johns Pizza","+ 91  80 44112233","No.13, 3rd Floor, Garuda Mall, Magrath Road, Bangalore - 560025"
"Pattaka Vada Pav","+ 91  9731109109","No.42, 60 feet road, Girinagar, Bangalore - 560085, Near avalahalli bda park, Opp to Green House"
"Pizza Stop","+ 91  9886089502","No.2, St Marks Road, Bangalore - 560001, Inside Airlines Hotel"
"Pizza Stop","+ 91  80 33674954","No. 1478/1, 40th cross, 18th main, Jayanagar 4th T Block, Bangalore - 560041, Opposite Sai Baba temple"
"Pizza Hut","+ 91  9620000359","NES main road, Yelahanka New Town, Bangalore - 560064, Near Polar Bear"
"Papa Johns Pizza","+ 91  80 44112233","Flat No.122, John F Welch Technology Center, Export Promotional Industrial Park, Hoodi Village, Whitefield Main Road, Bangalore - 560066"
"Serafina","+ 91  80 25523350","Plot No 752, 80 Feet Road, Koramangala 4th Block, Bangalore - 560034, Opposite SBI Bank"
"The Pizzeria","+ 91  9538710006","No.29, Pulikeshi Nagar, Assaya Road, Frazer Town, Sindhi Colony, Bangalore - 560005, Near Cox Town"
"Whooppeezz","+ 91  80 46559999","No.113, Prestige Pinnacle, Koramangala 7th Block, Bangalore - 560095, Near Forum Mall"
"Dominos Pizza","+ 91  8762985101","Saket Callipolies, Sarjapur Road, Doddakannelli, Bangalore - 560035, Opposite To Wipro Park"
"U S Pizza","+ 91  9686644961","Rkhs Food Court, Manyath Tech Park, Outer Ring Road, Nagawara, Bangalore - 560045"
"Pammis Pizza","+ 91  7411101101","No.33, 2nd Main Road, Jayanagar, Bangalore - 560041"
"PIZZA STOP","+ 91  80 33644314","No.170, Kge Layout, New Bel Road, Bangalore - 560054, Opposite To HP Petrol Pump, Near Bridgestone select"
"California Pizza Kitchen","+ 91  80 65468888","1st Floor, Phoenix Market City Mall, Whitefield Road, Mahadevapura, Bangalore - 560048, Opposite To Pvr Cinemas"
"Papa Johns Pizza","180030107272","Gopalan Arcade, Shop No.2A, 3rd Floor, No.447/18/2, Panthara Palya, 1st Block, Mysore Road, Bangalore - 560039"
"Dominos Pizza","+ 91  80 26783830","No.73, Ground Floor, 35th Main, 100 Feet Ring Road, Btm Layout 2nd Stage, Bangalore - 560076"
"U S Pizza","+ 91  9742433280","No.123/2 , 1st Floor, HPCL Petrol Bunk ,Itpl Main Road, Brookefield, Bangalore - 560037, Near Cosmos Mall"
"Mangrove Restaurant","+ 91  80 25450306","No.829, 9th Main, 5th Cross, 1st Block, Hrbr Layout, Kalyan Nagar, Bangalore - 560043, Near Babusapalya Bus Stop"
"Yum India","+ 91  80 24025100","Plot No 117, Shop No 1, 2nd Floor, New Bel Road, Bangalore - 560054, Aegs Layout"
"Amul Pizza World","","No.8/8, 8th Main Road, Vasanth Nagar, Bangalore - 560001"
"U S Pizza","18604254444","Shop No.2,Sjr Equinox, 1st Phase,Electronic City, Hosur Road, Bangalore - 560068"
"Dominos Pizza","+ 91  80 49029516","Soul Space Spirit, 5th Floor, Food Court, Outer Ring Road, Bellandur, Bangalore - 560103, Near To Sarjapura Bellandur Junction"
"Dominos Pizza","+ 91  80 46617800","Rmz Eco World Shop 1, Food Court, 1st Floor, Sarjapur, Marthalli, Outer Ring Road, Devarabeesanahalli-Bellandur, Bangalore - 560103, Near The Bay Tower 1"
"Gustos Pizza","+ 91  80 65666566",""
"Bread Crumbs Bakery","+ 91  80 49652934","No.989, Ambika Corner, DC Road, Off Bannerghatta Road, Bilekahalli, Bangalore - 560076, Next To Vijaya Bank"
"Koels Pizzeria","+ 91  8050045420","Ground Floor, Gubbi Cross, Hennur Main Road, Kothanur, Bangalore - 560077, Near Lulu Value Mart"
"Three Ace Cafe","+ 91  8123141992","No. 3, Dinesh Arcade, Whitefield Main Road, Kadugodi, Bangalore - 560067, Near Kannamangala"
"The Pizzeria","+ 91  9739871033","No.3M/148, 2nd Main Road, Kasturi Nagar, Bangalore - 560043, Near Kanti Sweets, Beside Calcutta Chats"
"PiZZA STOP","+ 91  9880160086","22nd Main, Indiranagar, Bangalore - 560069, Opposite to Sai baba temple"
"U S Pizza","+ 91  80 49029512","5th Floor, Bangalore Central Mall, Outer Ring Road, Bellandur, Bangalore - 560103"
"The Pizzeria","+ 91  7760605481","#1 B, Ground Floor, 2nd Main Road, KGE Layout, Rmv Extension 2nd Stage, Bangalore - 560094, Near RMV Hospital"
"Masth pizza","+ 91  9945978486","#27, 20th main road,6th cross, BTM Layout 1st Stage, Bangalore - 560029, gangotri circle"
"Pizza Town","","No.892, 7th A Main, Koramangala, Bangalore - 560034, Near Wipro Signal"
"Go Italia","+ 91  80 41515858","No.982, 80 Feet Road, Koramangala 4th Block, Bangalore - 560034, Above Barista Cafe"
"Papa Johns Pizza","+ 91  80 44112233","No.62, Forum Value Mall, 3rd Floor, Transit Food Court, Varthur, Whitefield Main Road, Bangalore - 560066"
"Pizza hut","+ 91  9008166818","shop no, hosur main road, Bommanahalli, Bangalore - 560068, opp nissan car showroom"
"U S Pizza","+ 91  80 41209090","Koramangala, Koramangala, Bangalore - 560034"
"U S Pizza","18604254444","Accenture-3, IBC Tech Park, Bannerghatta Road, Bangalore - 560076, Opposite Fire Station, Near To Dairy Circle"
"Three Aces Cafe","+ 91  80 68886838","Shop No.3,Dinesh Arcade, Hoskote, Whitefield, Bangalore - 560067, Opposite Army Welfare Society"
"Dominos Pizza","+ 91  80 68886888","Total Mall, Shop No.9, 1st Floor, Varthur Hobli, Kaikondrahalli, Bangalore - 560035"
"Whooppeezz","+ 91  80 46559999","No.945, Ground Floor, Mico Employees Gruhanirmana Sangaha, BTM Layout, Bangalore - 560068, Near Sadista Hotel"
"Vinnys Fast Food","","No.2467, 24th Cross, 2nd Stage, Banashankari, Bangalore - 560050"
"Intalia Simply Pizzalicious","+ 91  80 65999999","3rd Floor, Royal Meenakshi Mall, Hulimavu, Bannerghatta Road, Bangalore - 560076, Near Meenakshi Temple"
"Pizza Stop","+ 91  80 33644315","No.25, 17/1, Bellandur Gate, Sarjapur Road, Bangalore - 560034, Behind HDFC Bank"
"Dominos Pizza","+ 91  80 68886888","Counter No. 1, Food Court, Ground Floor, Cessna Business Park, Embassy Tech Square, Outer Ring Road, Kadubeesanahalli, Varthur, Bangalore - 560087"
"Gustos Pizza","+ 91  80 65666566",""
"Mamas Pizzeria & Cafe","+ 91  9036725205","No.4 ,15/8,Ground Floor, Sigma Central Mall, Sampangi Ramaswamy Temple Road, Cunningham Road, Bangalore - 560052"
"Kono Pizza","+ 91  80 41233412","No.271, Outer Ring Road, Banashankari 3rd Stage, Bangalore - 560085, Opposite To Dominos Pizza, Near Kathriguppe Signal"
"Caffe Pascucci","+ 91  80 41141485","No.1/62, High Street, 11th Main, Jayanagar 4th Block, Bangalore - 560011, Opposite To Vijaya Junior College"
"Dolci Pizzeria","+ 91  7899809665","18/3, Ali Askar Road, Cunningham Road, Bangalore - 560052, Opposite To Canara Bank, Near Kingfisher Airlines Office"
"Italia","+ 91  80 41269682","House No 688, 7th Main, 10th Cross, Btm Layout 2nd Stage, Bangalore - 560076, Opposite To State Bank Of Travancore"
"Papa Johns Pizza","180030107272","3rd Floor, Mantri Square, Sampige Road, Malleswaram, Bangalore - 560003"
"Dominos Pizza","+ 91  80 25476600","Ground Floor, Hegde Nagar, Chokkanahalli, Bangalore - 560064"
"Moscow Mule Bar And Grill","+ 91  80 42109090","No.122/A, Roerich Hotel, Khb Colony,5th Block, Koramangala, Bangalore - 560095, Opposite Hotel Empire"
"Pizza Port","","No.19, B Wing, Mittal Tower, Ground Floor, M G Road, Bangalore - 560001, Beside HSBC Bank"
"Chez Mariannick Restaurant","+ 91  9739406536","No 1A,Anjanappa Building, Varthur Main Road,Siddapur, Whitefield, Bangalore - 560066, Behind Sorbet"
"U S Pizza","","No.10, Mosque Road, Frazer Town, Bangalore - 560005"
"TANDYS FRIED CHICKEN","+ 91  80 31929988","No.78, B K Plaza, Kaggadasapura Main Road, Vignana Nagar, Bangalore - 560037, Opp To APM Optics, Near Sct College"
"Pizza Hut","+ 91  9743996227","Bannerghatta Main Road, Bilekahalli, Bangalore - 560068, Near Fortis Hospitals"
"Olivers Pizza","+ 91  80 69996767","No.2, Seetharampalya, Itpl Main Road, Whitefield, Bangalore - 560067"
"Pizza Stop","+ 91  7204802821","#542, 38th cross,10th E main, Jayanagar 5th Block, Bangalore - 560041, Beside Adyar Anand Bhavan"
"Italian Fast Pizza","+ 91  80 26430783","No. 48/3, SOS Post, Bannerghatta Road, Bangalore - 560076, Hulimavu"
"Bake N Cake","+ 91  9611703924","No.1, Tc Palya Bus Stop,, Krishnarajapuram, Bangalore - 560016, Old Madras Rd"
"Sri Mithra Sandwichwallas","+ 91  7204999090","No 28, E A T Road, Basavanagudi, Bangalore - 560004, Near BMS Women College"
"The Pizzeria","+ 91  9611037883","No.C4, Ferns City Road, Doddanekundi Extension, Marathahalli, Bangalore - 560037, Behind IDBI Bank, Opposite Total Mall"
"Pizzeria","+ 91  9742751515","No.30 Shop, 30th Main, Banashankari 3rd Stage, Bangalore - 560085, Near SBI Bank"
"Sbarro","+ 91  80 67266261","Phoenix Market City Mall, 2nd Floor, Food Court, Whitefield Main Road, Mahadevapura, Bangalore - 560048, Opposite To BBMP Office"
"U.S Pizza","+ 91  80 23336556","5, 80ft Road,, R T Nagar, Bangalore - 560032"
"Chill Out","+ 91  9341215167","No. 161/C, 3rd cross, 3rd phase,5th block, Banashankari 3rd Stage, Bangalore - 560085, Near Nandhi Apartment"
"Vinnys","+ 91  80 41999113","22, New Bel Road, Bangalore - 560054, MSR Nagar, ITI Layout"
"PIZZA STOP","+ 91  9980929966","19, 2ND CROSS,3RD STAGE,3RD BLOCK, Basaveshwara Nagar, Bangalore - 560079"
"Ovenfresh Restaurant","+ 91  80 28026520","Park Square Mall, Itpl Main Road, Whitefield, Bangalore - 560066"
"Yummy O Tummy","+ 91  8892726449","No 41 A, Banjara layout, Kalkere, Horamavu, Bangalore - 560043, Near Om Shakti Temple Arch"
"Tower Of Pizza","+ 91  9886554691","Asharya Apartment, Road No.f3, Jeevan Bima Nagar, Bangalore - 560075, Near SBI"
"Fritazza","+ 91  8880436969","No.5, Venkatadri Estate, Chokahalli, Manipal College Main Road, Yelahanka, Bangalore - 560064, Near ICICI Manipal Institute"
"The Pizzeria","+ 91  7676021300","402, 1/1, HSR Club Road, HSR Layout Sector 2, Bangalore - 560102, 22nd Cross, 25th Main"
"Fresh Bread","","No.89, 20th Mn Rd, BTM Layout 1st Stage, Bangalore - 560029, Nr Gangotri Circle"
"Tongue Twister","","25th Main Road, Jayanagar 9th Block, Bangalore - 560011"
"Sri Hari Juice and Chaats","+ 91  8095084614","No. 116, 11th Cross, Malleswaram, Bangalore - 560003, Near Union Bank"
"Pizza Point","+ 91  80 22226869","No.15, 13th Cross, Wilson Garden, Bangalore - 560027"
"The Pizzeria","+ 91  9538710060","No 99, 2nd Main 1st Stage, 2nd Cross, Indiranagar, Bangalore - 560038, Near RTO Office Opp to Canara Bank"
"Papa Johns Pizza","","Transit The Food Lounge, The Forum, No.21, Hosur Road, Koramangala, Bangalore - 560095"
"Meeteaing","+ 91  80 41607070","Shop No.10, Ajmera, Electronic City, Bangalore - 560100, Near Wipro Gate No 16"
"Hangout Cafe","+ 91  80 41126633","No.595, 17th A Main Road, Koramangala, Bangalore - 560095, Near Sony Signal, Behind Manyavar"
"BBS Pizza Place","+ 91  9901501598","No.177, 9th Cross, Indiranagar, Bangalore - 560038, Near Kairali Nikethan School"
"U S Pizza","+ 91  9019618160","No.193, Outer Ring Road, Chinnapanahalli, Marathahalli, Bangalore - 560037, Opposite Kalamandir"
"U S Pizza","+ 91  80 22181822","Hbr Layout, Banaswadi, Bangalore - 560043"
"Pizza hut","+ 91  80 32565713","20/5, Narayanswamy building, Outer ring road, Bangalore - 561203, JP morgan"
"Golden Brown Cafe","+ 91  9611184184","No 1, Petra Complex, Hennur Bagaluru Main Road, Kothanur, Bangalore - 560077, Opposite To TVS Showroom"
"Grand Cafe","+ 91  8884455880","No. 6, 1st cross, MSR Main Road, Mathikere, Bangalore - 560054, Opp to Muneshwara Temple"
"Bakester","+ 91  80 41312123","50, Zatakia Centre, 100 Feet Road, Indiranagar, Bangalore - 560008, relience print"
"Vtos pizzeria","+ 91  9886074920","No.49/5,1st Floor, 1st Main,5th Block, Koramangala, Bangalore - 560095, Near Jyothinivas College, Opposite To Hotel Paramount"
"La Tagliatella","+ 91  80 60506066","No.766, Amrest House, Hal Stage II, 100 Feet Road, Indiranagar, Bangalore - 560038"
"PIZZA SHOP","","Kengeri, Bangalore - 560060"
"Papa Johns Pizza","","Brigade Road, Bangalore - 560025"
"Gustos Pizza","+ 91  80 65666566","No.88, KBR Complex, Munnkola Village, Marathahalli, Bangalore - 560037"
"T- Time Lounge","+ 91  80 26652514","No 1340, 1st Floor, 41st Cross, 22nd Main, Jayanagar 9th Block, Bangalore - 560069, Opposite To Jain College"
"Draught House Euro Pub & Grill","+ 91  9035383596","No 57, 1st Floor, 1st A Main, 80 Feet Road, Koramangala 7th Block, Bangalore - 560095, Opposite Airtel Office"
"Mothers Pizza","","Anekal Road, Kammasandra Agrahara, Chandapura, Bangalore - 560081"
"Josh Fastfood","+ 91  9741344330","24, Rama Temple Road, Ejipura, Koramangala, Bangalore, Koramangala, Bangalore - 560034"
"PIZZA BELLA","","Kammanahalli, Bangalore - 560043"
"Urban Craft","+ 91  9535318855","Dockyard Food Court , Manyata Tech Park 3rd Floor, Hebbal, Bangalore - 560024"
"US Pizza","+ 91  80 22181818","Bangalore - 560043"
"pizza bucket","","vijaya bank colony, Bannerghatta Road, Bangalore - 560076, behind IIMB"
"Pacheeze Pizzas","+ 91  7022249300","No 1/B Lake Vihar 2 Apartment, Tc Palya Main Road, Krishnarajapuram, Bangalore - 560036, Next To Milky Way"
"Papa Johns Pizza","+ 91  80 44112233","No.2 A, 3rd Floor, 447/18/2, Gopalan Arcade, Panthara Palya, Mysore Road, Rajarajeshwari Nagar, Bangalore - 560098"
"Laziz Pizza","+ 91  9611976976","MR Building, Carmelaram Rlwy Statioin Road, Carmelram Road, Bangalore - 560035, Above Suguna Chicken, Near Sapthagiri School"
"GDS Pizza","+ 91  9502950201","No.12/1, 2nd Cross, Chikkasandra, Hessarghatta Road, Bangalore - 560057, Near Sapthagiri Engineering College"
"PIZZA KLUB","+ 91  7411503544","no-5, Complex s s garden,acharya college main road, Geleyara Balaga Layout-Chikkabanavara, Bangalore - 560090, Near kanva mart"
"PIZZA KLUB","+ 91  9743305533","S.k complex, Dr.Sarvpeli Radhakrishnan road(Acharaya college main road), Chikbanavara, Bangalore - 560090, Below KANVA MART"
"PIZZA 2 GO","","Whitefield, Bangalore - 560067"
"Dominos India Ltd","+ 91  9936761272",""
"US Pizza","41284882",""
