"Name","Phone","Address"

"Anjappar Chettinad Restaurant","+ 91  80 25534477","No 04, 17th Main,100 Feet Road,4th B Block, Koramangala, Bangalore - 560095, Near Bda Complex"
"Costa Biryanis","+ 91  80 33090378","612/1, Lotus building ..4th floor, 80 feet road, Koramangala, Bangalore - 560034, 4th block...near Sony world signal banglore"
"Hyderabadi Bawarchi","+ 91  80 33294746","No 960, Prithvi Arcade, Vidyaranyapura Main Road, Vidyaranyapura, Bangalore - 560097, Next To Adigas"
"Ruh Restaurant","+ 91  80 33054577","4th Floor,Ganapa Tower, Sarjapur Outer Ring Road, Bellandur, Bangalore - 560103, Near Bellandur Junction And Central Mall"
"Aaranya Multi Cuisine Resta...","+ 91  80 41108346","No. 462, Teachers Colony, HSR Layout, Bangalore - 560102, Near Central Silk Board"
"Kuttanadu Restaurant","+ 91  80 42114333","Ground Floor, 13A, 14th Main, Hsr Layout, Bangalore - 560102, Near Green View Hospital"
"Swadist","+ 91  80 33762905","#202,17th E Main, KHB colony 5th block, Koramangala 5th Block, Bangalore - 560034, opposite muthoot finance"
"Pai Viceroy Hotel","+ 91  80 39629104","No.1504, 16th Cross,9th Main, Jayanagar 3rd Block, Bangalore - 560011, Near Sultan Jewelley"
"Hyderabadi Bawarchi","+ 91  80 33054732","No.1012, Ground Floor, Dasarahalli Main Road, Kempegowda Circle,, Dasarahalli, Bangalore - 560024, Near Shoba Moon Apartments, Near Maruthi Temple"
"Delicacy Chinese And Thai F...","+ 91  80 39827717","No.313, 4th Cross,Ombr Layout, Banaswadi, Bangalore - 560043, Opposite St George College"
"Pai Comforts","+ 91  80 33052230","No.1319, 100 Feet Road,2nd Phase, Jp Nagar, Bangalore - 560078, Near Honda Showroom"
"Coastal Delights","+ 91  80 33091442","No.241, 13th Cross, 2nd Stage, Cmh Road, Indira Nagar 2nd Stage, Bangalore - 560038, Opposite To Kanthi Sweets"
"Golden Oak","+ 91  80 33724824","Lamarvella Hotel, No.1,1st Floor, 14th Cross, South End Circle, Jayanagar 2nd Block, Bangalore - 560011, Opposite Bangalore Hospital"
"The Nawab Speciality Restau...","+ 91  9741780015","The Solitaire Hotel,No.3, Madhavnagar, Kumara Krupa Road, Bangalore - 560001, Near Race Course"
"The Black Pearl Restaurant","+ 91  80 33561421","No.105,Vikas Tech Park,3rd And 4th Floor, Beside Empire Restaurant, Koramangala 5th Block, Bangalore - 560034, Near Jyothi Nivas College"
"Sampoorna The Multicuisine ...","+ 91  80 33561312",""
"Nesara Grand Restaurant","+ 91  80 39558158","Satya Heritage, 13th Main,E Block,8th Cross,Parallel Kodigehalli Main Road, Sahakara Nagar, Bangalore - 560092, Opposite Bbmp Park"
"Hyderabad Biryaani House","+ 91  80 65659696","No 46, Varthur Main Road,Kundalahalli,, Ramagondanahalli, Bangalore - 560066, Near Forum Mall"
"Cave N Dine","+ 91  80 33724440","No.12, 4th Stage,3rd Block, Basaveshwara Nagar, Bangalore - 560079, Near Basaveshwara Circle"
"The Burgundy","+ 91  80 33910464","Royal Orchid Suites Hotel, Annexe Of Vaswani Pinnacle, White Field Main Road, Whitefield, Bangalore - 560066, Opposite Bore Well Road"
"Esplanade - Calcutta Cuisine","+ 91  80 40927878","No.203, Indiranagar Double Road, Indiranagar, Bangalore - 560038, Opposite HDFC Bank"
"4 Seasons Multicuisine Rest...","+ 91  80 33531246","1st Floor, Inorbit Mall, ITPL Road, Whitefield, Bangalore - 560066, Beside Marriott 5 Star Hotel, EPIP Area"
"Ambur Star Biryani","+ 91  80 26689973","No.38, 1st Stage,1st Phase, BTM Layout, Bangalore - 560076, Opposite Central Silk Board"
"Hyderabad Biryaani House","+ 91  80 33539337","No.19/1,Classic Aura, Panathur Junction, Kadubeesanahalli, Bangalore - 560087, Adjacent Arihant Technologies"
"Nagarjuna Chimney Restaurant","+ 91  80 33059830","No.21/22, 22nd Cross, Jayanagar 3rd Block, Bangalore - 560011, Opposite To Corporation Bank"
"Ritz Restaurant","+ 91  80 33056545","No.52 And 56,C/O Gardeenia Comfortes Suites, Hosur Main Road, Bommasandra Industrial Area, Bangalore - 560099, Opposite Shetron And Canara Bank"
"Imperial Restaurant","+ 91  80 39827914",""
"Bhagini Restaurant","+ 91  80 25427999","No.1253, Outer Ring Road, Banaswadi, Bangalore - 560043, Near Horamavu Signal"
"Havelli Restaurant","+ 91  80 33562992","No.14/1, Kodigehalli Main Road, Sahakara Nagar, Bangalore - 560092, Near Sterling Apartments And Twin Towers"
"Hyderabad Biryaani House","+ 91  80 39257291","No.98,Skylark Plazzo, Old Airport Road, Bangalore - 560017, Near Kemfort Total Mall"
"Guru Prasada Veg Indian Res...","+ 91  9035634837","# 1755,, 1st Main, 3rd Cross, Kengeri Satelite Town, Bangalore - 560060, Near Kengeri Railway Station"
"Banjara Melting Pot","+ 91  80 33700797","Plot No 32, 80 Feet Road,4th Block, Koramangala, Bangalore - 560095, Next Umerkot Restaurant"
"Dal Tadkaa Restaurant","+ 91  80 26691763","No.1, Kattriguppa Main Road, Banashankari 3rd Stage, Bangalore - 560085, Above HDFC Bank"
"The Fishermans Wharf","+ 91  80 30805795","No.25/4, Lavelle Road, Bangalore - 560001, Oppoiste Harley Davidson Showroom"
"Hong Kong Noodles","+ 91  80 33700745","No.6, 1st Cross,100ft Main Road, Banaswadi, Bangalore - 560043, Opposite More Super Market"
"Sri Vishnu Grand","+ 91  80 33724526","No 18,Prakriti Enclave, Kadubisanahalli, Panathur, Bangalore - 560103, Below State Bank Of Mysore"
"Coastal Curry","+ 91  80 42152598","No.8, 3rd Cross, Sri Raghavendra Layout, Yeshwanthpur, Bangalore - 560022, Near RNS Motors And off Tumkur Road"
"Three Quarter Chinese","+ 91  80 33532487","No.22, Church Street, Bangalore - 560001, Near Amoeba Complex"
"Meaza Ginger","+ 91  80 33531521","Shop no. 51, Double Road, Indiranagar, Bangalore - 560038, Near ESI HOSPITAL"
"Spice Root","+ 91  80 33091451","No.12, Byrasandra Main Road,G M Palya, C V Raman Nagar, Bangalore - 560093, Behind Bagmane Tech Park Back Gate"
"Amaseena","+ 91  80 33511287","Unit No.ECE, Jayamahal Road, Munireddypalya, Bangalore - 560006, Next NRI Cricket Ground, Near Bus Stop"
"Zhangs Dynasty","+ 91  80 41430988","No 16, Arekere Gate, Bannerghatta Road, Bangalore - 560076, Above Dominos Pizza"
"Barbeque Nation Hospitality...","+ 91  80 33100639","Soul Space Arena,Doddanekundi Main road, Dodanekundi, Bangalore - 560037, Chinnapa Layout, Opp EMC Square"
"Seasons Arabian Sea Food Re...","+ 91  7411798798","No.7, Bilekanahalli, Bannerghatta Road, Bangalore - 560076, Opposite Kalyani Motors"
"Hotel Annapoorna","+ 91  80 33291873","No.65, Yeshwanthpur Circle, Yeshwanthpur, Bangalore - 560022"
"Zaica Dine And Wine","+ 91  80 41201745","No.2010, Hal,2nd Stage,100Feet Road, Indiranagar, Bangalore - 560008, Above E Zone"
"Sea Rock","+ 91  80 41523344","No 6/4,1st And 2nd Floor,Shivananda Complex, Kumara Park East, Bangalore - 560001, Near Shivananda Circle"
"Zaica Dine And Wine","+ 91  80 33531669","No.141, Nagawara Junction,Thanisandra Main Road, Nagawara, Bangalore - 560045, Near Manyta Tech Park, Above A2b Hotel"
"Biryani Paradise","+ 91  80 33090410","No.4/3, 12th Main Road, 4th Cross, Mathikere, Bangalore - 560054, Near M S Ramaiah College Road"
"Golden Pearl Floating Resta...","+ 91  80 33059583","C/o Lumbini Gardens Ltd, Ring Road, Nagawara, Bangalore - 560045, Nagawara Lake, Hebbal"
"Cauvery Hyderabadi Biriyani","+ 91  80 25639696","No.205 GNS Icon, Outer Ring Road,Kadubeesanahalli junction, Kadubeesanahalli, Bangalore - 560087, Above Pizza Hut"
"Zam Zam Darbar","+ 91  80 26686262","No.57, 8th A Main, Btm Layout 1st Stage, Bangalore - 560029, Near Food Palace"
"Delicacy Restaurant","+ 91  80 33052439","No.1a,1st Floor,LG Complex, Chellakere Main Road, Kalyan Nagar, Bangalore - 560043, Next Chroma Showroom"
"Jp Cordial","+ 91  80 40214021","No.68/1, SC Road, Gandhi Nagar, Bangalore - 560009, Near Anand Rao Circle"
"Hyderbadi Biryani","+ 91  80 33050368","Arikere Gate, Bannerghatta Road, Bangalore - 560076, Opposite Reliance Mart, Next HSBC"
"Sanjha Chulha Restaurant","+ 91  80 33644108","1st Floor,, Purva Riviera Shopping Complex, Marathahalli, Bangalore - 560037, Near Marathahalli Bridge"
"Hyderabad Biryaani House","+ 91  80 33080203","No.407- 4M,1st Floor, Kammnahalli Main Road, Kammanahalli, Bangalore - 560043, Next KFC"
"The Fishermans Wharf","+ 91  80 33619563","No.26, Ambalipura, Haralur Road, Sarjapur Road, Bangalore - 560034, Near Big Bazaar"
"ReddyS Paradise","+ 91  80 33530839","# 1313/41, Lakshmu towers, Adjacent to devasandra main road, Krishnarajapuram, Bangalore - 560036, Old Aishwarya palace building"
"Vande Matharam Fine Dine","+ 91  80 33531414","No.149/ A,Iskcon Foothills, West Of Chord Road, R Block, Rajajinagar, Bangalore - 560010, Next Iskon Temple"
"Southern Spice The Biryani ...","+ 91  80 33100977","Plot 95, Epip Zone, Vydehi Circle, Whitefield, Bangalore - 560066, Above SBI And Opposite Bmtc Bus Stop"
"Saffron Vegetarian Cuisine","+ 91  80 33674434","No 2 Maruthi Towers, 9th B Main,Chairman Layout, Banaswadi, Bangalore - 560043, Next Food World"
"Banashankari Restaurant","+ 91  80 33619439","No 60/3, Nanjappa Layout,New BEL Road, Vidyaranyapura Block 4, Bangalore - 560097, Below Metro Sprit Wine Shop"
"Absolute Barbecue","+ 91  80 33644500","CPR tower,2nd Floor, 1st Phase,2nd Street,2nd Stage,100 Feet Ring Road, BTM Layout, Bangalore - 560076, Near Jayadeva Flyover"
"Arabian Mehek","+ 91  80 41208888","No.46, MIG CHS 707, 4th Phase, Yelahanka New Town, Bangalore - 560064, Near Government School"
"Cafe Mezzuna","+ 91  80 22112902","No 15/16, House Of Lords, St Marks Road, Bangalore - 560001, After State Bank Of India"
"Kabab Mehal","+ 91  80 33561129","No.23, Raghuvanahalli, Kanakapura Road, Bangalore - 560062, Near Adigas, Opposite Yellamma Wasappa Institute of Technology"
"New Biryani Mane","+ 91  80 33531003","No 2, Uttarahalli Main Road,Chikkalasandra, Uttarahalli, Bangalore - 560061, Next Dominos Pizza"
"The Royal Kitchen","+ 91  80 33293961","No 6, 3rd Main Road,Bismilla Nagar, BTM Layout 1st Stage, Bangalore - 560029, Beside HDFC Bank"
"RBP Greens Garden","+ 91  80 30145341","29th Main Road, Lake Road, Btm Layout 2nd Stage, Bangalore - 560076"
"Gowdara Mudde Mane","+ 91  80 33536852","No.24, 1st Main,1st Cross, Manjunath Nagar, Ragunalli, Kanakapura Road, Bangalore - 560062, Behind Adigas Hotel"
"Sigree Global Grill","+ 91  80 22716331","No 28/2 2nd Floor, Siddapura Whitefield Main Road, Whitefield, Bangalore - 560067, Before Demart"
"Nagarjuna Restaurant","+ 91  80 39628652","No.195, Double Road, 2nd Stage, Indiranagar, Bangalore - 560038, Near HDFC Bank"
"The Rock Restaurant","+ 91  80 30119487","No.2001,3rd Floor, 100 Feet Road, Hal 2nd Stage, Indiranagar, Bangalore - 560038, Opposte To Reliance Digital Showroom"
"Namane Oota","+ 91  80 33642183","No 522/G, Opposite Nammura Thindi Service Road, Nagarbhavi, Bangalore - 560072, Near Thirige Bavana"
"Biryani Wala","+ 91  7795999404","No 39/2 3 And 4,1st Floor,N S Complex, Kundanahalli Gate,Itpl Main Road, Marathahalli, Bangalore - 560037, Opposite Hyper City"
"Svenska Design Hotels","+ 91  80 39558530","No.5, No 56/ D, Survey No.66, Electronic City, Bangalore - 560100, Opp Wipro Gate"
"Chowmein Family Restaruant","+ 91  80 33641426","No.729,Swarna Dhara,4th Floor, West Of Chord Road, Basaveshwara Nagar, Bangalore - 560079, Near Modi Hospital, Above KFC"
"Seasons Restaurant","+ 91  80 33792582","No.36/1, Hosur Main Road, Electronic City, Bangalore - 560100, Near Bmtc Bus Depo"
"Wazirs Restaurant","+ 91  80 33642650","No.546/5, Langford Road, Shanthinagar, Bangalore - 560027, Opposite Karnataka Hockey Stadium"
"Food Plaza","+ 91  80 33641742","Narayan Reddy Building,Ground Floor, Narayana Reddy Layout, Electronic City Phase 2, Bangalore - 560100, Near Rajarajeswari Temple"
"Barbeque Nation Restaurant","+ 91  80 60600000","No 18, Ground Floor, West Gate Mall, Dr Rajkumar Road, 4th M Block, Rajajinagar, Bangalore - 560010, Next MES Polytechnic College"
"Biriyani Paradise","+ 91  80 33640435","No.309,1st Floor,VMR Complex, Kundalahalli Gate, Kundalhalli-Whitefield, Bangalore - 560066, Opposite SRK Kalyana Mantapa"
"Flavors Restaurant","+ 91  80 40985253","No.120p,A3 Epip, Kiadb, Whitefield, Bangalore - 560066, Near Itpl"
"Akshaya Lalbagh Inn","+ 91  80 33792183","No 462, Ground Floor, 2nd Block, Jayanagar, Bangalore - 560011, Near Ashoka Piller"
"New Kairali Family Restaurant","+ 91  80 33055631","No.48-49, Nehru Road, Kammanahalli, Bangalore - 560084, Opposite To Sangeetha Mobiles, Near Riti Jewelry"
"Chettinad Biryani","+ 91  8884562666","Sapthagiri Building, Vignana Nagar,Kaggadasapura Main Road, Kaggadasapura Road, Bangalore - 560093, Near Sct College"
"Shanmukha Restaurant","+ 91  80 33724420","No 1313, 25th Main, Jayanagar 9th Block, Bangalore - 560069, Near Bangalore Central"
"Hunan","+ 91  80 33532564","No.123,1st Floor, JNC Road,1st Main,5th Block, Koramangala, Bangalore - 560095, Above Costa Coffee And Opposite Califonia Pizza Kitchen"
"Biriyani Adda","+ 91  80 33619932","No.52/S, 2nd Main, Chandra Layout, Bangalore - 560040, Behind Prasanna Ganapathi Temple ,Near Chandra Layout Police Station"
"Meghana Foods","+ 91  80 40970707","No.52,1st Floor, 33rd Cross,4th Block, Jayanagar, Bangalore - 560011, Above Dhanalakshmi Bank"
"Chef Land Restaurant","+ 91  80 33642036","No 43, Swetha Complex, Rammaiya Layout, Kammanahalli, Bangalore - 560084, Near To Kammnahalli Church"
"Sea Route","+ 91  80 41222292","No.725, MK Towers, Modi Hospital Road,1st Stage, Rajajinagar, Rajajinagar, Bangalore - 560010, Opposite New Shanthi Sagar"
"Atithi Ahara Dhama","+ 91  80 33641301","No.71, Doddakanahalli, Doddakannelli, Bangalore - 560035, Opposite Rmz Buliding"
"Adithya Biriyanis","+ 91  80 33562107","No 17,B,13,14,1st Floor, A Sector,Doddaballapur Main Road, Yelahanka, Bangalore - 560064, Opposite Rail Wheel Factory"
"Vandana Gardenia","+ 91  80 33724503","No 1073/ 784/785, 16th B Cross,Sector B, Yelahanka, Bangalore - 560064, Near Udupi Grand Restaurant"
"Bhagini Residency Lumbini G...","+ 91  80 46665999","No.4, Hebbal Outer Ring Road,Veeranna Palya,Service Road, Arabic College, Bangalore - 560045, Opposite Lumbini Park"
"Padharo AS","+ 91  80 33080124","No 320, SLV Arcade,1st Floor, 9th Main,14th Cross, Jayanagar 5th Block, Bangalore - 560041, Opposite Adhishwar Electro World & TJSB Bank"
"Savoury Seashell Restaurant","+ 91  80 33641429","No 10, Bhavani Layout, Bannerghatta Road, Bangalore - 560076, Next To Maruti Sagar Automobiles"
"Kritunga Restaurant","+ 91  80 65625111","Sriven Square,2nd Floor, Kundalahalli Gate, Kundalahalli, Bangalore - 560037, Opposite Sankara Eye Hospital And Beside Star Bazaar"
"Hongkong Garden","+ 91  80 33532688","No 184/3, 9th Cross, Kaggadasapura Road, Bangalore - 560093, Near SCIT College"
"A3 R Amaravati Restaurant","+ 91  80 33569426","No 601,1st Floor,C Block, AECS Layout, Kundalahalli, Bangalore - 560037, Above Jade Restaurant"
"Sambram Biryani Paradise","+ 91  80 33673691","No.134/14, 100Feet Ring Road,3rd Phase, Jp Nagar, Bangalore - 560078, Near Delmia Circle"
"R B P Green Gardens Family ...","+ 91  80 33618014","No-67, 13th Main, Mahadeshwaranagar, N S Palya Road, Btm Layout 2nd Stage, Bangalore - 560076, Near Btm Club Road"
"Meghana Foods","+ 91  80 33511166","No.90/4,Sony World Building, Outer Ring Road, Marathahalli, Bangalore - 560037, Opposite To Innovative Multiplex"
"New Donne Biriyani Mane","+ 91  80 33491591","No.56,, 6th Sector Hsr Layout, HSR Layout, Bangalore - 560102, Behind Bda Complex"
"King Restaurant","+ 91  80 33082130","No.34/2 Keerthana Apartment, Electronic City Phase 2, Bangalore - 560100, Behind XIME College"
"Hotel Andhra Chillies","+ 91  80 39828881","No.91/13, Tc Palya Main Road, Ramamurthy Nagar, Bangalore - 560016, Near Family Doctor Clinic"
"Chopstick World Restaurant ...","+ 91  80 42248534","No.5, 1st Main Road, 2nd Block, 3rd Stage, Basaveshwara Nagar, Bangalore - 560079, Opposite Basveshwaranagar Police Station"
"Oye Amritsar Restaurant","+ 91  80 33761005","No.72, 2nd Floor, Inner Ring Road, Jp Nagar 3rd Phase, Bangalore - 560078, Next Maxx & Near Cross World"
"Kerala Mess","+ 91  80 33536526","No 6, 1st Cross,Model Colony, Yeshwanthpur, Bangalore - 560022, Opposite Bescom Office"
"Bon Aroma","+ 91  80 33673404","No.220,2nd Floor, 9th Main Road,5th Block,39th A Cross, Jayanagar, Bangalore - 560041, Near BSNL Telephone Exchange Road,Opposite National Co Operative Bank"
"Ambur Star Biryani","+ 91  80 33511645",""
"HYDERABADI BAWARCHI","+ 91  80 33700638","#171, COFFEE BOAD LAYOUT ROAD, Coffee Bord Layout, Bangalore - 560024, Near coffee board park (beside SBI bank)"
"Alibaba Cafe And Restaurant","+ 91  80 33700975","No.69,1st Floor, M M Road, Frazer Town, Bangalore - 560005, Opposite Mosque"
"Hyderabad Ruchis","+ 91  80 33100573","No.55/5, Sarjapura, Marathahalli Outer Ring Road, Devarabeesanahalli-Bellandur, Bangalore - 560103, Near Sakra World Hospital"
"The Brew Master","+ 91  80 33294449","No.53/1, 2 & 3, Old Madaras Road,Battrahalli, Virgonagar, Bangalore - 560049, Near Indian Oil"
"Zaica Dine And Wine","+ 91  80 39629148","No.125, Kundalahalli, Bangalore - 560037, Near CMR IT COLLEGE"
"BlueOlive","+ 91  80 33531775","No.74/2, 4th Floor, Sanjana Plaza, Elephant Rock Road, Jayanagar 3rd Block, Bangalore - 560011, Above R R Gold Palace"
"Zabi","+ 91  80 40910604","No.208/E, H S Complex, 80 Feet Road, 1st Stage, 2nd Block, Hbr Layout, Bangalore - 560043, Next To Samsung Show Room"
"Madurai Tiffin Centre","+ 91  80 33536998","Amrutha College Road, Sarjapura Road, Kaikondrahalli, Bangalore - 560035, Opposite To Mysore Bank"
"Troika","+ 91  80 39559202","No 2010, 100 Feet Road,Hal 2nd Stage, Indiranagar, Bangalore - 560038, Above Staples"
"Aagaman Veg Multicuisine Fi...","+ 91  80 40956662","No.545,3rd Floor, Cmh Road, Indiranagar, Bangalore - 560038, Near Metro Station,Above Food World"
"Simply Indian","+ 91  7022001251","No.500, Btm Layout 6th Stage,2nd Block,2nd Phase, Bannerghatta Road, Bangalore - 560076, Near SAI Baba Temple, Arekere"
"Sana Di Ge Restaurant","+ 91  80 33058145","No 32/3, High Grounds, Crescent Road, Bangalore - 560001, Off Race Course Road"
"Lords Plaza","+ 91  80 33292601","26- A, Hosur Road, Electronic City, Bangalore - 560100, Opposite Infosys Gate No.1"
"Nisarga Veg Family Restaurant","+ 91  80 30832693","No.19 SM Complex, Dommasandra Circle, Dommasandra, Bangalore - 562125, Near Canara Bank"
"Nandasree","+ 91  80 33057536","No 32 & 33, Old Madras Road, Bhattrahalli, Bhattarahalli, Bangalore - 560049, RTO Office Road"
"My Way Little Dinette","+ 91  80 33100270","No.44/5, Dickenson Road, Bangalore - 560042, Next to Manipal Centre"
"Sigree Global Grill","+ 91  80 33083381","No 5AC-430, 5th A Cross, Service Road, HRBR Layout, Bangalore - 560043, 2nd Block, Kammanahalli, Kalyan Nagar"
"New Bhagini Restaurant","+ 91  80 30832360","No.485, Hennur Main Road, Bangalore - 560043, Near Byrathi Cross,Opposite Value Mall"
"South Spice","+ 91  80 33762216","No 907, Dr Vishnuvardhan Road,Channasandra, Rajarajeshwari Nagar, Bangalore - 560098, Near Honda Showroom"
"R V International Lodging A...","+ 91  80 33518437","No.K 7, 100 Feet Ring Road, 1st Phase, Kiadb Industrial Area, Anekal Taluk, Jigani, Bangalore - 560105, Near APC Circle"
"Junior Kuppana Hotel","+ 91  80 33530451","No.34, 5th Cross,5th Block, Koramangala, Bangalore - 560095, Opposite Nandana Grand Hotel"
"Aagaman Veg Uttar Dakshin F...","+ 91  80 33094800","No.654/66, 3rd Floor,11th Main ,4th Block,, Jayanagar 4th Block East, Bangalore - 560011, Above Mcdonalds & Opposite Vijaya Junior College"
"Dandes Hyderabad Biryani","+ 91  80 33491826","7 Main,10 Cross,Mico Layout, BTM Layout 2nd Stage, Bangalore - 560076"
"Barbeque Nation Restaurant","+ 91  80 39559131","1st Floor, Ascendas Park,Square Mall,1st Floor, Whitefield Main Road, Bangalore - 560066"
"Young Island Comforts","+ 91  80 33724393","No.44, Millers Road, Millers Road, Bangalore - 560051, Opposite To Millers Point Complex"
"Sri Matha Sagar","+ 91  9886789843","No.86, New Central Jail,Vinayakanagar City Post, Electronic City, Bangalore - 560100"
"Meghana Foods","+ 91  80 41308080","No.57/1,Jayalaxmi Chambers, Residency Road, Bangalore - 560025, Opposite Old Galaxy Theather"
"Sri Yaksha Shivsagar","+ 91  80 33518648","#.940, 21st Main Road, Banashankari 2nd Stage, Bangalore - 560070, Beside BDA Complex, South Entrance"
"Flavour Of Shanghai","+ 91  9880889933","No.15/1,15/2,Shop No.1,Balaji Complex, Gubblala, Kanakapura Road, Bangalore - 560062, Opposite Mantri Tranquil Apartment"
"Shandong Restaurant","+ 91  80 28444918","No 39-40,1st Floor Idhaya Complex, Geddalahalli, Kothanur, Bangalore - 560077, Near Mantri Splendour"
"Filling Station Restro And Pub","+ 91  80 33531392","No.33,, 17th Main, 5th Cross, 5th Block,, Koramangala, Bangalore - 560095, Opposite Nandhana Grand Hotel"
"Altaf Chillies Restaurant","+ 91  80 33092659","No.32/1, North Rd, Hutchins Rd, Cooke Town, Bangalore - 560005, Opp Food Magic"
"Cauvery Hyderabadi Biryani","+ 91  80 33083700","#1, 6 Th cross, Akshaya nagar , T C PALYA main road, Ejipura, Bangalore - 560016, Above Canara bank atm , near Ideal mart supermarket"
"Fill N Chill Multicuisine R...","+ 91  80 33511448","No.107/2,, 80 Feet Road,, Koramangala 4th Block, Bangalore - 560034, Between Sony World & Maharaja Signal,"
"Oasis Restaurant","+ 91  80 33530681","No 25/1, Grond Floor, R V Road, Bangalore - 560059, Near R V College"
"Zaitoon Restaurant","+ 91  80 33532798","No.138,Maruthi Tower, Old Airport Road, Bangalore - 560017, Opposite To Leela Palace"
"Pakwan Restaurant","+ 91  80 41277600","No 14, 2nd Main, Vyalikaval, Bangalore - 560003, Near Vyalikaval Police Station"
"Vishal Restaurant And Sweets","+ 91  80 42099021","Shop No 3, Munnekolala,Papaiah Garden, Marathahalli, Bangalore - 560037, Opposite SGR Dental College"
"Relish Restaurant","+ 91  80 23513513","No.79, Rmv 2nd Stage, New Bel Road, Bangalore - 560054, Opposite MS Ramaiah Hospital"
"Tamarind Restaurant","+ 91  80 33619410","No.1, Banasawadi Main Road, Banaswadi, Bangalore - 560043, Next To Fire Station & Above Food World"
"Hunan","+ 91  80 33724202","No 10,1st Floor, 1st Main, New Bel Road, Bangalore - 560054, Above Reliance Fresh"
"Vaibhava Veg","+ 91  80 33293899","No.60/a, Jigni Link Road, Bommasandra Industrial Area, Bangalore - 560099, Near Karanataka Bank"
"Paakashala Restaurant","+ 91  80 33674169","No.335,1st Floor,Ideal Home Township, 1st Phase,Sector B, Rajarajeshwari Nagar, Bangalore - 560098, Near Bharath Petrol Bunk"
"NAATI PARK RESTAURANT","+ 91  80 30145047","14, RR Layout, Nagadevanahalli-Gnanabharathi, Bangalore - 560056, Near HP Petrol Bunk"
"Hyderabad Biryaani House","+ 91  80 33057651","No.7/1,, Victoria Layout, Bangalore - 560047, Near Life Style, opp to SBH bank,"
"Amrutha Grand Restaurant","+ 91  80 30145349","No 9/1A,Ground Floor,Sidda Reddy Ellite, Off Sarjapura Road, Kasavanahalli, Bangalore - 560035, Near Andhra Bank"
"Ayda Persian Kitchen","+ 91  80 33056083","No.1,1st Floor, Church Street, Bangalore - 560001, Near Nasa Pub"
"Meghana Foods","+ 91  80 33532644","No.124, 1st Main,Khb Colony,5th Block, Koramangala, Bangalore - 560095, Near Jyothi Nivas College"
"Gams Delicacy Restaurant","+ 91  80 64555224","Door No 61, 7th Block, Koramangala, Bangalore - 560095, Above Corner House And Near HDFC Bank"
"Aramane Family Restaurant A...","+ 91  80 23509583","No.54/54,1st Floor, Near Canara Bank, Vijayanagar, Bangalore - 560040, Vijayanagar Bus Stand"
"Hyderabad Biryaani","+ 91  80 33531575","#79/3, Ganapa Tower, outer ring road, Bellandur, Bangalore - 560103, near to state Bank of Travancore, central mall"
"Kritunga Restaurant","+ 91  80 65625444","No 2750, NNS Plaza, 4th Floor, Bellary Service Road, E Block,, Sahakara Nagar, Bangalore - 560092, Near Swati Gardenia Hotel"
"Banjara Restaurant","+ 91  80 33530673","No.32/3, Crescent Road, Bangalore - 560001, Opposite Race Course Road, Next To Mallige Hospital"
"Aalishan Restaurant And Cat...","+ 91  80 33530588","No.158, Koramangala 7th Block, Bangalore - 560095, Near SAI Baba Temple Road"
"Panros Crisp Chicken","+ 91  80 33561632","No 56/A, 2nd Main,4th Cross,Venkateshwara College Road,Chikadugudi, Chikka Adugodi, Bangalore - 560029"
"Sufi Persian Restaurant","+ 91  80 33050030","No.103, 5th Floor, Empire Building, Koramangala 5th Block, Bangalore - 560034, Near Jnc, Above Empire Hotel"
"Kips Delicacy","+ 91  80 33562368","No.3&4,1st Floor,Balaji Complex, Baglur Main Road,Hennur, Kothanur, Bangalore - 560077, Above Ammas Pastries,Near Kothanur Bus Stop"
"Olive Garden Restaurant","+ 91  80 33052615","No.414, Hrbr Layout,4th Cross,Cmrc Road, Kalyan Nagar, Bangalore - 560043, Opposite BSNL Office"
"Magnet Restaurants","+ 91  80 33080392","2470, 2nd Cross , 16th C Main, HAL 2nd Stage, Indira Nagar 2nd Stage, Bangalore - 560038, Near KEB Office"
"New Hyderabad House","+ 91  80 33083295","No.528,Ground Floor, Ambalipura Bellandur Gate, Sarjapur Road, Bangalore - 560034, Opposite Total Mall"
"The Yellow Chilli","+ 91  80 33724693","No.3, 2nd Floor, MSR West Park, Brigade Road, Church Street, Bangalore - 560001, Opposite To Metro Station"
"Margarita Lounge Bar","+ 91  7353800001","No.25/4,1st Floor, Lavelle Road, Bangalore - 560001, Opposite Harley Davidson Showroom"
"Oye Amritsar Restaurant","+ 91  80 39627829","No.54, Canara Bank Road, Koramangala 6th Block, Bangalore - 560095, Near To Vijaya Bank & Diagonal Opp To Nilgiris"
"Nalapaka Restaurant","+ 91  80 33674055","No.28,Ground Floor, 12th Main Road,1st Block, Rajajinagar, Bangalore - 560010, Near Navarang Theatre"
"Mr.IDLI","+ 91  80 33724305","No.4/3, 1st Floor, Belathur Main Road, Kadugodi, Bangalore - 560067, Above Airtel Showroom"
"Mango Trees","+ 91  80 33537823","No.99/4,Pit Stop Cafe, Kothnur,Nataraja Layout, Jp Nagar 7th Phase, Bangalore - 560078, Near Brigade Millennium Apartment"
"Mahesh Lunch Home","+ 91  80 41311101","Cears Plaza, Residency Road, Bangalore - 560025, Opposite Bangalore Club,Near Chancery Pavillion Hotel"
"Punjabi Dhaba Restaurant","+ 91  80 33644170","No.100,, 3rd Cross, Canara Bank Road, Electronic City Phase 1, Bangalore - 560100, Opposite, TATA BP Solar Unit-1"
"Raaga","+ 91  80 25272755","No .3, Cmh Road, Indiranagar, Bangalore - 560008, Near HDFC Bank"
"Have More North Indian Fami...","+ 91  80 23516768","No.1,3rd Floor, 80 Feet Road, New Bel Road, Bangalore - 560054, Opposite M S Ramaiah Hospital And 2nd Building After Pizza Hut"
"Foodiction","+ 91  80 33568259","1331, 8th Main,8th C Cross, Kathriguppe Main Road, Bangalore - 560050, Near Hoskerallahalli Petrol Pump"
"Hyderabadi Bawarchi","+ 91  80 30805927","No.39,G Block, 60 Feet Road, Sahakara Nagar, Bangalore - 560092, Next Mega Mart"
"Deewar Restaurant","+ 91  80 33058896","No 1210/D, 1st Phase,2nd Stage,80 Feet Road, Chandra Layout, Bangalore - 560040, Near Chandra Layout Bus Stop"
"Magic Spice","+ 91  80 33083682","House No.607, Om Shakti Complex, Garebhavi Palya, Hosur Road, Bangalore - 560068, Next To Vasan Eye Care"
"The Big Mataka","+ 91  80 33762320","No.329,4th Floor, Taralabalu Road, R T Nagar, Bangalore - 560032, Opposite Coffee Day"
"Baristo Brew","+ 91  80 33530601","No 10 , 4th floor dominos building, Krishna Nagar , industrial area, Hosur Main Road, Bangalore - 560029, Near to Christ college"
"Hyderabadi Biryani","+ 91  80 33618859","No.98, Sky Lark Plazzo, Old Airport Road, Murugeshpalya, Bangalore - 560017, Near Total Mall"
"Meghana Foods","+ 91  80 33724454","No.544, 1st Floor, CMH Road, Indiranagar, Bangalore - 560038, Near Metro Station"
"Radhe Platter","+ 91  80 33090834","No.4/1, 1st Main,Buvanappa Layout, Koramangala, Bangalore - 560095, Opposite Forum Mall"
"4 Seasons Multicuisine Rest...","+ 91  80 33013467","No.5,A C/402,Lamcy Plaza,1st Floor, HRBR 2nd Block ,Kammanahalli Cross, Kalyan Nagar, Bangalore - 560043, Opposite To Tanishq"
"R V International Lodging A...","+ 91  80 33642955","No.K 7, 100 Feet Ring Road,1st Phase,Kiadb Industrial Area,Anekal Taluk, Jigani, Bangalore - 560105, Near APC Circle"
"Kaayal Restaurant","+ 91  80 33092587","No. 1647/1, 2nd Floor, Jeevan Bima Nagar, Bangalore - 560075, Opposite Miranda College"
"Asia Kitchen By Mainland China","+ 91  80 25504445","136, Ground Floor, 1st Cross Road, 5th Block , Jyotiniwas College Road, Koramangala, Bangalore - 560095, Under The Gold Gym"
"Ma-Arya","+ 91  80 33563260","No.186, Gandhi Bazar Main Road, Basavanagudi, Bangalore - 560004, Opposite Roti Ghar"
"Nile Garden Restaurant","+ 91  80 33569991","No 13, 4th Main,1st Cross, Madivala, Bangalore - 560068, Behind Ayyappa Temple"
"Barbeque Nation Restaurant","+ 91  80 60600000","No 1/4, Ground Floor,Lido Mall, Swamy Vivekananda Road, Ulsoor, Bangalore - 560008, Near 1mg Mall,Next BSNL Office"
"Chung Wah City Chinese Restaurant","+ 91  80 33762026","Fortune City Hotel Building, Vidyanagar,1st Cross, Bommasandra Industrial Area, Bangalore - 560099, Opposite SKF"
"Barbeque Nation Restaurant","+ 91  80 60600000","No 4005, 100 Feet Road,Hal 2nd Stage, Indiranagar, Bangalore - 560038, Opposite Nandhini Hotel"
"Barbeque Nation Restaurant","+ 91  80 60600000","No 67, 15th Cross,6th B Main, Jp Nagar 3rd Phase, Bangalore - 560078"
"Empire Restaurant","+ 91  80 40414041","80 Feet Road, 2nd Stage, Indiranagar, Bangalore - 560008, Opposite Vijaya Bank"
"Empire Restaurant","+ 91  80 41202867","Jayanagar 3rd Block, Bangalore - 560011, Opposite To Nmkrv Womens College,Next To Show Off"
"Empire Restaurant","+ 91  80 25493349","No.83, Nehru Main Road, Kammanahalli, Bangalore - 560084, Opposite To Riti Jewellery"
"Barbeque Nation Restaurant","+ 91  80 60600001","No 86, Ward No 68, 1st Cross,1st Block, Koramangala, Bangalore - 560034, Opposite HDFC Bank"
"Empire Restaurant","+ 91  80 40222777","No.103, Industrial Area,5th Block, Koramangala, Bangalore - 560095, Near Jyothi Nivas College"
"Swathi Restaurant","+ 91  80 23595565","No.5, West Of Chord Road, Mahalaxmipuram, Rajajinagar, Bangalore - 560010, Near Navrang Theatre"
"Sri Nandhini Palace","+ 91  80 30119178","No.1, 5th Main Road, 1st Stage, West Of Chord Road, Shivanagar, Rajajinagar, Bangalore - 560010, Opposite To Power House"
"Chutney Chang","+ 91  80 40001234","No.31, H M Eleganza, Museum Road, Bangalore - 560001, Off Church Street"
"Nandhini Palace","+ 91  80 23603333","No.21, ITI Nagar Layout, Chickmaranahalli, Mathikere, New Bel Road, Bangalore - 560054"
"Nagarjuna Residency","+ 91  80 33051906","No.44/1, Residency Road, Bangalore - 560025, Next Galaxy Theatre"
"Barbeque Nation Restaurant","+ 91  8867238129","3rd Floor, 4th Cross Road,Hrbr Layout, Kalyan Nagar, Bangalore - 560043, Above Axis Bank"
"Hotel Nandhini Deluxe","+ 91  80 33569554","No.164,Adi Regency, R T Nagar, Bangalore - 560032"
"Empire Restaurant","+ 91  80 41231217","No.161, MLA Layout, R T Nagar, Bangalore - 560032, Next To Adigas Restaurant"
"Farzi Cafe","+ 91  7259600900","202, Level 2, UB City Mall, Lavelle Road, Bangalore - 560001"
"Nandhini Palace","+ 91  80 25630202","No.7, 4th B Block, 100 Feet Road, Koramangala, Bangalore - 560034, Next To Bda Complex"
"Nandhini Deluxe Restaurant","+ 91  80 40355555","No.726/A, 24th Main Road, 15th Cross, 6th Phase, Jp Nagar, Bangalore - 560078, Opposite To Green City Hospital"
"Nandhini Deluxe Restaurant","+ 91  80 39626202","No 14/A/37, 27th Cross, Jayanagar 4th Block, Bangalore - 560011, Opposite Karnataka Bank"
"Nagarjuna Restaurant","+ 91  80 41300400","No.174/1, Jp Nagar 3rd Phase Main Road, Bannerghatta Road, Bangalore - 560076, Above Titan"
"Maiyas Restaurant","+ 91  80 43311111","No.459/30, 30th Cross, Jayanagar 4th Block, Bangalore - 560011, Opposite To Ganapathi Temple & Near Police Station"
"Absolute Barbecue","+ 91  8088922203","Outer Ring Road, Marathahalli, Bangalore - 560037, Beside Park Plaza Hotel"
"Kfc Restaurant","+ 91  80 42111515","Shop No.1, Ground & 1st Floor, Plot No.117, Ages Layout, New Bel Road, Bangalore - 560097, Near Food Bay Restaurant"
"Swathi Ring View Restaurant","+ 91  80 23187878","No.856, Vinayaka Layout, 2nd Stage, Nagarbhavi, Bangalore - 560072, Near To Panacea Hospital"
"Nandhini Palace","+ 91  80 33293057","No.4034, 100 Feet Road, Hal 2nd Stage, Indiranagar, Bangalore - 560038, Near Domlur Flyover"
"Empire Restaurant","+ 91  80 40414141","No.34, Mosque Road, Frazer Town, Bangalore - 560005, Near Savoury Restaurant"
"Nandhini Deluxe Restaurant","+ 91  80 33641833","No.114/2, Minerva Circle, Lalbagh West, Bangalore - 560004, Off J C Road"
"Nandhini Deluxe Restaurant","+ 91  80 33030209","No.19, 1st Floor, Palace Guttahalli, Sankey Road, Bangalore - 560020, Above Vijaya Bank"
"Swathi Gardenia Restaurant","+ 91  80 23624299","No.2740, Bellary Road, New Airport Road, Sahakara Nagar, Bangalore - 560092, Opposite To Green Country Public School"
"Nandhana Palace","+ 91  80 29773344","#619 & 620, Sri Nandi Arcade, 80feet main road, Vinayak Layout, Nagarbhavi, Bangalore - 560072, Opp Bharat Petrol Pump"
"Mavalli Tiffin Rooms","+ 91  80 22230471","No.13 &14, Lalbagh Road, Bangalore - 560027, Near Lalbagh Main Gate"
"Nagarjuna Restaurant","+ 91  80 33562947","No.138, 1st Cross, 5th Block, KHB Colony, Koramangala, Bangalore - 560095, Opposite To Java City"
"Truffles","+ 91  80 41121160","No 22, St Marks Road, Bangalore - 560001, Opposite To State Bank Of India"
"Nandhana Palace","+ 91  80 33058235","No.83, Kammanahalli Main Road, St Thomas Town, Bangalore - 560084, Opposite To Bata Showroom"
"Rahhams Families International","+ 91  80 25486696","No 82, MM Road, Frazer Town, Bangalore - 560005, Opposite To Bata Showroom"
"Empire Restaurant","+ 91  80 42678888","No.36, Church Street, Bangalore - 560001, Opposite Java City"
"Savoury Restaurant","+ 91  80 49336333","No.27, Mosque Road, Frazer Town, Bangalore - 560005"
"Paradise Food Court","+ 91  80 69001677","No.915, 24th Main Road,Mayura Circle, Jp Nagar 2nd Phase, Bangalore - 560078, Next To Reliance Digital"
"Big Brewsky","+ 91  8880075000","Sarjapur Road, Bangalore - 560034, Behind Mk Retail & Before Wipro Corporate Office"
"Sattvam Restaurant","+ 91  80 23608000","No.35, 4th Floor, J M Plaza, Sankey Road, Sadashivanagar, Bangalore - 560080, Opposite Shell Petrol Bunk"
"Nandhini Deluxe Restaurant","+ 91  80 33762426","No.68, Coles Park Road, Frazer Town, Bangalore - 560005, Next To New Shanthi Sagar Hotel"
"Nandhini Paradise","+ 91  80 26890033","No.108, 150 Ring Road, Banashankari 3rd Stage, Bangalore - 560085, Near Kathtiguppa Circle"
"Empire Restaurant","+ 91  80 25720878","No 139/A/170, 6th Sector, 9th Main, 14th Cross, HSR Layout, Bangalore - 560102, Behind Bda Complex, Near Shobha Supermarket"
"13th Floor Lounge Bar","+ 91  80 41783355","No 84, 13th Floor, Penthouse, Barton Centre, M G Road, Bangalore - 560001, after uco bank"
"Richies Rahmans Family Restaurant","+ 91  80 25808700","No.39, Yadava Layout,Arvinda Nagar,Nehru Road, Kammanahalli, Bangalore - 560043, Near Honest Bakery"
"Abhiruchi Restaurant","+ 91  80 25422854","No.65, St Thomas Town, Kammanahalli, Bangalore - 560084, Near Sathya Hospital,OppositeTo Kanti Sweets"
"Royal Andhra Spice Restaurant","+ 91  80 64506450","No 52/454, 60 Feet Road, Beml Layout, Rajarajeshwari Nagar, Bangalore - 560098, Near Bus Depot"
"Samarkand Restaurant","+ 91  80 41113364","No.66,Gem Plaza, Infantry Road, Bangalore - 560001, Near Monarch Hotel"
"Ebony Restaurant","+ 91  80 41783344","No 84, Hotel Ivory Tower, The Penthouse Floor, Barton Centre, M G Road, Bangalore - 560001, Near MG road Metro Station"
"Truffles","+ 91  80 23410222","No.84, 80 Feet Road, Rmv Extension 2nd Stage, Bangalore - 560094, Opposite To Corner House, Near Ramaiah College"
"Imperial Restaurant","+ 91  80 25588331","No 94/95, Residency Road, Bangalore - 560025, Opposite To Naagpal Petrol Bunk"
"Paradise Biryani Restaurant","+ 91  80 69001784","No. 484, Signature Square, Cmh Road, Indiranagar, Bangalore - 560008"
"Chutney Chang","+ 91  80 22443007","No 22, Cosmopolitan Club, 1st Floor, 22nd Cross, Jayanagar 3rd Block, Bangalore - 560011, Near Cosmopolitian Club Swimming Pool"
"Empire Restaurant","+ 91  80 40414041","No.35,Empire Suites, Castle Street, Bangalore - 560025, Off Brigade Road"
"Shiro Restaurant","+ 91  80 41738864","No.222, 3rd Floor, Ub City Mall, No.24, Vittal Mallya Road, Bangalore - 560001, Next Shell Petrol Bunk"
"1947 Restaurant","+ 91  80 41261947","No 62, 5th Floor,The High Street Building, 11th Main, Jayanagar 4th Block, Bangalore - 560011, Opposite To Vijaya Junior College"
"High Ultra Lounge","+ 91  80 45674567","Roof Top, World Trade Center, Brigade Gateway Campus, No.26/1, Dr Rajkumar Road, Malleswaram West, Bangalore - 560055, Near Orion Mall"
"Imperial Restaurant","+ 91  80 69994888","No.1324, Double Road, Indira Nagar 2nd Stage, Bangalore - 560038, Near Kaveri School"
"The Village Soul Of India","+ 91  80 42100524","Plot No. 45/1&2, 6th Floor, Bangalore Central Mall, 45th Cross, Jp Nagar 2nd Phase, Bangalore - 560078, Near Ragi Gudda Temple"
"1947 Fine Indian Cuisine","+ 91  80 41314321","No 47,4rth Floor, 3rd Main,15th Cross,Margosa Road, Malleswaram, Bangalore - 560003, Above Girias,Opposite Veena Stores"
"Paradise","+ 91  80 69001676","No.1, Chikkamarahalli, New Bel Road, Bangalore - 560097, Opposite To Kanti Sweets"
"Empire","+ 91  80 43428080","No.78, Central Street, Shivaji Nagar, Bangalore - 560001, Near Parade Ground"
"Sukh Sagar Restaurant","+ 91  80 22202255","No.10, Sukh Sagar Hotels Ltd, 3rd Main Road, Gandhi Nagar, Bangalore - 560009, Near Syndicate Bank"
"Imperial Restaurant","+ 91  80 25633136","No.47, 6th Cross, Club Road, Koramangala 6th Block, Bangalore - 560095, Opposite To Indian Bank"
"Hallimane Restaurant","+ 91  80 41139523","No.14, Sri Samudaya Bhavana, Sampige Road, 3rd Cross, Malleswaram, Bangalore - 560003, Near Grt Jewellers"
"Imperial Restaurant","+ 91  80 22371233","No.20, 11th Main Road, Millers Road, Vasanth Nagar, Bangalore - 560001, Near Jain hospital"
"Plantain Leaf Restaurant","+ 91  80 25297407","No.59/2, Subramanya Complex, Beml Main Road, Hal 3rd Stage, New Thippasandra, Bangalore - 560075, Next Bharat Petrol Bunk"
"Subz","+ 91  80 22443006","Cosmopolitan Club, 22nd Cross, Jayanagar 3rd Block, Bangalore - 560011"
"Empire Restaurant","+ 91  80 40924042","No.232, Abm Building, 6th Cross, Subedar Chatram Road, Anand Rao Circle, Nataka Gubbi Veeranna Road, Gandhi Nagar, Bangalore - 560009, Opposite To Srs Travels"
"24th Main Restaurant","+ 91  80 26588620",""
"Nandhana Palace","+ 91  80 33700564","No.152, 5th Stage, Beml Layout, Channasandra Main Road, Rajarajeshwari Nagar, Bangalore - 560098, Opposite To SBI"
"Brewsky","+ 91  8880075000","No 55, 5th Floor, Goenka Chambers, 19th Main, Jp Nagar 2nd Phase, Bangalore - 560078, Sarakki Extension, Jeewan Griha Colony"
"Skyye","+ 91  80 49090000","16th Floor, Vittal Mallya Road, Bangalore - 560001, Ub City"
"Empire Restaurant","+ 91  80 26541888","No.21, Bhel Officer Colony Road, SR Krishnappa Garden, Hombegowda Nagar, Bannerghatta Road, Bangalore - 560076"
"Rahhams Families International","+ 91  80 23638700","No.4, 80 Feet Road, R T Nagar, Bangalore - 560032, Near Shanthi Sagar"
"The Krishna Grand Veg Restaurant","+ 91  80 26711184","No 1, 27th Cross, K R Road, Banashankari 2nd Stage, Bangalore - 560070, Near Monotype"
"Paradise Biryani Restaurant","+ 91  80 69000197","11th Main, 80 Feet Main Road, Koramangala 4th Block, Bangalore - 560034, Opposite To Puma, Near Maharaja Signal"
"Mainland China Restaurant","+ 91  80 39491234","No 14, Church Street, Bangalore - 560001"
"Soda Bottle Openerwala","+ 91  7022255299","No.25/4, Lavelle Road, Bangalore - 560001, Opposite Harley Davidson Showroom"
"Chung Wah Restaurant","+ 91  80 65703696","No.418, 5th Main Road, Kalyan Nagar, Bangalore - 560043, Near 7 plates, 2nd Block, Kalyan Nagar"
"Pista House","+ 91  80 88886621","No.6, Marathahalli, Bangalore - 560037, Opposite To Home Town, Near Biriyani Zone"
"MTR 1924","+ 91  80 23464897","No.8, Sampige Main Road, Malleswaram, Bangalore - 560003, Near Mantri Mall"
"Nandhana Palace","+ 91  80 33568551","No.8A, N S Palya, BTM Layout 2nd Stage, Bannerghatta Road, Bangalore - 560076, Next To Girias, Near Shoppers Stop"
"Chungs Chinese Corner","+ 91  80 23368222","No.88/1, Shubh Arcade, 16th Cross, Margosa Road, Malleswaram, Bangalore - 560003, Opposite To The Professional Couriers"
"MTR 1924 Restaurant","+ 91  80 26586633","No.44, Kutchi Bhavan, 5th Floor, 1st Main, Jp Nagar 3rd Phase, Bangalore - 560078, Opposite Mini Forest"
"Ente Keralam Restaurant","+ 91  80 32421002","Old No 12, New No 1, Ulsoor Road, Bangalore - 560008, Near Manipal Centre, Opposite To Prestige Citrix"
"Sunnys Restaurant","+ 91  80 41329366","No.50, Lavelle Road, Bangalore - 560001, Opposite Loom"
"Nandhini Deluxe Restaurant","+ 91  80 33055985","No.9, Jaikar Complex, New Bel Road, Raj Mahal Vilas 2nd Stage, Bangalore - 560094, Near M.S. Ramaiah Medical College"
"Hard Rock Cafe","+ 91  80 41242222","No 40, Bible Society Building, St Marks Road, Bangalore - 560001, Opposite To Lic Building"
"Chung Wah Restaurant","+ 91  80 41234738","No.22, Saunders Road, Frazer Town, Bangalore - 560005, Opposite To Seventh Day Adventist Hospital"
"Punjabi By Nature","+ 91  80 49138800","No.6, Krishna Nagar, Industrial Area, Hosur Road, Bangalore - 560029, Behind Forum Mall,Near Christ College"
"Little Italy","+ 91  80 25207171","No.2017, 100 Feet Road, Hal 2nd Stage, Indiranagar, Bangalore - 560038, Next To Reebok Showroom"
"China Pearl","+ 91  80 41105060","No.53/1, 5th Cross, 60 Feet Road, Koramangala 6th Block, Bangalore - 560095, Near Nandhana Grand"
"Rotighar Restaurant","+ 91  80 26622760","No.17, Gandhi Bazaar Main Road, Basavanagudi, Bangalore - 560004, Opposite To Citi Bank"
"The Fatty Bao","+ 91  80 44114499","No 610, 3rd Floor, 12th Main, Indiranagar, Bangalore - 560008, Above Monkey Bar"
"MTR Restaurant","+ 91  80 41690688","No.305, 100 Feet Road, Binnamangala, Indira Nagar 1st Stage, Bangalore - 560038"
"Mainland China Restaurant","+ 91  80 33293946","No 4032, 100ft Road, Indiranagar, Bangalore - 560038, Opposite Barbeque Nation, Hal II Stage"
"Nandhini Deluxe Restaurant","+ 91  80 33056443","No.10,Taj Mahal Building, 5th Main Road,Hanumanthappa Road, Gandhi Nagar, Bangalore - 560009, Above Tajmahal Hotel"
"Zaitoon Restaurant","+ 91  80 41477466","No.21, 24th Main Road, Jp Nagar 6th Phase, Bangalore - 560078, Near IDBI Bank"
"Smoke House Deli","+ 91  80 41276272","Shop No 52 & 53, Ground Floor, Lavelle Road, Bangalore - 560001, near cofe coffee day"
"Barbeque Nation Restaurant","+ 91  80 60600000","No 94, 14th Cross,Neeladri Main Road,Doddathogur, Electronic City, Bangalore - 560100, Opposite Asamera Infinty Apartment"
"Kritunga Restaurant","+ 91  80 33643769","Plot No.88,Venkatadri Plaza,3rd Floor, Outer Ring Road, Marathahalli, Bangalore - 560037, Opposite More Mega Store"
"Mayuri Veg And Non Veg Restaurant","+ 91  80 26704284","No.47-D, Jc Road, Jc Road, Bangalore - 560002, Opposite H P Petrol Bunk & Next Kamat Hotel"
"The Open Box","+ 91  80 41290055","No.9, 4th Floor, Halcyon Complex, St Marks Road, Bangalore - 560001, Opposite To Bishop Cotton Girls School"
"Tandoor Restaurant","+ 91  80 25584620","No.28, Centenary Building, M G Road, Bangalore - 560001, Next To Raheja Towers"
"Konark Vegetarian Restaurant","+ 91  80 22240865","No.50, Field Marshal Cariappa Road, Residency Road, Bangalore - 560025, Near Cash Pharmacy"
"Jalpaan Restaurant","+ 91  80 41701550","No 5, Unnati Arcade, 1st Main, Dr Rajkumar Road, Rajajinagar, Bangalore - 560010, Near Navrang Theatre, 1st Block"
"Arbor Brewing Company","+ 91  80 67921222","No 8, 3rd Floor, Allied Grande Plaza, Magrath Road, Bangalore - 560025, Opposite To Home Stop"
"Mangalore Pearl Restaurant","+ 91  80 25302224","No 3, Ground Floor, Weeler Road, Coles Road Junction, Frazer Town, Bangalore - 560005, Opposite Sony Centre"
"New Imperial Restaurant","+ 91  9742386986","Prime Business Center, Sri Krishna Temple Road, 1st Stage, Indiranagar, Bangalore - 560038, Near KFC Signal"
"Olive Beach Restaurant","+ 91  80 41128400","No.16, Wood Street, Ashoknagar, Bangalore - 560025, Opposite Brigade Towers"
"Richies Rahmans Family Restaurant","+ 91  80 25268700","No.1,Medison Complex, Old Airport Road, Kodihalli, Bangalore - 560017, Near Leela Palace Hotel"
"Hakuna Matata","+ 91  9741133866","No.1231/35/2, 24th Main, Jp Nagar 7th Phase, Bangalore - 560078, Opposite To Brigade Palm Springs"
"Anjappar Chettinad Restaurant","+ 91  80 41222790","No.54, MSK Plaza, 100 Feet Road, 3rd Main,Defence Colony, Indiranagar, Bangalore - 560038, Opposite To California Kitchen"
"Smoke House Deli","+ 91  80 25200899","No 1209, Ward No 72, Hal 2nd Stage, 100 Feet Road, Indiranagar, Bangalore - 560038, Opposite Starbucks Coffee"
"Beijing Bites Restaurant","+ 91  80 41251616","No.11, Fazal Pentagon, Ground Floor, Mosque Road, Frazer Town, Bangalore - 560005, Opposite To More Super Market"
"Rahhams Families International","+ 91  80 22228700","No.28, Double Road, K H Road, Bangalore - 560027, Opposite To HDFC Bank"
"Paradise Food Court","+ 91  80 64540015","No.83, Rose Mahal, Mosque Road, Frazer Town, Bangalore - 560005, Opposite To KFC"
"The Ocea International Hotel","+ 91  80 40636261","No 72, Ocea International Hotel, Markham Road, Brigade Road, Bangalore - 560025, Next To St Josephs College Of Commerce"
"Nandhini Delux","+ 91  80 43499999","No 3 & 4, Kiadb Sadaramanagala Agrahara Gate, Whitefield, Bangalore - 560066, Near Itpl, Near Big Bazar"
"Nandhini Deluxe Restaurant St ...","+ 91  80 41233333","No 72, St Marks Road, Bangalore - 560001, Near Signal"
"Chungs Pavilion Restaurant","+ 91  80 25285403","No.3047, 80 Feet Road, Indiranagar, Bangalore - 560008, Diagonally Opposite Yes Bank"
"Southindies","+ 91  80 41636363","No.276, 1st Floor, 6th Main, 100 Feet Road, Indiranagar, Bangalore - 560038, Above Girias Electronic Showroom"
"Barbeque Nation Restaurant","+ 91  80 60600000","No, 36/5, 3rd Floor, Soul Space Arena Mall, Akme Ballet Inner Road, Doddanekundi, Chinappa Layout, Mahadevapura, Bangalore - 560048"
"Toscano Restaurant","+ 91  80 41738800","No.24, Ub City Mall, The Collection, Level 2, Concorde Block, Vittal Mallya Road, Bangalore - 560001"
"Nandhini Palace","+ 91  80 25352266","No.280, Amarjyothi Layout, Domlur, Bangalore - 560071, Opp To Dell"
"Chungs Chinese Corner Restaurant","+ 91  80 26644700","No.295, Sri Krishna Complex, 22nd Cross, 10th Main, Jayanagar 3rd Block, Bangalore - 560011, Opposite To Cosmopolitan Club"
"Richies Rahhams Family Restaurant","+ 91  80 22878700","No 30/1, Cunningham Road, Bangalore - 560052, Next To Just Dial Ltd"
"Biryani Zone","+ 91  9686409911","No 92/5, Outer Ring Road, Marathahalli, Bangalore - 560037, Diagonally Opposite To Innovative Multiplex"
"Beijing Bites Restaurant","+ 91  80 40915505","No.11/2, Ground Floor, Sigma Trident, Hayes Road, Richmond Road, Bangalore - 560025, Opposite To Baldwin School"
"1947 Restaurant","+ 91  80 26791213","No.296,Ram Towers,2nd Floor, 100 Feet Ring Road, Banashankari 3rd Stage, Bangalore - 560085, Near Devegowda Petrol Bunk"
"Toast & Tonic","+ 91  80 41116878","No.14/1, Krishna Manere /, Wood Street, Ashoknagar, Bangalore - 560025, Off Richmond Road"
"Mamagoto","+ 91  80 40937237","No 949, Ground Floor, 12th Main, HAL 2nd Stage Indiranagar, Bangalore - 560038, Next To ICICI Bank"
"The Black Rabbit","+ 91  80 42415575","No 770, Escape Square, 100 Feet Main Road, Indiranagar, Bangalore - 560008, Next To I Planet,Adjacent To Sony Signal"
"Tim Tai Restaurant","+ 91  80 65698888","No 130, 1st cross, 5th block, Koramangala, Bangalore - 560095, Near Sukh Sagar Hotel"
"Mainland China Restaurant","+ 91  80 33054231","No 430, Service Road, HRBR Layout, Bangalore - 560043"
"Mainland China Restaurant","+ 91  80 33724249","9th Main Road, Jayanagar, Bangalore - 560041"
"The Glasshouse Deli Bistro Bar","+ 91  80 65419999","No.25/2, Lavelle Road, Bangalore - 560001, Opposite To Harley Davidson Showroom"
"Chung Wah Restaurant","+ 91  80 41607999","No 129, Punjab national bank road, Koramangala 5th Block, Bangalore - 560034, Opposite To Jyothi Nivas College, Behind Juice Center, Khb Colony"
"Biriyani Zone Restaurant","+ 91  9886639783","No.5/3, Food Zone Complex, Beml Layout, Aecs Layout, Kundalahalli, Whitefield, Bangalore - 560066, Opposite To Skr Kalyana Mantapa"
"Rajdhani Thali","+ 91  80 22667345","No.T-19 And T-20, 3rd Floor, Mantri Square, Sampige Road, Malleswaram, Bangalore - 560003, Beside INOX Multiplex"
"Rajdhani Thali","+ 91  80 25212517","Salarpuria Building 1st Floor, 100 Feet Road, Hal 2nd Stage, Indiranagar, Bangalore - 560038, Opposite To Reliance Digital"
"Shiv Sagar Veg Restaurant","+ 91  80 26600115","No.5, Mallaraiah Complex, Gandhi Bazar Main Road, Gandhi Bazar, Bangalore - 560004, Near Corporation Bank"
"Hangover","+ 91  9742599919","No.1080, 12th Main, Hal 2nd Stage, Indiranagar, Bangalore - 560038"
"New Prashanth Hotel","+ 91  80 26790906","No.43/2, Kamakya Complex, 100 Feet Ring Road, Kathriguppe, Banashankari 3rd Stage, Bangalore - 560085, Opposite Bmtc Depot, Near Kamakya Theatre"
"Nandhini Paradise","+ 91  80 42050588","No.39/2, Itpl Main Road, Kundalahalli, Marathahalli, Bangalore - 560037, Near Hyper City"
"Barbeque Nation Restaurant","+ 91  80 60600000","3rd Floor, Soul Space Arena, Doddanekundi Main Road, Marathahalli, Bangalore - 560037, Chinappa Layout"
"Nandhana Palace","+ 91  80 25613636","No.1342, Asha Building, Old Madras Road, K R Puram Circle, Krishnarajapuram, Bangalore - 560036, Next To Apollo Pharmacy"
"New Prashanth Hotel","+ 91  9902219219","No.92,DSM Plaza,1st Floor, 1st Main, Jp Nagar 7th Phase, Bangalore - 560078, Behind Andhra Bank"
"Nandhana Palace","+ 91  80 26547222","No.1001,1st Floor, 24th Main, Jp Nagar 1st Phase, Bangalore - 560078, Opposite To Food World,Above ICICI Bank"
"Beijing Bites Restaurant","+ 91  80 42068388","No.186/1, Banashankari Mane, 24th Cross, Banashankari 2nd Stage, Bangalore - 560070, Near BDA Complex"
"Mint Masala The Fine Dining Re...","+ 91  80 33292747","No.384/1, Bashyam Circle, Sadashivanagar, Bangalore - 560080, Near Sadashivanagar Swimming Pool"
"Fennys Lounge And Kitchens","+ 91  80 41282428","No.115, 3rd Floor, 7th Block, Industrial Area, Koramangala, Bangalore - 560095, Opposite Raheja Arcade"
"Chichabas Taj Hotel","+ 91  80 41618888","No 50, MM Road, Frazer Town, Bangalore - 560005, Near to Everest Theater"
"Chungs Chinese Corner Restaurant","+ 91  80 22202224","No 13, West Minister, No.106, Cunningham Road, Bangalore - 560052, Opposite To H M Geneva House"
"Bangalore Brew Works","+ 91  80 22225584","No 99/100,10th Level, Prestige Towers, Residency Road, Bangalore - 560025, Beside Ritz Carlton Hotel"
"Delicacy Restaurant","+ 91  80 33292958","No.97, Wheelers Road Extension, Cooke Town, Bangalore - 560005, Diagonally Opposite ITC Infotech"
"898 Steaks & Grill","+ 91  80 41435973","No 898, 3rd Floor, N Square Plaza, 80 Feet Road, Koramangala 6th Block, Bangalore - 560095, Opposite IBP Petrol Bunk, Next To F Chisel"
"The Punjabi Rasoi Restaurant","+ 91  80 23339171","No.6, 3rd Floor, 80 Feet Road, R T Nagar, Bangalore - 560032, Above Karnataka Bank"
"Shiv Sagar Restaurant","+ 91  80 25323767","No.5, Narayana Pillai Street, Commercial Street, Bangalore - 560001, Near Tamanna Showroom"
"Al Bek Restaurant","+ 91  80 23461077","No.527, 1st Cross,Sampige Road, Malleswaram, Bangalore - 560003, Near To Mantri Mall,Opposite To Samsung Smart Phone Cafe"
"Vidyarthi Bhavan Restaurant","+ 91  80 26677588","No.32, Gandhi Bazaar, Basavanagudi, Bangalore - 560004, Near Circle"
"Maiyas Restaurant Pvt Ltd","+ 91  80 40907332","No 119/1, Srinidhi Complex, 11th Cross, Malleswaram, Bangalore - 560003, Opposite To Venugopal Swamy Temple"
"Big Pitcher","+ 91  80 45530045","No.4121, L R Arcade, Ward No.88, Hal 2nd Stage, Old Airport Road, Bangalore - 560017, Next To Leela Palace"
"Swathi Spice n Ice","+ 91  80 25507575","No.145, 1st Floor, 5th Sector, HSR Layout, Bangalore - 560102, Above Canara Bank"
"New Shanthi Sagar Restaurant","+ 91  80 23384357","No.40/1, Lakshmi Narasimha Complex, 2nd Main Road, Vijayanagar, Bangalore - 560040, next sub rigister office"
"Loft 38 Lounge Bar","+ 91  80 49337555","No.763, Indiranagar, Bangalore - 560038, Near Sony Signal"
"Rajdhani Thali","+ 91  80 22682092","Orion Mall, Food Court, 2nd Floor, Dr Rajkumar Road, Malleswaram West, Bangalore - 560055"
"Eurasia Pasta And Barbeque Res...","+ 91  80 22452203","No.12, 32nd Cross, Jayanagar 7th Block, Bangalore - 560011, Beside Cafe Coffee Day"
"Bakasur Restaurant","+ 91  8792000390","Indraprastha Equinox, 100 Feet Inner Ring Road, Koramangala, Bangalore - 560095, Near Sony Signal"
"Chung Wah Restaurant","+ 91  80 25582662","No.45/1, Leo Complex, Residency Road, Bangalore - 560025, Near Symphony Theatre"
"Millers 46 Steak House Restaurant","+ 91  80 41131746","No.46, Millers Road, Vasanth Nagar, Bangalore - 560001"
"The Permit Rooms","+ 91  9019113388","No.16/3, Ramkunj, Commissariat Road, Magrath Road, Bangalore - 560025, Opposite To Garuda Mall"
"District 6","+ 91  80 61766666","Gateway Campus G-03, 04 And 05, Ground Floor, Dr Raj Kumar Road, Malleswaram West, Bangalore - 560055, Below Sheraton Hotel Basement"
"Rajdhani Thali","+ 91  80 41126111","4th Floor, Bangalore Central Mall, 9th Block, Jp Nagar, Bangalore - 560078, Opposite To Ragi Gudda Temple"
"Golkonda Chimney Restaurant","+ 91  80 28476532","No.42/2, Old Airport Road,Whitefield Road, Marathahalli, Bangalore - 560037, Opposite To Shankara Eye Hospital"
"Swathi Greenland Restaurant","+ 91  80 23502055","No.1199/62, JAI Munirao Circle,Magadi Road Junction,Dasarahalli, Vijayanagar, Bangalore - 560040"
"Indigo Live Music Bar","+ 91  80 25535330","5th Floor, Elite Building, Industrial Layout, Jyoti Nivas College Road, Koramangala 6th Block, Bangalore - 560095, Near Jyoti Nivas College"
"Nandhana Palace","+ 91  80 43111555","No.1, Munnekolala, Marathahalli, Bangalore - 560037, Diagonally Opposite Innovative Multiplex"
"Shiv Sagar Restaurant","+ 91  80 22667356","No.1, Mantri Square Mall, 3rd Floor, Sampige Road, Malleswaram, Bangalore - 560003"
"Grill Square","+ 91  80 32325003","No.54,3rd And 4th Floor, 4th Block, Jayanagar, Bangalore - 560011, Near Navarathan Jewellers"
"Beijing Bites Restaurant","+ 91  80 23417188","No.14, 1st Floor, Indira House, ITI Layout, New Bel Road, Bangalore - 560097, Opposite To Sree Nandhini Palace Hotel"
"Bheemas Andhra Style Restaurant","+ 91  80 41122535","No 31, Ground Floor, Asha Building, Church Street, Bangalore - 560001, Behind Times Of India"
"Ammis Biryani","+ 91  80 39457777","No.29, N S Palya ,Btm 2nd Stage, Bannerghatta Road, Bangalore - 560076, Near Subhiksha, Opposite To Gopalan Mall"
"Shivaji Military Hotel","+ 91  9845149217","No.718, 1st C Main Road, 45th Cross, Jayanagar 8th Block, Bangalore - 560082, Near Banashankari Bus Stop"
"Pebbles The Jungle Lounge","+ 91  80 23614109","No 3, Ramanna Maharishi Road, Palace Ground, Sadashivanagar, Bangalore - 560080"
"Little Italy Restaurant","+ 91  80 41114034","No.32, Krishna Nagar Industrial Area, Hosur Road, Koramangala, Bangalore - 560034, Near Forum Mall"
"The Tao Terrace Restaurant And...","+ 91  9886640234","No.1, One M G Mall, 5th Floor, Trinity Cirlce, M G Road, Bangalore - 560001, Opposite Hotel Taj Vivanta"
"Shreedevi Andhra Cusine Restau...","+ 91  80 25283499","No 22, 80ft Road Michealpalya, Indiranagar, Bangalore - 560038, Near Nitesh Complex"
"Eshanya Restaurants","+ 91  80 26531155","No.33, 36th Cross, 26th Main, Jayanagar 4th T Block, Bangalore - 560041, Next To Ssmrv College"
"Chulhachauki Da Dabha Pvt Ltd","+ 91  80 32327799","No.13, 7th Cross, Jp Nagar, Bangalore - 560078, Opposite To R V Dental College, Near Police Station Road"
"Taipan Restaurant","+ 91  80 41253080","No.58, 1st Floor, Coles Road, Frazer Town, Bangalore - 560005, Above Sony Centre"
"Paradise Biryani Restaurant","+ 91  80 69001125","No. 47/11, Doddathogur Village, Electronic City, Bangalore - 560100, Opposite To Velankani Tech Park Gate No 4, Next To SJR Equinox"
"Canopy Restaurant","+ 91  80 25588542","2nd Floor Public Utility Building, M G Road, Bangalore - 560001, Next mayo Hall"
"Beijing Bites Restaurant","+ 91  80 42246688","No.11, 1st Cross, 5th Block, Koramangala, Bangalore - 560095, Near Sukh Sagar Hotel"
"Beijing Bites Restaurant","+ 91  80 41492149","No 10, H M T Layout, R T Nagar, Bangalore - 560032, Above Spiker Showroom"
"S S Bucket Biriyani","+ 91  9980950032","No.61, MDM Road, Frazer Town, Bangalore - 560005, Off Stephens Road"
"The Only Place Restaurant","+ 91  80 32718989","No.13, Shanthala Nagar, Museum Road, Bangalore - 560001, Behind Museum Road Post Office, Next To Raheja Chambers"
"Al Bek Restaurant","+ 91  80 41666626","No 349, Rajajinagar 6th Block, Bangalore - 560010, Dr Rajkumar Road,"
"Bhagini Restaurant","+ 91  80 33055715","No.39/3, Doddanekundi, Outer Ring Road, Marathahalli, Bangalore - 560037, Opposite To Total Mall"
"Samaroh Celebration Indian Cui...","+ 91  80 41203600","No 7, 1st Floor, Vittal Mallya Road, Bangalore - 560001, Above ICICI BankOpposite To Mantri House"
"The Sugar Factory (Le Meridien...","+ 91  80 22262233","C/O Le Meridien Hotel, Sankey Road, Bangalore - 560020, Near Bangalore Golf Course"
"Chungs Chinese Corner Restaurant","+ 91  80 23104929","No.726, Modi Hospital Main Road, 2nd Stage, Mahalakshmipuram Layout, Bangalore - 560086, Next To Petrol Pump"
"Kamat Bugle Rock Restaurant","+ 91  80 26605734","No.1, Bull Temple Road, Basavanagudi, Bangalore - 560004, Opposite To BMS Engineering College"
"Royale Senate","+ 91  80 42109207","No. 24, Bellary Road, Hebbal, Bangalore - 560024, Near Baptist Hospital"
"Chung Wah Restaurant","+ 91  80 23567888","No.48, 2nd Main Road, Vaiyyalikaval, Bangalore - 560003, Opposite To Namdhari Fresh"
"Anupams Coast To Coast Restaurant","+ 91  80 30527799","No 80/1 Shrungar Shopping Cplx, M G Road, Bangalore - 560001, Opposite Metro Railway Station,Near Barton center"
"Yauatcha","+ 91  80 67724400","One M G Road Mall, 5th Floor, Trinity Circle, M G Road, Bangalore - 560001, Opposite To Taj Vivanta"
"Jalsa Restaurant","+ 91  80 32425757","No.25, Outer Ring Road, Doddanekundi Village, K R Puram, Marathahalli, Bangalore - 560037, Next To Grand Mall"
"Chung Wah Restaurant","+ 91  80 41215557","5, Arekere Gate, Bannerghatta Road, Bangalore - 560076, Above Vijaya Bank , Opposite HSBC"
"Nandas","+ 91  80 42090505","No 1558, 19th Main,Outer Ring Road, HSR Layout, Bangalore - 560034, Opposite To Indian Petrol Pump"
"BFC FAMILY RESTAURANT","+ 91  80 25346500","No.1,K K Palace, Vignan Nagar Main Road,Malleshpalya, Vignana Nagar, Bangalore - 560037, Opposite FAIR choice Supermarket"
"7 Plates","+ 91  7829779997","No.420, Hrbr Layout, Kalyan Nagar, Bangalore - 560043, Near State Bank Of India"
"The Hole In The Wall Cafe","+ 91  80 40949490","# 4, 8th Main Road, Koramangala 4th Block, Bangalore - 560034, Opposite mango suites"
"Hyderabadi Biriyani House","+ 91  7829488222","No.633/B555, Panduranga Nagar, Bannerghatta Road, Bangalore - 560076, Opposite To HSBC, Near Arekere Gate"
"1947 Restaurant","+ 91  80 41321947","No.4/4-1, 1st Main, West Of Chord Road, Rajajinagar Industrial Estate, Bangalore - 560010, Near Premananda Convention Hall"
"Chungs Chinese Corner Restaurant","+ 91  80 25428677","No.401, 5th A Main Road, 2nd Block, Kalyan Nagar, HRBR Layout, Bangalore - 560043, Opposite To Barista"
"I Bar (The Park Hotel)","+ 91  80 25594666","C/O The Park Hotel, No.14/7, Trinity Circle, Bangalore - 560008"
"Mainland China Restaurant","+ 91  80 39491234","No 28/2, 1st Floor, Whitefield Main Road, Bangalore - 560066, Siddapura"
"Bhagini Restaurant","+ 91  80 64551333","No.139/C1, C/o Bhagini Residency, Pattandur Agrahara, ITPL Main Road, Whitefield Main Road, Bangalore - 560066, Next To GR Tech Park"
"Blue Frog Club","+ 91  80 69999549","No.3, Ground Floor, Church Street, Bangalore - 560001"
"No Limmits Lounge And Club","+ 91  80 49333000","No.8,2nd Floor,Allied Grande Plaza, Magrath Road, Bangalore - 560025, Above Nalli Silks"
"1522 The Pub","+ 91  80 33080726","No 1522,White Horse Building, 17th Cross, Rajajinagar, Bangalore - 560010, Near Bridge"
"Toscano Restaurant","+ 91  80 41558423","7th Cross, Ashoka Piller Road, Jayanagar 1st Block, Bangalore - 560011, Madhavan Park Circle"
"Chung Wah Opus Restaurant","+ 91  80 32488588","No.63/2, 18th Cross, 8th Main, Jayanagar 3rd Block, Bangalore - 560011, Behind Ramakrishna Hospital"
"Al Bek Restaurant","+ 91  9980884494","Jayanagar, Bangalore - 560011, Opposite To Jayadeva Hospital"
"Biryani Night Out","+ 91  9741109909","No 1187/14, Gokula Extension,1st D Main Road,1st Stage,4th Phase, Yeshwanthpur, Bangalore - 560022, Near Yeshwanthpur Circle"
"Empire Restaurant","+ 91  80 22682057","Orion Mall, 3rd Floor, Dr Rajkumar Road, Malleswaram West, Bangalore - 560055"
"Rasa Restaurant","+ 91  80 42067030","No.30, 1st Cross,Sampige Road, Malleswaram, Bangalore - 560003, Near Sampige Theatre,Near Mantri Mall"
"Mint Masala Restaurant","+ 91  80 22375500","No.147,Ground Floor,Chevron Hotel, Infantry Road, Bangalore - 560001, Opposite Police Comissioners Office"
"Chung Wah Restaurant","+ 91  80 23413814","No.4, 1st Floor, Anagha, Unit No.005, Devasandra, New Bel Road, Bangalore - 560054, Opposite To M S Ramaiah Hospital"
"100 Feet Boutique Bar Restaurant","+ 91  80 25277752","No.777/ I, 100 Feet Road, HAL 2nd Stage Indiranagar, Bangalore - 560038, Opposite To New Horizon School"
"Sanctum","+ 91  80 30405400","No.135, 3rd Floor, Chancery Pavilion Commercial Block, Residency Road, Bangalore - 560025, Opposite To Bangalore Club"
"High Note Bar & Restaurant","+ 91  80 25278361","No.776, 3rd Floor, 100 Feet Road, Indiranagar, Bangalore - 560038, Above kotak Bank"
"Sotally Tober","+ 91  80 40965500","No.769, 1st Floor, 80 Feet Road, Koramangala 4th Block, Bangalore - 560034, Opposite To Bombay Dyeing"
"Mainland China Restaurant","+ 91  80 22682015","No 24, Upper Ground, Orion Mall, Dr Rajkumar Road, Malleswaram West, Bangalore - 560055, Brigade Gateway Campus, 26/1"
"Nandhini Deluxe Restaurant","+ 91  80 33644049","No.154, 1st Main, 2nd A Cross, Esi Hospital Road, 2nd Stage, Domlur, Bangalore - 560071"
"Biryani Zone","+ 91  9945025656","No. 5/3, Beml Layout.Varthur Main Road., Kundalahalli, Bangalore - 560037, Opposite Skr Convention Hall,"
"Chung Wah Restaurant","+ 91  80 33568630","No.33, 1st Floor, Hormavu Main Road, Horamavu, Bangalore - 560043, Near Home Buzz Supermarket"
"New Shanthi Sagar Restaurant","+ 91  80 23430332","No.4, P & T Colony, R T Nagar, Bangalore - 560032, Near ICICI Bank"
"Village The Soul Of India","+ 91  80 22667262","Shop No T38, 3rd Floor, Mantri Square Mall, Malleswaram, Bangalore - 560003, Near Pizza Hut"
"Bonsouth Restaurant","+ 91  80 25526363","No.131, 1st A Cross Road, Koramangala 5th Block, Bangalore - 560034, Near Sukh Sagar"
"Beijing Bites Restaurant","+ 91  80 41268088","No.473, 10th Main, Hal 3rd Stage, Jeevan Bima Nagar, Bangalore - 560075, Near Telephone Exchange"
"Higher Taste Restaurant","+ 91  80 22766501","Iskcon Temple Complex, Hare Krishna Hill, Chord Road, Rajajinagar 1st Block, Bangalore - 560010, Opposite To Mysore Sandal Soap Factory"
"7 Plates","+ 91  7829773337","No.12, Rahamath Nagar, R T Nagar, Bangalore - 560032, Next To Rahamath Nagar Bus Stop"
"Rahhams","+ 91  80 25268700","No.1, Medison Complex, Kodihalli, Old Airport Road, Bangalore - 560017, Near Leela Palace"
"New Prashanth Hotel","+ 91  80 23484555","No.361, 80 Feet Road, Basaveshwara Nagar, Bangalore - 560079, Near Pavitra Paradise"
"Koshys Bar & Restaurant","+ 91  80 22213793","No 39, Anil Kumble Circle, St Marks Road, Bangalore - 560001, Near LIC Building"
"Chung Wah Restaurant","+ 91  9916491665","No.14,Panchajanya Towers,2nd Floor, 100 Feet Outer Ring Road, 3rd Stage, 6th Block, Banashankari 3rd Stage, Bangalore - 560085, Above Pizza Hut"
"Anupams Coast To Coast Restaurant","+ 91  7760352855","No.113, 6th Cross, Koramangala 6th Block, Bangalore - 560095, Near To Koramangala Club"
"Hammered","+ 91  7022505416","No.18, Ali Askar Road, Cunningham Road, Bangalore - 560052, Near Canara Bank"
"Kopper Kadai","+ 91  80 65657515","No.77/A, Ground Floor, Cygnus Chambers, JNC Road, Koramangala 5th Block, Bangalore - 560034, Next To Bhima Jewellers"
"Mane Ruchi Palate","+ 91  80 23396665","No.1380, Banglore university main road, Nagarbhavi, Bangalore - 560072, Near Axis Bank And Nagarbhavi Circle"
"Gokul Veg","+ 91  80 26627612","No.142/143, 1st Floor, G R Plaza, DVG Road, Gandhi Bazar, Basavanagudi, Bangalore - 560004, Opposite To Vittal, Near Syndicate Bank"
"Kesariya Restaurant","+ 91  80 26590800","No 55, 1st Floor, Goenka Chambers, 15th Cross, 19th Main Road, Jp Nagar 2nd Phase, Bangalore - 560078, Above Fedex Courier, Jeevan Griha Colony"
"Monkey Bar","+ 91  80 44114455","No.610, 12th Main, Indiranagar, Bangalore - 560008, Near State Bank Of India"
"The Yellow Chilli","+ 91  80 41435555","No.51, 11th Main Road,34th Cross, Jayanagar 4th Block, Bangalore - 560011, Next To Kalanjali"
"Copper Chimney Restaurant","+ 91  80 41155800","No.2006,Ground Floor, 100 Feet Road,Hal 2nd Stage, Indiranagar, Bangalore - 560038, near. Vodafone Store"
"Eden Park Restaurants","+ 91  8880845845","No.722/22, 10th Main,36th Cross, Jayanagar 4th Block, Bangalore - 560011, Opposite Limelite Salon,Near Jayanagar 5th Block Telephone Exchange"
"Banjara Melting Pot","+ 91  80 41231772",""
"Chicken County Restaurant","+ 91  80 26533377","No.13, Bannerghatta Main Road, Dairy Circle, Bangalore - 560029, Opposite To Spar Hyper Market"
"Sri Bhemas Garden Family Resta...","+ 91  80 25747755","No 648E, Kaikondrahalli, Sarjapur Road, Bangalore - 560034, Nrear Total Mall"
"Hotel Metro Le Royale","+ 91  80 23215123","No.119/B, 14th Block, 2nd Stage, Nagarbhavi, Bangalore - 560072, Near Ambedkar College"
"TGIF Restaurant","+ 91  80 25307301","1st Floor, Lido Shopping Mall, Swamy Vivekananda Road, Ulsoor, Bangalore - 560008, Near Trinity Circle"
"Ammis Biryani","+ 91  80 39457777","No.7, P&T colony,80 ft road, R T Nagar, Bangalore - 560032, Opposite to Lakshmi vilas bank ATM"
"Bakasur Restaurant","+ 91  80 25747000","Suramy Plaza, Outer Ring Road, Varthur Hobli, Bellandur, Bangalore - 560103, Next Indian Oil Petrol Bunk"
"Beijing Bites Restaurant","+ 91  80 42114588","No.36, 60 Feet Road, G Block, Sahakara Nagar, Bangalore - 560092, Opposite To Bhagini Restaurant, Behind Big Market"
"Punjabi By Nature","+ 91  80 49677777","No 12, Ground Floor, NCC Garnet Building, Epip Industrial Area, Sadarmangala, Whitefield, Bangalore - 560066, Opposite Prestige Shantiniketan"
"Phobidden Fruit Restaurant","+ 91  80 41107735","No.965, 12th Main Road, Hal 2nd Stage, Indiranagar, Bangalore - 560038, Near Sony Center"
"Bakasur Restaurant","+ 91  8792000635","Ascendas Park Square Mall, Ground Floor, Itpl, Whitefield, Bangalore - 560066, Near Itpl Front Gate"
"Oh! Calcutta Restaurant","+ 91  80 39628004","2nd Floor, 14 Church Street, Church Street, Bangalore - 560001, Above Mainland China"
"New Peking Family Restaurant","+ 91  80 25446020","No.11, Kammanahalli Main Road, Kammanahalli, Bangalore - 560084, Opposite RC Church"
"Ujwal Family Restaurant And Bar","+ 91  80 23517760","No.38, Sanjay Nagar, Bangalore - 560094, Opposite To Rmv Hospital"
"Sanchos Restaurant","+ 91  80 41755266","No.204, U B City Mall, Vittal Mallya Road, Bangalore - 560001"
"Manis Dum Biryani","+ 91  80 60001600","No.474, 10th Main, Hal 3rd Stage, Jeevan Bima Nagar, Bangalore - 560075, Near BSNL, Diagonally Opposite To Hertiage"
"Bhagini Restaurant","+ 91  8722926710","Hunasamaranahalli, Yelahanka, Bangalore - 560064, Opposite To Government School"
"Sagar Restaurant","+ 91  80 23325917","No.846/A, Video Building, Dr Rajkumar Road, Rajajinagar 2nd Stage, Bangalore - 560010, Near Navarang Circle"
"Kritunga Restaurant","+ 91  80 65625665","Plat No 95, EPIP ITPL Road, Whitefield, Bangalore - 560066, Opposite Vydehi Hospital"
"Chianti Restaurant","+ 91  80 41264000","No 960, 12th Main Road,HAL 2nd Stage, Indiranagar, Bangalore - 560038, Opposite To Sony SignalOr Next To Golds Gym"
"Kabab Magic","+ 91  80 26490895","No 1548, East End Main Road, 9th Block, Jayanagar East, Bangalore - 560069, Near East End Circle, Near Jayadeva Hospital"
"Vasudev Adigas","+ 91  80 41535991","No.598, 15th Cross, 2nd Main, Sampige Road, Malleswaram, Bangalore - 560003, Opposite To Karur Vysya Bank"
"Gramin Vegetarian","+ 91  80 41104104","No.20/21, Raheja Arcade, Block No.7, 100 Feet Road, Koramangala, Bangalore - 560095, Near Forum Mall, Opposite To Food World"
"Moghal Darbar Restaurant","+ 91  80 26544417","No 76/2, Swagath Road, Jayanagar, Bangalore - 560041, Opposite To Babu Auto Consultant"
"Ramada Hotel","+ 91  8039627338","No.11, Park Road, Shiva Nagar, Bangalore - 560010, Near Indian Express Circle"
"Beijing Bites Restaurant","+ 91  80 40904288","No.408, 1st Floor, Hrbr Layout, Kammanahalli, Bangalore - 560043, Opposite To Kotak Mahindra & Food Bazarbank"
"Watsons","+ 91  80 39512447","No 688, 3rd Floor, 5th Cross, 100 Feet Ring Road, Jp Nagar, Bangalore - 560078, Above Lathangi Ford Showroom"
"Akshaya Deluxe Veg And Non Veg...","+ 91  80 33056211","No.21, New Bel Main Road, Chikkamaranahalli, Devasandra, New Bel Road, Bangalore - 560054, Opposite Indian Bank"
"Beijing Bites Restaurant","+ 91  80 41463677","No.31,1st Floor,R R Images Building, Panduranga Nagar,60 Feet Main Road, Bannerghatta Road, Bangalore - 560076, Opposite To HSBC Bank,Next To Adigas Hotel"
"The Punjabi Rasoi Restaurant","+ 91  80 33054201",""
"Smallys Resto Cafe","+ 91  7406762559","No LG 09, Skywalk, Ulsoor Road, Assaye Road, Bangalore - 560042, Near Body Craft"
"Kollapuris Restaurant","+ 91  80 41211693","No.429/31, 30th Cross,4th Block, Jayanagar, Bangalore - 560011, Above Union Bank Of India,Opposite Ganesh Temple"
"KFC Restaurant","+ 91  80 33994444","Vaishnavi Sapphire Mall, Tumkur Road, Yeshwanthpur, Bangalore - 560022, Next To Yeshwanthpur Station"
"Silver Metro Restaurant","+ 91  80 40003333","Davanam Plaza, 3rd Floor, Hosur Main Road, Madivala, Bangalore - 560068, Opposite To Madiwala Police Station"
"Beijing Bites Restaurant","+ 91  80 28606888","No.179, 1st Floor, Jawaharlal Nehru Road, Beml Layout, Rajarajeshwari Nagar, Bangalore - 560098, Opposite Food World, Near Cafe Coffee Day"
"Anjappar Chettinad Restaurant","+ 91  80 25722207","Shop No 25/26, 6th Sector, Hsr Layout, Bangalore - 560102, Bda Complex"
"Onesta","+ 91  80 69000301","No.562, 8th Main, Koramangala 4th Block, Bangalore - 560034, Next To Exide Battery Showroom"
"Wok With Chung Restaurant","+ 91  80 28540039","No.35/1- A, Akshaya Complex, Varthur Main Road, Marathahalli, Bangalore - 560037, Opposite To Yeshomati Hospital"
"Angeethi Restaurant","+ 91  80 41113340","No 1, Museum Inn Premises, Museum Road, Bangalore - 560001, Near To Kc DAS"
"Punjab Mail Restaurant","+ 91  80 40955800","No 147,Malleswaram Arcade, 7th Cross, Malleswaram, Bangalore - 560003, Below Axis Bank,Near Malleswaram Association"
"Mast Kalandar Restaurant","+ 91  80 41641751","No.985, 1st Floor, 80 Feet Road, 4th Block, Koramangala, Bangalore - 560034, Near Maharaja Hotel & Above Liberty Showroom"
