"Name","Phone","Address"

"K S TYRE","+ 91  9780779984","Shop no 19-20, Tyre market, Amritsar - 143001, Mahan singh gate"
"Jasbir tyre house","+ 91  9988083985","Shop no 21, Tyre market, Amritsar Bus Stand, Amritsar - 143001, Opp.idh market"
"Ohri bearing store","+ 91  9815687730","Shop no 8, Mahan singh gate, Amritsar Bus Stand, Amritsar - 143001, Opp.idh market"
"Gurbachan Tyre Works","+ 91  9988678251","Shop No 24-25-26, Mahan singh gate, Amritsar Bus Stand, Amritsar - 143001, Opp.idh market"
"Tinku Tyre House","+ 91  9814175696","Shop 10, Mahan singh gate, Amritsar Bus Stand, Amritsar - 143001, Bus stand road"
"SHAM TYRE HOUSE","+ 91  9914369701","SHOP NO 31-32, OLD TYRE MARKET, Amritsar Bus Stand, Amritsar - 143001, MAHAN SINGH GATE"
"Kashmir tyre","+ 91  7837699413","Baba phulla singh market, Amritsar Bus Stand, Amritsar - 143001, Opp.shera wala gate"
"Guru Nanak Tyres","+ 91  9876644394","Shop No 10,12, OUTSIDE HALL GATE, Amritsar - 143001, Opp. Sagar Hotel"
"Satjot Wheel Care","+ 91  9872857499","Vijay Nagar , Main Batala Road, Amritsar - 143001, Near HDFC Bank"
"G D MOTORS","+ 91  9646429125","Kabir park market, Amritsar - 143001, Opp.sandhu colony"
"SATKARTAR ENRERPRISES","+ 91  183 3093766","9-B, O/s Hall gate, Amritsar - 143001, Near Bhandari Bridge"
"K D Tyre Shopee","+ 91  7508811313","Shop Number 3-10, Batala Road, Krishna Square, Amritsar - 143001, Near Celebration Mall"
"Shankar Tyre","+ 91  9988877707","Gt Rd, Amritsar - 143001, Nh-1, Nr Dosanjh Palace, Tangra"
"Yamha Sharma Brother","+ 91  9888548736","Oustside Hall Gate, Amritsar - 143001, Opposite Hotel Revoli"
"Satkartar Enterprises","+ 91  8437767367","9- B, Link plaza market, Hall Bazar, Amritsar - 143001, Sarai sant ram, o/s hall gate"
"Doaba Trading Company","+ 91  9872609933","Shop no 5, Amritsar - 143001, OPP. HOTEL SHEHNAZ"
"Bhullar rim style","+ 91  8557840471","Bypass, Mjitha Verka highway, Amritsar - 143001, Near dharam kanda"
"RAGHU TYRE HOUSE","+ 91  9417014957","SHOP NO c-6,c-7, opposite IDH market, Amritsar Bus Stand, Amritsar - 143001"
"NATIONAL AUTOS","+ 91  9779880002","Hall Bazaar, Hall Bazar, Amritsar - 143001, Opp. Giani Dhaba"
"City Car Center","+ 91  9988425257","Shop No 6 Mission Shop, Court Road, Amritsar Cantt, Amritsar - 143001, Opp.Uco bank"
"National tyre","+ 91  9988774880","Shop no 10 A, Court road, Amritsar - 143001, Omega tower"
"Khurana Motors","+ 91  9888213327","15, Court Road, Amritsar - 143001, Near Uco bank"
"guru Nanak Tyre","+ 91  8054887669","SHOP Number-10, near gandhi market, Amritsar - 143001, sanjay Gandhi Market, Out Side Hall Gate, Bandari Bazar"
"Speed king tyres","+ 91  9815340440","SHOP NO 29, RAM TALAI MARKET, Amritsar - 143001, near ram talai"
"Punj Automobiles","+ 91  183 2541630","Shop Number 9, Amritsar - 143001, Near Mela Ram Petrol Pump Outside Hall Gate"
