"Name","Phone","Address"

"Malli Ram Jewellery House","+ 91  183 6544999","32 A Cee Tee Mall, Amritsar - 143001, Ebony, Mall Road, Opposite Ritz Hotel"
"Malli Ram Jewellers","+ 91  183 2544999","101-4 Guru Bazar ,, ,Amritsar Ho,, Amritsar - 143001, Near Hotal"
"Malli electronics","+ 91  9988894881","Fatehgarh Churian Road, Amritsar - 143001, OPP Mahendra agency"
"Malli Telecom","+ 91  9646960015","Aatri Road, Chheharta, AMRITSAR - 143105, Partap Bazar Chhaharta, Main Bazar, Near Maan Atta Chaki, Opposite Toni Cloth House"
"Malli Telecom","+ 91  9646960014","Chhajalwindi, Amritsar - 143149"
"Khurana Jewellery House","+ 91  183 2560400","Central Mall 32, Mall Road, Amritsar - 143001, Inside Ebony"
"Satyam Jewellery House","+ 91  183 2558284","Amritsar - 143001, Guru Bzr"
"Raja Jewellery House","+ 91  9316684016","Shop No 20e, New Idh Market, Amritsar - 143001"
"Kashish Jewellery House","+ 91  9356037788","2162/F,1st Floor, Amritsar - 143001, New Idh Market"
"Khalsa Jewellery House","+ 91  183 5068608","4335 Street No-7,, Kot Baba Deep Singh ,, Amritsar - 143001, Near Post Office"
"Sharma Jewellery House","+ 91  183 2293651","Amritsar - 143001, Opposite Doonga Hanuman Mandir, Bazar Kaseria"
"Khalsa Jewellery House","+ 91  183 2582508","4335, 7, Kot Baba Deep Singh, 8, Shri Guru Ram Dass Hospital Complex, Amritsar - 143001"
"Ram tent house","+ 91  9779156134","Maqbool road, Amritsar - 143001, Opp.income tax office"
"Shree Ram Lace House","+ 91  8054727584","MODE TOWN, Gali number 2, Amritsar - 143001, near Lal Devi mandir"
"Talwar Jewellery House","+ 91  183 2530744","194, Amritsar - 143001, Batti Hattan"
"Shree Ganesh Imitation Jewelle...","+ 91  9501556044","Katra Bhai Sant Singh, Amritsar - 143001, Opposite Lane Doctor Kewal Krishan Bajaj"
"Sita Ram Dupatta House","+ 91  183 5015081","Guru Bazar, Golden Temple, Amritsar - 143006"
"Aggarwal Jewellery House","","Sh no 10, New market, Amritsar - 143001, Putlighar Chownk"
"Ram gift house","+ 91  9876806777","Shop no 4, Sultanwind road, Sultant Wind Gate, Amritsar - 143006, Opp.bijli ghar"
"GRV Jewellery House","+ 91  183 2492323","Shop Number-1, L-12/1377, Gali Number 8, Sultanwind, Amritsar - 143021, Sarwar Pura, Laxmi Market"
"Vaaman Jewellery House","+ 91  9888336006","24, Circular Road, Amritsar - 143002, New Garden Colony"
"Ganpati Jewellery House","+ 91  9463003270","Katra Mohar Singh, Bazar Choore Wala,, Golden Temple, Amritsar - 143006, Near Golden Temple"
"Ram Lubhaya & Sons","+ 91  9815993237","Shop Number A1 Aarya Samaj School Building, Lawrence Road, Amritsar - 143001, Opposite B B K Dav Girls College"
"Pandit Ram Avtar Jyotishi G...","+ 91  9872037099","54 D, Number 3 Mata Ke Mandir Wali Gali G T Road, Model Town, Amritsar - 143002, Near Royal Enfield Agency"
"Ram Di Hatti","+ 91  183 2553047","Chowk Katra Jaimal Singh Nai Sadak, Katra Jaimal Singh, Amritsar - 143006, Next To Bharwan Da Dhaba"
"Sukhdeep Guest House","+ 91  183 2534547","21 Brahm Buta Market, Amritsar - 143001, Near Golden Temple"
"Umesh Malliram Designer Jew...","+ 91  183 6579777","Number 2 Upper Ground Floor J K Tower, Mall Road, Amritsar - 143001, Next To Kapsons"
"Bridgeview Guest House","+ 91  183 5051611","51, G T Road, Hide Market, Amritsar - 143001, Adjoining Asian Battery"
"Arora Pg And Guest House","+ 91  8198821111","34-B East Mohan Nagar, 100 Feet Road, Amritsar - 143001, Near Hanuman Mandir"
"Raymond Shree Anand Fashion...","+ 91  183 2401717","4291.po khalsa collage, G . T road Putlighar, Amritsar - 143001, Nr, Ganga building"
"Maheshwari Cloth House","+ 91  183 2545084","Shop Number 19, Katra Jaimal Singh, Amritsar - 143001"
"Mani cigrate house","+ 91  9876275068","Shivala road, Amritsar - 143001, Nr. Shivala phatak"
"Abhi Guest House","+ 91  9815734816","Gali Lala Wali Kucha Trakhana Katra Aluwalia, Golden Temple, Amritsar - 143006, Near Katra Ahluwalia"
"Puri P G House","+ 91  9356424320","Circullar Road, Basant Avenue, Amritsar - 143001, Opposite petrol pump"
"Shri Ram Infotech","+ 91  183 5014132","Shop 2 Chowk Baba Bhori Wala Inside Sultanwind Gate, Amritsar - 143001, Near Post Office"
"G N Pagri House","+ 91  183 2586208","Shop Number 101, Golden Cloth Market, Amritsar - 143001, Opposite Sultanwind Gate"
"Kwality Glass House","+ 91  7508135999","Number 25 100 Feet Road, East Mohan Nagar, Amritsar - 143006, Near Lovely Champ"
"Dayal Furniture House","+ 91  9501137748","Rattan Singh Chowk, Fatehgarh Churian Road, Amritsar - 143002"
"Surjit Motorcycle House","+ 91  9780835156","Main Bazzar, Partap Nagar, Amritsar - 143002, Near Maqboolpura Chownk"
"Aggarwal Security House","+ 91  183 2560222","Shop Number 10-11 B Liberty Market, Railway Link Road, Amritsar - 143002"
"Sacheva Guest House","+ 91  183 5062293","32, Golden Temple, Amritsar - 143006, Near Guru Ram Dass Sarai ,(Walking Distance To Golden Temple)"
"AFGHAN PHOTOGRAPHIC HOUSE","+ 91  183 2423464","Building No-44, Majitha Road, Majitha Mandi, AMRITSAR - 143006, Gopal Nagar"
"Sri Guru Ram Dass Jee Internat...","+ 91  183 2214353","Ajnala Road, Amritsar - 143001"
"Guru Ram Dass Hospital","+ 91  183 2870200","Mehta Road, Vallah, Amritsar - 143001"
"Beera Chicken House","+ 91  183 2571025","100,, Majitha Road ,Amritsar,, Amritsar - 143001, Opposite Bandari Hospital Amritsar"
"Bansal Sweet House","+ 91  183 2222921","Shop Number 13A, Lawrence Road, Amritsar - 143001, Near Avas Hotel & DAV Women College"
"Punjab Kesari Publishing House...","+ 91  183 2531188","Dharam Singh Market, Amritsar - 143001, G T Road,"
"SARDAR PAGRI HOUSE TRADERS","+ 91  183 2552052","Ssss. Market, Batala Road, Amritsar - 143002, Opp Celebration Mall"
"Lucky Guest House","+ 91  183 2542175","shop no.15, Madhav Singh Road, Amritsar - 143002, Near Golden Temple"
"Kamal Guest House","+ 91  9872280824","Chowk Baba Bhouri Wala, Amritsar - 143002, Near Rony General Store"
"Hotel M K Sood","+ 91  183 5093376","51, Amritsar - 143001, Opposite Punjab National Bank,Bharam Butta Market"
"Sainik Rest House","+ 91  183 2563102","Court Road, Amritsar - 143001"
"Inderpuri Foods And Guest House","+ 91  183 2224513","Number 196 Ameena Bazar, Cooper Road, Amritsar - 143001, Near Bhandari Pull"
"Four Season Guest House","+ 91  9814674136","Chowk Pragdass, Near Guru Ram Dass Sarai, Amritsar - 143001"
"Sewa singh tent house","+ 91  9814972899","rattan singh chownk, taylor road, Amritsar - 143002, near trillium mall"
"Hotel Swarn House","+ 91  183 2580026","36, Sultanwind Road, Amritsar - 143002, Opposite Water Tank, Ajit Nagar"
"KAMAL TENT HOUSE","+ 91  9878490634","SHIVALA FATAK, Amritsar - 143001, NEAR SHIVALA TEMPLE"
"Bhatia Gun House","+ 91  9876077277","1 A, Court Rd, Amritsar - 143001"
"Asha Guest House","+ 91  183 6505050","682, Chowk Prag Dass(Walking Distance From Golden Temple), Golden Temple, Amritsar - 143006, Near Golden Temple, Sarai Guru Ram Dass"
"M/S. Shri Ram Ashram SR. Sec S...","+ 91  183 2264524","Satnam Avenue Batala Road, Amiritsar, Amritsar - 143001, Nr.sun City Amusement Park"
"Bhandaris Guest House","+ 91  183 2228509","10, Amritsar - 143002, Cantonment"
"Circuit House","+ 91  183 2566319","Amritsar,, Amritsar - 143001"
"Thyrocare Aarogyam Centre","+ 91  8054180767","Shop No 33-34-35, Aditya, Amritsar Bus Stand, Amritsar - 143001, New Corporation Market, Outside Hathi Gate"
"Chopra House","+ 91  9814423453","Pultighar, Amritsar, G T Road, Amritsar - 143001"
"Shri Guru Ram DAS Institute Of...","+ 91  183 2583388","9855403443, Main G T Road, Amritsar - 143001, Old Mall Mandi, Near Alha One Shopping Mall"
"Shri Guru Ram DAS Hospital","+ 91  183 2589808","Mehta Road, Mehta Chowk, Amritsar - 143144"
"Som Nath & Chhotu Ram Halwai","+ 91  9815138363","Chowk Fawara, mrwadi mandir, Amritsar - 143006, Kartar Singh Pithi Wala, Near Bada Mandir"
"Delhi Motorcycle House","+ 91  9815951736","Amritsar, Punjab, Railway Road, Amritsar - 143001"
"raja chicken house","+ 91  9855177754","shop no 4, madan mohan market, Amritsar - 143001, Adarsh Cinema"
"TOURIST GUEST HOUSE","+ 91  183 2553830","1355, hide market, Gt Road, Amritsar - 143001, Near bhandari pull"
"Shiv Rams Lazor Lab","+ 91  183 5011562","37, Ground Floor, Nehru Shopping Complex, Lawrence Road, Amritsar - 143001"
"Sethi Tent House","+ 91  9855476058","Near Railway Phatak, Main Road, Kot Khalsa, Amritsar, Amritsar - 143001"
"Shri Ram Ashram Public School","+ 91  183 2571803","mall road, Majita Road, Amritsar - 143001"
"Chick Chicken House","+ 91  9815899077","Shop Number 6, Main Dasonda Singh Road, Lawrence Road, Amritsar - 143001, Opposite Pushpa Market"
"Raja Ram Box Factory","+ 91  183 2549839","Guru Bazar, Amritsar - 143006, near a gurudawara bazer"
"Sharma Guest House","+ 91  183 5062309","Mahna Singh Road, Near Golden Temple, AMRITSAR - 143001"
"Sardar Pagri House Traders","+ 91  183 2270101","SSS Market, Batala Road, Amritsar - 143001, Opp. Celebration Mall"
"Patanjali Chikitsalya Shri Ram...","+ 91  183 3200989","Durgiana Temple, Amritsar - 143001, Opposite Post Office"
"PURI GUEST HOUSE","+ 91  9465382822","Inside Vijay Kulche Chhole Wala, Pakki gali, Amritsar - 143002, Inside Mahansingh Gate"
"Haryana Jewellery","+ 91  183 2543858","88/4 1st Floor, Guru Bazar, AMRITSAR - 143006"
"Gupta Guest House","+ 91  183 5011359","Near Vijay Kulche Chhole Wala, Pakki Gali, Amritsar - 143001, Mahan Singh Gate"
"Shri Satguru Marble House","+ 91  183 5070396","Amritsar - 143001, Ratan Singh Chk"
"Darpan Lehnga House Western Un...","+ 91  183 5002985","Amritsar - 143002, Katra Dal Singh, Near Mata Kaulan Gurdwara"
"Amritsar Gun House","+ 91  9501091438","Amritsar Gpo, Amritsar, Court Road, Amritsar - 143001"
"modern light house","+ 91  183 2553750","Shop number-77 A, hall gate, Hall Bazar, Amritsar - 143001, near Congrass Bhawan"
"Army gun house","+ 91  9814220477","46, GT road, Hide Market, Amritsar - 143001, Opp post office near bus stand"
"NEW LAKSHMI ORNAMENT HOUSE","+ 91  183 2222192","SHOP NO-123-129, Lawrence road, Lawrence Road, Amritsar - 143001, Opp Bijli Pehlwan Mandir"
"Shiv Ram Colour Lab","+ 91  183 2228492","Cooper Road, Amiritsar, Amritsar - 143001"
"Vishal tent house","+ 91  9417080409","Dhab khatikan, Amritsar - 143001, Opp.hindu college"
"Shiv Ram Photo Studio","+ 91  183 2227625","Shivala Road, Amiritsar, Amritsar - 143001"
"Raja Ram & Sons","+ 91  183 2581581","Shop Number- 34, Ram Talai Street, Amritsar Bus Stand, Amritsar - 143001, Near Ram Talai Mandir"
"Suraj Khurana Guest House","+ 91  183 2536646","Amritsar - 143001, Lakkad Mandi, Jaliyawala Bag"
"Khubi Ram Halwai","+ 91  183 2556118","Amritsar - 143001, Bikaneian Bazar"
"Kahlon Chicken House","+ 91  9814094141","Pultighar, Amritsar, G T Road, Amritsar - 143001"
"Hardware House","+ 91  183 3243649","Shop No 7-C, 100 Ft Road, Amritsar - 143001, Near Amritsar Hospital"
"bayban house","+ 91  9567789532","na, fategarh churian, Amritsar - 143001, near state bank"
"Kaka Ram Sweet Shop","+ 91  183 2580016","S W Road, Amritsar - 143001"
"Giani Ji Cloth House","+ 91  9815823262","Attari Road, Chabhal, Amritsar - 143301"
"Bharat Furniture House","+ 91  183 2566071","59, Court Road, Amritsar - 143001, Opp. Petrol Pump"
"Raja Chicken House","+ 91  9814666663","Amritsar, Punjab, Queens Road, Amritsar - 143001"
"Amritsar Electronic House","+ 91  9779922009","9-10, M M Malviya Road, Amritsar - 143001, near art gallery"
"Narang Dupatta House","+ 91  9876025082","Shastri Market, Golden Temple, Amritsar - 143006"
"Kangan Designer Jewellery Store","+ 91  183 5099700","Lawrence Road, Amritsar - 143001, Opposite Bansal Sweets"
"Bansal Glass House","+ 91  183 2558180","Katra Kanhaiyan, Near Goal Hatti Chowk, Amritsar, Amritsar - 143001"
"Sodhi glass house","+ 91  8968031130","Amritsar - 143001, Goal Hatti Chowk, Hall Bazar"
"Shri Ram Sharnam Hospital","+ 91  9417057101","B Block, Ranjit Avenue, Amritsar - 143001"
"Punjab Optical House","+ 91  9815134234","Majitha Road, Amritsar - 143001, Outside Govt. Eye Hospital"
"Sher E Punjab Guest House","+ 91  183 5002084","Mana Singh Road, Amritsar - 143001, Near Golden Temple"
"Singapore gift house","+ 91  183 2580159","Shop no 175-176, Golden cloth market, Sultant Wind Gate, Amritsar - 143006, Opp.sultanwind gate"
"Megha verma cloth house","+ 91  9915770072","Gopal mandar majitha road, Amritsar - 143001, Opp. Hari mandar"
"Vishal tent house","+ 91  183 2526760","Gurbax nagar, Amritsar - 143001, Near sharma hospital"
"Guru Ram Dass Dental Hospital","+ 91  9646440734","Distillery Khasa, Amritsar - 143107"
"HI QUE RESTRO & TEA HOUSE","","Ranjit Avenue, Amritsar - 143419"
"Shingar Beauty Parlour & Art H...","+ 91  9815359869","Mohalla Malkasa, Darshani Gate, Jandiala Guru, Amritsar - 143115, Radhey Sham"
"dry fruit house","+ 91  7837819135","shop ho 56, bazar chamara wala, Amritsar - 143001, near telephone exchange"
"India house","+ 91  9888393675","5 RB dhuni Chand road, Lawrence road, Amritsar - 143001, Near ganpati tower"
"Shri Ganesh Guest House","+ 91  183 2551261","Plot No 39, Gawshala Marg, Amritsar - 143006, Opposite Old Improvement Office, I/S Sheran Wala Gate"
"Greenland Guest House","+ 91  183 2277588","Shivala road, Amritsar - 143001, Near Gupta Medico,Near Shivala Bhayian Mandir"
"Sita Ram Gold Smith","+ 91  183 2211795","Cementry Road, Putligarh, Amritsar - 143002"
"Pagri House & Mens Wear","+ 91  183 3100145","Golden Cloth Market,, Amritsar - 143001"
"R K Gift House","+ 91  183 2543586","Amritsar - 143006, Opposite Lohgarh Gate"
"Shree Ram Marbles","+ 91  183 2584911","Ram Talai Chowk,, Amritsar - 143001"
"Aggarwal Marbel House","+ 91  183 2225128","No.A-243, Maqbool Road,, Amritsar - 143001"
"Guru Ram Dass Public School","+ 91  183 2700967","78-25, Sultanwind Road, Amritsar - 143001, Near Union Bank Of India"
"Mahajan Cloth House","+ 91  183 5069530","883, Mahajan Market, Hathi Gate, Amritsar - 143001, Near Mata Mandir"
"Ram LAL Surinder Kumar Ahuja T...","+ 91  183 2210811","Golden Temple Road, Amritsar - 143002"
"Royal Guest House","+ 91  183 2508333","Plot No-01, Royal Enclave, Airport Road, Amritsar - 143002, Opp. Khanna Resort"
"SAI JI GUEST HOUSE","+ 91  9888770239","282, Narain Nagar, Goal Bagh, Amritsar - 143001, Opp.Railway Station ,Goal Bagh Side"
"Khanna Crystal House","+ 91  183 2211684","118/66-A, Railway Link Road, AMRITSAR - 143001, Beside Friends Hotel, Walia Market"
"White Marble House","+ 91  9814051282","Adjoining Mohan International Hotel, Albert Road,, Amritsar - 143001"
"Ess Aar Gift House","+ 91  9501380879","Sco-N- 8/128, G.t road, Amritsar - 143001, Opp.railway station"
"White Marble House","+ 91  183 2562133","18-A, Albert Road & M. G Road Gatorni New Delhi, Amritsar - 143001, Nr. Hotel Mohan International"
"Raja ram paras","+ 91  183 2555269","Raja ram building, main street, Amritsar - 143001, Near hotel revoli"
"Dhani Ram Dry Cleaner","+ 91  183 2570018","3,, Opposite Gangahar Property Dealer, Near Pseb Office Main, Majitha Road,, Amritsar - 143001"
"Pooja Jewellery Center","+ 91  183 2551226","Amritsar - 143001, Bazar Darshani Deori,Near Golden Temple,"
"Sethi Matting House","+ 91  183 2556904","Amritsar - 143001, Bazar Papran"
"Mittal Handloom House","+ 91  183 5051547","Amritsar - 143001, Bazar Pasham Wala"
"New Lakshmi Ornament House","+ 91  183 2544241","Amritsar - 143001, Guru Bzr"
"N S Padam Music House","+ 91  183 2533757","Chowk Baba Sahib, Lawrence Road, Amritsar - 143001"
"Vohra Glass House","+ 91  9814039942","Chowk Farid, Amritsar, Golden Temple Road, Amritsar - 143001"
"Messrs Amritsar Music House","+ 91  183 2546668","Pultighar, Amritsar, G T Road, Amritsar - 143001"
"Narang Dupatta House","+ 91  183 2544614","Amritsar Bus Stand, Amritsar - 143001, Guru Bazar"
"Amritsar Music House","+ 91  183 2545668","Hall Bazar, Amritsar - 143001"
"Dr Ram Parkash Hospital","+ 91  183 2556223","Hall Bazar, Amritsar - 143001, Hall Bazar."
"Aabhushan Art Jewellery","+ 91  183 2560602","8 A, Lawrence Road, Amritsar - 143001, Opp pizza hut"
"Khanna Rajai House","+ 91  9888146145","Hall Bazar Road, Hall Bazar, Amritsar - 143001, Near Iob Bank Below Congress Bhawan"
"MAJITHA GUN HOUSE","+ 91  8437843766","Court road, Amritsar Kutchery, Amritsar - 143001, Opp.distt court"
"KAMAL TENT HOUSE","+ 91  183 2584788","HUSSAINPURA CHOWK, Amritsar - 143001, NEAR SHIVALA PHATAK"
"Rishu Glass & Crockery House","+ 91  9815443333","Gali Bhatrian, Amritsar - 143001, Near Kishore Saree House, Jaimal Singh"
"Singh Pagree House","+ 91  9417275769","Shop no 52, Katra jaimal singh, Amritsar - 143001"
"Madan guest house","+ 91  9876428235","Shivala fatak, Amritsar - 143001, Near shivala fatak"
"bright battery house","+ 91  9872246474","hUSSAINPURA CHOWK, Na, Amritsar - 143001, Near Punjab and Sind bank"
"Prince Jewellery","+ 91  183 2572239","Main Majitha Road, Amritsar - 143001, Opposite Bengali Mandir"
"TOP STAR DWARKA DAS RAM GOPAL","+ 91  9814748235","20, MAJITHA ROAD, Medical Enclave, Amritsar - 143001, Opp Kathuria photo frame"
"chadda house","+ 91  9815811777","07, Duni Chand Road, Lawrence Road, AMRITSAR - 143001, Opp. Ganpati Tower"
"Ajit Gun House","+ 91  9915311777","G.t. Road,, Chheharta, Chheharta Railway Station, Amritsar - 143105, Amritsar"
"Arora Lighting House","+ 91  9888574753","Opp. Bus Stand, Amritsar - 143001, Nr. Anand Hotel"
"Daulat Ram Ramesh Kumar & Co.","+ 91  183 2221391","283 / E, Basant Avenue, Amritsar - 143001"
"Singh Gun House","+ 91  9988283326","55,56 Guru Kirpa Complex Chaw, AMRITSAR - 143001, Amritsar"
"Electronic House","+ 91  183 5069122","Ajnala Road, Amritsar - 143001, Gumtala Chowk"
"Ajit Gun House","+ 91  9872310001","Opp Ocm Mills Chhehatra, AMRITSAR - 143001, Amritsar"
"Hindustan Times House","+ 91  183 2403651","Shop No-92-93,Nehru Shopping Cplx, Lawrence Road, Amritsar - 143001"
"Galaxy Guest House","+ 91  183 2580813","31-A, Ravi Dass Marg, Amritsar - 143001, Rajinder Nagar, Adjacent Rana Diagnostic , Ajit Nagar Chowk, Near Dhingra Hospital"
"baba Music House","+ 91  9872986171","Main bazar, Lawrence road, Lawrence Road, Amritsar - 143001, Opp ritu wear"
"Ram Prakash Seth & Associates","+ 91  183 2553885","sh. no. 979, gali gujran, katra bhai sant singh, Amritsar - 143001, Haveli Jamadar"
"Jagdambay artificial jewellery","+ 91  9780064955","Katra bhai sant singh, Amritsar - 143001, Near post office"
"Kanshi Ram Sham LAL & Company","+ 91  183 2544415","Plot Number- 2788/1/24, Sheran Wala Gate, Amritsar - 143001, Near Dr Daljit Singh Eye Hospital, Sheran Wala Gate"
"Shree Balaji Sanitary House","+ 91  183 5098000","55, City Centre, Amritsar - 143001"
"Malhotra Guest House","+ 91  9872198658","Main Chownk, Old Lakkad Mandi Road, Golden Temple, Amritsar - 143006, Near Jallianwala Bagh"
"PAM GUEST HOUSE","+ 91  9915598091","248-249, MAHNA SINGH ROAD, Golden Temple, Amritsar - 143006, NEAR GURU TEG BAHADUR COLLEGE"
"Kanshi Ram Sohan Lal","+ 91  183 2482001","Factory Number 1070, Taran Taran Road, Amritsar - 143001, Opposite Punjab And Sindh Bank"
"Bhappi Pagri House","+ 91  183 2556742","1806/5-12, Amritsar - 143001, Chowk Baba Sahib"
"BUNTY FANCY RUMALA HOUSE","+ 91  9915547864","SHOP NO-130, Golden cloth market, Sultant Wind Gate, Amritsar - 143006, Opp sultanwind gate"
"Navrang Saree House","+ 91  183 2548366","Amritsar - 143001, Opposite BSNL Office, Atta Mandi"
"Ram Krishan Plumbee","+ 91  9814107783","Majitha Road, Amritsar - 143001, Near Gopal mandir"
"B S Gems n Jewellery","+ 91  183 5070573","Shop Number 1, B S Chain Market, Sarwarpura , Gali Number 7, Sultanwind Road, Sultanwind, Amritsar - 143006"
"Kb Glass & Aluminium House","+ 91  9781628234","Shop no 6 tarn taran road opp bajwa hospital., Amritsar - 143001, baba clinic"
"Guru Nanak Pagri House","+ 91  183 2534799","main road, ramsar Road, AMRITSAR - 143002, near gurdwara"
"Happy Music House","+ 91  183 2551247","Shop No 6, Ramsar Road, Dharam Singh Market, Amritsar - 143006, Near Gabba Silk Store,Guru Amar Dass Market"
"Satguru Furniture House","+ 91  9915044234","Warpal, Amritsar - 143022, Opp. Panchayat Ghar"
"Beera Chicken House","","Majitha Road, Majitha, Amritsar - 143601, Opposite Bandari Hospital, Sehaj Avenue"
"Sardar Cloth House","+ 91  1853 222131","Pheruman Road, Rayya, Rayya, Amritsar - 143112"
"Bhagat Ram Sudarshan Kumar","+ 91  183 2552080","Nr. Bus Stand,,"
"Raja Ram Box Factory","+ 91  183 2549839","70/6, Kt. Hari Singh,,"
"Malhotra Gun House","+ 91  183 2584954","Hussainpur (W),"
"Raj Guest House Hotel","+ 91  183 2557580","Opp Lady Hospital , , ,Amritsar 143006-,"
"Ganpati Glass House","+ 91  9646845156","Shop No 97, Cemetery Road, Putligarh, Amritsar , Main Bazaar, Near Narang Bakery"
"Punjabi Gun House","+ 91  9814405161","Amritsar Gpo, Amritsar, Court Road, Amritsar - 143001"
"Maruti House","+ 91  9814122220","52/1, Court Road, Amritsar - 143001, Opposite GPO realto cinema"
"Khehra Guest House","+ 91  183 3208635","Rly Link Road, Amritsar - 143001"
"Shiva Crystal And Electric House","+ 91  183 5010779","Balaji Shopping Complex Shop No:21, Railway Link Road, Amritsar - 143001, Oppo Seema Mkt Landa Bazar"
"Dream Houses & Interiors","+ 91  9878667431","72 A, Taylor road, Amritsar - 143001, Opp. Heritage club"
"Arora Bag House","+ 91  9501714142","Shop No-103, Landa Bazaar, Amritsar - 143001, Opposite Inder Hotel, Landa Bazar"
"ARORA GIFT HOUSE","+ 91  9855598217","Shop Number 32, Landaa Bazar, Amritsar - 143001, Opposite Railway Station"
"Bandesha tent house dera road","+ 91  9815789318","2, 4, Amritsar - 143001, New Rialto Cinema"
"Sharma Gift House","+ 91  183 2277146","Amritsar - 143001, Attari Rd, Adda Chabbal"
"Guru Ram Dass Motors","+ 91  9815328656","Amritsar, Punjab, Queens Road, Amritsar - 143001"
"Dogra motorcycle house","+ 91  9872002390","Railway Road, Amritsar - 143001, OPP water tank"
"MS Shri Vaishno Pipe House","+ 91  183 2212717","Shop Number 2 A, Queens Road, Amritsar - 143001"
"DELHI MOTOR CYCLE HOUSE","+ 91  9814051736","Shop no-40,main raod, Gt Road , railway road, Amritsar - 143001, opp. Railway station"
"shri guru ram dass automobile","+ 91  9816057406","Shop no 14, Railway road, Amritsar - 143001, Opp Prabhat cycle store"
"Bombay Selection House","+ 91  183 2549877","shop 97, Katra Jaimal Singh, Amritsar - 143001"
"New bharat furniture house","+ 91  9815166886","93, Court Road, Amritsar - 143001, Near shimla press"
"Delhi Gun House","+ 91  183 2562495","Cooper Road, Amritsar - 143001"
"New Quality Furtinure House","+ 91  183 2226117","Sh no 273, Cooper road, Amritsar - 143001"
"Bharat sale house","+ 91  183 2565389","Shop no 1, G.t road, Amritsar - 143001, Canal office"
"Gandhi cloth house","+ 91  183 2481125","Queens road, Amritsar - 143001, Near OBC BANK"
"Sharma Battery House","+ 91  9914845368","Amritsar - 143001, Opp Hall Gate,"
"Guru Ram Dass Medicos","+ 91  183 2422734","Majitha Road, Amritsar, Amritsar - 143001"
"Sadhu Ram & Sons","+ 91  9814225130","Shop No-15, Amritsar - 143001, Jahajgarh"
"Hotel P G House","+ 91  9988956763","Amritsar - 143001, Near Golden Temple, Town Hall"
"Guru Ram DAS Cement Spun Pipe ...","+ 91  9914750603","Katra Karam Singh, Amritsar - 143001"
"Rahul furniture house","+ 91  8284888830","Shop no :23, Amritsar - 143001, Majitha road"
"Bharat Furnishers House","+ 91  183 5004135","93 Court Road ,, Mall Road, Amritsar,, Amritsar - 143001, Near Ganapathi Temple"
"Handa Crockery House","+ 91  183 2552979","Amritsar - 143001, Katra Jaimal Singh"
"Bhagwan Furniture House","+ 91  183 2424182","Amritsar - 143001, Basant Nagar"
"Sonu Furniture House","+ 91  9915725142","Amritsar - 143001, Near Govt Hospital Pind Jodhe"
"Rajan Immitations Jewellery","+ 91  183 2550162","19, Idh Market, Amritsar - 143001"
"Ajit Flower House","+ 91  9417983150","Amritsar - 143001, Complex Mandir Longa Wali Devi, Opposite Town Hall"
"G S Lighting House","+ 91  9417273766","Shop Number-18, Amritsar - 143001, New Idh Market"
"Bala Ji Kalire &Imitation Jewe...","+ 91  9888701186","Gali Kucha Faqir Khana, Amritsar - 143001, Bazar Kathiyaan,Market Bhaji"
"Shakti House","+ 91  183 2272961","Batala Road, Amritsar, Amritsar - 143001"
"Pawan Light House","+ 91  9914104374","Jail Road, Amritsar - 143001, Abulkhair, Gurdaspur"
"Ravi furniture house","+ 91  8196812721","Shop no : 22, Amritsar - 143001, Batala road"
"OM SAI RAM CREATIONS","+ 91  9888044243","rattan Singh Chowk, Fatehgarh Churian Road, Amritsar - 143001, near Petrol Pump"
"Standard Opticals House","+ 91  183 2292345","Baba Deep Singh Market, Amritsar - 143001"
"Guru Kirpa Ornament House","+ 91  9417120988","Shop No.686, 1st Floor,Bazar Kasairian,, Near Kathian Wala Bazar, Amritsar - 143001"
"Baba Buleshah Tent House & DJ ...","+ 91  9815864447","Bhai Vir Singh Colony, Pind Mullechak, Amritsar - 143001"
"Juneja Furnishing House","+ 91  183 2226857","Dalhousie Road, Amritsar - 143001"
"Preet Plastic & Gift House","+ 91  9872151949","Gurdwara Road, Amritsar - 143001"
"Radha Cloth House","+ 91  9464965696","Shop no. 1, Friends colony,majitha road, Amritsar - 143001, Near water tank"
"Saab Copy House","+ 91  9988840708","Power House Mustfabad, Amritsar - 143001, Batala Road"
"New Fashion Furniture House","+ 91  9417108096","11, Sarai Guru Ramdas, Amritsar - 143001, Near G.T Road"
"B.R Plywood Hardware & Glass H...","+ 91  9855022264","8-Fairland Colony, Amritsar - 143001"
"Karan Jewellery & General Store","+ 91  9872624142","Shop No 14 15, Amritsar - 143001, New I D H Market Opp Bus Stop"
"Bawa AC House","+ 91  183 2451089","Cheharata,, Amritsar - 143001"
"Anand Ram Kewal Kishan","+ 91  183 2221529","Dhangu Road, Amritsar - 143001"
"Veer Pagri Duptta House","+ 91  9217285002","Katra Kanhaiyan, Amritsar - 143001"
"Palli Boot House","+ 91  9872920020","Khalra Road, Amritsar - 143001, Bhikhiwind, Teh Patti"
"Ram LAL","+ 91  183 2403700","104,New Colony,Ram Tirath Road, Amritsar - 143001"
"Rakesh Boot House","+ 91  183 2291924","Main Road, Amritsar - 143001"
"Ashok Ornament House","+ 91  183 2588906","Amritsar - 143001, Rani Bazar"
"Brother Guest House","+ 91  9801220453","Mochi Bazaar,, Amritsar - 143001, Near Golden Temple"
"Babu Ram Telecom","+ 91  9988946210","Amritsar - 143001"
"Neetu Casset House","+ 91  9888002894","Amritsar,, Amritsar - 143001"
"Guru Ram Dass Computer Centre","+ 91  183 2548371","House Number 2452/17, Amritsar - 143001, Bazar Baba Bhori Wala, Backside Guru Ram Das Hospital"
"Shri Ram Rolling Shutter & Ste...","+ 91  9872512906","156, Ghee Mandi, Amritsar - 143001, Petrol Pump Bijli Pehlwan"
"Saggu Woodworks & Furniture House","+ 91  9465584181","Vill. Adda Dharam Kot Bagga, Amritsar - 143001, Near F.C.I Godown"
"J S Meat & Chicken House","+ 91  9316521447","Shop No 4-5, Amritsar - 143001, Bhatia Market, Outside Ram Bagh Chowk"
"Mansa Ram Mahajan","+ 91  183 2230348","Amritsar - 143001, Opp. Lovely Sweet Shop"
"Sree Ram Sweets Shop","+ 91  9815062557","Amritsar - 143001"
"Bullar Gurulal Furniture House","+ 91  9815963329","Puthi Road, Amritsar - 143001, Bikhivind , In Front Of Bust Stand"
"The furniture house","+ 91  8054269158","Shop no :45, Amritsar - 143001, Gopal mandir"
"Shivam Ply & Glass House","+ 91  9815575922","5254/1, Murphy Building, 100 Ft Road, Amritsar - 143001, Chowk Sultanwind Road"
"Popular Kite House","+ 91  9872113513","Shop No 9, Near Shaheed Baba Pratap Singh, Amritsar - 143001, Near Memorial High School, Sultanwind Road"
"Heera Cloth House","+ 91  9465482072","Taran Tarn Road, Amritsar - 143001, O/S Dera Sant Baba Bhuri Wala"
"Jasal Tent House","+ 91  9814050468","G T Road, ADA Deburaji, Amritsar - 143001, Near Sua"
"Baba Deep Singh Furniture House","+ 91  9780488200","G T Road, Amritsar - 143001, Near New Petol Pump, Opposite Sandhu Colony,Chheharta"
"Modern Suhag Chura House","+ 91  183 2294594","25, Amritsar - 143001, New Idh Market, Near Bus Stand"
"Chhajju Ram And Sons","+ 91  183 2545705","shop no-23/15, Amritsar - 143001, Shastri Market,"
"Chhabra Clothe House","+ 91  9463224866","Ist Floor, Ram Bagh Chowk, Amritsar - 143001"
"Guru Ram Dass Industries","+ 91  9815108020","Ranjit Pura Pultlighar Amritsar, Amritsar - 143001"
"Fancy Cloth House","+ 91  183 2542313","Amritsar - 143001, Chowk Karmon Deori, Near Sbi Bank"
"Mela Ram & Sons","+ 91  183 5006899","Amritsar - 143001, Maqbool Chk"
"Puri Cloth House","+ 91  9872852615","Amritsar - 143001"
"Shri Guru Ram Dass Moulding","+ 91  9779880760","Shop No-12, Amritsar - 143001, Mahan Singh Gate Market"
"Buti Ram Halwai","+ 91  9888857312","Gali No 2, Amritsar - 143001, Jwahar Nagar Chehrata"
"Valvet House","+ 91  183 2280254","Amritsar - 143001, Nr. Naaz Cinema"
"Ram Chand Harbans LAL","+ 91  183 2546417","No.66,, S B S Market,, Amritsar - 143001"
"Fancy Watch & Optical House","+ 91  183 2277582","Vijay Nagar Market,, Amritsar - 143001"
"Shaheed Baba Deep Singh Furnit...","+ 91  9814084658","Chabhal Road, Amritsar - 143001, Ibban Kalan"
"H K Khalsa Tent & Light House","+ 91  9855326336","Bazar Murgikhana, Partap Nagar, Amritsar - 143001"
"Sethi Handloom House","+ 91  9855302960","Chowk Karori,, Amritsar - 143001"
"Rajinder Furniture House","+ 91  183 2241800","S U S Mkt, Amritsar - 143001"
"Randhawa Chicken House","+ 91  183 4243190","Shop No 3, Majitha Road, Amritsar - 143001, Near Tungan Wali Puli,Opposite Deep International"
"Sandeep Tent House Light & DJ ...","+ 91  9815712753","G T Road, Adda Daburji, Amritsar - 143001"
"Shiva Law House","+ 91  9815684234","House No 5233, Gali No 25, Amritsar - 143001, Meharpura, Inside Nawan Kot"
"Shari Ram Mobile Care","+ 91  9878794900","Near Bus Stand, Guru Lalji Market, Amritsar - 143001, Gurdaspur Road, Batala"
"Amrit Trunk House","+ 91  9915069109","Amritsar - 143001, Ram Bagh Gate"
"Sham Ji Bag House","+ 91  9814722683","Amritsar - 143001, Opposite Daya Nanad Hospital, Katra Sufaid"
"Gold Antik Jewellery","+ 91  8283090433","151, 4th Floor, Gali Panditan, Amritsar - 143001, Panj Peer Market, Backside Jasmal Saree House"
"International Export House","+ 91  8872675500","No. 114, Katra Moty Ram, Inside Hathi Gate, Near Bombay Wala Khoo, Amritsar- 143001, Amritsar - 143001"
"Archana Guest House","+ 91  9217571554","Amritsar - 143001, Nr. Shani Mandir"
"Mela Ram Gen Store","+ 91  7508900518","Haripura, Amritsar - 143001, Near Dhruv DJ"
"Shri Ram Agency","+ 91  183 2535493","Amritsar - 143001, Near Krishna Mandi, Namak Mandi"
"Jagat Ram Tirlok Chand","+ 91  183 2554711","Amritsar - 143001, Ram Bagh Chowk"
"Dima Jewellery Corner","+ 91  9216735381","Darshani Deori, Partap Bazar, Amritsar - 143001"
"Gill Tent House","+ 91  183 2382972","Main Road, Amritsar - 143001, Attari"
"BDS Fancy Dupatta House","+ 91  8872747011","Amritsar - 143001, Antaryami Colony, Opposite Gurudwara Kalgidhar"
"Paras Guest House","+ 91  9592412121","Amritsar - 143001, Parag Dass Chk"
"Chawla Book House","+ 91  7508900546","Gali No 1 Gopal Nagar Amritsar, Amritsar - 143001, near bhabha high school"
"Sita Ram & Bros","+ 91  183 2548464","170, Jeevan Singh Road, Amritsar - 143001, Gold Bagh"
"Rahul Gift House","+ 91  183 5063943","13 Idh Maekrt, Amritsar - 143001, Near Bus Stand"
"Sarag Furniture House","+ 91  9256722745","Shop No 1, Tran Taran Road, Amritsar - 143001, Chahal Market Near Bhali Kendar"
"Ram Parvesh Pop Wale","+ 91  8728974724","Adda Chhapa Ram Singh, Mehta Road, Amritsar - 143001"
"shivam media house","+ 91  183 2400412","Amritsar - 143001"
"Guru Ram Dass Plywood & Timber...","+ 91  9646913220","Amritsar - 143001, Cheel Mandi, Mahan Singh Gate"
"Shree Ram Pharma","+ 91  183 5003570","Cheel Mandi Amrisar, Amritsar - 143001"
"Chhabra Bag House","+ 91  9914935111","16, Idh Market, Amritsar - 143001, Near Bus Stand"
"Shri Ram Jewellers","+ 91  9855075972","B-23, New Idh Market,, Main Road, Amritsar - 143001, Near Bus Stand"
"Anil Glass House","+ 91  9814353340","Shop No: 32, Amritsar - 143001, Mahan Singh Gate Market"
"J S Bedi Light & Tent House","+ 91  183 2543183","Plot Number 112, Sultanwind Road, Amritsar - 143001, Inderjit Colony"
"Gurditta Mal Ram DAS","+ 91  183 2551639","Amritsar - 143001, New Mishri Bazar"
"Imperial Seat Cover House","+ 91  9872552385","Shop No 29, O/S Hall Gate, Amritsar - 143001"
"Ram Kirpa Industry","+ 91  183 2580367","367, Mehta Road, Amritsar - 143001"
"Ram Prasad Sah","+ 91  8528438696","Amritsar - 143001, Malaahi Maharani"
"Gandhi Boot House","+ 91  183 2534934","52, S B S Market, Amritsar - 143001"
"Mahalakshmi Glass House","+ 91  9988595460","Village Ghanpur Kala, Ab Resorts, Amritsar - 143001, Ram Tirath Road"
"Guru Furniture House","+ 91  183 2566874","G T Road, Amritsar,, Amritsar - 143001"
"Sharma Furniture House","+ 91  183 2257061","Partap Bazar, Amritsar, Amritsar - 143001"
"Vinod Boot House","+ 91  183 2220604","Putlighar, Amritsar - 143001"
"Aashiana Guest House","+ 91  183 5004613","Amritsar - 143001, Chowk Paragdass, Near Guru Ramdas Sarai, Near Golden Temple"
"Yours Flower House","+ 91  9915735431","Amritsar - 143001, Hathi Gate, Opposite Vaternary Hospital,"
"Sokhi Music House","+ 91  9914568358","Shop No.3, Antaryami Colony, Amritsar - 143001, Near Antaryami Public School"
"The Fashion House","+ 91  183 5050418","Golden Cloth Market,, Amritsar - 143001"
"Goldy Furniture House","+ 91  9779876379","Amritsar - 143001"
"JAI Jwala Ji Jewellery & Casti...","+ 91  9814120099","Sarafa Bazar ,, Sunam,, Amritsar - 143001, Near Big Bazar"
"Diamond Heritage Guest House","+ 91  9814220227","Near Shani Mandir, Opp Golden Temple, Amritsar - 143001, Sccoter Stand, Chowk Ghanta Ghar"
"Ram Kamal Musical Group","+ 91  9888754651","Gali No-1, Batala Road, Amritsar - 143001, Main Bazar, Bharat Nagar"
"Arora Furniture House","+ 91  183 5098561","Putlighar, Amritsar, Amritsar - 143001"
"Mehra Jean House","+ 91  183 2548286","Tokerian Bazar, Amritsar - 143001"
"Bittu Tyre Repair House","+ 91  9779621201","Shop No.37, Ram Talai, Jhajgarh, Amritsar - 143001"
"Faujji Cloth House","+ 91  9646077777","Amritsar - 143001, Maqsudan"
"Aman Cloth House","+ 91  9988450720","Chowk Bharat Nagar, Batala Road, Amritsar - 143001"
"Anchal Glass House","+ 91  9779983496","Khandwala Near Sabhi Chaki, Gobind Pura, Amritsar - 143001, Sher Shah Suri Road"
"Dhiraj Sanitary House","+ 91  9780418063","Niwan Bazar, Near Shiwala Chowk, Amritsar - 143001, Qadian"
"Tuli Tyre House","+ 91  9915818875","Shop No 90, Ram Talai, Amritsar - 143001, Kabari Market, Gt Road"
"Govind furniture house","+ 91  8054540436","Shop no :48, Amritsar - 143001, Sandhya enclave"
"Gurdip tent house","+ 91  9914997218","Sunder nagar, Amritsar - 143001, Main bazar"
"Munshi Ram Ashok Kumar","+ 91  9356005608","Taran Road,, Amritsar - 143001"
"Monu Boot House","+ 91  9988191093","Chohla Sahib, Amritsar - 143001, Opp Gurdwara"
"Luxmi House","+ 91  183 2557712","Amritsar - 143001, Guru Bzr"
"Anand Trunk House","+ 91  9888677985","Amritsar - 143001, Back Side Police Station Ram Bagh Chowk"
"Khanna Cut-Piece House","+ 91  183 2272089","Bazar Pashamwala, Amritsar - 143001"
"Shiv Shakti Lock House","+ 91  9463599222","Bazar Kathian, Amritsar - 143001, near golden temple"
"Chhina Production House","+ 91  9855552123","Airport Road, Amritsar - 143001"
"Bhatia cement house","+ 91  9781585728","Amritsar - 143001, Tilak nagar"
"Barkat Ram Amrit LAL","+ 91  183 2564033","Hukum Singh Road, Amritsar - 143001"
"Ram Singh & Sons Jewellers","+ 91  183 2527967","Shop No. 9, 2nd Floor,, Kamboj Market,, Amritsar - 143001"
"Rama Tent House","+ 91  9814245103","Amritsar - 143001, Pind Sakala"
"Shri Ram Tour And Travel","+ 91  9815432296","Adda Saran, Kandhala Jattan Shop, Amritsar - 143001"
"General Boot House","+ 91  183 2557070","Shop Number-62, Amritsar - 143001, Katra Jaimal Singh, Near State Bank Of Patiala"
"Subhash Cloth House","+ 91  9872608324","Katari Road, Amritsar - 143001"
"Laxmi Narayan Jewellery","+ 91  9815571474","Shop No: 13, New Idh Market, Amritsar - 143001, Near China Market"
"Ram Chand Janak Raj Spinning M...","+ 91  183 2501745","Village Muradpura, Post Office Majitha, Amritsar - 143001"
"House of precure","+ 91  9814779990","Amritsar - 143001"
"Mahajan Light And Tent House","+ 91  9855549271","Shop no. 2, Fatehgarh Churian Road, Amritsar - 143001, Aksha avunue"
"Sharma Bag House","+ 91  9779328196","Opp Bus Stand, Amritsar - 143001, Chohla Sahib"
"R H Auto Glass House","+ 91  183 2275816","Amritsar - 143001, Nr. Canal Focal Point"
"Shiv Glass & Plywood House","+ 91  183 5098508","Tarn Taran Road, Amritsar - 143001"
"Arora Furniture House","+ 91  183 5061613","36a A, Sant Nagar, Amritsar - 143001, Near Akhara Kallu"
"SS Sahni Plastic House","+ 91  9988138036","42, Idh Market, Amritsar - 143001, Near Bus Stand"
"Nagpal Maharaja Tent House","+ 91  183 2426660","Amritsar - 143001, Patel Chk"
"Angel Blessed Gem & Jewellery ...","+ 91  183 2255673","177-G,, Post Office Street,, Amritsar - 143001"
"Art Jewellery","+ 91  183 2548850","Plot No 6, Amritsar - 143001, Patel Chowk"
"Dhillon Furniture House","+ 91  183 2257309","Partap Bazar, Amritsar, Amritsar - 143001"
"Yovan Purse House","+ 91  9779188973","Shop No 2, New Idh Saheed Bhagat Singh Market, Amritsar - 143001, Opp Falude Wale Toys, Near Bus Stand"
"B S Meat & Chicken House","+ 91  183 2532346","Phullanwala Chowk,, Amritsar - 143001"
"Sukhman Jewellery","+ 91  183 2226362","8 Kairon Colony ,, Mall Road, Amritsar,, Amritsar - 143001, Near Nirmal Swami Satsang"
"JAI Ram Metal & Auto Scrap","+ 91  9815608915","Amritsar - 143001, Jandiala Guru"
"Mehak Guest House","","House No-685/3-18, Amritsar - 143001, Chowk Pragdass"
"Dhan Dhan Guru Ram Dass Ji Mot...","+ 91  9781912813","Mehta Chowk, Amritsar - 143001"
"Sri Guru Ram DAS Enterprises","+ 91  9888586970","4 Gali No 2, Near Pjm High School, Amritsar - 143001, Banna Road, Patiala"
"Sahil tent house","+ 91  9780915038","Shop no :4, Amritsar - 143001, Tilak nagar"
"Mahajan Furniture House","+ 91  183 2432683","Opp Jainhigh School, Jandiala Guru, Amritsar - 143001"
"Lakshay Gas House","+ 91  9878691594","Kolsar Market, Amritsar - 143001, Near Jamwal Aluminium"
"Jaswal Glass & Ply House","+ 91  183 2483242","S W Road, Amritsar,, Amritsar - 143001"
"Shingar Jewellery","+ 91  183 5081733","Amritsar - 143001, Karmod Deory"
"Guru Ram Dass Timber Store","+ 91  9780920700","Near Bijli Ghar, Chowk Chheharta, Amritsar - 143001"
"K S Tent House","+ 91  8437135660","G T Road, Amritsar - 143001, Adda Dadari"
"Arora Dry Fruit House","+ 91  183 2532098","Amritsar - 143001, Majith Mandi"
"Pooja Jewellery","+ 91  9915363425","6/8, Darshni Daudi ,Amritsar, A, Amritsar - 143001, Opp Punjab Sindh Bank"
"Wasti Ram Surinder Pal Bhatia","+ 91  9780368295","4, Raja Market, Tahli Sahib Bazar, Amritsar - 143001"
"Ram Ji Glass & Plywood Company","+ 91  9876395404","Amritsar - 143001, Chowk Regent Talkies,Katra Sher Singh"
"Bau Ram Goods Carriers","+ 91  9876223360","Vpo. Tung Balla, Majitha Road, Amritsar - 143001"
"Essential Style House For Men","+ 91  9988691337","shop no. 169, shivala road, Amritsar - 143001, near railway fatak"
"Amritsar Glass House","+ 91  183 5063965","Amritsar - 143001, Town Hall"
"Tilak Dupatta House","+ 91  183 2555087","Amritsar - 143001, Shastri Mkt."
"Jaques House","+ 91  183 3202465","45, New Azad Nagar, Amritsar - 143001"
"Sehgal tent & light house","+ 91  9878770666","23, Near Gurudwara wali gali, Amritsar - 143001, Majitha road"
"R S Plywood & Glass House","+ 91  183 2293424","Shop Number 59, Amritsar - 143001, Akali Phoola Singh Market, Shera Vala Gate"
"Amritsar Aluminium House","+ 91  9817151289","Chk Hussianpura, Amritsar - 143001"
"Dhani Ram diwanchand","+ 91  183 2543608","Amritsar - 143001, Bazar SabunianGuru Bazar,Opposite Gokul Market Number 1"
"Hira Boot House","+ 91  183 2292268","Mahna S Road,, Amritsar - 143001"
"Handloom House","+ 91  183 2232642","Amritsar - 143001, Nr. Mohan Mkt."
"D.M.Ware House","+ 91  183 2401060","Amritsar,, Amritsar - 143001"
"Temple City Guest House","+ 91  183 2533555","188, Amritsar - 143001, Near Jallian Wala Bagh"
"chaman guest house","+ 91  8283957779","Amritsar - 143001"
"Guru Ram DAS Kheti Store","+ 91  9914048580","Amritsar - 143001"
"Sokhi Furniture House","+ 91  183 2484983","S W Road, Amritsar, Amritsar - 143001"
"Kansi Ram Sweets","+ 91  9988685514","Amritsar - 143001, Chowk Farid"
"Mani Guest House","+ 91  183 2553748","Chowk Karori, Ramsar Road, Amritsar - 143001"
"Chandan Furniture House","+ 91  9463169950","58/9 Court Road ,, Gagar Road, Amritsar,, Amritsar - 143001, Near Railway Gate"
"Sukhdev Tractor House","+ 91  183 5005699","Shop Number 3,4, Chamrang Road, Amritsar - 143001, Near Statue Jassa Singh"
"SHARMA TAILOLRS AND PAGRI HOUSE","+ 91  183 2564124","Queens road, Amritsar - 143001, Opp PNB"
"Shammi Electric House","+ 91  9814146616","shop no 210 b, Queens Road, Amritsar - 143001, near sant foot wear"
"Rrodo Cool House Products","+ 91  9888924583","109, Mall Road, Joshi Nagar, Amritsar - 143001, Near Joshi Colony Opposite Company Garden"
"shri ram chander shri krishan ...","+ 91  8968444418","cooper road, Amritsar - 143001, opp giani tea stall"
"HOTEL SOFIA GUEST HOUSE","+ 91  183 6942887","119, Amritsar - 143001, Goal Bagh , Opposite Reailway Station, Narain Nagar,"
"Shree Ram Chander Shree Krisha...","+ 91  183 2222021","9855203393, Cooper Road, Amritsar - 143001"
"Gift house","+ 91  9888205264","Sh no 10, M.m malviya road, Amritsar - 143001"
"Ram tent & light house","+ 91  9814195335","Shop no :10, Maqbool road, Amritsar - 143001, Opp custom house"
"New Bharat Furniture House","+ 91  9888682088","Court Road, Amritsar - 143001, opp railway foot bridge"
"punjab furniture house","+ 91  9501138530","katra sher singh market, Katra Sher Singh, Amritsar - 143006, near chowk regent cinema"
"Swwet house","+ 91  9888997474","cooper road, Amritsar - 143001, near crystal"
"Saini Sweet house","+ 91  9888998262","Copper Road, Amritsar - 143001, Near crystal chowk"
"Royal Luggage House","+ 91  9464226357","Shop No 21, Pink Plaza Market Amritsar, Amritsar - 143001"
"Roof A House Of Footwear","+ 91  9357357221","A -24, Pink Plaza Market Amritsar, Amritsar - 143001"
"ORRA Fine Jewellery","+ 91  9316788555","10,Ground Floor,, Eminent Mall Mall Road,, Amritsar - 143001, Near Complex"
"Nathu Ram Kaushik","+ 91  9814150499","Chamber No-12-C, District Court, AMRITSAR - 143001"
"Ram Prakash Arora","+ 91  9855253261","Chamber No-88-A, District Court, AMRITSAR - 143001"
"Ram Lubhaya Subhash Chander","+ 91  183 5099672","Pink Plaza, Amritsar - 143001, Katra Kanhaiyan Amrit Cinema, Near Chamde Wala Bazar"
"Sharma tent house","+ 91  9855670595","Nawankot, Amritsar - 143001, Opp.ramlila ground"
"Padia Cloth House","+ 91  9888875486","Pink Plaza Market, Amritsar, Amritsar Road, Amritsar - 143001"
"Ram Telecom","+ 91  8146330030","Bhandari bridge road, Amritsar - 143001, O/s hall gate"
"Ram Lubaia Seed Store","+ 91  9876102829","R. L. Sabji Mandi, outside hall bazar, Hall Bazar, Amritsar - 143001, opp hall bazar"
"BOBBY DUPPATA HOUSE","+ 91  9464995053","model town, Amritsar - 143001, near mata mandir"
"Shri Khrati Ram & Sons","+ 91  9417508980","Pink Plaza Market, Amritsar, Amritsar Road, Amritsar - 143001"
"Buta Ram & sons","+ 91  183 2551205","Ram Bagh, Amritsar - 143001, Bazar Ram Bagh"
"Ram Dhan","+ 91  9888827490","Kot Atma Singh Road, Gali No.1, Panni Wali Tanki, Ram Bagh, Amritsar - 143001, Opp. Bus Stand"
"Honey fish house","+ 91  9501394472","outside hall gate, Amritsar - 143001, opposite Ravidas mandir"
"RAJESH CLOTH HOUSE","+ 91  9464115373","Gurdev market model town, Amritsar - 143001, near mata mandir"
"BAG HOUSE","+ 91  9872297444","Model town, Rani Ka Bagh, Amritsar - 143001, Near mata ka mandir"
"RICKY MOTORCYCLE HOUSE","+ 91  9876266050","Hall bazar market, dav college market, Amritsar - 143001, opp power house"
"Kundra Motor Cycle House","+ 91  9914197627","SHOP NO-7, Daya market, Amritsar Bus Stand, Amritsar - 143001, Near hide market"
"Patti ram pan shop","+ 91  9888991864","rani ka bagh, Amritsar Kutchery, Amritsar - 143001, near mata mandir"
"BR stitching house","+ 91  9915893777","gali number 2, model town, Amritsar - 143001, near Bombay Shop"
"Ram Saran Dass Om Parkash Saraf","+ 91  183 2558817","Chaurasti Attari Chowk, Amritsar Bus Stand, Amritsar - 143001, Near Gurudawara"
"gagan Furniture House","+ 91  9463428441","Main bazar, navi Gali, Katra Sher Singh, Amritsar - 143006, near Subhash Juice Bar,Hall Bazar"
"L Ram Shah Gurdial Mal Mahajan","+ 91  183 2541749","Chitra Talkies Road, Amritsar - 143001, Near Hall Gate"
"Mohan Spray Pump House","+ 91  8427067066","Shop No 18, Chitra Talkies Road, Amritsar - 143001"
"Dhani ram durga dass jewellary...","+ 91  183 2221641","15, Ground floor, Lawrence road, Amritsar - 143001, Nehru complex"
"SHEERAS CRYSTAL HOUSE","+ 91  9814650634","SHOP NO 13 FF, Nehru complex, Lawrence Road, Amritsar - 143001, Near novelty"
"Atul Trading House","+ 91  183 5050370","Plot-No-12, Street No- 4a/1, Vijay Nagar, Amritsar - 143001, Backside Sangam Automobiles"
"SIYA RAM ENTERPRISES","+ 91  183 5019086","Hall bazar, Hall bazar road, Hall Bazar, Amritsar - 143001, Opp airtel office"
"Vasu Flower House","+ 91  7837895922","Outside Hathi Gate, Hathi Gate, Amritsar - 143001, Near Amrit Automobile"
"CHAWLA LIGHT HOUSE","+ 91  183 2226085","SHOP NO 8 ground, Nehru complex, Lawrence Road, Amritsar - 143001, Near surjit hotel"
"Shree Glass House","+ 91  9988624506","Amritsar - 143001, Opposite Regent Cinema, Gian Halwai Market, Katra Shersingh Main City"
"Ashish Lace House","+ 91  9855221643","Shop no 53 G F, Nehru Shopping Complex, Lawrence Road, Lawrence Road, Amritsar - 143001, Near ritu wears"
"Swami Opera House","+ 91  9815481392","Lawrence Road, Amritsar - 143001"
"Laxmi Narayan Jewellery","+ 91  9316068972","Lawrence Road, Amritsar, Lawrence Road, Amritsar - 143001"
"Naqsh Jewellery","+ 91  183 2566565","5,Jewels Plaza,111, Lawrence Road, Amritsar - 143001"
"shiva surgical house","+ 91  9814235758","katra sher singh, Katra Sher Singh, Amritsar - 143006, near subash park"
"Diagnostic Sales House","+ 91  183 2550216","Shop Number- 59 A, Katra Sher Singh, Amritsar - 143006, Subhash Park, Medicine Market"
"Cheena Music House And Sports","+ 91  9780228186","Katra Sher Singh, Amritsar - 143006"
"Gurpreet Furniture House","+ 91  183 2540343","Furniture market, Katra Sher Singh, Amritsar - 143006, Chowk regent talkies"
"Kala Ram Commission Agent","+ 91  183 2544385","Prem Printing Press, Katra Sher Singh, Amritsar - 143006"
"Shree Ram Medicine Centre","+ 91  183 5015452","Katra Sher Singh, Amritsar - 143006, Shree Ram Medicine Market, Opposite Khanna Surgical"
"Siya Ram Enterprises","+ 91  7508902809","Pultighar, Amritsar, G T Road, Amritsar - 143001"
"KARTAR MOTORCYCLE HOUSE","+ 91  9888241525","MAIN ROAD, Amritsar - 143001, NEAR VALMIKI MANDIR"
"GEHNA AMRITSAR - A House Of Fa...","+ 91  9988221148","C/O Fancy Tent House, Lawrence Road, Lawrence Road, Amritsar - 143001, Opposite Ritu Wears"
"Decent Furniture House","+ 91  9878242815","Furniture Market, Katra Sher Singh, Hall Bazar, Katra Sher Singh, Amritsar - 143006"
"SAI RAM OPTICALS","+ 91  9988035575","SHOP NO 1, INSIDE HATHI GATE, Hall Bazar, Amritsar - 143001, OPP DAV COLLEGE"
"MAHAJAN REFRESHMENT HOUSE","+ 91  183 2541857","533/1, Gandhi Bazar, Amritsar - 143006, Hall Bazar"
"Ram mehandi wala","+ 91  9569940504","lawrence road, Amritsar - 143001, opposite kochar infotech"
"Moti Ram Yash Pal","+ 91  183 2543614","Amritsar - 143001, Fish Market,Hall Bazar"
"om gift house","+ 91  9814404052","hathi gate, Hathi Gate, Amritsar - 143001, dav college"
"Damro roshan house","+ 91  183 5065156","Shop no 8, Lawrence road, Lawrence Road, Amritsar - 143001, Below pizza hut 9914888807"
"Khera Trading House","+ 91  9814053302","Pultighar, G T Road, Amritsar - 143001"
"Rakesh glass house","+ 91  183 2543207","Shop no :5, Amritsar - 143001, Chitra talkies"
"Kiran Glass House","+ 91  183 2545176","katra sher singh,, Katra Sher Singh, Amritsar - 143006, Near Khera College"
"Soni bangle house","+ 91  9872327396","SHOP NO 1, DILAWARI MARKET, Lawrence Road, Amritsar - 143001, Opposite queens couture"
"PUNJAB DRUG HOUSE","+ 91  9417079393","Shop 397/1, Hall bazar road, Hall Bazar, Amritsar - 143001, Near masjid"
"Gupta furniture house","+ 91  8054384451","Ram bagh, Amritsar - 143001, Near suraj travels"
"Liberty House","+ 91  9876332238","Shop no 578 hall bazar, Amritsar, Amritsar - 143001, near congress bhawan"
"GUPTA FURNITURE HOUSE","+ 91  9914436784","Ram bagh market, Ram Bagh, Amritsar - 143001, Near nandan cinema parking"
"National Paint House","+ 91  183 2548266","Golden Temple Road, Katra Sher Singh, Amritsar - 143006, Chowk Farid,Near Khera College, Katra Sher Singh"
"R. K. ElECTRONIC HOUSE","+ 91  9872257861","Ravidas Road, Amritsar - 143001, Hall Bazar,Opp:- Bata Showroom"
"Mahajan Gift House","+ 91  183 2553496","Bazar Kaserian, Bazar Kasera, AMRITSAR - 143001, Near Guru Bazar"
"Arora Drug House","+ 91  183 5011581","Katra Sher Singh, Hall Bazar, Katra Sher Singh, Amritsar - 143006"
"Durga Furniture House","","Plot No. 66, Katra Sher Singh, Katra Sher Singh, Amritsar - 143006"
"BHAWANI GLASS HOUSE","+ 91  9417274998","Chowk katra Sher singh, Katra Sher Singh, Amritsar - 143006, Near kasmiri pandit bhawan"
"Mahajan Dry Fruit House","+ 91  9915481839","main road, Lawerence Road, Amritsar - 143001, Near Dav Public School"
"Bunty Furniture House","+ 91  9855827875","Amritsar, Punjab, Baba Phulla Singh Market, Amritsar - 143001"
"UDHO RAM SWEETS","","Lawrence Road, Amritsar - 143001"
"GURU RAM DAS TRUNK PETTIE HOUSE","+ 91  9915598910","main bazar, inside ram bagh gate, Amritsar - 143001, Ram Bagh Gate"
"New pooja furniture house","+ 91  9888709697","Katra sher singh, Katra Sher Singh, Amritsar - 143006, ,inside medicine market"
"Roshan House","+ 91  183 5056494","8, Lawrence Road, Amritsar - 143001"
"ALUMINIUM HOUSE","+ 91  183 2547795","KATRA SHER SINGH, Katra Sher Singh, Amritsar - 143006, opp.kashmiri pandit bhawan"
"NINDI TENT & LIGHT HOUSE","+ 91  9814024190","MAIN MARKET, ANAND NAGAR, Amritsar - 143001, OPPOSITE DR. VISHNU"
"NEW FIBER HOUSE","+ 91  183 5066384","MAIN ROAD, BATALA ROAD, Amritsar - 143001, OPPOSITE MARUTI SHOWROOM"
"Shri Krishna purse house","+ 91  9878489606","Main bazar, Sunder nagar Batala road, Amritsar - 143001, Opposite radhe sham samosa shop"
"Kapoor cloth house","+ 91  9465982559","Na, Mata kolan devi marak .gopal nagar, Amritsar - 143001, Opp shree krishna dental clinic"
"MUKESH BOOT HOUSE","+ 91  9815232982","KATRA SUFAID, Amritsar - 143001"
"Baba deep singh glass & almuni...","+ 91  9876525848","tarn taran, near buri wala dere,, Sheeda Guru Dwara deep, Amritsar - 143001"
"guru ram das medicos","+ 91  9814607539","Ram tirath road, nikka Singh Colony, Amritsar - 143001, near ashirwad hospital"
"Raju glass & gift house","+ 91  9915348619","Main bazar, GALI no 3 sunder nagar, Amritsar - 143001, Near Kumar nursing home"
"Bakelite House","+ 91  9517417474","gs setelite industries,oppnarayan auto amnegcy, near dhailalo ji nagar, 3/2 gt road aMRITSAR, ALPHAMAN KE PHLE, Amritsar - 143001"
"New Beth tent house","+ 91  9814879779","amritsar road adda khajala, Amritsar Bus Stand, Amritsar - 143001"
"Jasleen cloth house","+ 91  9815948694","Main bazar, Sunder nagar, Amritsar - 143001, Near Kumar nursing home"
"Luthra cloth house","+ 91  8968466161","Main bazar, Near street no 6 sunder nagar, Amritsar - 143001, Near Jawala sweet shop"
"Ram Lal Surinder Kumar","+ 91  183 2581828","1614, Amritsar Bus Stand, Amritsar - 143001, Outside Ghee Mandi"
"Kataria optical house","+ 91  9115827630","Na, Majitha road, Amritsar - 143001, Near eye hospital"
"FANCY LIGHT HOUSE","+ 91  9464230180","Hall bazar, Hall bazar road, Amritsar - 143001, Opp congress bhawan"
"New Sethi Cloth House","+ 91  9781626435","Amritsar - 143001, Chowk Ram Bagh,Near Poilce Chowki"
"Om sai ram electronics","+ 91  9464262678","Hall bazar, Amritsar - 143001, I/s congrass bhawan"
"Kuldeep Boot House","+ 91  7696542400","Pultighar, Amritsar, G T Road, Amritsar - 143001"
"Sai ram electronics","+ 91  9872155062","Shop no 5-6, Mahajan market, hall bazar, Amritsar - 143001, Near congrass bhawan"
"Amish Furniture House","+ 91  183 2542176","Shop No-6-7, G T Road, Amritsar - 143001, Farid Chowk, Katra Sher Singh, Opposite Kashmiri Shivala Mandir"
