"Name","Phone","Address"

"I P Lex Global Services","+ 91  80 33762906",""
"P4 Management Consultants","+ 91  80 33057970",""
"Saai Tqm Solutions","+ 91  80 33059921",""
"N R Naidu And Co","+ 91  80 33762726",""
"Simha And Co","+ 91  80 33762170",""
"Synergy Projects And Busine...","+ 91  9242161638",""
"DreamCity Management India ...","+ 91  80 33674505",""
"Progressive Consulting & Bu...","+ 91  22 24940131",""
"Ttoys Bazar Pvt Ltd","+ 91  141 3304949",""
"Shri Ss Global Ventures","+ 91  422 4359777",""
"Eskay Advisors & Consultants","+ 91  9630045305",""
"Cognizant Technology Solutions...","+ 91  80 66808000",""
"Dell International Services Li...","+ 91  80 28419115",""
"Jones Lang Lasalle","+ 91  80 41182900",""
"HP Globalsoft Ltd","",""
"Adishwar Marketing Ltd.","+ 91  80 25734181",""
"Indianmoney.Com","+ 91  80 67974000",""
"Indus Entrepreneurs","+ 91  80 41474567",""
"Time Analytic & Shared Service...","+ 91  80 71057100",""
"Crossdomain Solutions Private ...","+ 91  80 22122774",""
"Headstrong Services India Pvt Ltd","+ 91  80 41981000",""
"Yaccess Inc","+ 91  80 40923028",""
"Indo Japan Chamber Of Commerce...","+ 91  80 26580466",""
"Frost & Sullivan","+ 91  80 61606666",""
"Ascendas Services India Pvt Ltd","+ 91  80 41880000",""
"Franchise India Brands Ltd","+ 91  80 65691423",""
"Enzen Global Solutions Pvt Ltd","+ 91  80 67123002",""
"Source Technologi","+ 91  9880116457",""
"Bni Advantage Network","+ 91  80 41425024",""
"Radiant Infosystems Pvt Ltd","+ 91  80 26767702",""
"Levtech Consulting Services In...","+ 91  80 41104242",""
"Medverve Health Care Pvt Ltd","",""
"Holiday Village","+ 91  80 26635263",""
"The Associates","+ 91  80 22250217",""
"Realbridge Consulting PVT.LTD","+ 91  80 41217608",""
"Facilities & Building Solution...","",""
"Mott Macdonald","+ 91  80 39973548",""
"RR Investor Capital Services P...","+ 91  80 42477177",""
"Singhania & Co Llp","+ 91  80 25588763",""
"Hyline Management Services","+ 91  80 32927901",""
"Sparkle Minds","+ 91  80 22267017",""
"Weconnect International","+ 91  9845026251",""
"J S M Corporation PVT LTD","+ 91  9980472688",""
"Leadership Stage Kalaanantarup...","+ 91  80 23658283",""
"TGC Consulting","",""
"Digital Age Strategies Pvt Ltd","+ 91  80 26485148",""
"Drusti Opticals","",""
"Projects Today","+ 91  80 41485223",""
"Prashaste Business Consulting","+ 91  9611619647",""
"Talent Management Labs","+ 91  80 41697994",""
"Indian School Of Business","+ 91  80 25454890",""
"Vinprotec Business Solutions","",""
"A & S Hrd Consultants","",""
"Zenopsys IT Consulting-Outsour...","+ 91  80 42043594",""
"Arco Business Solutions","+ 91  80 40975040",""
"Basaveshwara Opticians","+ 91  80 69566877",""
"Ever Been Digital Studio","+ 91  9241055187",""
"Kin Advisors","",""
"Moonbeam Advisory PVT LTD","+ 91  80 41900287",""
"Strategic Management Consultants","+ 91  80 22117784",""
"23 Carat","+ 91  80 22533252",""
"Maplecode Consulting Pvt Ltd","+ 91  9663308226",""
"Feedback Business Consulting S...","+ 91  80 40623801",""
"Kvp Business Solutions","+ 91  80 40871908",""
"Dynamo Info Technologies Pvt Ltd","+ 91  80 65700223",""
"Alliance Consulting","+ 91  80 41158580",""
"Brigade Business Suites","",""
"Jeevan Joythi Institute","+ 91  80 31855060",""
"Roman Tele-Link Services","+ 91  80 25485336",""
"Amitabh Banquets","+ 91  80 23849558",""
"Basila Consultancy","+ 91  9945624523",""
"Activecubes Solution India Pvt...","+ 91  80 42428800",""
"Innosolv Consultancy Services ...","+ 91  80 25297454",""
"Balaji Enterprises","+ 91  80 25726435",""
"Vision Business Solutions","+ 91  80 26603913",""
"Flamencotech India Pvt. Ltd.","+ 91  8025633803",""
"Allegianz Solutions Pvt Ltd","+ 91  9880062772",""
"Fortune Plus Business Solution...","+ 91  8197210389",""
"G7 Synergon","+ 91  80 22172700",""
"Adishwar Marketing Ltd","+ 91  80 25615741",""
"1 800 Xchange","+ 91  9886178070",""
"Foresee Pvt Ltd","+ 91  9742335535",""
"Axis Bank Ltd","+ 91  80 27282345",""
"Kinapse India","+ 91  80 45370000",""
"Alphine Infotech","+ 91  80 22298281",""
"Spiritus Consulting Pvt Ltd","+ 91  80 26705505",""
"Data Logic (India) Pvt Ltd","+ 91  80 25584440",""
"Allied Digital Services Privat...","+ 91  80 26678835",""
"Intouch Analytics Pvt Ltd","+ 91  80 41203972",""
"Synergy Projects And Business ...","+ 91  9242161638",""
"Oracle India Private Limited","",""
"SIMPRO Business Solutions Pvt....","+ 91  9945979981",""
"Learn And Earn Daily","+ 91  9060018007",""
"Foretell Business Solutions Pv...","+ 91  80 25276152",""
"1 Enterprise","",""
"Mannar Business House","+ 91  8023116595",""
"Means 2 End Consulting Pvt Ltd","+ 91  80 41273512",""
"5 N Buisness Consultants","+ 91  9448029230",""
"John Joseph & Mathew","+ 91  80 23331785",""
"The Second Gear MBA For Non MBAs","+ 91  9036292123",""
"Biz Impact Knowledge Services","+ 91  80 65705354",""
"Elite Services","+ 91  9743334575",""
"Kropex India Ltd","+ 91  80 25731241",""
"Affordable Business Solutions ...","+ 91  80 42457457",""
"Data ORG","+ 91  9535101333",""
"bee group","+ 91  9900885335",""
"A K Chhajer & Company","+ 91  80 25586262",""
"Feedback Marketing Services PV...","+ 91  80 25550593",""
"Reftree Solutions Pvt Ltd","+ 91  80 25300866",""
"B.A.Rahman","+ 91  80 25002289",""
"Stratburg Market Research & Co...","+ 91  80 42778000",""
"Rhem India","+ 91  80 40927605",""
"My Business Counsellor","+ 91  9611257363",""
"Dechen Enterprises Pvt Ltd","+ 91  80 42740000",""
"Reliance Jeevan Seva","+ 91  9743157718",""
"Prequate Consultants","+ 91  80 22225040",""
"Confianzys Consulting Pvt Ltd","+ 91  80 40847500",""
"Maitre Business Solutions","+ 91  80 41692456",""
"Triple a Securities PVT LTD","+ 91  80 23567591",""
"Ijc Trade India Pvt Ltd","+ 91  9900604304",""
"Adishwar Marketing Ltd","+ 91  80 23124439",""
"Surlin Consultants Private Lim...","+ 91  80 65708480",""
"Value Vision Consultants Priva...","+ 91  80 42043923",""
"Fortune Business Centre","+ 91  80 23434776",""
"Franchise Expert","+ 91  9901455533",""
"K V Associates","+ 91  80 22420004",""
"NSM Consultant","+ 91  9880073218",""
"ks madhavan & asso","+ 91  9008458533",""
"Collabrant Incubators Pvt Ltd","+ 91  80 41144420",""
"Ishanvi Technologies","+ 91  80 40526505",""
"Helicon Consulting","+ 91  80 41161902",""
"BEST Opticals","+ 91  80 32918225",""
"Galaxy Overseas Consultancy","+ 91  8880310444",""
"B P Lokesh","+ 91  80 23509465",""
"Spread Education & Consulting ...","+ 91  80 40844701",""
"Example Consulting Group","+ 91  80 41281482",""
"Gpee Merchants Finance Co","+ 91  80 25807858",""
"Vision India Inc","+ 91  80 26620373",""
"Pawan Commercial Service","+ 91  80 22259494",""
"Astri Sales & Services Pvt Ltd","+ 91  80 41254202",""
"Embedent System Consultant","+ 91  80 23442130",""
"Solaron Sustainability Service...","+ 91  80 41203449",""
"Liqvid & Franchisense","+ 91  80 41550891",""
"Maruthi Quality Management Ser...","+ 91  80 26656109",""
"Tathasthu Technologies Pvt Ltd","+ 91  80 41714826",""
"Metis Erc India Pvt Ltd","+ 91  80 32527722",""
"Soatech Solution Pvt Ltd","+ 91  80 40494545",""
"Maleshaa Business And Market C...","+ 91  80 67935864",""
"Innoversant Solutions Pvt Ltd","+ 91  80 64516669",""
"A Gate Technology","+ 91  9535109981",""
"Abhishtha","+ 91  80 65709570",""
"Beyond Blue","+ 91  80 41742131",""
"Oncallservices.In","+ 91  8867673470",""
"RCM Buisness","+ 91  9341485022",""
"Horns Business Solutions Pvt Ltd","+ 91  80 64511645",""
"Herbalife Authorised Distribut...","+ 91  9844070164",""
"Catalyst Management Services P...","+ 91  80 23419616",""
"Auriel Global Consulting Pvt Ltd","+ 91  80 69999284",""
"Anovaa Engineering Solutions P...","+ 91  9731387296",""
"Al-Fouzaan","+ 91  80 23354084",""
"SMERGERS","+ 91  9972884848",""
"SUMAN & SINHA","+ 91  80 41539169",""
"IndigoEdge Management Consulta...","+ 91  80 26656616",""
"Inocorp Marketing PVT LTD","+ 91  9036113162",""
"Sun Accuracy Out Solution","+ 91  7411113050",""
"Affodell","+ 91  9901944331",""
"Samarat Marketing Pvt Ltd","+ 91  80 41142235",""
"SKNJ & Co","+ 91  80 22111180",""
"I J Consultant","+ 91  9902261062",""
"Benchmark Business Consultants","+ 91  80 25327751",""
"Greenwich Property Consultants","+ 91  80 41131424",""
"Institute Of Franchise Architects","+ 91  80 41164084",""
"Narayan & Co","+ 91  80 22424160",""
"Alfa Business Solutions","+ 91  7829336523",""
"Padmanabha &Co.","+ 91  9880710825",""
"Jrg Business Investment Consul...","+ 91  9663308395",""
"Shinin Business Advisory Services","+ 91  9986037693",""
"Marque Retail Consulting India...","+ 91  80 41739975",""
"T M I India","+ 91  80 32966969",""
"E 2 E People Practices Pvt Ltd","+ 91  80 41712722",""
"Pathi Consultants","+ 91  9901369700",""
"Global Business Solutions","+ 91  9901076223",""
"Sennall Consultancy","+ 91  9972500754",""
"Virat Consulting","+ 91  80 41490390",""
"The Micronutrient Intiative","+ 91  9448052975",""
"Bangalore International Groups","+ 91  9632778576",""
"Breakthrough Venture Consulting","+ 91  9731528973",""
"Agiwal P & Associates","+ 91  80 23305070",""
"R Prabhakar","+ 91  80 23431479",""
"Naik Adworks","",""
"Thrilliant tech","+ 91  80 41270581",""
"Sri Manjunatha Enterprises","+ 91  80 26699742",""
"BIZ Connect Management Consulting","+ 91  9480617209",""
"Amblee Consultancy Services","+ 91  9611257363",""
"Rijo Stephen Cletus","+ 91  80 23588391",""
"Health & Wealthy Home","+ 91  80 23413458",""
"Prakash Rao N","+ 91  80 23412425",""
"Nagesh & Associates","+ 91  80 25745315",""
"Future Media","+ 91  80 23413458",""
"Mkay Innovative Solutions","+ 91  80 65703653",""
"I Group","+ 91  80 32488095",""
"Vasp Inc","+ 91  80 32470071",""
"Ideas India Consultancy Inc","+ 91  9740615014",""
"Mymilestogo.com","+ 91  9538882533",""
"Sri Siddeswara Management Systems","+ 91  80 33082547",""
"Creative Career Innovations LLP","+ 91  80 40927278",""
"Manzar","+ 91  80 40292656",""
"Ashiq","+ 91  80 67275033",""
"Anushka Business Consulting","+ 91  80 32719076",""
"Synergie Precision","+ 91  80 42180030",""
"Out Sourced Cfo & Business Adv...","+ 91  80 40300610",""
"Redmain Group","+ 91  8086610111",""
"BRANDHORIZON","+ 91  80 67590499",""
"Strapp Business Solutions","+ 91  80 51127654",""
"Wilson Consultants","+ 91  9886821517",""
"Jubrawn","+ 91  8884861188",""
"Amarnath Kamath & Associates","+ 91  80 25589400",""
"Ceasefire","+ 91  80 41128926",""
"Asiaadata","+ 91  80 25727383",""
"Time To Dial","+ 91  9513195131",""
"Srujana Unlimited","+ 91  9731543243",""
"Win Win Networks Ltd","+ 91  80 22246574",""
"Paramount Business Services","+ 91  80 25594816",""
"Sky Search","+ 91  80 51122511",""
"Software Service Support & Edu...","+ 91  80 22276538",""
"Three D Network Private Limited","+ 91  80 22121411",""
"Srisha Services","+ 91  80 22226879",""
"Dadapeer & Co","+ 91  9880965875",""
"Sapient Consulting Private Lim...","+ 91  80 51248521",""
"Conybio Healthcare India Eagles","",""
"CAREER DEVELOPER","+ 91  9241118112",""
"Raghu A R","+ 91  80 23531405",""
"Shyamala Sushma","+ 91  9341932014",""
"Mahesh/Anu","+ 91  9242111254",""
"Anasuya Bhushan","+ 91  80 66953914",""
"Attract Fortune","",""
"Srishti School Of Business","+ 91  80 26669532",""
"Accounting Software For Apartm...","+ 91  9980868550",""
"Corpex Solutions","+ 91  80 41715690",""
"Krishaweb","+ 91  9978066612",""
"Invendes","+ 91  9964279183",""
"Singlus Marketing Services Pri...","+ 91  80 41217047",""
"Link Communications","+ 91  80 23333933",""
"Quantument","+ 91  9845455627",""
"Eastern Software Systems Pvt Ltd","+ 91  9845002674",""
"Monotech Systems Limited","+ 91  7569714222",""
"D J Rebello & Associates","+ 91  80 56969800",""
"Enrich Your Finances","+ 91  9343746858",""
"Foxvall","+ 91  80 90198398",""
"I Mancon Solution","",""
"Artha Business Solutions","+ 91  9886645514",""
"C Ahead Info Technologies","+ 91  80 41828888",""
"Kayem Executive Chamber","+ 91  80 51128977",""
"Fourbay Solutions","+ 91  80 41207415",""
"Capital Projects","+ 91  80 25360515",""
"Agarwal And Jain","+ 91  80 42156808",""
"AD Infotech","+ 91  7483086739",""
"Total Solutions","+ 91  80 51207119",""
"Nison Consultants Pvt Ltd","+ 91  9342992215",""
"Kittyzoonz Group Of Companies","+ 91  9242055591",""
"B K Rakshekhar & Company","+ 91  80 22235039",""
"I Square Consultancy","+ 91  9590262347",""
"Japanese interpreter","+ 91  9036002333",""
"Iprinn","+ 91  80 41207989",""
"Navya Keerthi Pvt Ltd","+ 91  9591354160",""
"Extreme Enterprises","+ 91  80 26569066",""
"Max Power","+ 91  80 42170444",""
"L T G Consults","+ 91  9731984178",""
"Abhiman Optical Works","+ 91  80 22259796",""
"City Optical Centre","+ 91  80 22875715",""
"Marudher ink","+ 91  80 41120264",""
"Triplem Consultants PVT LTD","+ 91  80 22203997",""
"A.S Opticians","+ 91  80 41516898",""
"Sparkle Minds","+ 91  11 22267017",""
"Bhoomi Ads","+ 91  80 42035447",""
"Svagath Capital Market Service...","+ 91  80 22386100",""
"Essilor Srf Optics Limited","+ 91  80 22386931",""
"Spurthi Group","+ 91  80 23465084",""
"Vanaloy Infotech Pvt Ltd","+ 91  80 41531228",""
"Sree Mookambika Project & Fina...","+ 91  7760832116",""
"Technobind Solutions PVT LTD","+ 91  80 42035547",""
"Alchemy Consulting","",""
"Strateforward Marketing Consul...","+ 91  80 43343999",""
"P Dilip Kumar & Associates","+ 91  80 41219056",""
"Legal Maxims","+ 91  9739011356",""
"Cambridge Opto World","+ 91  80 25563301",""
"HTCORPS","+ 91  7204368120",""
"Dhariwal & Sreenivas","+ 91  80 42479333",""
"People Lynx Hrm Solution","+ 91  9886618093",""
"Maha Jyothi Consultancy Services","+ 91  80 26604328",""
"Ontrac","+ 91  9886740284",""
"Communication Point","+ 91  80 25091234",""
"Sobis Solution For Business","+ 91  9845206251",""
"Oz Capita","+ 91  9845023380",""
"Murthy Consultants","+ 91  80 23465662",""
"Kva Enterprises","+ 91  80 23366207",""
"South India Enterprises","",""
"Kmi Buisness Technologies Pvt....","+ 91  9886791163",""
"I G E India Limited","+ 91  80 25270846",""
"Paramount Business Centre","+ 91  80 25598171",""
"Beyond Blue","+ 91  80 45777200",""
"Wondergenie Consulting","+ 91  8308219238",""
"Gherzi Eastern Limited","+ 91  80 41464023",""
"Perfect Powertech","+ 91  8892243586",""
"Cambridge Solutions Limited","+ 91  80 23512194",""
"Zsr Consulting","+ 91  8861083299",""
"Ven Consulting India Pvt Ltd","+ 91  80 67726800",""
"Covalenz","+ 91  9890384702",""
"The Focus","+ 91  9535277638",""
"Globees Solutions","",""
"Eyesense Opticians","+ 91  80 25504808",""
"Sujith Bees Knees","+ 91  80 41252428",""
"Focus Adventure India Pvt Ltd","+ 91  80 44046835",""
"GRP Group","+ 91  8888809912",""
"Nascent Group Of Companies","+ 91  9620412781",""
"L V Business Centre","+ 91  80 23360737",""
"Banyan Strategic Services Pvt Ltd","",""
"Phoenix Login Solutions Privat...","+ 91  80 26637669",""
"B N Balakrishna & Company","+ 91  80 26555939",""
"Boswale Consultants","",""
"S K International","+ 91  80 25521727",""
"Hashim Albadri","+ 91  80 23532127",""
"Rapid GPRS","+ 91  80 41145796",""
"Franchise Expert","+ 91  9901455533",""
"Stratycon Business Solutions P...","+ 91  80 65466076",""
"Ibo Consultant","",""
"Add To","+ 91  9972036375",""
"Swizcom Consultancy Services I...","+ 91  80 40947913",""
"Human Endeavour","+ 91  80 65617000",""
"Idea Brahma","+ 91  80 26581530",""
"Evolution Corporate Solutions","+ 91  80 22429540",""
"Pankaj Kumar","+ 91  9342474095",""
"Mysoft International Ltd","",""
"Origene","+ 91  80 32748910",""
"Source Hub India Private Limited","+ 91  80 51138190",""
"Globe Link","+ 91  80 25530891",""
"Acacia Software Incorporation","+ 91  80 22552053",""
"Arun Opticals","+ 91  80 27141262",""
"Rkeytekt","+ 91  9241622932",""
"Techtrix Solution","+ 91  9844372809",""
"Sagacious Software","+ 91  80 40927796",""
"NVP And Co","+ 91  9901292335",""
"Qatalys Software Technologies ...","+ 91  80 41256703",""
"Balaji Opticals","+ 91  9880621435",""
"Chk Electroniks Private Limited","+ 91  80 25285886",""
"Levtech consulting services In...","+ 91  80 41229072",""
"Grobiz Consulting","+ 91  80 22444755",""
"SUNDEEP & ASSOCIATES","+ 91  80 23185428",""
"Karavel Consulting Pvt Ltd","+ 91  80 41571672",""
"Proffessional Management Acade...","+ 91  80 41229696",""
"SMARTQ","+ 91  9739319614",""
"Office Management Services PVT...","+ 91  80 26612494",""
"Engineers & Engineers","+ 91  9845066201",""
"Inow","+ 91  9019051747",""
"Greenearth","",""
"Town House Consultant","+ 91  9845021124",""
"Dayaa Professional Services","+ 91  80 22447155",""
"Dharanis Manpower Solutions","+ 91  9986021290",""
"Ananda Opticals","+ 91  9900235778",""
"Eye Zone Apticals","+ 91  9972071294",""
"Nasreen Siraj","",""
"Centre IT Solutions","+ 91  80 66475909",""
"ABC Business Solutions","+ 91  80 23154535",""
"Dactyl Retail Consultancy","+ 91  80 41624093",""
"Rohini & Sridhar Khot","+ 91  80 23131237",""
"Innovative Business School","+ 91  9945208386",""
"Olivesys Technologies Private ...","+ 91  80 40911159",""
"Srinidhi Associates","+ 91  8147316319",""
"Intrigo Systems India Private ...","+ 91  9986792789",""
"Touch Sky Management Services","+ 91  9739085227",""
"A.K.M. Auto Cosultants","+ 91  9448040071",""
"Nthsense Business Consultants","+ 91  80 23325371",""
"First Commercial Corporation","+ 91  80 30934784",""
"Anirruddha Consultants","+ 91  80 26712177",""
"Financial Advisor","+ 91  9916923964",""
"denovo brand consulting","+ 91  9740166158",""
"Agile Lean Business Solutions","+ 91  9945007139",""
"Eyeland Opticals","+ 91  9900617327",""
"Principal Consulting Group","+ 91  80 41305249",""
"Benaka Business Consultancy","+ 91  80 65791826",""
"Riaz M","+ 91  80 26683888",""
"Cue Management Consultants","+ 91  9902109491",""
"Harshavardhan","+ 91  9845100914",""
"Bhauna Optical","+ 91  9945322634",""
"Bindhu Optical","+ 91  9980492856",""
"FLP Aloevera Gel","+ 91  9945634343",""
"Yindusoft Technologies I PVT LTD","+ 91  80 26530866",""
"Srinivas (Free Lancer)","+ 91  9980472109",""
"City Optical","+ 91  9341105110",""
"Diac Services","+ 91  80 41645142",""
"Business Proposal For BPO Project","+ 91  8095296336",""
"W & Socius Consultancy Services","+ 91  7558043437",""
"Freedom Group Of Company","+ 91  9845273313",""
"TrueNature Learning & Development","+ 91  7760596873",""
"Rajasthan Brothers","+ 91  80 66692196",""
"Basaweshwaraj Opticals","+ 91  80 41297967",""
"Tulsiyaan Ideas","+ 91  80 41489334",""
"Daksha Info Services Limited","+ 91  80 41244005",""
"Customer Base Solutions","+ 91  80 41533991",""
"Perfect Care Solutions","+ 91  80 65707541",""
"ATS Technologies","+ 91  80 23301987",""
"Biotek Solutions Pvt Ltd","+ 91  80 23634737",""
"Aiswarya BPO Consultancy Services","+ 91  80 26420521",""
"Baswaraj Bangalore (Business C...","+ 91  9632920392",""
"Gunn N Moor","+ 91  9448146737",""
"International Inc","+ 91  9342816169",""
"Fantastic Destination","+ 91  80 26694809",""
"P N Satyaprakash Upadhya","+ 91  80 23507739",""
"Surlin Consultants Private Lim...","+ 91  80 65708486",""
"City Opticians","+ 91  9902002963",""
"Steelmann Company","+ 91  80 23217413",""
"Sinelogix Technologies","",""
"I M O Communications Pvt Ltd","+ 91  80 25735335",""
"Proactive Business Solution","+ 91  80 23437873",""
"Finaacco Business Support Serv...","+ 91  80 23558855",""
"Eye World","",""
"Family Opticals","+ 91  9242536452",""
"Eye Vision","+ 91  80 25464310",""
"S B C Business Solution","+ 91  80 32947782",""
"Artha V Partners","+ 91  9611153981",""
"Bangalore Infotech","+ 91  9886596579",""
"DAC Intl","+ 91  80 26720698",""
"Samuthana Consultancoaching LLP","+ 91  80 49565873",""
"Palani Murthy","+ 91  8123823174",""
"V S Prudence Advisors Pvt Ltd","+ 91  80 25430118",""
"Souvenir Corporate Advisory Ne...","+ 91  80 25234411",""
"Chalam Ravi & Co","+ 91  80 26394409",""
"Nash Kay","+ 91  7760643532",""
"Advisors","+ 91  80 23598544",""
"Inco Trade Business Solutions ...","+ 91  80 25460710",""
"Fast Lane","",""
"AK Associates","+ 91  9741299450",""
"HR Grande","+ 91  80 65836088",""
"Bizhoops","+ 91  7259257552",""
"V Krishnan And Co","+ 91  9940580649",""
"Sicon Industrial Consulstants","+ 91  80 23546067",""
"Prabha Enterprises","+ 91  80 25324084",""
"banking service","+ 91  8050600517",""
"Buz solutions","+ 91  9986002180",""
"Asad Chaturvedi","+ 91  9845031340",""
"Numeropath","+ 91  9538695141",""
"Abhas Infrastructure (P) Ltd","+ 91  8553030108",""
"Des Con Ventures","+ 91  80 49538035",""
"Lynkxuzx","+ 91  9611533500",""
"Sujatha Business Services","+ 91  80 23518385",""
"Nu Horizon Of Data Technologies","+ 91  80 23514074",""
"Care Of Optical Corner","+ 91  9448610260",""
"M/S Saraswathi Industrial Serv...","+ 91  9845043202",""
"BSN And Co","+ 91  80 23488585",""
"Loosers Can Winners","+ 91  7676288775",""
"Unik Glory","+ 91  9886367113",""
"PKS Management Consultants","+ 91  9741194285",""
"Shri SAI Lakshmi Home Trendz","+ 91  9739357569",""
"Total Business Solutions","+ 91  80 40867039",""
"Blueline India Consulting","+ 91  9749471386",""
"Zunam Marketing","+ 91  9008614864",""
"Bhoomika Optical","+ 91  9844520770",""
"Innovative Business Group","+ 91  9886612571",""
"Lingaiah & Co.,","+ 91  9845529959",""
"Clear Vision","+ 91  9345628210",""
"SME & Startup Business Consultant","+ 91  9945144567",""
"Solus Software & Systems PVT LTD","+ 91  80 42336666",""
"Global Consultants Inc","+ 91  9019368484",""
"Srinath","+ 91  9740989266",""
"Prione Business Services Pvt Ltd","",""
"Nalam Consultants","+ 91  9900934233",""
"Desai Rr","+ 91  80 23330453",""
"Brinda Associates","+ 91  8553861268",""
"Priya Srinivas","+ 91  80 65713277",""
"Pen & Ink Consulting Services","+ 91  80 42057414",""
"HR3E","+ 91  80 41159685",""
"Mani M","+ 91  9342673940",""
"Hiran Consultancy","",""
"Pamidi Techno Services","+ 91  80 23282480",""
"G.K.Consulting","+ 91  9482138961",""
"Vemuri Espousal Pvt Ltd","+ 91  80 41177707",""
"Hanu Consultants","+ 91  80 23504410",""
"JB CORPORATE CONSULTANTS","+ 91  9341331551",""
"DSKP ADVISORIES PVT LTD","+ 91  8453220609",""
"Pritha Venkatesh","+ 91  80 26583240",""
"Perfect Consultancy Services","+ 91  80 64553545",""
"BS Opticals","",""
"Planetroofs","+ 91  80 31825550",""
"Rajesh Shethia Consultants Pvt...","+ 91  80 32563396",""
"Crown Retail Solutions","+ 91  9739912747",""
"Colal - India","+ 91  80 51171639",""
"December Creatives","+ 91  9480339807",""
"Carl JAY Optics Pvt. Ltd.","+ 91  80 25536157",""
"Avalana Consultancy","+ 91  80 28460832",""
"R D Management Consultants","+ 91  80 28560725",""
"Bharath Project Consultants","+ 91  8147506181",""
"Pyramid Info Solutions","+ 91  8904835458",""
"Unifylabs Systems Pvt Ltd","",""
"Embitel Technologies (I) Priva...","+ 91  9342124607",""
"Celerix Technologies","+ 91  80 41237320",""
"Koncept","+ 91  9742047177",""
"Adri Technologies Limited","+ 91  80 41533130",""
"Nulogikx Information Services ...","+ 91  80 40600728",""
"Prakruti Creations","+ 91  80 28453788",""
"Business Development India","+ 91  9036017755",""
