"Name","Phone","Address"

"Good Way","+ 91  1882 256518",""
"Paradise Overseas Education...","+ 91  1884 246200",""
"ROYAL STUDY HUB ( An educat...","+ 91  9653932199",""
"Seabird Education & Immigratio...","+ 91  9915155111",""
"Aashadeep group of education","+ 91  1883 249171",""
"Varis Ielts Point","+ 91  1884 280490",""
"Khalsa College","+ 91  9915216074",""
"B School","+ 91  1882 252743",""
"Future Point Edu Tech Pvt LD","+ 91  1882 520052",""
"Enigma Education And Migration...","+ 91  1882 500565",""
"Nood Institute","+ 91  9815404487",""
"C/O Aisect Computer Education","+ 91  9872661218",""
"Gupta Optical Company","+ 91  1882 500167",""
"Sood Medicine Traders","+ 91  1882 500420",""
"Gagan Immigration & Educationa...","+ 91  1882 245937",""
"Masterprep","+ 91  1882 231031",""
"Student Book Bank","+ 91  1882 223501",""
"Trivedi Overseas Education Ser...","+ 91  1882 243817",""
"United Educational Services","+ 91  1882 503588",""
"Pict (PTU Centre)","+ 91  1882 500279",""
"Prince ENT & Education Consultant","+ 91  1882 503033",""
"Edutech Institute of Managemen...","+ 91  1882 520742",""
"Brilliant Student Center","+ 91  1883 285123",""
"ACPL","+ 91  8800447899",""
"A V Career Vision Overseas ...","+ 91  9940669932",""
"NHIS Consultants Private Li...","+ 91  172 5201213",""
"Touchstone Educationals","+ 91  172 5000060",""
"Sai Baba Consultancy","+ 91  9793059991",""
"Emerge Education USA","+ 91  9999411991",""
"Excel Education","+ 91  172 5044581",""
"Times Scholars Gurukul","+ 91  9777441652",""
"Sanjivani Education","+ 91  9214343661",""
"M K Education & Immigration...","+ 91  181 2236293",""
"Bright Future Abroad Studies","+ 91  7206671815",""
"Local Guardian And Educatio...","+ 91  744 2421140",""
"M S RAJU EDUCATION CONSULTA...","+ 91  9739841899",""
"Patel Education Trust","+ 91  2692 290610",""
"St Josephs International Fi...","+ 91  7771877711",""
"The Global Download Links","+ 91  80 41109188",""
"NMC The Intellect Consultancy","+ 91  9530065111",""
"Broadway Immigration Services","+ 91  9041038410",""
"Make My Future Career Guida...","+ 91  8963897045",""
"Educatter","+ 91  7373333916",""
"Innovative Hr Solution","+ 91  9825830563",""
"Alpha Mary International Ad...","+ 91  471 2341111",""
"The ambitious overseas educ...","+ 91  9860482690",""
"Panache Immigration & Educa...","+ 91  181 4673999",""
"Shri Guru Educational Services","+ 91  9229224499",""
"New Life Education Academy ...","+ 91  8147105980",""
"Global Consultancy","+ 91  294 2494050",""
"British Educare","+ 91  1824 462002",""
"FUTURE CAREER","+ 91  8811005068",""
"Balaji Educational Society","+ 91  326 6555509",""
"Global Focus Education Group","+ 91  674 2546500",""
"Brain Excel","+ 91  9111960006",""
"Dronacharya Group","+ 91  9001099110",""
"Valmiki Foreign Education","+ 91  9373705454",""
"Career Engine","+ 91  7387577770",""
"Indian Career Consultants","+ 91  9314282444",""
"Kanasu Groups","+ 91  8884793959",""
"Rusasia Pvt. Ltd.","+ 91  657 2422216",""
