"Name","Phone","Address"

"Finance Way","+ 91  9501536783","8, wakila bazar, redcross market, Hoshiarpur - 146001, opp bsnl telephone exchnge"
"Reliance Manpower Services","+ 91  1882 222624","Sood And SUD Building, Ground Floor, Court Road, Hoshiarpur - 146001"
"Klassic Travels","+ 91  1882 503952","Hoshiarpur - 146001, Near Purana Mahailpur Adda"
"Woodlands Overseas School","+ 91  1882 276971","71-L, Model Town, Hoshiarpur - 146001"
"Star Career Group","+ 91  22 40127867","18, Eastern Chembers, 2nd floor,, Pooja Street, 128/A Nandlal Jani Road, Dana Bandar, Mumbai - 400009"
"Business Infotech","+ 91  9589044555","Plot No 32, 1st Floor, Zone 1, M P Nagar, Bhopal - 462011, Behind Batra Hospital"
"D.V Consultancy","+ 91  712 6960267","618, Pushpa Apartment, Kamptee Road, Dr Ambedkar Marg, Nagpur - 440017, Near Indora Square"
"Crest technology","+ 91  8237185135","Shirkh plaza above vidharbha furniture, manish nagar road, Manish Nagar, Nagpur - 440015, infront of kachore lawn"
"gCO of Agriculture departme...","+ 91  7379021104","payagipur, Sultanpur - 228001, near payagipur chowk"
"GRR Consultancy","+ 91  4142 254875","No 1, Spt Main Nagar Vadakuthu, Gandhi Nagar, Neyveli - 607308, Opposite Nlc Arch Gate"
"Dreambolic Associates","+ 91  181 4659111","303 Second Floor Prestige Chamber, Jalandhar City, Jalandhar - 144001, Opposite Narinder Cinema"
"Chougule Marine And Aviatio...","+ 91  233 2305113","Poojari Plot, Anurang Balaji Apartment, Vishrambag, Sangli - 416415, Near State Bank"
"Asia Pacific","+ 91  484 4064431","Jose Brother Building, M G Road, Jos Junction, Ernakulam - 682016, Near Jose Junction"
"ORISSA DOOT CONSULTANTS","+ 91  674 6557773","Plot No-733, Sahid Nagar, Bhubaneshwar - 751007"
"Sks Consultancy","+ 91  471 3199100","Shop No 5 Prs Court, Ambujavilasom Road, Pulimoodu, Thiruvananthapuram - 695001"
