"Name","Phone","Address"

"Jitender Himmat","+ 91  1883 502915",""
"Gram Suvidha Kendra - Baghpur","+ 91  1882 276228",""
"Gram Suvidha Kendre Kot Fatuhi","+ 91  1884 250195",""
"Gulf Consultant","+ 91  1882 271193",""
"Gram Suvidha Kendra - Bahadurp...","+ 91  1882 292801",""
"Choudhary Enterprises","+ 91  1882 520236",""
"Alankit Assignments Ltd","+ 91  1882 502859",""
"Deepak Ent","+ 91  1882 501088",""
"Alankit Assignments Ltd","+ 91  9815961063",""
"Alankit Assignments Ltd","+ 91  1883 289538",""
