"Name","Phone","Address"

"Pal Tour & Travels","+ 91  9888271240","Amritsar - 143001"
"Arjun Tour & Travels","+ 91  9915817004","191/8, Amritsar - 143001, Bazar Bajrang, In Side Lohri Gate"
"Linkan Tour Travels","+ 91  8437979013","G T Raod, Amritsar - 143001, Opposite Ocm Mills"
"Gurdev Singh Tour & Travel","+ 91  8528704813","Pind Udhoke Kalan, Amritsar - 143001"
"Amar Tour & Travels","+ 91  183 2234341","Amritsar - 143001, Nr. Bus Stand"
"Katyal Taxi Stand","+ 91  183 2235038","Railway Road, Amritsar - 143001, Opp. Darshan Auto House"
"Bablu Taxi Stand","+ 91  9872167442","Amritsar - 143001, Opposite Ram DAS Sarai,Golden Temple"
"Harpal Tour & Travel","+ 91  9872316751","Amritsar - 143001, Village Chado Wali, Jatipur"
"Baba Deep Singhji Tour & Travels","+ 91  9855300518","Shop No 16 Baba Deep Singh Market, Amritsar - 143001"
"Baba Deep Singh Tour & Travels","+ 91  9814244156","Amritsar - 143001, Village Naushera, P O Pull Tibri Gurdaspur"
"Vicky Bhal Tour & Travels","+ 91  9988471455","Shivala Bagh Bhaiyan, Batala Road, Petti Wala Bazar, Amritsar - 143001, Parking Of Tieloki Nath Mandir"
"S K Tour & Travels","+ 91  183 2532255","Shop Number 36, Amritsar - 143001, Opposite Railway Station, Goal Bagh Taxi Stand"
"Arman Tour & Travels","+ 91  9779863933","Shop No: 21, Baba Bedhi Chand Market, Amritsar - 143001"
"Vijay Tour & Travel","+ 91  9914888476","Goal bagh, Amritsar - 143001, Opp.railway station"
"Manish Tour & Travels","+ 91  183 2563055","118, Amritsar - 143001, Joshi Colony, Near Market , The Mall"
"Chahal Taxi stand","+ 91  9914266215","Golden temple, Amritsar - 143001, Near baba attar sahib gurdwara"
"behal tours& travels","+ 91  9878044034","17 /1st floor kapoor plaza, quenz road, Amritsar - 143001, near popular bakery"
"Harjass Tour & Travels","+ 91  183 5061609","Shop No-7, Fateh Garh Churian Road, Amritsar - 143001, Near Bajwa Hospital"
"New Sourav Tour & Travels","+ 91  9779813898","Shop No- 45, Amritsar - 143001, Goal Bagh Opposite Railway Station"
"bon voyage tours & travel","+ 91  9592355055","30, Mall Road, Amritsar Kutchery, Amritsar - 143001, Opposite Eminent Mall"
"bon voyage tours & travel","+ 91  9592355055","30, Mall Road, Amritsar Kutchery, Amritsar - 143001, Opposite Eminent Mall"
"Sachdeva Tour & Travel","+ 91  9814716302","3120/9, Bazar Hargobindpura, Near Gate Hakima, Amritsar - 143006, gate hakiman"
"Happy Tour & Travels","+ 91  8196060389","Shop Number 2, Fathegarh Churian Road, Amritsar - 143002, Opposite St Jude School"
"Kuber Tour & Travels","+ 91  9316256742","Shop No 30, Hathi Gate, Amritsar - 143001"
"North King Tour & Travels","+ 91  9988956763","Hotel Ishita Residency Batala Road, Amritsar - 143001, Near Vijay Nagar Police Station"
"Bawa Tour & Travels","+ 91  9914101777","Naraingarh Chowk, Amritsar - 143001"
"Mohini Tour & Travel","+ 91  183 2258071","Deshmesh Avenue, Amritsar - 143001, Near Guru Nanak Dev University"
"CITY TRAVEL AMRITSAR","+ 91  183 5059007","shop no 69, 2nd floor, nehru shopping complex, Lawrence Road, Amritsar - 143001, Nr chaupati restaurant"
"Shri Krishna Tour & Travels","+ 91  183 2534444","Shop Number- 9, Katra Sher Singh, Amritsar - 143006, Super Market, Furniture Bazar, Near Hotel S S Residency, Near Regent Cinema"
"Aarav Tour & Travels","+ 91  8968829475",""
"Amritsar Commerce Education","+ 91  9815193154","2 old jail road, Care of Arora gift and greet, Amritsar - 143001, Ranjit avenue"
"Bhole Bhandari Tour & Travel","+ 91  9217527570","Shop No 22, O/S Hathi Gate, Amritsar - 143001, Opp.Shiv Puri"
"AMRITSAR OVERSEAS EDUCATION CO...","+ 91  183 9814797331","156 PRITAM NAGAR, 100FEET ROAD, Amritsar - 143001, NEAR DEEP BAKERY"
"HARPAL TOUR & TRAVELS (AMRITSAR)","+ 91  183 6059355","157/1 JAI INDER SINGH TRANSPORT NAGAR, Gt Road, Amritsar - 143001, backside bunrah petrol pump"
"Janta Tour & Travels","+ 91  183 2400432","Gt Road, Amritsar - 143001, Rly Station"
"Pawan Tour & Travels","+ 91  9872280873","Railway Rd, Beas, Amritsar - 143201"
"Amritsar Time Centre","+ 91  9872595935","Hall Bazar, Amritsar - 143001"
"Purewell Tour & Travels","+ 91  9814364212","Bhalla Colony, Chheharta, Amritsar - 143105, Near Radha Swami Dera"
"Dhan Dhan Baba Jalan JI Taxi S...","+ 91  9465477743",""
"Amritsar fertilizer agency","+ 91  9815191493",""
"Amritsar Engg Works East Mohan...","+ 91  183 2230524","21, Mohan Nagar, Amritsar - 143006, Goka Ka Bagh,East"
"Sahota Tour & Travels","+ 91  9815024010","Taxi Stand Sandhu Colony, G T Road, Chheharta, Amritsar - 143105, Near Indo Pipe factory"
"Gill Tour & Travels","+ 91  9779457333","Asr, Amritsar - 143001"
"Amritsar Marketing","+ 91  183 2545832",""
"Amritsar Woollen Mills","+ 91  183 2554973","1, Katra Sher Singh, Telephone Exchange Road, Amiritsar, AMRITSAR - 143001, Amritsar"
"MAA Arti Tour & Travel & Taxi ...","+ 91  183 2450671","G T Raod, Chheharta, Amritsar - 143105, Sandhu Colony"
"Bajwa Tour & Travels","+ 91  9814486549","Bhinder Colony, Amritsar - 143001, Tarn Taran Road,"
"Amritsar pet shop","+ 91  9888294318",""
"Amritsar Pulp & Board Mills PV...","+ 91  183 2503666","Jagdev Kalan Road, Gumtala,, Amristar, Amritsar - 143001"
"shri sai travels amritsar","+ 91  9780377601","wahga border road, gt, Naraingarh, Amritsar - 143105, near india gate"
"Pannu Tour & Travels","+ 91  9779982627","Amritsar - 143001, Guru Ram Dass Taxi Stand, Near Golden Temple"
"Amritsar Mobile Centre","+ 91  9872177770",""
"Amritsar Police Gas","+ 91  183 2402780","Azad Nagar, Amritsar - 143001, Police Lines"
"Nishan Hundal Tour & Travels","+ 91  9872262159","Patti Dhod Ki, Bundala, Amritsar - 143413, Vill Badala"
"Hunder Tour & Travel","+ 91  9465086236","Amritsar - 143001, Pind Chite Kla Near Khu Kache Wala"
"Amritsar Central Coop Bank LTD","+ 91  183 2508765","D-68, Amritsar - 143001, Ranjeet Avenue"
"Amritsar Electro Care","+ 91  9217895693","30 A Ff A Block Mkt, Ranjit Avenue, Amritsar - 143001"
"Kaler tour & travel","+ 91  9815517514","gulzar sahb di kothi, canrra bank, Majitha, Amritsar - 143601, near guru nanak hospital"
"Lucky Tour & Travels","+ 91  7837881830",""
"AMRITSAR AUTO DEALER","+ 91  9815722305","shop no 59, hukam singh road, Amritsar - 143001, opposite Company Bagh, Near Petrol Pump"
"Amritsar Computer Hut","+ 91  183 5053909","Showroom 4 5 Lawrance Plaza, Lawrence Road, Amritsar - 143001, Nr Pizza Hut"
"Sukha Tour & Travels","+ 91  9878297683","Jhandiala Guru,, Jandiala Guru, AMRITSAR - 143115, Opp. Patwarkhana"
"The Amritsar Electric Co (Clos...","",""
"Sunavar Tour & Travels","+ 91  9915083681","Bye Pass,Gt Road, Amritsar - 143001, Daburji"
"Amritsar Escorts co","+ 91  9872495586","Amritsar - 143001"
"Amritsar - Isw","+ 91  9888282155",""
"Jaswant Singh Gill Taxi Stand","+ 91  9814814327","Alho Kothi, Amritsar - 143001"
"amritsar hydraulics","+ 91  9193561329","Amritsar - 143001"
"Amritsar Battery House","+ 91  183 2524447",""
"Chanbir Tour & Travels","+ 91  9888071516",""
"SKYWAY TOUR & TRAVELS","+ 91  183 5030845","BABA NAMDEV ROAD,NEAR VALMIKI CHOWNK, Jandiala Guru, Amritsar - 143115, OPP ADVT.RAJ KUMAR MALHOTRA OFFICE"
"Amritsar Fruit Agency","+ 91  9815034032","Stall No - 20, 21, 22, Mewa Mandi, Amritsar - 143001"
"Amritsar digital color lab","+ 91  9780119123",""
"Wadwal Tour & Travels","+ 91  9914824924","Pind Boote Diyan Channa, Kaimwala, Amritsar - 143001"
"Amritsar Pagri House","+ 91  183 2541826","Chowk phawara, Golden Temple, Amritsar - 143006, Opp.post office"
"Sohal Tour & Travels","+ 91  9915616307",""
"Amritsar Marble House","+ 91  183 2220446",""
"HARMAN TOUR & TRAVEL","+ 91  9988625585","G.T ROAD JANDIALA GURU, Jandiala Guru, Amritsar - 143115, NEAR BIJLI GHAR"
"Amritsar School of Internet Ma...","+ 91  9592664555","SCO 88 III Floor, B Block Distt Shopping Complex, Ranjit Avenue, Amritsar - 143001, NR Hotel PR Residency"
"S I Tour & Travels","+ 91  9814960482",""
"Amritsar interiors","+ 91  9988829737",""
"Johal Tour & Travels","+ 91  8427268028","Thablke Road, Jandiala Guru, Amritsar - 143115"
"Amritsar Boot House","+ 91  183 2588249","Bazar MAI Sewan, AMRITSAR - 143006, Near Guru Bazar"
"Sharma Taxi Stand","+ 91  9872609194",""
"Amritsar Jewellers","+ 91  183 2558605",""
"M K Tour & Travels","+ 91  183 2258659","G T Road, Naraingarh Amritsar, Amritsar - 143106, O/S Krishna Mandir, Chheharta"
"Amritsar Woollen Mills","+ 91  183 2554881","1, Katra Sher Singh, Telephone Exchange Road,, Gandhi Bazar, Amritsar - 143006, Telephone Exchange Road,"
"Shiv Shankar Tour & Travels","+ 91  9316805794",""
"Amritsar Insurance Institute","+ 91  9814702582",""
"Jagbir Tour & Travels","+ 91  9914155923","Bus Stand, Tarsikka, Amritsar - 143116"
"Amritsar Carbelt House","","Katra Sher Singh, Katra Sher Singh, Amritsar - 143006"
"Paras Worldwide Tour & Travels","+ 91  183 2564970","Albert Road, Amritsar - 143001"
"Amritsar Enterprises & Passpor...","+ 91  9915142066",""
"Alokh Tour & Travels","+ 91  9855916379","Pind Gujapeer, Ajnala, Amritsar - 143102"
"Amritsar Gift Centre","+ 91  183 2226692","151, New Clock Tower Market, Golden Temple, Amritsar - 143006, Opp. Shani Mandir"
"Amritsar Nursing Home","+ 91  183 2504334",""
"Chhina Tour & Travels","+ 91  9592172751","Ajnala, Amritsar - 143102, Near Sandhu Dairy, Pind Dhandal"
"Shere Punjab Taxi Stand","+ 91  9872387678","Amritsar - 143001"
"AMRITSAR PUNJABI JUTI","","Ram Building, Chowk fuwara, Golden Temple, Amritsar - 143006, Opp.jalianwala bagh"
"Amritsar Caterer","+ 91  183 2581358",""
"Rinku Tour & Travels","+ 91  9914222952","Adda Molke, Ajnala, Amritsar - 143102"
"Sehmi Tour & Travels","+ 91  183 5051036","Amritsar - 143001, City Centre"
"amritsar optical","+ 91  9878368848","shakti nagar chowk, Shakti Nagar, Amritsar - 143006, near spicy hut restaurant"
"Amritsar College","+ 91  183 5069527",""
"Prince Tour & Travels","+ 91  9915832267","Taxi Stand, Khilchian, Amritsar - 143111"
"Ravinder Tour & Travels","+ 91  8437695358","Vill. Cheecha, Amritsar - 143001, Near Sahid Baba Nidh Singh"
"Amritsar Power Centre","+ 91  9872297557","Shop no 2, Near golden cloth market, Sultant Wind Gate, Amritsar - 143006, Nr Balmiki Mandir"
"Amritsar Time Centre","+ 91  9872595934",""
"Jatinder Tour & Travels","+ 91  9815292981","Pind Butari Rayian, far 40 km, Butari, Amritsar - 143111"
"BEST Tour & Travels","+ 91  9417497311","Amritsar - 143001, Opp Railway Station,"
"Amritsar handloom house","+ 91  9915013689","Shop no 5-A, Sandhu market, Sultant Wind Gate, Amritsar - 143006, Near power house"
"Amritsar Caterers","+ 91  183 2553080",""
"Companion Tours & Travels","+ 91  9958825052","#236/B, Rly.col.4,, P.o. Khalsa College,, Khalsa College Amritsar, Amritsar - 143117"
"Babbal Tour & Travels","+ 91  9988139861","T.T Road, Ganda Singh Colony, Amritsar - 143001, Backside Mata Ji Bhalai Kendra"
"Amritsar Wire Industries","+ 91  183 2393569","Near Old Octroi Post, Sultanwind Road, Sultanwind, Amritsar - 143021, Amritsar"
"Amritsar Ivory Works","+ 91  183 2508820",""
"Satnam Tour & Travels","+ 91  1853 255006","Ghoman Road, Mehta Chowk, Amritsar - 143114, Randhawa Market, Near Bittu Kheti Store"
"Mattewal Tour & Travels","+ 91  9872327403","Pind Mattewar, Adda Boparai, Amritsar - 143001"
"Amritsar Electrician","+ 91  9814140019","1138 EAST GOBIND NAGAR, Sultanwind Road, Ajit Nagar, Amritsar - 143001, OPPOSITE MANDIR WALA BAZAR"
"Dhan Dhan Baba Budha Sahib Tax...","+ 91  9464955269",""
"Amritsar Bottling Co","+ 91  183 2258530","G T Rd, Amritsar - 143001, Chheharta,P O Rayon & Silk Mills"
"Bhatti Tour & Travels","+ 91  9876382445","near ranvit avenue, Amritsar - 143001, Near Railway Station, Fairland Colony, Fatehgarh Churiyan"
"Amritsar Vikas Manch","+ 91  183 2582323","253 Ajit Nagar, Amritsar-Punjab India, Ajit Nagar, Amritsar - 143001"
"Flying Bird Tour & Travel","+ 91  1853 500620",""
"Amritsar Financial Service And...","+ 91  9915544464","Office No 2 Sharma Cmplx Ff, Amritsar - 143001"
"Deep tour & travels","+ 91  7508154756","Shop no :4, Amritsar - 143001, Majitha"
"Amritsar Wood Machinery","+ 91  183 2233906","Mohan Nagar, Amritsar - 143006, East"
"BAL Tour & Travels","+ 91  9478549045",""
"Amritsar Surgical","+ 91  183 2542799","Karan Building, 1st Floor, Amritsar - 143001, Near Kulfiwala"
"Sonu Tour & Travels","+ 91  9780399692","Shop No-45, Amritsar - 143001, Shaheed Udham Singh Market"
"Amritsar Associates","+ 91  9915944266","19, Deep Complex,, Amritsar - 143002, Opp- Doaba Automobiles"
"Jai Maa Tour Travels","+ 91  9872815220",""
"Amritsar Heartcentre","+ 91  183 2400567","255, Race Cource Rd, Amritsar - 143001, Basant Avenue"
"Lahori Tour & Travels","+ 91  9914451768","Amritsar - 143001, Bus Adda, Thoba"
"AMRITSAR RADIATOR","+ 91  9914106854","SHOP NO, GOAL BAGH, Amritsar - 143002, Near Pullporian"
"Sandhu Tour & Travels","+ 91  9876086385",""
"Amritsar Taxi Booking","+ 91  183 2221408","Amritsar - 143001, Near Durgiana Temple, Hathi Gate, Corporation Market"
"K K Tour & Travels","+ 91  183 2225568","Lawrence Road, Amritsar - 143001"
"AMRITSAR HOME APPLIANCES","+ 91  9356521311","main bazar, thandi khuhi, Amritsar - 143002, near main chownk"
"Heera Tour & Travel","+ 91  9653583654",""
"Amritsar Engg Works","+ 91  183 2585229","G T Rd, Amritsar - 143001, Four Fields, Nr New Amritsar Colony"
"Abhi Tour & Travels","+ 91  9876416220","Main Road, Dashmesh Nagar, Amritsar - 143001"
"Amritsar Jassi Travel","+ 91  9888920121","Court Khalsa, 10, Kabir Park Colony, Amritsar - 143002"
"Mahi Tour & Travels","+ 91  9646076007",""
"Amritsar Store","+ 91  183 5098325","AMRITSAR - 143001"
"Gurpreet Singh Bhullar Taxi Stand","+ 91  9814002488","Algon Kothi, Amritsar - 143001"
"Amritsar Auto Spares","+ 91  183 2401000","66-67, Railway Road, Amritsar - 143002, Opposite Railway Station"
"Suraj Tours & Travels","+ 91  9815252108",""
"Amritsar Express Dot In","+ 91  8283064228","S-03, Ground Floor, Amritsar Bus Stand, Amritsar - 143001, Inter State Bus Terminal, Opposite Sangam Cinema"
"K Frienfs Tour & Travels","+ 91  9888323013","Albert Road, Amritsar - 143001, Opposite Canal Office"
"Amritsar Internet Data Card Se...","+ 91  8283805013","Amritsar, Amritsar, Amritsar - 143002, Amritsar"
"Ramada Amritsar","+ 91  183 5025555",""
"Amritsar Car Rental","+ 91  9316492888","3, Deep Complex, 2nd Floor, Court Rd, Amritsar, Amritsar - 143001"
"Maan Tour & Travels","+ 91  9914467118","Amritsar - 143001, Urban Estate Phase-1"
"Amritsar Central Coop Bank","+ 91  183 2451163","Vill.baserke Gillan , ,Vai Chheharta, ,Amritsar-,"
"Arora Travels","+ 91  183 2531720",""
"Amritsar Rexine Store","+ 91  183 2542106","House Number- 243, rexine store hazar chamre wala, Amritsar - 143001, Katra Kaniya Near Telephone Exchange, Chamda Bazar"
"Harwinder Singh Tour & Travels","+ 91  8054051919","L-4/2110, Street No-6,Sultant Wind Road, Amritsar - 143001, Shaheed Udham Singh"
"Amritsar Central Co Op Bank","+ 91  183 2482514","T T Road, Opp Onkar Cloth ,Store, Amritsar , ,Tarn Taran Road-,"
"Baba Budha Ji Travels","+ 91  183 2564786",""
"Amritsar studio","+ 91  7508282970","Ranjinder nagar, Amritsar - 143001, Near school"
"North India Tour & Travels","+ 91  183 5060360","Shop No-29, Deep Complex, Court Road,, Amritsar - 143001, Opp. Dhoaba Automobiles,"
"Amritsar Hospitals Ltd","+ 91  183 2263928","Verka-Majitha Bye Pass ,New Building, ,Amritsar. ,-,"
"Shree Satguru Travels","+ 91  183 2278565",""
"Amritsar Copreative Labour & C...","+ 91  183 2564764","plot no.29-A, Ahata Manga Road, Albert Road, Amritsar - 143001, Opposite Irrigation Department, Near Kundan Dhaba"
"Radha swami tour & travels","+ 91  9501232956","Kanlhu Nangal Rd, Amritsar - 143001, Opp Power House,"
"Amritsar Center Co Op Bank","+ 91  183 2401125","53-1113 , , ,Ina Colony ,Opp G.p.o. ,, ,Amritsar-,"
"Khushi Travels Beas","+ 91  9779199070",""
"Amritsar Textile Finishing Mil...","+ 91  183 2581836","Amritsar - 143001, Outside Ghee Mandi Gate"
"Time Travels Amritsar","+ 91  183 2400143","14, Kapoor Plaza, Queens Road, Amritsar - 143001"
"Amritsar Hospital Prop M S","+ 91  183 2702500","Charanjit Singh ,Bldg No.7-E 100.feet, Road ,S.w.road ,Amritsar-,"
"Pegaam Travels","+ 91  183 5065009",""
"AMRITSAR GIFT HOUSE","+ 91  9815163911","19, Krishna Market, Amritsar - 143001, Near Golden Temple"
"PRESIDENT TOURS & TRAVELS","+ 91  183 5019133","Aryasamaj Building, Lawrence Road, Amritsar - 143002, Opp cafe coffee day"
"Amritsar Dental Clinic","+ 91  9815036035","53 - A, New Kangra Colony, Amritsar - 143001, Opposite Lord Krishna School"
"Mohini Tour N Travels","+ 91  183 2258071",""
"Amritsar textile trading","+ 91  9356020705","Putlighar, Amritsar - 143001, Gt road"
"Gold Star Tour & Travels","+ 91  183 2227568","Shop No-3, Railway Road, Amritsar - 143001, Opposite Grand Hotel, Near Railway Station"
"Amritsar Enviro Care System...","+ 91  9653470000","Pasricha Medicare Centre, Main Road, Haripura, Amritsar - 143006, Adjoining Gurudwara & Near Jwala Flour Mill Post Office"
"Enroute Travel Boutique","+ 91  183 5004111",""
"Amritsar digital lab","+ 91  9888904143","GT Road, Amritsar - 143001, Opp Bus stand near SINGH SABH JANJ GHAR"
"USA TAXI STAND","+ 91  9814096007","House No-3517,Bahadur Nagar, Gali No-4,Sultanwind Road, Amritsar - 143001"
"Amritsar Sanitary And Hardw...","+ 91  9988877782","Guru Nanak Colony, Sultanwind Road, Amritsar - 143001, Near Gobind Nagar Gate Opposite Allahabad Bank"
"Travel Home","+ 91  183 5008686",""
"Amritsar Petrochem Pvt Ltd","","59,City Centre,1st Flr, Amritsar - 143001"
"Chahal Tour & Travel","+ 91  9855308308","Shop No. 2,, Queens Road, Amritsar - 143002, Opp.Hotel Suncity Tower"
"Amritsar College Of Engineerin...","+ 91  183 5069536","G.t. Road, Amritsar - 143001"
"S K Travels","+ 91  183 2222808",""
"Amritsar Punjabi Jutti","+ 91  8559004200","Ram Building, Amritsar - 143001, Opposite Jallianwal Bagh"
"Happy Tour & Travels","+ 91  7696430961","Shop No-02,, Amritsar - 143002, St Jude School Fathegarh Churian Road"
"Amritsar Printing Press","+ 91  183 2224520","31, Circular Road, Amritsar - 143001"
"Azad Travels","+ 91  9814817474",""
"Amritsar tyre & autos","+ 91  8968851775","Akali phoola singh market, Amritsar - 143001, Opp.sheran wala gate"
"Rajdeep Tour Travel","+ 91  183 5053672","Room No-12,1st Floor Hotal Azad, Amritsar - 143002, Opp. Bus Stand"
"Amritsar Eye Hospital","+ 91  183 2256361","G N D U Shopping Complex, G T Road, Guru Nanak DEV University, Amritsar - 143005"
"Azad Travel","+ 91  9814817474",""
"AMRITSAR KULCHA POINT","+ 91  9988866194","plot No 8, Batala Road, Amritsar - 143001, near Celebration Mall"
"CHANDER MOHAN TOUR & TRAVEL","+ 91  183 2400381","SHOP NO 1, RAILWAY LINK ROAD, Amritsar - 143001, OPPOSITE RAILWAY STATION"
"Amritsar Public School","+ 91  183 2588001","Amritsar - 143002"
"Ananya Travels","+ 91  183 2566222","53, Court Road, Amritsar - 143001, Opposite Post Office"
"Amritsar Tour And Travels","+ 91  8729092100",""
"Simroze Tours & Travels Regd","+ 91  183 5067597","2, Simroze Building,, Amritsar - 143001, Ferozedin Road, Below Hussainpura Bridge,"
"Amritsar Placements","+ 91  183 5061919","1-2, Ashirwad Apartments. Ground Floor, Rani Ka Bagh, Amritsar - 143001, Adjoing State Bank Of India"
"Amritsar tractor parts","+ 91  9872106986",""
"Dhanvi Tour And Travels","+ 91  8146522944","Vikas Nagar Khandwala, Amritsar - 143001, Near S M High School"
"Ranveer Tour & Travels","+ 91  183 2403402","79, Kennedy Avenue, Amritsar - 143001, Nr Hotel Mohn International"
"Amritsar Gas Service","+ 91  183 2400440","Dilawari Street, Putligarh, Amritsar - 143002, Putlighar"
"SPL Trip A Unit Of Himalya ...","+ 91  183 5040000",""
"Amritsar telecom","+ 91  9855856018","Golden avenue, GT road, Amritsar - 143001, Near petrol punp"
"BATRA TOUR & TRAVELS","+ 91  9888330786","Green Avenue, Amritsar - 143006"
"Amritsar HDFC Bank Ltd","+ 91  183 3018603","Main Road, Amritsar - 143002, Nr Police Line"
"Bhai Chanda Singh Taxi Serv...","+ 91  9872204494",""
"Amritsar Plywood Palace","+ 91  9888894543","Amritsar - 143001, Opposite Punjab & Sind Bank, Chowk Islamabad"
"Kissan Tour & Travels","+ 91  9646818444","93 Deep Complex, Amritsar - 143002, Opp Doaba Automobiles Court Road"
"Amritsar Sewa Samiti","+ 91  183 2531048","Sewa Samiti Pharmacy Building, Durgiana Road, Amritsar - 143001, Opp Andh Vidhyala"
"Shree Satguru Travels","+ 91  183 6450169","Shop Number 4, Railway Link Road, Amritsar - 143001, Oppossite Railway Station"
"Amritsar plywood place","+ 91  183 5010780",""
"Krishna Tour & Travels","+ 91  9872741219","Shop No-60, Amritsar - 143001, Aksi Sahai Market, Opposite Railway Station, Near Grand Hotel"
"Amritsar Crown Cap","+ 91  183 2432527","14 Km Stone, G T Rd, Jandiala Guru, Amritsar - 143115"
"Amritsar Sarvice Station","+ 91  183 2565497",""
"S S Travels","+ 91  9780441220","Amar Kot Krishna Nagar, Amritsar - 143001"
"R.S. Tour & Travels","+ 91  9417269625","Shop No 1, Railway Road, Amritsar - 143001, Nr. Pull Poriyan"
"Amritsar Rice Mills","+ 91  183 2440161","Jandiala Guru, Amritsar - 143115, Manawala,District Amritsar"
"K V Travels","+ 91  9815363633",""
"Amritsar Commodity Mart","+ 91  183 2523285","luxaman, Amritsar - 143001, Dhab Wasti Ram, Near Kucha Dayal, Chowk Laxmansar"
"Randhawa tour & travels","+ 91  9464270928","G.t road, Amritsar - 143001, Opp.railway station"
"Amritsar Agra Transport Co.","+ 91  9888102343","123,Transport Nagar, Amritsar - 143002"
"Oath Air Travels","+ 91  183 5012056",""
"Amritsar cold drinks","+ 91  9501026802","Trillium mall, Amritsar - 143001"
"R V Tour & Travels","+ 91  9888193065","Shop No-906/4, Amritsar - 143001, Atra Mohar Singh,Nr Hanuman Mandir,Guru Bzr"
"Amritsar Sewa Samiti","+ 91  183 2564437","76, Shri Hari Bhawan, Kennedy Avenue, Amritsar - 143001"
"Khalsa Enjoy Sure Travels","+ 91  8427907500",""
"Amritsar Transporter","+ 91  183 3224115","PLOT 94, Transport Nagar, Amritsar - 143001, Opp Pataka Market"
"J J TOUR & TRAVELS","+ 91  183 5067057","16,, O/s hathi gate, AMRITSAR - 143001, Opp.shiv puri"
"Amritsar Club","+ 91  183 2401837","Ram Bagh Gardens Amritsar, Amiritsar, Amritsar - 143001"
"Saggu Tour N Travel","+ 91  8437832232",""
"AMRITSAR PHOTO STUDIO","+ 91  9463826696","Judge Nagar, Main Bazaar, Amritsar - 143001, Near Gurudwara Judge Nagar"
"Sharma Tour & Travels","+ 91  183 5059076","Out Side Golden Temple Main Gate, Golden Temple, Amritsar - 143006"
"Amritsar Property Linkers","+ 91  183 2502220","S.C.O. No-105, Distt. Shopping Complex, Ranjeet Avenue, Ranjit Avenue, Amritsar - 143001, Above LG Showroom, Near Passport Office"
"Shree Amritsar Sword","+ 91  9779710797",""
"Amritsar Yellow Plate Taxi Ser...","+ 91  183 5053045","Sco35,IIIrd Floor Court Road, Deep Complex, Amritsar - 143001, Opposite HDFC Bank"
"Harjit Singh Tour & Travels","+ 91  8559023144","Golden Temple, Amritsar - 143006, Taxi Stand, Near Golden Temple"
"Amritsar Hotel & Restaurant As...","+ 91  183 2229636","84 queen road amritsar, Amritsar - 143001, hotel suncity"
"PLANET TRAVELS","+ 91  183 5066155",""
"Amritsar Haldi Sales Corporation","+ 91  9417510352","Batala Road, Amritsar - 143001"
"Gopi Tour & Travels","+ 91  9779956485","Talwandi Khuman, Majitha Road, Amritsar - 143001, Near Railway Crossing"
"Amritsar Tour Guides","+ 91  8528497302","House No-63b, Model Town, Amritsar - 143002"
"Shiv Mani Travels","+ 91  9646830369",""
"Amritsar Model School","+ 91  9814357585","Shaheed Udham Singh Nagar, Gali No.3,, Amritsar - 143001, Near Bhai Khaniya GurudwaraSultanwind Road"
"Mannat Tours&Travels","+ 91  9780384242","Palika Bazar, Ilslamabad, Amritsar - 143001, Near Punjab &Sind Bank"
"amritsar Car Care","+ 91  9876801994","Shop number 18, taylor road, Amritsar - 143001, Opposite Aanaam Cinema"
"S R Travels","+ 91  183 2555656",""
"Amritsar Property Consultants","+ 91  9876592391","Fatehgarh Churian Road, Amritsar - 143001, Adda Nangli,Near Thakur Ji Enclave"
"Amrit Tour & Travels","+ 91  9217475799","777, mahna singh road nr jaliawalabag, Amritsar - 143002, opp sharma guest housh"
"amritsar shutter industries","+ 91  9815018264","katra sher singh, Katra Sher Singh, Amritsar - 143006, near dav college"
"Punjab Roadways","+ 91  183 2551734",""
"Amritsar Public School","+ 91  183 5054465","Amritsar - 143001, Near New Bridge, Before Alpha Mall, Focal Point"
"Gill Sandhu Tour & Travels","+ 91  9417859002","Amarkot Road, Amritsar - 143002, Valtoha"
"AMRITSAR PESTICIDES","+ 91  9803550002","27-28, MAIN ROAD, Ram Bagh, Amritsar - 143001, OPP. SHREE RAMA KRISHNA MARBLES"
"Hyatt Hotel","+ 91  183 2871234",""
"Amritsar Bathinda Transport Co...","+ 91  183 2551834","60, Gt Road, Amritsar - 143001, City Centre"
"Baba Deep Singh Ji Tour & Travels","+ 91  9592166774","Adda Bhikhiwind, Patti Road, Bhikhiwind, Amritsar - 143303, Taxi Stand"
"Amritsar mobile centre","+ 91  9988426420","Hall bazar, Opp mobile hub, Hall Bazar, Amritsar - 143001"
"Peddlers Amritsar","+ 91  183 5002224",""
"Amritsar Property Linkers","+ 91  9417292777","Sco Number 105 District Shopping Complex Ranjeet Avenue, Main Road, Amritsar - 143002, Near Passport Office Ran Avenue Above Lg Showroom"
"Chintpurni tour & travels","+ 91  9216613421","Sh no . 4, Railway road, Amritsar - 143001, Nr , railway station"
"AMRITSAR STEEL EMPORIUM","+ 91  183 5008518","O/S Ram Bagh, Ram Bagh, Amritsar - 143001, Near nandan cinema"
"The Fern Residency Amritsar","+ 91  183 5151222",""
"Amritsar Co Op Bank Ltd","+ 91  183 2592935","Central Jail Road ,Raja Sansi Road ,, ,Amritsar-,"
"jai sai nath tour & travels","+ 91  8054017921","gt road, Amritsar - 143001, opp railway station"
"Amritsar Musical Academy","+ 91  9888399871","Amritsar - 143001"
"Maharaja Travels","+ 91  183 2555417",""
"Amritsar Hospital Ltd","+ 91  183 2263927","Verka Majitha Bye Pass ,New Building, ,Amritsar. ,-,"
"Kohli Tour & Travels","+ 91  9417171110","176/6 Krishna Nagar, Amritsar - 143001"
"Amritsar Auto Spares","+ 91  183 2401000","82, Queens Road,,"
"Libra Travels","+ 91  183 2550957",""
"Amritsar Clinic And Nursing","+ 91  183 2572848","Gurdwara Lane , , ,200*A ,Gali No.5, ,Gurdwara Lane ,Majitha Road ,Amritsar-,"
"Rajindera Tour & Travels","+ 91  9213604004","120, Gali No-1, Shastri Nagar, Majtha Road, Amritsar, Amritsar - 143001"
"Amritsar Sales Corp","+ 91  183 2546195","Kt. Jaimal Singh,,"
"Municipal Corporation Amritsar","+ 91  183 2545155",""
"Amritsar Centeral Co Op Bank Ltd","+ 91  183 2750031","Branch Wadala Viram ,Vill.p.o.wadala, Viram ,Via Majitha Distt.amritsar, , ,Wadala Viram-"
"Satnam Tour & Travels","+ 91  8146020065","Shop Number-10, Amritsar - 143001, Near Pink Plaza, Ravidass Mandir"
"Amritsar Wood And Machinery Works","+ 91  183 2581906","6, Gokal Ka Bagh, 100 Ft. Road, Near, State Bank Of Patiala,"
"Gill Tour & Travels","+ 91  9464487441",""
"Amritsar Pharmaceuticals Labs","+ 91  183 3099434","Naraingarh, Chheharta, Amritsar Cantt, Amritsar - 143001"
"Amritsar Central Co Op Bank","+ 91  183 2773342","Majitha , ,Majitha-,"
"Amritsar Builders","+ 91  183 5069907",""
"Sardar Tour Travels","+ 91  9888606751","Shop No-26 27, Golden cloth market, Sultant Wind Gate, Amritsar - 143006, Near fancy shop"
"Amritsar Central Coop Bank","+ 91  183 2767041","Po Pakhar Pura ,Jaintipur , ,-,"
"Amritsar Tour & Travel","+ 91  9815845150","Albert Road, Near Railway Station & Kundan Dhaba, AMRITSAR - 143001"
"Famous tour & travels","+ 91  9217574430",""
"Amritsar Industries Ass","+ 91  183 2230889","298-E.m Nagar,,"
"Amritsar /Tarntaran District D...","+ 91  9417247974",""
"sharma tour&travel","+ 91  183 2424908","first floor, Majitha Bye Pass, Basant Avenue, Amritsar - 143001, Guru Nanak Dev Hospital"
"Amritsar Towel Store","+ 91  183 2558884","178, Idh Mkt,,"
"Amritsar Food","+ 91  9872985201","Shukar Chak Road Near Verka Octroi Verka, Amritsar - 143001"
"Around The World Tour & Travels","+ 91  183 2000000",""
"Amritsar Central Co Op Bank","+ 91  183 2382651","Ltd ,Near Building ,Opp.bus Stand, ,Attari-,"
"Amritsar Glass House","+ 91  183 5063965",""
"Shiva Tour & Travels","+ 91  183 5099333","Gt Road, Amritsar - 143002, Opposite Railway Station"
"United Taxi Stand G S Travels","+ 91  9815071239","Railway Station, Amritsar - 143001"
"Amritsar provisional store","+ 91  9872618117",""
"Pankaj Tour & Travels","+ 91  9417621038","Tejpal Medical Store, Bagh Jallianwala, Amritsar - 143002"
"Sam Tours & Travels Amritsar","+ 91  9888589875","7, G T Road, Chheharta, Amritsar - 143105, Near Ocm, Milap Nagar"
"Amritsar Gaming Zone","+ 91  9814110007",""
"Lucky Tour & Travel","+ 91  183 8956231","dharam singh market, awlawala mandir, Amritsar - 143002, gulyara market"
"Route Tour & Travels","+ 91  183 5012788","Shop Number 2 ,Phuwara Chownk, Golden Temple, Amritsar - 143006, Opposite Dharam Singh Market"
"Amritsar Medicine Centre","+ 91  183 2543679",""
"HONEY TOUR & TRAVEL","+ 91  9780449885","RAILWAY STATION AMRITSAR, RAILWAY STATION AMRITSAR, Amritsar - 143002, AT RAILWAY STATION PARKING"
"Rana Tour & Travel","+ 91  9888754914","104 Friends Avenue, Majhita Road, Amritsar - 143001"
"Amritsar Timber Store","+ 91  9872249191",""
"Sita Ram Tour & Travels","+ 91  8054082141","House No- C/97, Amritsar - 143002, Behind-Chamrang Road"
"Dee Ess Tour & Travels","+ 91  9888047790","Dee Ess Tour & Travels, Majitha Road, Amritsar - 143001, Near GND Hospital"
"Amritsar Cabs","+ 91  183 5007187",""
"Raj Tour & Travels","+ 91  9855028504","H.No-3956, Village-Mahal,, Amritsar - 143002, Ram Tirath Road,"
"Shri Ganpati Ji Tour & Travel","+ 91  8558886700","Shop Number 877, Shivala Road, Shivala Colony, Amritsar - 143001, Near Shivala Bhaiyan Mandir"
"Amritsar Travels","+ 91  9988991911",""
"Randhawa Tour & Travels","+ 91  9501947611","Amritsar - 143002, Taxi Stand, Main Chowk"
"Northern India Tour & Travels","+ 91  9803630745","Hall Bazar, Amritsar - 143001, Outside Hall Gate"
"Amritsar Cold Drinks","+ 91  9872998519",""
"Athwal tour &travel","+ 91  9417171321","GT Road, Amritsar - 143002, Opp railway station"
"BALA JI TOUR &TRAVELS","+ 91  9988019412","New corporation market, Amritsar - 143001, O/s hathi gate"
"Sukhmani Tour & Travels","+ 91  8427782300",""
"Amritsar Care","+ 91  7355633836","C/O. Master Mind Computer Institute, Daim Ganj, Main Road, Amritsar - 143001, Near Petrol Pump, Opp. Qilla"
"Sahib Tour & Travel","+ 91  7340993943","Guruanak Market, Amritsar Road N, Amritsar - 143001, Behind Kamal Hospital, Taran Taran"
"brother tour & travel","+ 91  9780680013",""
"Amritsar Education Society And...","+ 91  183 2507622","72 Sector 4 Amritsar, Amritsar - 143001"
"Puppy Tour & Travels","+ 91  183 2544457","Shop No-30, Goal Bagh, Amritsar - 143001, Opp Railway Station"
"Tania Tour & travel","+ 91  9878356307",""
"Amritsar Commercial Press","+ 91  9988099498","Amritsar - 143001, Near Indusind Bank,Majith Mandi"
"Thakur Ji Tour & Travels","+ 91  183 5006070","Shop Number 1/2, Jujhar Singh Avenue, Amritsar - 143001"
"Bittu Tour & Travels","+ 91  9988334436",""
"Amritsar Sweets","+ 91  9855292856","Near Tungan Wali Puli, Majitha Road, Amritsar - 143001"
"Mahajan Tour & Travels","+ 91  183 5095549","1910 S Gurditmal Building, Putligarh, Amritsar - 143002, Near Mahajan Cement Store"
"Beri Tour & Travels","+ 91  9256400256",""
"Amritsar Medicine Center","+ 91  183 2548892","Schme No. 2, Katra Sher Singh, Amritsar - 143001"
"Mahajan Tour & Travel","+ 91  8872763999","Putlighar Chowk, Putligarh, Amritsar - 143002, Near Mahajan Cement Store"
"HRD Tour & Travels","+ 91  9569609978",""
"Amritsar Public School","+ 91  183 2588000","Canal Road, Amritsar,, Amritsar - 143001"
"HARISH TOUR & TRAVEL","+ 91  9646255072","Putligarh, Amritsar - 143002, Behind Petrol Pump"
"Guru Nanak Taxi Stand","+ 91  9465671319",""
"amritsar electronic shop","+ 91  7765063007","Amritsar - 143001"
"Thakur Ji Tour & Travels","+ 91  183 5006070","Shop Number 1/2 Jujhar Singh Avenue, Amritsar - 143001"
"EKAM TOUR & TRAVELS","+ 91  9914703376",""
"Amritsar Computer Care","+ 91  9463247501","104, 1st Floor, Amritsar - 143001, Chowdhary Plaza, Hide Market, Gt Road"
"Mohini Tour & Travel","+ 91  183 2258071","Dashmesh Avenue, Guru Nanak Dev University, Amritsar - 143005, Opposite G N D Unversity"
"New Sangam Taxi Stand","+ 91  183 3215039",""
"Amritsar Aluminium House","+ 91  9817151289","Chk Hussianpura, Amritsar - 143001"
"Ranjeet Singh Fauji Tour & ...","+ 91  9814008016","Sarha Road, Jandiala Guru, Amritsar - 143115, Near Bijli Ghar"
"R S Kairon Tour & Travels","+ 91  9815698218",""
"Amritsar Haldi Sales Corp","+ 91  183 2578200","Gali Bankey Bihari,Batala Rd, Amritsar - 143001"
"Hakam Tour & Travel","+ 91  9781132794","S/O Bachan Singh, Daburji, Majitha, Amritsar - 143601"
"shri mani mahesh tour & travels","+ 91  8591114448",""
"Amritsar Dental Lab","+ 91  183 2211954","The Mall Barkats Singh Marke, Amritsar - 143001"
"GUARDIAN TOUR & TRAVEL","+ 91  183 2552057","O/s Hall gate, Amritsar - 143001, Hall gate"
"guru nank tour & travel","+ 91  9855707757",""
"Amritsar Haldi Sales Corp.","+ 91  183 3092430","Gali Bankey Behari, Batala Road,,, Amritsar - 143001"
"Arora Tour & Travels","+ 91  183 2210381","Shop No-05, Railway Road, Amritsar - 143001, Opposite Hotel Palace"
"Chardi kalan tour & travels","+ 91  9815308393",""
"Amritsar Motor Store","+ 91  183 2541046","Amritsar - 143001, Sheranwala Gate"
"Danish Tour & Travels","+ 91  9814191109","42/8, pawan nagar, batala road, Amritsar - 143001"
"Billa Bhai Tour & Travels","+ 91  9814551621",""
"Amritsar Health Club","+ 91  9988423109","L6/872, Gali No 2, Amritsar - 143001, Shaheed Udham Singh Nagar, Tt Road"
"Sai Tour & Travels","+ 91  9023493615","103, Amritsar - 143001, Gate Khazana"
"Kanwar Tour &Travels","+ 91  9781208954",""
"Amritsar Engg. Works","+ 91  183 4069898","Plot No. 71-72,, G.T. Road, Amritsar - 143001"
"Shri Satguru Tour & Travels","+ 91  9417659786","6, Amritsar - 143001, Opposite Railway Station"
"Tony & Rinku Tour & Travel","+ 91  9780500354",""
"Amritsar Computer Care","+ 91  9464750065","Amritsar - 143001, Hide Mkt."
"Tung Tour & Travels","+ 91  9988088762","24 I.D.H Market, Amritsar Bus Stand, Amritsar - 143001, Near Bus Stand"
"Ganpati Tour & Travels","+ 91  7814257878",""
"Amritsar Motors","+ 91  183 2508501","B-306 Loharka Road Ranjit Vihar, Amritsar - 143001"
"Amritsar OET College","+ 91  183 2225416","D-14/447 Guru Arjan Dev Nagar, Opp Ganga Building, Amritsar - 143002, P.o. Khalsa College"
"Sharma Tour & Travels","+ 91  183 5062594",""
"Amritsar Engineering Works","+ 91  183 2581524","21, 100 Feet Road, AMRITSAR - 143001, Near Mata Kaulan Hospital, Gokal Ka Bagh"
"AMRITSAR OIL TRADER","+ 91  183 2543483","shop no 3768/7, main bazar, Amritsar - 143006, near HDFC Bank, Dhab Wasti Ram"
"Amit Tour & Travel","+ 91  8727882999",""
"Amritsar Motor Agency","+ 91  9417020308","Pink Plaza Market, G T Road, Amritsar - 143001"
"Amritsar Communications","+ 91  9915720000","Amritsar - 143002"
"Verma Tour & Travel","+ 91  9592288253",""
"Amritsar Taxi Stand tour & Travel","+ 91  9988314811","Shop Number-3, Goal bagh, Amritsar - 143001, Opp.railway station"
"Amritsar Cycle Works","+ 91  183 2224756","Shop Number- 27, Railway Road, Amritsar - 143002"
"Prince And Sunny Tour & Travels","+ 91  9781787011",""
"Sri Guru Ram Dass Jee Internat...","+ 91  183 2214353","Ajnala Road, Amritsar - 143001"
"Amritsar Sewa Kendramarket","+ 91  9815699451","50, Infront Of SBI Bank, Amritsar - 143002, Main Road"
"Sant Tour & Travels","+ 91  9592109576",""
"Amritsar Club","+ 91  183 2222082","Mall Road, Amritsar - 143001, Company Bagh"
"Amritsar Fertilizer Agency","+ 91  8872989993","65, Infront Of Honda Soroom, Amritsar - 143002, Main Road"
"Fateh Tour & Travels","+ 91  9592066003",""
"Amritsar Transport Co","+ 91  183 2551533","Street Number- 2, G T Road, Amritsar - 143001, Pulighar"
"Amritsar Punjabi Dhaba","+ 91  7355980475","Plot No-17, Gali No-3, Guru Nanak Colony, tarn taran road, Amritsar - 143002, Nr. Purani Chungi"
"Amritsar Sewa Samiti Homoeopat...","+ 91  183 2534419","Khuh Suniarian 66/10-I ,H.o. Khoo, Suniarian ,Amritsar ,-,"
"Gill taxi stand","+ 91  9814482326",""
"Amritsar Motors","+ 91  9815191372","Shop No-22, Amritsar - 143002, Near-Graduate Gas Service, Lohgarh Gate"
"Amritsar Gun House","+ 91  9501091438",""
"National Tour & Travel","+ 91  8591977788","Vpo Mahal, Main Bazar Ram Tirth Road, Amritsar - 143001, Near GNDU Campus"
"Amritsar Broiler House","+ 91  9815338686","Amritsar - 143002, Bakkar Mandi, Khazana Gate, Near-Chabhal Road"
"Amritsar HDFC Bank Ltd","+ 91  9316993563",""
"Rinku Tour & Travels","+ 91  9988868400","House No 45, Majiha Road, Amritsar - 143001, New Green Field"
"Amritsar Fish Centre","+ 91  183 5062292","Inside Hall Gate, Amritsar - 143002, Fish Market"
"Amritsar Kennel Club","+ 91  183 2222612",""
"Saggu Tour & Travels","+ 91  9815871123","House Number-750, Swatanwind Road, Amritsar - 143001, New Azad Nagar"
"Amritsar Property Linkers, Pro...","+ 91  183 2502220","Sco-105, Distt. Shopping Complex, Near Passport Office, Amritsar - 143002, Above L.G. Showroom,Ranjit Avenue"
"Amritsar Public School","+ 91  183 2238001",""
"SHANAYA TOUR & TRAVELS","+ 91  183 2510045","shop no 56, Hakima gate, Amritsar - 143001, Near Police post"
"Amritsar Plywood Emporium","+ 91  9876029422","pieel mandi, Amritsar - 143002"
"Amritsar Electronic House","+ 91  9779922009",""
"Gupta Tour & Travels","+ 91  8146490091","Golden Temple, Amritsar - 143006, Near Guru Gobind NRI Niwas"
"Amritsar Weighing Eqiupments","+ 91  9814475554","Booth no-94,95, Kabir Park Colony, Amritsar - 143002, Opp Gndu Amritsar"
"Nagi Tour & Travels","+ 91  9988429536","Near Guru Ramdass Sarai, Golden Temple, Amritsar - 143006"
"Amritsar Airport Cabs","+ 91  9988370123",""
"Amritsar home tutors for Physi...","+ 91  7307006732","kabir park, Amritsar - 143002"
"Amritsar Furniture","+ 91  183 2552489",""
"Jaideep Tour & Travels","+ 91  9988155805","Golden Temple, Amritsar - 143006, Near Ghanta Ghar Chowk"
"Amritsar Handicraft","+ 91  9855588196","148, Rajinder Nagar, Amritsar - 143001, Backside Alpha Mall, Dalit Avanue"
"Shri Guru Ram Dass Tour & Travels","+ 91  9417779272",""
"Amritsar College Of Engineerin...","+ 91  183 5069532","12 Km. Stone, G.t.road, Amritsar - 143001, Amritsar - Jalandhar"
"Amritsar Gift House","+ 91  183 2549885","19, Gandhi Bazar, Amritsar - 143006, Krishna Market, Chowk Fawara"
"Honey Money Tour & Travels","+ 91  9780801592",""
"Amritsar Hospital","+ 91  183 2702500","100 Feet Road, Amritsar Bus Stand, Amritsar - 143001, Near Sultanwind Road"
"The Amritsar Tea Company","+ 91  183 2548713","2, Shree Durga Market, Bikanerian Bazar,, Katra Sher Singh, Amritsar - 143006, Katra Ahluwalia"
"Amritsar Sewa Samiti Regd Homo...","+ 91  183 2534072",""
"Vicky Tour & Travels","+ 91  183 2570473","Kashmir Avenue, Amritsar - 143001"
"The Amritsar Co-Op L/C Society...","+ 91  9814051307","57, Pionk Plaza, O/S Hall Gate, Amritsar - 143006"
"Amritsar Transport Co.(P) Ltd.","+ 91  183 2532189",""
"Raj tour & travels","+ 91  9878611247","Shakti nagar, Amritsar - 143001, Opp.look wellbakery"
"Amritsar Medicine Centre","+ 91  9217595356","shop no 2084/12, main bazar, Amritsar - 143006, Gali Kucha Dai Khana"
"AMRITSAR MOTORS","+ 91  9815782037",""
"Rawat Tour & Travels","+ 91  183 3293969","Majitha Road, Medical Enclave, Amritsar - 143001"
"Amritsar City Tour","+ 91  183 5016633","Shop Number 2, Gali Sita Ram, Katra Ahluwalia, Amritsar - 143006, Near Jalebi Wala Chowk, Sai Baba Market"
"Amritsar Air Lines","",""
"Shri Mani Mahesh Tour & Travels","+ 91  9915714936","Majitha Road, Amritsar - 143001, Near Gnd Hospital"
"Amritsar Shawl Traders & Mfrs","+ 91  183 2552089","Gandhi Bazar, Amritsar - 143006, Nr J K Bank,Swaran Complex"
"Amritsar Time Centre","+ 91  183 5006773",""
"Azad Tour & Travels","+ 91  183 2252708","Majitha Road, Medical Enclave, Amritsar - 143001"
"Amritsar Pet World","+ 91  183 5050329","house-84,plot num-1guru nanak avenue, Sher Shah Suri Road, Chheharta, Amritsar - 143105, bhalla colony"
"Amritsar Tampo Union","+ 91  183 6535495",""
"Rajindera Tour & Travels","+ 91  183 2321822","Gopal Nagar, Majitha Road, Amritsar - 143001"
"Amritsar Kheti Store","+ 91  9464180656","Thadey Road, Majitha, Amritsar - 143601"
"amritsar Hardware Store","+ 91  183 2545216",""
"SAI Pabiyal Tour & Travels","+ 91  8727977786","Gau Allah Baksh, G T Road, Putligarh, Amritsar - 143002, Near Essma Mill"
"Amritsar Optical Center","+ 91  9855593867","Tarsikka, Amritsar - 143116, Main Bazar"
"Amritsar Mobile Centre","+ 91  183 5010123",""
"Kukku Di Hatti Tour & Travels","+ 91  9855111921","Shop 307 ground floor, Golden Temple, Amritsar - 143006, Guru Bazar, Bazar Kaserian Wala"
"Amritsar Central Co Operative ...","+ 91  9876567400","Rajatal Amritsar, Rajdhan, Amritsar - 143114"
"Amritsar Bagh Associates","+ 91  183 5014374",""
"Gill Taxi Stand","+ 91  9914804168","Amritsar, Batala Road, AMRITSAR - 143001, Near Sareen Hospital"
"Amritsar Kheti Store","+ 91  9855748244","Rayya, Amritsar - 143112"
"Amritsar Institute Of English ...","+ 91  9216225060",""
"Pratham Tour & Travels","+ 91  9876436213","78a, Street No .-5, Kot Atma Ram, Sultanwind Road, Amritsar, Sultanwind, Amritsar - 143021"
"Amritsar Tea Traders Assn Regd","+ 91  9463723372",""
"Amritsar College Of Engg & Tech","+ 91  183 2440675",""
"Sonu Tour & Travels","+ 91  9872553932","Gali No- 5, Saheed Udham Singh Nagar, Sultanwind Road, Amritsar, Sultanwind, Amritsar - 143021"
"Amritsar Central Co Op Bank Ltd","+ 91  183 2326364","Branch Bundala , ,Distt Amritsar-,"
"Amritsar Trading Co","+ 91  9653490970",""
"Sharma Tour & Travels","+ 91  9872961661","Vill- Sultanwind, Pathi Behniwal, Amritsar, Sultanwind, Amritsar - 143021"
"Amritsar Builders","+ 91  183 2570345",""
"Amritsar Dog Kennel","+ 91  9530769306",""
"Lovely Tour & Travels","+ 91  9815203110","Amritsar Gpo, Amritsar, O/S Mahan Singh Gate, Amritsar - 143001"
"Amritsar Investment & Hire Pur...","+ 91  183 2557988","Baba Phoola Singh Mkt.,,"
"Amritsar Swadeshi Textile Corp...","+ 91  183 2220782",""
"Gill Tour & Travels","+ 91  9815923372","Shop Number 16, Amritsar - 143001, Baba Deep Singh Market"
"Amritsar Commercial Press","+ 91  183 2520925",""
"Amritsar Aviation Club","+ 91  183 2214044",""
"New Diamond & Sahil Tour & Tra...","+ 91  9781017111","Amritsar Gpo, Amritsar, Baba Deep Singh Market, Amritsar - 143001"
"Amritsar Traders","+ 91  183 2272393","Main Batala Road, Amritsar - 143001, Near Navjot School,Krishna Sweets"
"Sukhdev Singh Chahal Tour & Tr...","+ 91  9815489637","Amritsar Cantt, Amritsar - 143001, Pind Khasi,Post Office Jumalpur,Tahisil Bababakala"
"Amritsar motors","+ 91  7508111204","Court road, Amritsar - 143001, Rialto chowk, church"
"Trip Tours & Travel","+ 91  183 6571833","7/3, Rani Ka Bagh, Amritsar - 143001, Near HP Petrol Pump"
"Dhawan Tour & Travel","+ 91  183 5068136","C K 897 New Azad Nagar, 7 Sultanwind Road, Amritsar - 143001, Near Golden Temple"
"AR Travels Amritsar","+ 91  9888302117","Amritsar - 143001"
"Gyatri Tour & Travel","+ 91  9814118528","Shop Number 39, O/S Hathi Gate, Amritsar - 143001, Hathi Gate"
"Gill Tour & Travels","+ 91  9855988027","Amritsar - 143001, Baba Deep Singh Mkt,"
"Chabba Tour & Travels","+ 91  9855273396","Amritsar - 143001, Near Gurudwara Baba Deep Singh Shinda"
"Nagina Tour & Travels","+ 91  9855152154","Shop No- 12, Amritsar - 143001, Baba Deep Singh Market"
"Chhena Nagina Taxi Stand","+ 91  9914044344","Shop No-12, Amritsar - 143001, Baba Deep Singh Market"
"Kuldeep Travels Amritsar","+ 91  183 5008600","H.No-45,Gali No 12, Saheed Udham singh Colony, khajane wala gate, Golden Temple, Amritsar - 143006"
"Sharma tour & travel","+ 91  9915585664","Hussain pura, Amritsar Bus Stand, Amritsar - 143001"
"A S K Tour & Travels","+ 91  9876085309","C/O Baba Readymade Garments, Katra Jaimal Singh, Amritsar - 143006, Near Satguru Collection."
"Veer Tour & Travel","+ 91  9814664335","Ram Tirth Road, Amritsar - 143001, Opposite Valmiki Murti"
"ARORA TOUR & TRAVELS","+ 91  183 5061743","SHOP NO 1, BUS STAND ROAD, Amritsar Bus Stand, Amritsar - 143001, NEAR PINGALWARA"
"Phoenix Tour & Travels","+ 91  183 2549921","1-A,Dhan Dhan Baba Deep Singh Ji Cplx, Katra Sher Singh, Amritsar - 143006"
"ARORA TOUR &TRAVELS","+ 91  9463324191","Rajeet avenue B/233, Amritsar - 143001, neR hotel best western"
"Gurmeet Tour & Travels","+ 91  9876807413","Akhara Baba Shri Chand Ji Maharaj,Near Hotel C.j. International,Amritsar, Amritsar - 143001"
"Bengal To Amritsar Tour & Travel","+ 91  9357682320","K D Plaza, Chowk Mahan Singh Gate, Amritsar, Amritsar - 143001"
"Sapna Tour & Travels","+ 91  9256340924","H No-639, Amritsar - 143001, Adrash Ngr, Nr Bharti Karyan Store"
"Goodwill Tours & Travels","+ 91  183 2491288","4, Dhan Dhan Baba Deep Singh Market Lawrence Road, Lawrence Road, Amritsar - 143001"
"Hong Kong Tour Travels","+ 91  183 2535762","47,1st Flr Singh Cplx, Amritsar - 143001, Hide Mkt,Hussaipura Chowk"
"Jashwinder Singh Tours & Travel","+ 91  9217271892","394-B, A-Block, Amiritsar, Amritsar - 143001, Railway Estate"
"Ashu Tour & Travels","+ 91  9988180295","H No-B/400, Amritsar - 143001, Chowk Baba Saheb, Gali Sangal"
"Parminder Tour & Travels","+ 91  9781533568","Amritsar - 143001, Verka"
"Sachdeva Travels Amritsar","+ 91  9888732694","Opp. Sangam Cinema, Near Pingalwara, Amritsar Bus Stand, Amritsar - 143001, G.T. Road"
"Friends Tour & Travel","+ 91  9988033050","Tarn Tran Road, Amritsar Bus Stand, Amritsar - 143001, Main Gate Shieda Wala Gurdwara"
"Ashok Kumar Tour & Travels","+ 91  9815249099","House Number-1330, Gali Number-4, Amritsar - 143001, New Jedge Nagar"
"Sohal Taxi Stand","+ 91  9888625066","252, New Amritsar, Amritsar - 143001, Near New Amritsar Gate"
"Raghav Tour & Travel","+ 91  9417103526","554, Tirth Road,, Amritsar - 143001, Gawal Mandi,near railway"
"R C Tour & Travel","+ 91  183 2532700","Hussainpura Chowk, Amritsar - 143001, Near Bus Stand"
"Bachans Tour & Travel","+ 91  183 2565109","Chhatra Road, Amritsar - 143001, Opposite Railway Station"
"Jasbir Singh Tour & Travels","+ 91  9653015212","25km, Amritsar - 143001, Pind Kotla Dum"
"Endless Roads tour & travel","+ 91  9780840445","#1 .opp inder place cinema, Hide Market, Amritsar - 143001, near ,civil hospital"
