"Name","Phone","Address"

"Zeroplus Consultant Pvt Ltd","+ 91  8800447899",""
"UNITED INDUSTRIAL TRAINING INS...","+ 91  183 2757156",""
"Rohin Tuition Centre","",""
"Creative I Technologies","+ 91  183 5060488",""
"RITS ( Rudhra Institute of ...","+ 91  9872863981",""
"Fansix Technologies","+ 91  183 5005454",""
"Shri Sai Academy","+ 91  183 2587843",""
"Need India Career Institute","+ 91  8437860605",""
"Sareen Infotech Bharteeya V...","+ 91  183 2584238",""
"Grd Technical Centre","+ 91  183 5010007",""
"Sanjivani Education","+ 91  9214343661",""
"Prince Education Hub","+ 91  1572 513638",""
"Rabiya Industrial Training ...","+ 91  657 6543741",""
"Sai Baba Consultancy","+ 91  9793059991",""
"Sidana Studies","+ 91  183 2212696",""
