"Name","Phone","Address"

"Desh Bhagat Group Of Institutes","+ 91  1765 520521",""
"ACPL","+ 91  8800447899",""
"Sai Baba Consultancy","+ 91  9793059991",""
"Heritage Institute of Hotel...","+ 91  562 2962415",""
"Orion Edutech","+ 91  9872848100",""
"Zeroplus Consultant Pvt Ltd","+ 91  8800447899",""
"Shiva Institute","+ 91  9814675255",""
"Fortune Aviation Academy","+ 91  135 6888699",""
"International Institute Of ...","+ 91  788 6007070",""
"Sumeera Sikdha Foundation","+ 91  571 6500650",""
"Bright Future .Com","+ 91  9609601782",""
"Insitute Of Maritime & Prof...","+ 91  141 2394912",""
"Panwar Gourp of Institutions","+ 91  1792 229297",""
"JES Institute","+ 91  11 33497291",""
"Destination Overseas","+ 91  183 5007407",""
"Prof Sodhis Academy Of Competi...","+ 91  8054920092",""
"Shri Sai Academy","+ 91  183 2587843",""
"International Career Academy","+ 91  183 5018786",""
"Rohin Tuition Centre","",""
"NFCI Education Pvt Ltd","+ 91  9888011222",""
"hotel mangement service","+ 91  9888171301",""
"Sri Sai Group Of Institutes","+ 91  8826240202",""
"Swami Satyanand College Of Mgm...","+ 91  183 5023633",""
"Hotel Gurbachan Castle","+ 91  183 5013236",""
"Sareen Infotech Bharteeya V...","+ 91  183 2584238",""
"RITS ( Rudhra Institute of ...","+ 91  9872863981",""
"Need India Career Institute","+ 91  8437860605",""
