"Name","Phone","Address"

"Pasco Automobiles","+ 91  11 33745537",""
"Capital Automotives Pvt Lim...","+ 91  11 33981943",""
"Audi Delhi South","+ 91  11 33870022",""
"Galaxy Toyota","+ 91  11 43477777",""
"Bird Automotive Pvt Ltd","+ 91  124 4029029",""
"Koncept Hyundai","+ 91  11 33985598",""
"Koncept Automobiles Pvt Ltd","+ 91  11 33438113",""
"Libra Ford","+ 91  11 33439040",""
"Renault Delhi East","+ 91  11 33639741",""
"Nexa","+ 91  11 33729564",""
"Zedex Datsun","+ 91  11 33064519",""
"Singh Motors & Properties","+ 91  11 33745880",""
"Grand Auto Capital","+ 91  11 33850497",""
"Auto Nation","+ 91  11 33720921",""
"Sagar Motors","+ 91  11 33851059",""
"Classic Car bazaar","+ 91  11 33089219",""
"Shri Ram Motors","+ 91  11 39542021",""
"Himgiri Cars Pvt Ltd","+ 91  11 33064618",""
"Book My Carz","+ 91  11 33433169",""
"Xtreme Cars Private Limited","+ 91  11 45873322",""
"Majestic Cars","+ 91  11 33724272",""
"Enn Kay The Car Point","+ 91  11 39512202",""
"Sapna Motors","+ 91  11 33061991",""
"Tirupati Motor & Properties","+ 91  11 33986753",""
"Car Town","+ 91  11 33490624",""
"Nexa","+ 91  11 33413167",""
"Top Gear Automobile","+ 91  11 39514452",""
"D S Financial Services","+ 91  11 33415038",""
"D D Motors","+ 91  11 25963535",""
"D D Motors","+ 91  11 48605200",""
"Galaxy Toyota","+ 91  11 33850447",""
"Nexa","+ 91  7838555047",""
"Ring Road Honda","+ 91  11 33852468",""
"D D Motors","+ 91  11 27153996",""
"Competent Automobiles Co Ltd","+ 91  11 45300000",""
"Rohan Motors Ltd","+ 91  120 4071900",""
"Competent Automobiles Co Ltd","+ 91  11 45790000",""
"Nexa","+ 91  120 4032000",""
"Renault Delhi West","+ 91  11 49994666",""
"Nexa","+ 91  11 45800000",""
"Rana Motors Pvt Ltd","+ 91  11 26712222",""
"Rana Motors Pvt Ltd","+ 91  11 23972222",""
"Nexa","+ 91  11 46188888",""
"Prime Honda Capital Cars Pvt Ltd","+ 91  120 4184200",""
"Ad Velocity India Ltd","+ 91  8010202202",""
"Vipul Motors Pvt Ltd","+ 91  129 2555000",""
"Rohan Motors Ltd","+ 91  120 4513700",""
"AAA Vehicleades Pvt Ltd","+ 91  11 66118800",""
"T R Sawhney Motors Pvt Ltd","+ 91  9582263509",""
"Magic Auto","+ 91  11 39513200",""
"Krish Automotors Pvt Ltd","+ 91  11 43288888",""
"MGF Toyota Capital Vehicles Sa...","+ 91  124 4603333",""
"Koncept Automobiles Pvt Limited","+ 91  11 33723030",""
"Lally Automobiles Pvt Ltd","+ 91  11 40210015",""
"Samara Hyundai","+ 91  11 41910000",""
"Fair Deal Cars Pvt Ltd","+ 91  11 22119636",""
"Classic Honda","+ 91  129 4097007",""
"Shiva Motors","+ 91  120 3008600",""
"Silver Arrow Automobiles Pvt Ltd","+ 91  11 33430616",""
"Magic Auto Pvt Ltd","+ 91  9560677777",""
"Harpreet Ford","+ 91  11 47333999",""
"Mahadev Hyundai","+ 91  129 4240000",""
"Pearl Honda","+ 91  124 4555527",""
"Prem Motors","+ 91  11 42390000",""
"Magic Auto","+ 91  11 39513201",""
"Galaxy Toyota","+ 91  11 33850711",""
"Unity Hyundai","+ 91  11 71789976",""
"D D Motors Pvt Ltd","+ 91  11 40523000",""
"Shiva Auto Car India Pvt Ltd","+ 91  11 40242200",""
"AMP Motors","+ 91  11 46922222",""
"Vipul Motors Pvt Ltd","+ 91  124 4395700",""
"Magic Auto","+ 91  11 33074029",""
"Delight Honda","+ 91  11 43299999",""
"Rana Motors","+ 91  11 48277777",""
"Renault Delhi North","+ 91  11 49996644",""
"Regent Autolinks Pvt Ltd","+ 91  120 4641900",""
"Rohan Motors Ltd","+ 91  120 2830701",""
"Auto Vikas Sale & Services","+ 91  11 49050505",""
"AAA Vehicleades Pvt Ltd","+ 91  11 33413765",""
"Bagga Link Motors Pvt Ltd","+ 91  11 45688888",""
"Pearl Honda","+ 91  124 4241777",""
"Concorde Motors India Limited","+ 91  11 42224777",""
"TCS Autoworld","+ 91  129 4252525",""
"Graduate Motors palace","+ 91  11 25492345",""
"Galaxy Toyota","+ 91  11 33850688",""
"Hans Hyundai A unit of Charu m...","+ 91  11 49200300",""
"Kaizen Nissan","+ 91  11 49787000",""
"Vertex Nissan","+ 91  9599283490",""
"Sunrise Hyundai","+ 91  11 47341000",""
"Dream Hyundai.","+ 91  120 4377960",""
"Auto Car India","+ 91  11 41999999",""
"Southend Honda","+ 91  11 40611212",""
"RALLY MOTORS","+ 91  8860000013",""
"AMP Motors Pvt Ltd","+ 91  124 4941111",""
"Fortune Hyundai","+ 91  120 4667000",""
"V Go Ford","+ 91  129 4128888",""
"Rana Motors Pvt Ltd","",""
"JKM Motors Pvt Ltd","+ 91  11 41724000",""
"Unity Hyundai","+ 91  11 65377772",""
"MGF Hyundai Ltd","+ 91  9810429915",""
"Apra Auto India Pvt Ltd","",""
"Malwa Motors Pvt Ltd","+ 91  8510919191",""
"Mahindra First Choice","+ 91  7838309303",""
"Samara Honda","+ 91  11 49777888",""
"Nexa","+ 91  11 48400050",""
"Grace Toyota","+ 91  11 71303030",""
"Marketing Times Automobiles Pv...","+ 91  11 40979797",""
"Shiva Motors","+ 91  120 4353161",""
"Uttam Toyota","+ 91  120 4537300",""
"Galaxy Toyota","+ 91  11 33850701",""
"Kaizen Nissan","+ 91  11 43864386",""
"Audi Delhi West","+ 91  11 33412404",""
"Kashyap Fiat","+ 91  120 2462601",""
"Ring Road Honda","+ 91  124 4688000",""
"Axon Honda","+ 91  120 2784002",""
"PUNEET MOTORS","+ 91  9811485410",""
"Autoportal.com","+ 91  11 33454481",""
"Nimbus Motors Pvt Ltd","+ 91  120 4172300",""
"Hans Hyundai","+ 91  11 47618300",""
"Magic Auto","+ 91  11 33726327",""
"Indraprastha Automobiles Pvt Ltd","+ 91  11 49984998",""
"Renault Adhchini","+ 91  11 49290005",""
"Harpreet Ford","+ 91  124 4423000",""
"GURU JI MOTORS","+ 91  8130075007",""
"Deutsche Motoren Pvt Ltd","+ 91  129 4269000",""
"B M Nissan","+ 91  129 4260606",""
"Nimbus Hyundai","+ 91  120 2771517",""
"DD Nexa","+ 91  9081900800",""
"Carnation","+ 91  9899775514",""
"Tanish Ford","+ 91  124 4313131",""
"Synergy Cars","+ 91  11 41977777",""
"Sri Durga Automobiles","+ 91  11 46126211",""
"Mr Car Auto Company Ltd","+ 91  11 48004800",""
"Sab Motors Pvt Ltd","+ 91  120 4376914",""
"Tempo Automobiles Pvt Ltd","+ 91  124 4116348",""
"Him Motors Pvt Ltd","+ 91  11 45334533",""
"Concorde Motors India Limited","+ 91  11 49323200",""
"Prem Motors Pvt Ltd","+ 91  124 4319008",""
"Competent Automobiles Co Ltd","+ 91  9582797711",""
"Superon Hyundai","+ 91  124 2879300",""
"Bhanu Motor Pvt Ltd","+ 91  11 4598888",""
"Aristo Motor Pvt Ltd","+ 91  124 4278313",""
"Pawan Motors","+ 91  9891200240",""
"BRANDONWHEELS.COM","+ 91  8010580080",""
"AD ON WHEELZ","+ 91  7206391493",""
"Neo Vehicleaid Pvt Ltd","+ 91  120 4009900",""
"THE SAHIBA INTERNATIONAL","+ 91  9312226337",""
"Crystal Renault","+ 91  120 4569555",""
"Sunrise Auto Tech Pvt Ltd","+ 91  129 2400444",""
"Libra Autohaus","+ 91  11 41474747",""
"T R Sawhney Motors Pvt Ltd","+ 91  9582227364",""
"Concorde Motors","+ 91  7053127398",""
"Tanish Ford","+ 91  124 4014200",""
"Pasco Automobiles","+ 91  124 2678700",""
"Safdarjang Hyundai","+ 91  11 28052155",""
"Bhagwati Motors","+ 91  9810222216",""
"Rachna Motors","+ 91  11 27853219",""
"Harish Motors & Finance","+ 91  11 27124224",""
"Fair Deal Cars Pvt Ltd","+ 91  11 22119626",""
"K Car Kunj Pvt Ltd","+ 91  11 65025992",""
"Vohra Cars","+ 91  11 45012525",""
"SAINIK CAR OPTIONS AND SERVICE...","+ 91  11 25691705",""
"Drs Motors Pvt Ltd","+ 91  124 2430003",""
"Satman Automobiles","+ 91  11 40814081",""
"Him Motors Pvt Ltd","+ 91  9312262724",""
"Magic Auto","+ 91  11 39513203",""
"Go Auto","+ 91  7838398303",""
"Diljot Motors","+ 91  124 4251414",""
"Trans Automobile","+ 91  129 2273006",""
"Concorde Motors India Ltd","+ 91  11 22815277",""
"Deep Automobiles","",""
"Wahe Guru Motor","+ 91  11 27342833",""
"Carnation","+ 91  11 33605700",""
"T & T Motors Pvt Limited","+ 91  11 26821005",""
"Superon Hyundai","+ 91  124 4654700",""
"Himgiri Cars Pvt Ltd","+ 91  9871248999",""
"Tuli Fiat","+ 91  9891223300",""
"Kumar Motors & Properties","+ 91  9212678707",""
"Asian Motors","+ 91  11 43438080",""
"Bloom Cars","+ 91  11 45600206",""
"Ghai motors","+ 91  9871305330",""
"Gautam Spare Parts & Accessories","+ 91  9213899760",""
"Bhasin Motors","",""
"Patel Auto Services Pvt Ltd","+ 91  124 4005311",""
"Vivek Autolinks","+ 91  120 2788504",""
"CAR BAZAR","+ 91  9811372037",""
"Orion Automobiles PVT LTD","+ 91  124 4952500",""
"Rajeev Motors Ltd","+ 91  11 23343404",""
"J K Moto Corp","+ 91  11 49455000",""
"Uppal Motors","+ 91  11 25884700",""
"ADZ Car India Pvt Ltd","+ 91  9999944942",""
"Autoportal.com","+ 91  11 33742215",""
"VINAYAK MOTORS","+ 91  11 29831542",""
"Sahni Motor Co","+ 91  11 25102115",""
"ADZ CAR INDIA PVT LTD","+ 91  9540473093",""
"Magna Motors","+ 91  11 22816252",""
"T R .Sawhney Motors","+ 91  9999399198",""
"Sunrise Hyundai","+ 91  11 66199777",""
"Volkswagen Ncr East","+ 91  11 33491444",""
"JAI Bharat Auto Agencies","+ 91  11 23962459",""
"Jemson Motors","+ 91  11 45679191",""
"Sagar Motors","+ 91  9810064864",""
"Auto Point Service","+ 91  11 25101270",""
"Bedi Car Zone","+ 91  11 27482425",""
"Satguru Motors","+ 91  9811355686",""
"M R Hyundai","+ 91  9312821180",""
"Gautam Automobiles","+ 91  9312652745",""
"Renault Mayapuri","+ 91  9599883151",""
"Islam Motors Pvt Ltd.","+ 91  11 26964433",""
"CAR ADDICTION","+ 91  11 45123700",""
"Kapoor Car House","+ 91  11 25435952",""
"Indraprastha Automobiles Pvt Ltd","+ 91  11 45584558",""
"Ishwar motor works","+ 91  9811434624",""
"Bholay Motors","+ 91  9953650188",""
"Royal Motors","+ 91  11 26873699",""
"Ruby Motors","+ 91  11 28756253",""
"Durga Auto Deals","+ 91  11 25422790",""
"Lucky Motors","+ 91  11 23534700",""
"Satguru Motors.","+ 91  9958994394",""
"NEW MAAN MOTORS","+ 91  11 28757880",""
"Ravi Auto Deals","+ 91  11 28753888",""
"BALA JI CAR BAZAR","+ 91  11 22448686",""
"Treo Chevrolet","+ 91  11 33081054",""
"Zaira Motors","+ 91  9999136364",""
"Kapoor Diesel Garage Pvt Ltd","+ 91  11 27731237",""
"S S Motors","+ 91  9212206699",""
"Anils Islam Motors","+ 91  11 49057001",""
"SHANTI Motors Parts","+ 91  9899732739",""
"Branding wheels","+ 91  8860538964",""
"Shakti Motors","+ 91  11 27457867",""
"Car Town","+ 91  9910622122",""
"Urmil Motors","+ 91  9582806267",""
"BENZ MOTORS","+ 91  11 25517628",""
"Apra Auto India Pvt Ltd","+ 91  124 4090000",""
"Kashyap Fiat Vehicle Works Pvt...","+ 91  120 4571487",""
"Moni Motors","+ 91  11 41447181",""
"DELHI MOTORS","+ 91  11 27510403",""
"City Car Care","+ 91  11 41424191",""
"Himgiri Cars Pvt Ltd","+ 91  9810906222",""
"Pahwa Autoworld","+ 91  11 41658555",""
"Chadha Motor","+ 91  9873404405",""
"Deep Motors","+ 91  11 65676144",""
"City Car Care Dealers","+ 91  11 41424191",""
"Khurana Automobiles","+ 91  129 4056020",""
"R K Motors","+ 91  9810559649",""
"Tirupati Motors.","+ 91  11 22051144",""
"CITY ON WHEELS","+ 91  9999992322",""
"Prime Motor","+ 91  11 33067210",""
"RANA CAR FASHION","+ 91  11 25141156",""
"Chaddha Motors","+ 91  9811140441",""
"City Motors","+ 91  9811004958",""
"BABAR SONS","+ 91  9310704222",""
"Maruti Car Bazar","+ 91  11 23537013",""
"Csd Cars For Defence Sainiks O...","+ 91  11 25691706",""
"Perfect Motors","+ 91  9212012231",""
"Carvikreta.com","+ 91  11 45670046",""
"Car Zone","+ 91  9811091606",""
"Vikas Motors","+ 91  9350549355",""
"jolly motors","+ 91  9810041769",""
"Click Garage","+ 91  7290001287",""
"QUTAB AUTO Pvt. Ltd.","+ 91  9582229308",""
"Carking.In","+ 91  8826686625",""
"JAGGI MOTORS","+ 91  11 23549394",""
"Bharat Car Bazar","+ 91  9891206363",""
"S S Motors","+ 91  11 26809041",""
"HARSH CAR CARE","+ 91  9818336253",""
"MOHAN CAR ACCESSORIES","+ 91  9560629193",""
"JAGDAMBA MOTORS","+ 91  9811040031",""
"Vinayak Motors","+ 91  9958181228",""
"Prince Motor Links .pvt. Ltd","+ 91  120 4136900",""
"Shakeel Motors","+ 91  11 33820082",""
"Noida Car Point","+ 91  120 4270500",""
"Jhelum Motors","+ 91  9811715888",""
"JKM MOTORS","+ 91  9910524000",""
"Chawla Motors & Estates","+ 91  11 29810314",""
"Car Mall","+ 91  9811212588",""
"AVRY MOTORS","+ 91  11 25991447",""
"Super Motors","+ 91  11 27216161",""
"Dc car point","+ 91  9999410505",""
"Grd Motors","+ 91  11 23982269",""
"Carnation Divya Motors","+ 91  11 26116600",""
"United cars","+ 91  9958390076",""
"Pal Motors","+ 91  129 6458065",""
"Magus Car Ltd","+ 91  9999999413",""
"Gyani Motors","+ 91  11 25112941",""
"ZEE Motor & Properties","+ 91  11 27103703",""
"Punjabi Bagh Motors & Properties","+ 91  11 25215010",""
"Pal Motors","+ 91  9810021481",""
"Aston Martin","+ 91  11 46108700",""
"Magic Motors","+ 91  9811139397",""
"Joy Car Accessories","+ 91  11 24655969",""
"Rama Motors & Properties","+ 91  11 27470003",""
"Kapoor Motors","+ 91  11 25102034",""
"NEXT RIDE","+ 91  9818889563",""
"Neo Datsun","+ 91  120 4633000",""
"Daksh Motors","+ 91  9211101110",""
"Gurukripa Autos","+ 91  11 26921111",""
"Maken Motors","+ 91  9911819672",""
"City Motors","+ 91  9818866766",""
"R K Car AC","+ 91  11 26016664",""
"Haryana Motors","+ 91  11 41359331",""
"Kapoor Motors","",""
"BS Car Trader","+ 91  7065706581",""
"Motor Craft","+ 91  8057692222",""
"Premier Ltd","+ 91  11 23413331",""
"Fortune Hyundai","+ 91  9718406600",""
"Sukhmani Auto Deal","+ 91  9990010166",""
"Saya Car","+ 91  9999225565",""
"Ambience Leasing Ltd","+ 91  11 24333162",""
"Kamal Motors","+ 91  11 27121268",""
"Preetpal Motors","+ 91  11 28113441",""
"Zig Wheels","+ 91  124 4187000",""
"Dinco Motors","+ 91  9215064515",""
"Anubhav Motors","+ 91  120 2525343",""
"Indian Sales Corporation","+ 91  9871139076",""
"Samara Auto Zone","+ 91  11 65374100",""
"Fair Car Nikhar","+ 91  11 22586210",""
"LAXMI AUTOMOBILES","+ 91  9810535171",""
"East Delhi Finlease Pvt Ltd","+ 91  11 22481133",""
"Kasana Motors","+ 91  11 20555555",""
"Ahuja Motors","+ 91  11 22503334",""
"Car Zone","+ 91  9716681585",""
"Balbir Motor & Finance Co","+ 91  11 23714348",""
"SANT AUTO DEALS","",""
"Veera Motors","+ 91  11 42542807",""
"Lucky Motors","+ 91  11 28754448",""
"Mahalaxmi Motors","+ 91  11 25762828",""
"Puri Motors","+ 91  11 23618632",""
"Surhit Hyundai","+ 91  9350944025",""
"Fitness Auto Centre","+ 91  9268032005",""
"Super Car Bazar","+ 91  9871155059",""
"Skyline Automobiles","+ 91  9999805761",""
"Shyam Motor","+ 91  9811066789",""
"My car","+ 91  9999006569",""
"Jasmeet Car Club","+ 91  11 41440200",""
"Sahni Motors & properties","+ 91  9811172733",""
"CITY MOTORS","+ 91  9810078367",""
"Azad Motors","+ 91  11 65699549",""
"Raj Motors","+ 91  9999592277",""
"Dwarka Motors & Properties","+ 91  9810565782",""
"Sterling Motor Co","+ 91  124 2361012",""
"Batra Motor & Properties","+ 91  9312224002",""
"New Carnation Motors","+ 91  9250729299",""
"Genson Cars","",""
"Sai Deep Motors","+ 91  9891729972",""
"Perfect Value","+ 91  9911074470",""
"Dina Nath Kapoor","+ 91  11 28117030",""
"Fauzi Motors","+ 91  9213781853",""
"AD ZONE","+ 91  124 2655100",""
"Sam Motors","+ 91  9871007741",""
"HopCar","+ 91  9701215544",""
"Car trade.com","+ 91  9555077734",""
"Taylor motors","+ 91  9899596005",""
"Ekta Motors And Auto Dealers.","+ 91  11 65418479",""
"United Motors","+ 91  9891500042",""
"Prince Motor","+ 91  9953534349",""
"Car Choice","+ 91  9650052121",""
"Delhi Motors","+ 91  9891378999",""
"Shri Sai Motors","+ 91  9811182723",""
"Car AC India","+ 91  9810012481",""
"Soni Motors","+ 91  11 22483390",""
"Mohan Motors","+ 91  9312421630",""
"Ap Classic Motors","+ 91  11 29814788",""
"Unique Motors","+ 91  11 29818042",""
"Baba Motors","+ 91  9999387438",""
"Yamuna Motors","+ 91  9891542858",""
"DEV Motor.","+ 91  9212014458",""
"Auto Deal","",""
"A P Motors","+ 91  9818104645",""
"DHAMIJA MOTORS","+ 91  9811057898",""
"Rajat Motors","+ 91  11 28753727",""
"U Drive Old Rajinder Ngr","+ 91  11 25827771",""
"Velocity Car & Loans","+ 91  11 45032421",""
"Dewan Auto","+ 91  9810279900",""
"Aiyyar Automobiles Pvt Ltd","+ 91  9560611114",""
"VISHAL AUTO PARTS","+ 91  9818336274",""
"Mass Metal Pvt Ltd","+ 91  11 28764301",""
"My Shop Motors","+ 91  11 27224770",""
"Fair Deal Motors","+ 91  9999998900",""
"Standard cars","+ 91  11 42237034",""
"Continental Car Scanning Centre","+ 91  11 27377671",""
"Bharat Motors","+ 91  9811440490",""
"Lohia Motors","+ 91  9654680305",""
"Siyaram Motor Works","+ 91  11 27129893",""
"D d Industries Ltd","+ 91  11 27453333",""
"Sona Motors","+ 91  11 47320147",""
"Superb Auto & Finance","+ 91  9718400099",""
"Pankaj Motors","+ 91  9213384080",""
"SHARMA CAR HOUSE","+ 91  11 25459627",""
"New Shakti Motors","+ 91  9891303073",""
"British Auto India","+ 91  11 49503100",""
"Durga Motors","+ 91  11 47540740",""
"Kohli Motors","+ 91  9818492038",""
"Gaba Motors","+ 91  11 25550244",""
"Puri Motors & co.","+ 91  11 27516814",""
"Shiv Car Sales","+ 91  9810677665",""
"Vehicle Magnets","+ 91  9911163885",""
"Vikram Motors","+ 91  9990026008",""
"Alva Auto Spares Pvt Ltd","+ 91  8130854512",""
"Prince Motor Links Pvt Ltd","+ 91  11 33057606",""
"General Motors","+ 91  9891108514",""
"Satguru Motors","+ 91  11 27016469",""
"Noida Motors","+ 91  9999411655",""
"Leo Motors","+ 91  :LEO",""
"Vivek Automobiles","+ 91  120 2700068",""
"Deepak Motors","+ 91  8588008009",""
"Bhawani Motors","+ 91  9810368410",""
"SAI Car Sale & Purchase","+ 91  9911313142",""
"Autodrome","+ 91  11 26817123",""
"Grover Motors.","+ 91  9868323365",""
"Krishna Motors","+ 91  9811128381",""
"Samar motors","+ 91  9650441915",""
"Sabka Car Bazar","+ 91  8130421995",""
"Mahajan Motors","+ 91  9810292132",""
"ANMOL MOTORS","+ 91  11 22095607",""
"Sushil Car Bazar","+ 91  129 4006332",""
"Guru Kirpa Motors","+ 91  9810112034",""
"Sharma Auto Deals","+ 91  9654327575",""
"Bhagwati Motors","+ 91  9811334572",""
"Khanna Auto Deal & Property De...","+ 91  9250639824",""
"Capital Scooter Works","+ 91  11 24690095",""
"Atithi Automobiles","",""
"Cargo Motors PVT LTD","+ 91  11 23233022",""
"Atlas Motor Co","+ 91  11 23978284",""
"Jolly Motors","+ 91  11 42502881",""
"Nitin Motors","+ 91  11 28757766",""
"United Engg Works","+ 91  11 26183008",""
"JAGGI CAR CARE","+ 91  9873564206",""
"AUTO FAST","+ 91  9212067585",""
"Shankar motors","+ 91  11 27120167",""
"Pankaj Motors","+ 91  9818490840",""
"Shri Balaji Motor & Spare","+ 91  11 27372984",""
"Chopra Motors","+ 91  9811035620",""
"Sony Motors","+ 91  11 25179977",""
"S K CNG Car A C","+ 91  9213724547",""
"G G Motors","+ 91  9212000622",""
"Auto King","+ 91  9999556300",""
"Bizarre","+ 91  9212427313",""
"Real cars","+ 91  9953026298",""
"Shine Car Accessories","+ 91  9811433837",""
"Shivam Motors","+ 91  9810765001",""
"Shri Shiv Kirpa Property & Car...","+ 91  9910106540",""
"R S MOTORS","+ 91  9891292878",""
"Auto Experts","+ 91  11 43016066",""
"Dadri Motors","+ 91  7042194665",""
"Arihant Motors","+ 91  9811380414",""
"Mukta Jain","+ 91  9990501814",""
"Swastik motors","+ 91  9873355554",""
"Maruti New Brand Car Dealer","+ 91  9811225256",""
"Balaji Motors","+ 91  9212347047",""
"Baba Motors & Properties","+ 91  9560058037",""
"Khanna Motors","+ 91  9810343356",""
"K M Motors","+ 91  11 47091530",""
"DAS Auto Mobiles","+ 91  9811095672",""
"PAYAL MOTORS","+ 91  11 64516627",""
"Car point","+ 91  9999802345",""
"YASH MOTORS ( CAR ACCESSORIES ...","+ 91  9555129413",""
"Car Shoppee","+ 91  120 4337412",""
"Nawab Motors Ghaziabad Showroom","",""
"Chouhan motors","+ 91  9811965604",""
"Shree Ganesh Motors","+ 91  8527786447",""
"Rohit Motors","+ 91  9015550344",""
"Delhi Automobile & Spares","+ 91  129 4012206",""
"Laxmi motors","+ 91  9711740815",""
"Santosh Motors","+ 91  9873800597",""
"Vipul Motors PVT LTD","+ 91  129 2220286",""
"Channi Motors","+ 91  9810145492",""
"Hari Om Motors","+ 91  11 22001344",""
"Jolly properties.","+ 91  9810012032",""
"J S R Motors & Communications","+ 91  11 26310856",""
"Masand Motors","+ 91  11 26471221",""
"Om Auto Deals","+ 91  11 22454816",""
"Ravi Motors","+ 91  9810010071",""
"Star Motor","+ 91  11 29817146",""
"Premier Car Bazar","+ 91  9811050494",""
"Malviya Motors","+ 91  9810786945",""
"The New India Assurance Compan...","+ 91  9818383887",""
"Allied Auto Exchange","+ 91  9891200376",""
"kay sons","+ 91  11 24649800",""
"Babaji Motors","+ 91  11 20600622",""
"A A Motors","+ 91  9891129760",""
"Vijay Raj Motors","+ 91  11 23622888",""
"Prince Motor","+ 91  11 28755787",""
"BALAJI CAR","+ 91  9810021799",""
"Vanshika Motors","+ 91  9971714700",""
"DREAM AUTOMOBILE","+ 91  9811353339",""
"Jaggi Auto Deal","+ 91  11 28753166",""
"Sai Motors","+ 91  11 28758546",""
"Vikram Motors","+ 91  11 28722418",""
"Vintage Automobile","+ 91  9250455109",""
"Neha Motors","+ 91  11 28755686",""
"Rohan Automobiles","+ 91  11 26804835",""
"Guru Angads Automobile","+ 91  11 23690988",""
"Shri Radhay Properties","+ 91  9212422134",""
"Carevaluators","+ 91  11 45178700",""
"Mehar Motors Regd","+ 91  11 27235676",""
"Puri Motors","+ 91  11 23655814",""
"Highline Automotive Private Li...","+ 91  11 45752872",""
"Auto Car","+ 91  11 42463639",""
"P S Cars Pvt Ltd G T Karnal Road","+ 91  11 27410181",""
