"Name","Phone","Address"

"Eazy Air Travels","+ 91  11 45679336",""
"Froottrip.Com","+ 91  124 7170012",""
"Affordable Travel","+ 91  124 4898789",""
"Travel On Call","+ 91  124 6515554",""
"Alternative Holidays & Travels","+ 91  120 4225539",""
"Travel Xperts.Co","+ 91  11 45752763",""
"Happy Vacations","+ 91  11 46508086",""
"World Box Tours","+ 91  11 47590422",""
"Okk Travels","+ 91  11 65378181",""
"Kingsbury Travel Leaders","+ 91  11 45706660",""
"Travel IQ Services Private ...","+ 91  124 4205544",""
"Bird Travels.Co.In","+ 91  11 65007737",""
"Emirates Tours And Travels","+ 91  11 41660442",""
"A R Travels & Transport","+ 91  124 2578022",""
"Holiday Konsepts Pvt Ltd","+ 91  120 4575027",""
"Paradise Tours And Travels","+ 91  11 23582130",""
"Almondz Tours & Travels","+ 91  11 47061990",""
"Farepayer Pvt Ltd","+ 91  11 45661507",""
"Northern Exposures","+ 91  11 27611982",""
"Hiretrips","+ 91  11 41704220",""
"ASR Tour & Travels","+ 91  11 40551442",""
"Daksh Networking Pvt Ltd","+ 91  11 43561611",""
"K P Travels","+ 91  11 47047211",""
"Metropolitan Travels","+ 91  11 42436666",""
"AAINA TRAVEL","+ 91  11 41420224",""
"Fun Seasonal Tour & Travels","+ 91  129 6519377",""
"My Dream Point","+ 91  129 4009575",""
"A R Travels","+ 91  11 41573446",""
"P R International Services","+ 91  11 26304071",""
"FlightOworld","+ 91  11 22482138",""
"Amar Holidays Pvt Ltd","+ 91  11 49004500",""
"Monarch Holiday","+ 91  11 47065732",""
"Travel Expertz","+ 91  11 45452888",""
"Triplords.Com","+ 91  11 45109956",""
"Indian Trip Zone","+ 91  120 2821479",""
"Destination Point","+ 91  11 45095733",""
"Fastrip India Pvt Ltd","+ 91  11 41717108",""
"Make You Travel","+ 91  11 40360000",""
"Platinum Tours","+ 91  11 41519737",""
"Narang Travels","+ 91  11 45390338",""
"Musafir Holidays","+ 91  11 22526569",""
"Tanish Travels","+ 91  11 46067446",""
"Incredible Getaways","+ 91  120 4123529",""
"Express Air Travels","+ 91  120 4274003",""
"Sky Planners Pvt Ltd","+ 91  11 27011734",""
"Journey Ease","+ 91  120 4223848",""
"Rishab Travels","+ 91  11 27345827",""
"Magnet Hospitality","+ 91  11 27040034",""
"Indian Global Tours","+ 91  11 27673625",""
"Mannu Forex Pvt Ltd","+ 91  11 40542823",""
"NSV Travel And Tour","+ 91  11 47761133",""
"Fiesta Travels Pvt Ltd","+ 91  11 42482078",""
"Lum Destination","+ 91  11 45523537",""
"Global Trips","+ 91  124 4144565",""
"Dream Earth Holidays Pvt Ltd","+ 91  11 46828230",""
"R S Services","+ 91  11 42441212",""
"Airways Travels","+ 91  11 45563939",""
"Trip Point","+ 91  11 41003962",""
"AMM Holidays Pvt Ltd","+ 91  11 25554191",""
"IDH Destination Pvt Ltd","+ 91  11 26476853",""
"Pigeonsky Travel & Trekking...","+ 91  11 25072928",""
"Haritimas travels & forex","+ 91  11 46013564",""
"Tourism India Corporation","+ 91  11 42664199",""
"Deep Adventures & Tours","+ 91  11 47021997",""
"N V Travel Services","+ 91  11 65292920",""
"C S Plaza","+ 91  11 41013392",""
"The Great Western Holidays","+ 91  11 25806300",""
"Priyadarshini Airwings Pvt Ltd","+ 91  124 4040400",""
"Groupfarez.com ( A unit of ...","+ 91  124 4271313",""
"SKYWINGS","+ 91  124 4309521",""
"Cox & Kings","+ 91  120 4154424",""
"Balaji Travels","+ 91  120 2535430",""
"Travel solution","+ 91  9555336048",""
"Travel Time Holidaz","+ 91  11 65280652",""
"Hinam Communications","+ 91  11 45011437",""
"Red Tours & Travels","+ 91  120 2875424",""
"Saab Travel & Tours Ltd","+ 91  11 26180845",""
"Worldwide Travelwale Privat...","+ 91  124 4241313",""
"My Dream Vacations","+ 91  11 24527056",""
"Vkonnect Services Pvt Ltd","+ 91  120 3148507",""
"Aedrison holidays","+ 91  11 27051425",""
"Bon Voyage Travels","+ 91  11 45060846",""
"We Care trip","+ 91  129 4020509",""
"Sarthak Travels","+ 91  124 2204634",""
"Sun Beam Holidays","+ 91  11 45020966",""
"FAB TRAVELS AND CYBER CAFE","+ 91  11 27050708",""
"Etihad Travel Pvt Ltd","+ 91  11 23361624",""
"SD TOUR & TRAVELS","+ 91  11 29545495",""
"Gold Standard Travel Services","+ 91  124 4379830",""
"Lit Holidays Pvt Ltd","+ 91  11 47055360",""
"ATW Holidays Pvt Ltd","+ 91  11 45543739",""
"Dial 2 Fly Travels Pvt Ltd","+ 91  129 4015600",""
"Subhash Travel Service","+ 91  11 41025090",""
"Sai Travels","+ 91  11 65260001",""
"First Step Forex","+ 91  124 4370569",""
"Sai Globe Trips","+ 91  11 41006400",""
"S N Saliha Services","+ 91  11 27918995",""
"Singapore Travels & Holidays","+ 91  11 64642764",""
"Vatsa Tours And Travel","+ 91  11 22479469",""
"Vaishnav Travels","+ 91  124 2370445",""
"V S Services","+ 91  11 23645065",""
"Junction Wheelz Tour & Travels","+ 91  120 6999220",""
"Theticketbooking.Com","+ 91  11 45564492",""
"Maharashtra Tourist","+ 91  11 23561975",""
"Fly High Travels","+ 91  11 65282825",""
"Travelucent Travel","+ 91  11 43054531",""
"Spice Vacations Travel Pvt Ltd","+ 91  11 41589538",""
"Gayatri Travels And Tour","+ 91  11 45719181",""
"Guru Kripa Travels","+ 91  11 26642827",""
"Bluebell Tours & Travels PV...","+ 91  120 4264040",""
"Satvik Travels","+ 91  11 65554784",""
"Nirankari Travels","+ 91  11 45645434",""
"Vega Tour & Travels","+ 91  124 4466999",""
"Yatrigan.Com","+ 91  11 65558888",""
"My Travel Sathi","+ 91  120 6999010",""
"India Trip Travel Services","+ 91  11 23588132",""
"Goodluck Holiday","+ 91  11 43035337",""
"Holiday Mitram","+ 91  11 45453041",""
"Wish Fare Holidays","+ 91  120 2761451",""
"Perfect Travels","+ 91  11 65907236",""
"Bold Forex N Travel Pvt Ltd","+ 91  11 67656556",""
"Ish World Travels","+ 91  9810959129",""
"Airplex Holidays Pvt Ltd","+ 91  11 64755577",""
"Ramola Forex And Holidays P...","+ 91  11 45591031",""
"Shubh Yatra Sadaiva","+ 91  11 41018080",""
"Arihant Tour & Travels","+ 91  11 22022202",""
"Shyam Services","+ 91  11 23645842",""
"Prospect Immigration And Ed...","+ 91  11 25106043",""
"Sachkhand Travels Pvt Ltd","+ 91  11 45652828",""
"Travel Zone","+ 91  11 47068344",""
"Karun Travels","+ 91  11 23645191",""
"Bimpra Tours And Travels Pv...","+ 91  124 6126969",""
"Shraddha Tour & Travels","+ 91  11 22483447",""
"G S Travels","+ 91  11 47053252",""
"Future Plus","+ 91  11 43572809",""
"Jai Paras Holidays","+ 91  11 43802293",""
"Travel Mart Services","+ 91  11 25336090",""
"Hm Global Journeys","+ 91  11 45785553",""
"SNA Holidays","+ 91  11 47070205",""
"Fix My Tripp Travels","+ 91  124 4271158",""
"Sri Balaji tour n Travels","+ 91  9891044376",""
"Cox & Kings Ltd","+ 91  11 47528444",""
"Primerose Travel India Priv...","+ 91  11 22233114",""
"Global Walk Holiday Packages","+ 91  11 45645601",""
"Fly First","+ 91  11 23586175",""
"Chaitanya Tour & Travels","+ 91  11 42486380",""
"Plan Online Trip Private Li...","+ 91  11 65788666",""
"Gurbani Tours & Travels","+ 91  11 29836720",""
"Trips Exotica","+ 91  11 22240170",""
"Conexions India","+ 91  11 47541694",""
"Travel Myntra","+ 91  11 47034323",""
"Aask Forex Pvt Ltd","+ 91  11 46076871",""
"Leisure World Tours","+ 91  120 4563100",""
"Krishna Tour & Travels","+ 91  124 4046512",""
"Travel Affairs","+ 91  11 47057776",""
"A P Travel","+ 91  11 41600171",""
"Touch World Travel & Tours","+ 91  11 65480111",""
"SHAH ENTERPRISES","+ 91  9312629753",""
"YatraMasti Travel & Visa Se...","+ 91  11 27043345",""
"JSJ Tour N Travels","+ 91  11 26887851",""
"Swastik Travels","+ 91  11 45805576",""
"Down Town Travels","+ 91  11 23416379",""
"Reliable Travels","+ 91  11 23862509",""
"Usha Travels","+ 91  11 26133647",""
"Madan Travels","+ 91  124 6465555",""
"Stark Travels","+ 91  11 22485922",""
"Yatra Point","+ 91  11 41063757",""
"TRAVEL 20","+ 91  11 47548043",""
"Cox And Kings Ltd","+ 91  11 47060190",""
"EZZ Travel","+ 91  11 43016885",""
"Trip Designers","+ 91  129 4050460",""
"Adikwet Travels","+ 91  11 45133444",""
"Gaura Travel Solutions Pvt Ltd","+ 91  120 4563579",""
"Dawar Travels","+ 91  11 42983004",""
"Travel Trip","+ 91  9540731588",""
"Ram Travel Solution","+ 91  11 45595145",""
"Goodluck Holidays","+ 91  120 4275120",""
"Surya Travelines","+ 91  129 6465277",""
"Suchita Holidays","+ 91  11 26480660",""
"Sajal Travels","+ 91  120 4545655",""
"Shubham Reliable Services","+ 91  9810510774",""
"Jubilant Tourism","+ 91  11 45660388",""
"Traveloship Tour And Holidays","+ 91  11 45851085",""
"J D Travels","+ 91  11 41412031",""
"Omkar Travel","+ 91  11 41000081",""
"Pack Your Bag 7","+ 91  9958783412",""
"Ganpati Tour & Travels","+ 91  120 3309558",""
"Naveen Travels","+ 91  11 64666884",""
"Anand T.C Tour & Travel","+ 91  11 25325520",""
"Tatkalyatra.Com","+ 91  11 22323111",""
"Dial 2 Fly Travels Pvt Ltd","+ 91  129 3236231",""
"Funz Trip Pvt Ltd","+ 91  11 40140401",""
"Dpauls Travel & Tours Ltd","+ 91  11 66777111",""
"D.Pauls","+ 91  11 64660000",""
"Thomas Cook India Ltd (Custome...","18002099100",""
"Makemytrip.com","+ 91  11 41520337",""
"Fly Dubai (Booking Office)","+ 91  11 41504441",""
"Muthoot Finance Ltd","+ 91  11 41752272",""
"Expedia.co.in","+ 91  124 4873888",""
"Muthoot Finance Ltd","+ 91  11 28561533",""
"Akbar Travels Of India Pvt Ltd","+ 91  11 25800000",""
"Easy Trip Planners Pvt Ltd","+ 91  11 43131313",""
"Muthoot Finance Ltd","+ 91  11 45541941",""
"Muthoot Finance Ltd","+ 91  11 25089413",""
"Muthoot Finance Ltd","+ 91  120 4575222",""
"Via.com","+ 91  11 39414141",""
"Muthoot Finance Ltd","+ 91  11 41016380",""
"Muthoot Finance Ltd","+ 91  11 45130408",""
"Muthoot Finance Ltd","+ 91  120 4291526",""
"Muthoot Finance Ltd","+ 91  120 4103377",""
"Muthoot Finance Ltd","+ 91  11 40572134",""
"Makemytrip.com","+ 91  11 47511301",""
"Muthoot Finance Ltd","+ 91  11 42342061",""
"Muthoot Finance Ltd","+ 91  120 4732997",""
"Ashok Travels And Tours","+ 91  11 23349062",""
"Muthoot Finance Ltd","+ 91  11 46698782",""
"Muthoot Finance Ltd","+ 91  11 47592061",""
"Travelguru.com","+ 91  124 4626917",""
"Muthoot Finance Ltd","+ 91  11 26925032",""
"Muthoot Finance Ltd","+ 91  11 26124157",""
"Rajdhani Travels","+ 91  11 28314224",""
"Akbar Travels Of India Pvt Ltd","18002003434",""
"Muthoot Finance Ltd","+ 91  11 43054800",""
"Muthoot Finance Ltd","+ 91  11 26642114",""
"Muthoot Finance Ltd","+ 91  11 45028235",""
"Chinar Roadlines Regd","+ 91  11 23920504",""
"Muthoot Finance Ltd","+ 91  120 4348708",""
"Spring Travels Pvt Ltd (Head O...","+ 91  11 40404040",""
"Muthoot Finance Ltd","+ 91  11 26210276",""
"City Heart Travels","+ 91  9810193126",""
"Muthoot Finance Ltd","+ 91  11 47527216",""
"Muthoot Finance Ltd","+ 91  11 25330345",""
"Muthoot Finance Ltd","+ 91  11 27673764",""
"Swan Tours","+ 91  11 23415601",""
"Vaishno Devi Helicopter Ticket...","+ 91  11 41750000",""
"Deepak Tours & Travels","+ 91  129 2419451",""
"Dsd Travels & Tours","+ 91  11 43580400",""
"Cox & Kings","+ 91  11 45203333",""
"Thomas Cook India Ltd (Travel ...","+ 91  11 65452948",""
"Gill Travels","+ 91  11 25277767",""
"Doaba Tourist Transport Service","+ 91  11 46969696",""
"Asiana Airlines (Airport Office)","+ 91  11 49638260",""
"Muthoot Finance Ltd","+ 91  11 43466130",""
"Dewanholidays.Com","+ 91  11 43224322",""
"Indian Airline Ltd - Enquiry H...","+ 91  11 25675121",""
"Drukair Corporation Ltd (Booki...","+ 91  11 47125100",""
"Thomas Cook India Ltd (Travel ...","+ 91  124 2389581",""
"American Airlines Helpline","+ 91  124 4374275",""
"Shree Nath Travel","+ 91  9968740868",""
"Muthoot Finance Ltd","+ 91  11 43518628",""
"Muthoot Finance Ltd","+ 91  11 27282264",""
"Muthoot Finance Ltd","+ 91  11 27755082",""
"CheapTicket.in","+ 91  120 4887777",""
"Muthoot Finance Ltd","+ 91  11 45872586",""
"Vayudoot World Travels India P...","+ 91  11 23545624",""
"North Ex Air Travels Service","+ 91  11 27323849",""
"Muthoot Finance Ltd","+ 91  120 4336683",""
"Fast Track Courier","+ 91  9350849496",""
"Rimmi Travels Pvt Ltd","+ 91  129 4042749",""
"Amolak Travels","+ 91  11 28724546",""
"Mercury Travels Ltd","+ 91  11 41502008",""
"Muthoot Finance Ltd","+ 91  120 4111493",""
"Hari Travels PVT LTD","+ 91  11 27312044",""
"Flight Shop","+ 91  11 49694000",""
"Aeronet Travtour Pvt Ltd","+ 91  11 45066666",""
"Pritpal Bus Service","+ 91  11 25514170",""
"K M Travels","+ 91  11 27396692",""
"Cox & Kings Ltd","+ 91  124 4308100",""
"Muthoot Finance Ltd","+ 91  11 43621961",""
"Muthoot Finance Ltd","+ 91  11 43465429",""
"P C Bhutani","+ 91  11 27850593",""
"Muthoot Finance Pvt Ltd Raja ...","+ 91  11 27154810",""
"Muthoot Finance Ltd","+ 91  11 46011585",""
"Muthoot Finance Ltd","+ 91  129 2219898",""
"N K Travels Services","+ 91  11 23844309",""
"Thomas Cook India Ltd (Travel ...","+ 91  120 6460635",""
"Travel In Style","+ 91  11 45104510",""
"Indo Asia Tourism","+ 91  11 43588659",""
"Muthoot Fincorp Ltd","+ 91  11 25275400",""
"Muthoot Finance Ltd","+ 91  11 43691845",""
"Cox & Kings Ltd","+ 91  11 64611222",""
"Jet Save India Tours Pvt Ltd","+ 91  11 45616161",""
"Traveleasy.com","+ 91  11 40272727",""
"A4A Hospitality Services Pvt Ltd","+ 91  11 49874400",""
"Go Processing Limited","+ 91  11 66662323",""
"Muthoot Finance Ltd","+ 91  11 27206392",""
"Equator Tours & Travels","+ 91  11 25880093",""
"Yellow Planet","+ 91  120 2783817",""
"Pay World","+ 91  11 43758800",""
"SATNAM TAXI SERVICE","+ 91  11 25721069",""
"Himalayan Heli Services Pvt Ltd","+ 91  11 41649358",""
"Sharp Travels India Ltd","+ 91  11 40696902",""
"Myanmar Airways International","+ 91  11 43640411",""
"Easymytrip","+ 91  9990330330",""
"Muthoot Finance Ltd","+ 91  129 4004673",""
"N Chirag Travels Pvt Ltd","+ 91  11 45718855",""
"Akbar Online Booking Company P...","+ 91  11 66477000",""
"Regency Tours PVT LTD","+ 91  11 23557943",""
"Muthoot Finance Ltd","+ 91  120 2639749",""
"Look N Book International Pvt Ltd","+ 91  11 46464040",""
"Flight Shop","+ 91  124 4908888",""
"Four Wings Travels & Tours.","+ 91  11 23414160",""
"Sonsar Tour & Travels Pvt Ltd","+ 91  11 27652801",""
"DUA Travels","+ 91  8287225537",""
"Muthoot Finance Ltd","+ 91  11 45650928",""
"Trinetra management","+ 91  11 49064824",""
"Durga Travels","+ 91  11 28112856",""
"Muthoot Finance Ltd","+ 91  120 4102291",""
"Bonton","+ 91  11 43980010",""
"BATRA TRAVEL N FOREX P LTD.","+ 91  11 26686167",""
"Abhipra Capital Ltd","+ 91  11 30900300",""
"Dolphin Holidays","+ 91  11 43530000",""
"Max Travels","+ 91  11 47073593",""
"N Chirag Travels Pvt Ltd","+ 91  11 41523529",""
"Murria Tourist Corp","+ 91  11 41694642",""
"Standard Travel","+ 91  11 47023734",""
"Galileo India Pvt Ltd","+ 91  120 6774200",""
"Naveen Tour & Travels","+ 91  11 23933162",""
"Jain Multi Services","+ 91  120 2227090",""
"Muthoot Finance Ltd","+ 91  11 22307307",""
"Blue Moon Travels PVT LTD","+ 91  120 2423831",""
"Vardhman Holidays India.","+ 91  11 23211233",""
"Jai Durga Tour & Travels","+ 91  124 4267146",""
"Arora Tours & Travel","+ 91  11 22235433",""
"Muthoot Fincorp Ltd","+ 91  11 22753808",""
"Easy Bill","+ 91  9818196787",""
"ISHA TOURS & TRAVELS PVT. LTD","+ 91  11 25739333",""
"Jetways Travels Pvt Ltd","+ 91  11 44112200",""
"Janta Travels PVT LTD","+ 91  11 41513333",""
"Sai Baba Travels","+ 91  11 47094246",""
"Khosla Travels Pvt Ltd","+ 91  11 45335555",""
"Colourful Vacations Pvt Ltd","+ 91  9311129344",""
"HIS Travel India Pvt Ltd","+ 91  11 45161111",""
"Alhind Tours & Travels Pvt Ltd","+ 91  11 49676600",""
"Aerojet Travel Services","+ 91  11 42800000",""
"Perfect Shoppe","+ 91  11 27284786",""
"Paras Travels","+ 91  11 23580974",""
"Yamuna Travels","+ 91  9811857935",""
"Subhash Travel Services India ...","+ 91  11 23956469",""
"Orient Express Pvt Ltd","+ 91  11 41514430",""
"R S Travels & Tours","+ 91  11 43100000",""
"Hazoor Sahib Tourist Bus Servi...","+ 91  11 23861150",""
"The Trip Factor","+ 91  7503588444",""
"Shri Pashupati Nath Ji Tour & ...","+ 91  11 40602500",""
"Belair Ticket Centre","+ 91  11 42521000",""
"Rishabh Tourist Agency","+ 91  11 23959509",""
"Carmos","+ 91  11 29818102",""
"Prime Time Courier Service","+ 91  11 29840312",""
"Go India Tourism Pvt Ltd","+ 91  11 47048686",""
"Oberoi Travel House","+ 91  11 45075488",""
"Cox & Kings Ltd","+ 91  120 4124925",""
"Balmer Lawrie Vacations Exotica","+ 91  11 49518800",""
"Kafila Tours & Travels","+ 91  120 4546787",""
"Gopal Travels","+ 91  11 40536051",""
"Green View Travels","+ 91  11 65293888",""
"Muthoot Finance Ltd","+ 91  11 22597581",""
"State Express Tours Pvt Ltd","+ 91  11 47674020",""
"Cupid Holidays Private Limited","+ 91  11 66030410",""
"TSI Travel Care PVT LTD","+ 91  11 23313578",""
"Swagatam Tours PVT LTD","+ 91  11 25444000",""
"Darpan Travels Pvt ltd","+ 91  11 27326512",""
"Gayatri Tours & Travel","+ 91  11 32492200",""
"Diamond Tours And Travels","+ 91  11 40544373",""
"Radiant Airways India Pvt Ltd","42420111  10 LINES ",""
"Indian Holiday Pvt Ltd","+ 91  11 47773434",""
"Yts Travel Service Pvt Ltd","+ 91  11 23739555",""
"Smile tours and travels pvt. Ltd","+ 91  11 40000500",""
"Maan tour & travels","+ 91  7503583651",""
"Golden Forex","+ 91  11 27131863",""
"Diplomatic Travel Point PVT LTD","+ 91  11 26144654",""
"Cyber Den","+ 91  11 47094694",""
"Ashiyana Travel Services","+ 91  11 45651533",""
"Salvia Visa Facilitation Services","+ 91  11 43522550",""
"Formula Corporate Solution Ind...","+ 91  11 45054400",""
"M M Travels","+ 91  120 2755642",""
"Vasco Travel Pvt Ltd","+ 91  120 4601390",""
"GTB Travels","+ 91  11 45551888",""
"Parshvanath Tours And Travels","+ 91  11 29532246",""
"Leisure Corp Pvt Ltd","+ 91  124 4105790",""
"Nimble Tours Pvt Ltd","+ 91  11 45554444",""
"Frontier Success Club","+ 91  8287012382",""
"Oasis Tours India PVT LTD","+ 91  11 43693333",""
"SAKSHAM TOURS AND TRAVELS","+ 91  11 25841233",""
"Bird Group","+ 91  124 4610666",""
"Easy Bill Pvt Ltd(Head Office)","+ 91  11 41818800",""
"Dnata Travels Pvt Ltd","+ 91  11 23723870",""
"Lords Travel Pvt Ltd","+ 91  11 23352844",""
"KIRAN CARGO PVT. LTD.","+ 91  11 66304553",""
"Star Airways Pvt Ltd","+ 91  11 28750184",""
"Bansal Travels Rup Nagar","+ 91  11 23843855",""
"A1 India Travels","+ 91  11 45444450",""
"Hindustan Air Travels","+ 91  11 23283991",""
"Sahib Travels","+ 91  11 65723206",""
"Bharat Travel Service","+ 91  11 27652144",""
"Overnite Express Ltd","+ 91  11 65451316",""
"Center Point","+ 91  11 42502930",""
"Sai Cab Service Palam Colony","+ 91  11 47597004",""
"Delhi Luxury Car Hire","+ 91  11 47674000",""
"Authentic Travels Pvt Ltd","+ 91  11 40636300",""
"Club Seven Holidays Ltd","+ 91  11 49266211",""
"P L Worldways Limited","+ 91  124 4697700",""
"Mishra Tours & Travels","+ 91  11 43022436",""
"Balmer Lawrie Tours & Travels","+ 91  11 22054429",""
"Carlson Wagonlit Travel","+ 91  11 23322000",""
"Zap Booking.com","+ 91  11 45424510",""
"Naveen Travels","+ 91  11 42475025",""
"Jyoti Travel Service","+ 91  11 27372000",""
"Narula Travels Pvt Ltd","+ 91  124 4108225",""
"AMBA TRAVELS","+ 91  9968635581",""
"Indo Asia Holidays","+ 91  124 4534600",""
"Mikasa Airways Tours & Travels","+ 91  11 27042127",""
"Muthoot Finance Ltd","+ 91  129 2237240",""
"Bless My Trip","+ 91  11 45083768",""
"Khanna ENT","41523383",""
"Raji Tour & Travels","+ 91  11 22523147",""
"KDH Travels Pvt Ltd","+ 91  11 45649371",""
"Paras Tour & Travel","+ 91  9990645556",""
"Fly Mantra","+ 91  9555980666",""
"Tulsi Travels Pvt Ltd","+ 91  11 22412168",""
"Quick Service Point","+ 91  11 64659933",""
"Wanderlust Travels Pvt Ltd","+ 91  11 40537116",""
"One Stop Shop","+ 91  11 47145714",""
"Euro Star Tour & Travels","+ 91  11 23747374",""
"Destination Travels Service Pv...","+ 91  11 45456565",""
"Golden Wings Tours Pvt Ltd","+ 91  11 45009800",""
"Peagasus Air Services Pvt Ltd","+ 91  11 42502450",""
"Yorks Travels & Forex services...","+ 91  11 47069487",""
"East Bound Tours & Travels Pvt...","+ 91  124 4217800",""
"Shivbhole India Travels Pvt Ltd","+ 91  11 40687400",""
"Travel Bhai.Com","+ 91  11 46305599",""
"Garg Air links","+ 91  11 41623261",""
"Blue World Tourist","+ 91  9213998313",""
"Neptune Travels India Pvt Ltd","+ 91  11 47471081",""
"Abt Tours & Travels Pvt. Ltd.","+ 91  11 47054705",""
"Arista Travel Pvt Ltd","+ 91  11 46252563",""
"ILTC Travels Pvt Ltd","+ 91  11 42508366",""
"S A Southend Travels Pvt Ltd","+ 91  11 66624545",""
"Ganpati Travels","+ 91  11 26289136",""
"Onkar Travels Pvt Ltd","+ 91  11 23329425",""
"Sunrise Aviation","+ 91  11 43724372",""
"Hotel nirmal mahal","+ 91  11 23587774",""
"Bon Ton Travels","+ 91  11 23361564",""
"Potala Tours & Travels Pvt Ltd","+ 91  11 23816262",""
"RIA Intl","+ 91  11 42502001",""
"Kailash Travels","+ 91  11 27376763",""
"Besto Stores","+ 91  11 45512720",""
"Aman Travels Ltd","+ 91  124 4050866",""
"Life Line Tourism Pvt Ltd","+ 91  11 42724272",""
"Rana Travels","+ 91  11 45511648",""
"R S Tour & Travels","+ 91  11 45873687",""
"Froottrip.com","+ 91  124 7170005",""
"Ambe World Travels","+ 91  11 26968755",""
"Eagle Express Inn","+ 91  9599497316",""
"Tripheal Tourism Pvt Ltd","+ 91  120 6534443",""
"Maurya Travels","+ 91  11 41528552",""
"Rama Tour & Travels Pvt Ltd","+ 91  124 2360544",""
"Omni Travels","+ 91  11 45638129",""
"Skies Tours & Travels","+ 91  11 47542866",""
"Raja Tour & Travel","+ 91  9891041666",""
"BHARTIYA MANAGEMENT CONSULTANCY","+ 91  9868012730",""
"Business Travels Pvt Ltd","+ 91  11 26431706",""
"Saavi Travel Centre","+ 91  9871999550",""
"Maharaja Travels","+ 91  11 23311189",""
"Inter Globe Enterprises Ltd","+ 91  11 43513195",""
"Himanchal Holidays Tours","+ 91  11 23583898",""
"Bhagwant Travel & Tours Pvt Ltd","+ 91  11 28759819",""
"Spring Travels Pvt Ltd","+ 91  11 45373737",""
"Thomas Cook","+ 91  11 42421214",""
"Honeymoon Tourism","+ 91  11 42475303",""
"Tirupati Holidays Pvt Ltd","+ 91  120 4121019",""
"Erco Travels Pvt Ltd","+ 91  11 45329900",""
"Inderprastha Railway Reservati...","+ 91  11 29992034",""
"Garg Holidays Pvt Ltd","+ 91  11 47212121",""
"Jain Travels","+ 91  9811547560",""
"Ama Tours and Travels","+ 91  11 23812808",""
"Taj Travels","+ 91  11 41545797",""
"Lionel India Ltd","+ 91  11 30781166",""
"Arvind Travel","+ 91  9999912245",""
"Kailash Travels","+ 91  11 25687100",""
"BALAJI TRAVELS","+ 91  11 41057796",""
"FOX TRAVEL HOUSE","+ 91  11 45532664",""
"Perfect Take Care Travels","+ 91  11 45081999",""
"Grahak Seva kendra","+ 91  9599001999",""
"Rana Tour & Travels","+ 91  9910938822",""
"New Era Travel","+ 91  11 26418097",""
"Lala Ji Travels","+ 91  11 25696278",""
"Paul Merchants LTD","+ 91  124 4145101",""
"Explorers Tour & Travels PVT LTD","+ 91  11 44233333",""
"Mann tour India Pvt Ltd","+ 91  124 2563419",""
"Siddharth Travels Pvt Ltd","+ 91  11 46565500",""
"Indian Holiday Club","+ 91  11 65363626",""
"Travel On Clock","+ 91  11 41841234",""
"Udaan Travel Services","+ 91  11 22042082",""
"Golden Travels","+ 91  11 23957907",""
"Jha travels","+ 91  11 25039287",""
"Dahiya Tours & Travels","+ 91  124 2360214",""
"Visit India Online","+ 91  9999029435",""
"Travel Spirit International Pv...","+ 91  11 29812200",""
"Raj Tour & Travels","+ 91  11 23901846",""
"JAY Sons Travels","+ 91  11 43752267",""
