"Name","Phone","Address"

"Sam Venture","+ 91  11 33746245",""
"JDMPS Support Company","+ 91  11 33453977",""
"New India Service","+ 91  11 33493315",""
"Ahaan Human Resources & All...","+ 91  11 33726991",""
"Radford Global Ltd","+ 91  11 33437291",""
"Anubhav Hr Solution","+ 91  11 33820347",""
"Bharti Human Resource","+ 91  11 33496245",""
"A P Recruitment Services","+ 91  9210825993",""
"Lavoro HR","+ 91  9811702237",""
"Gurvinder & Company Consult...","+ 91  11 33412303",""
"Unnatihelpers.Com","+ 91  11 33826559",""
"K E Group","+ 91  9599125996",""
"Tcti","+ 91  11 33056758",""
"Total Jobs Solutions Pvt Ltd","+ 91  11 33637220",""
"Bpo Jobs","+ 91  11 33853203",""
"Laghima Group Of Companies","+ 91  11 33825828",""
"Fizzi Group Of Management","+ 91  11 33825567",""
"Unique Recruitment Services...","+ 91  11 33851108",""
"Anaami Hr Solutions","+ 91  11 33827214",""
"Ojasva Securities And Manag...","+ 91  11 33428810",""
"Venus Solutions Point","+ 91  11 33497229",""
"Job Wala 99.Com","+ 91  9311273999",""
"Aviora Services","+ 91  11 33638694",""
"Jagdamba Placement Services...","+ 91  11 33987737",""
"SRK Menpower","+ 91  11 33083019",""
"Jobs Oriens Pvt Ltd","+ 91  11 33089175",""
"MKC Management Services","+ 91  11 33742396",""
"S R Services","+ 91  11 33058932",""
"Arora Consultancy","+ 91  11 33058055",""
"X Track H R Services","+ 91  9136339828",""
"Adikwet HR Management Services","+ 91  11 33059147",""
"H R Enterprises","+ 91  11 65005555",""
"A P Placement Services","+ 91  11 33743496",""
"Gss Partners","+ 91  11 39547695",""
"Prime HR Consultants","+ 91  11 33829433",""
"Fly High Career Shaper Pvt Ltd","+ 91  11 39546942",""
"Oasis Facility & Management...","+ 91  11 33826393",""
"A To Z Placement Services","+ 91  11 33059923",""
"Dream Job Achievers Consult...","+ 91  11 33069888",""
"AMI Placement Services","+ 91  11 33086762",""
"CL Recruitment Service","+ 91  11 33820670",""
"Unique Placement Solutions","+ 91  11 33426476",""
"Resting India Pvt Ltd","+ 91  11 33850035",""
"Quick Call","+ 91  9999973021",""
"Careermovez Consultants Pvt...","+ 91  11 33067889",""
"Successful Point And Consul...","+ 91  11 33453643",""
"Reinforce Solutions","+ 91  11 33063696",""
"Exlent Recruiters Job Place...","+ 91  11 33060996",""
"Luvkush Enterprises","+ 91  11 33638107",""
"Jobs Hunt Solution","+ 91  11 33743735",""
"Jobs Expert","+ 91  11 33984270",""
"Empyreal Realty Consultant","+ 91  11 33413347",""
"Jobs Worldwide","+ 91  11 33852976",""
"Sandeep Placement","+ 91  9818483750",""
"Aasaanjobs","+ 91  11 33870429",""
"Success Business Solutions","+ 91  11 33415659",""
"Evergreen Aviation Academy","+ 91  11 33496112",""
"V Tech Solution","+ 91  11 33075501",""
"Joblinkers India","+ 91  120 4561464",""
"Niyukti Consultancy","+ 91  11 33853290",""
"Phoenix India Placement Ser...","+ 91  11 33062512",""
"Agrima Services","+ 91  11 33981160",""
"Osca Resources (A Unit Of S...","+ 91  11 33870441",""
"Jobs 99","+ 91  11 33638908",""
"Kelvin Recruiters Pvt Ltd","+ 91  11 33436511",""
"Jet Point Placement","+ 91  11 33069336",""
"Success Seeker","+ 91  11 33638733",""
"Alvin Workforce Solution","+ 91  11 32319574",""
"YNB Carrier Solutions","+ 91  11 33725064",""
"K S HR Personnel Services P...","+ 91  11 33495284",""
"Career Kendra","+ 91  11 33850093",""
"Unitech Man Power And Place...","+ 91  11 33822520",""
"James Enterprises","+ 91  9891187575",""
"Earth King Securities And M...","+ 91  11 33986153",""
"Heena International Manpowe...","+ 91  11 33438714",""
"Flying Colors Recruitment","+ 91  11 33080291",""
"Neelam House Maid","+ 91  11 65701304",""
"Visionary Outsourcing Services","+ 91  11 33824105",""
"Lekha Hr Services","+ 91  11 33820708",""
"Abhyaas Tranning Institute ...","+ 91  9990261113",""
"Web Direct","+ 91  11 33496362",""
"A & S Manpower Pvt Ltd","+ 91  129 4056060",""
"Career HR Services","+ 91  11 33416791",""
"X Track Hr Services","+ 91  9873789879",""
"Lucky Placement Services","+ 91  11 33638083",""
"Career makeover services","+ 91  11 33853454",""
"ATZ Consultants","+ 91  11 39511724",""
"Hr Daily","+ 91  11 33412667",""
"Itrust.Com","+ 91  11 33426240",""
"Gatee Xpress","+ 91  9716527725",""
"Justhiring.in","+ 91  11 33065159",""
"Ar Solution","+ 91  11 33498967",""
"Disha Better Jobs","+ 91  11 33632187",""
"Vijay Job Solution","+ 91  11 33454608",""
"Balaji placement service","+ 91  8010630239",""
"JRM Services","+ 91  9871915993",""
"Signature Management Solution","+ 91  11 33438497",""
"Skyedge Consultancy Services","+ 91  11 33063188",""
"Ebullient Services","+ 91  11 33431745",""
"Geetanjali Placement Services","+ 91  11 33722120",""
"Aim High Consultancy","+ 91  11 33850339",""
"Career Makeover Services","+ 91  11 33453899",""
"G & T Financial Services & ...","+ 91  9953917464",""
"Ever Green Aviation Academy","+ 91  9250019581",""
"Hiring Zone","+ 91  11 33725957",""
"Phoenix Consultants","+ 91  11 33433201",""
"Job Hunt","+ 91  11 33852882",""
"Triumph IT Services","+ 91  11 33722252",""
"JobSecure","+ 91  11 33723543",""
"Royal Recruitment","+ 91  11 33852984",""
"Samuchya Solution","+ 91  11 33850754",""
"Pragmatic Solution","+ 91  11 33741378",""
"Genius Point","+ 91  11 39517576",""
"Overseas Work Zone","+ 91  11 22094184",""
"Alliance Consultancy","+ 91  11 33079836",""
"Dream Jobs Hunt","+ 91  11 33493622",""
"Saarthi Placement Consultants","+ 91  11 33827240",""
"ATC Recruitment Service","+ 91  11 33056845",""
"Conscript Hr Services","+ 91  9582056572",""
"Pranshu Placement Services","+ 91  11 33744697",""
"Trivikram Hr","+ 91  11 33064938",""
"Softolution Technology Pvt Ltd","+ 91  11 33453044",""
"Frontline Staffing Pvt Ltd","+ 91  11 33078436",""
"Shree Sai Enterprises","+ 91  11 42311677",""
"Career Innovators Pvt Ltd","+ 91  11 48114811",""
"Career Expert","+ 91  11 33726564",""
"Netco H. R Services","",""
"Gold Career Job Solutions","+ 91  11 33438845",""
"Keya It Research Pvt Ltd","+ 91  11 33742296",""
"Your Job Consultant","+ 91  11 33631218",""
"Vision Placement","+ 91  11 33066449",""
"Thrive Business Solution","+ 91  11 33054168",""
"SSS Placement Consultants &...","+ 91  11 33825965",""
"Sujay","+ 91  11 33851069",""
"Glee Path Services","+ 91  11 33852685",""
"Blue Sky Group And Services","+ 91  9650606980",""
"Fast Fly Services","+ 91  9718504333",""
"Early Solutions","+ 91  11 33087109",""
"SM Consultancy & Placement","+ 91  11 33636289",""
"Approble Placement","+ 91  11 33497697",""
"Saral Rozgar","+ 91  11 33416276",""
"S V Consultants & Recruiters","+ 91  11 33826502",""
"R S Placement Services","+ 91  11 33721463",""
"Efficient It And Electronic...","+ 91  11 45623171",""
"Swastik Recruitment & Train...","+ 91  11 33426979",""
"Global Placement Consultancy","+ 91  11 33453448",""
"Self Job Consultant","+ 91  11 33059785",""
"Anjali Business Consultant","+ 91  11 33741278",""
"Job Mart","+ 91  11 33059571",""
"Swaastik Manpower Services","+ 91  9654845357",""
"Careers Mantra","+ 91  11 33722136",""
"C F Consultants Pvt Ltd","+ 91  11 33069883",""
"Evergreen","+ 91  11 33496951",""
"Dial Cell","+ 91  11 33135292",""
"Deepak Joshi (sr. business ...","+ 91  11 33724484",""
"Creative India Group.","+ 91  11 33853558",""
"One Click Recruiters","+ 91  11 33495576",""
"Flair On Hr Consultancy & S...","+ 91  11 33062369",""
"The Vertical Recruiters","+ 91  11 39515932",""
"Career Academy & Consultancy","+ 91  11 33433620",""
"Adecco India","+ 91  11 39897070",""
"Tata Consultancy Service Ltd (...","18002093111",""
"Ikya Human Capital Solutions P...","+ 91  11 66065200",""
"Randstad India Limited","+ 91  11 66298888",""
"Quikr Jobs","+ 91  9999149085",""
"Teamlease Services Pvt Ltd","+ 91  11 30993000",""
"Naukri.com","+ 91  9818882211",""
"Abc Consultants Pvt Ltd","+ 91  11 42393900",""
"Monster.Com","+ 91  124 4682220",""
"Manpower Group Services India ...","+ 91  124 6795400",""
"Bedi & Bedi Associates","+ 91  11 45035706",""
"Naukri.com","+ 91  11 41519227",""
"Randstad India Ltd","+ 91  124 6676000",""
"Adecco India","+ 91  120 4823900",""
"Jerry Varghese International Ltd","+ 91  11 26933650",""
"Asiapower Overseas Employment ...","+ 91  11 49904880",""
"BSL Placement","+ 91  9891146584",""
"Naukri.com","+ 91  120 4140500",""
"Signature Staff Pvt Ltd (Corpo...","+ 91  120 4044101",""
"Teamlease Services Customer Care","+ 91  11 60000655",""
"Talentpro People Resource Solu...","+ 91  11 46542500",""
"Genius Consultants Ltd","+ 91  11 46789900",""
"Kelly Services India Pvt Ltd","+ 91  124 4499650",""
"Ernst & Young Cap Gemini Ernst...","+ 91  124 4701000",""
"Head Honchos","+ 91  11 66197000",""
"Elements Manpower Solution","+ 91  11 41036660",""
"Global Innovsource Solutions P...","+ 91  124 4848484",""
"Adecco India","+ 91  124 3005900",""
"Unison International Consultin...","+ 91  124 4565901",""
"Monster.com","+ 91  120 4024100",""
"Elixir Web Solutions","+ 91  120 4510900",""
"People Strong HR Services Pvt ...","+ 91  124 4782400",""
"Manpower Conusltancy","+ 91  9250909196",""
"Pms Consulting","+ 91  11 23711184",""
"C-Dial","+ 91  11 41034692",""
"Pro Guild India Ltd","",""
"Global Hunt India PVT LTD","+ 91  11 46547700",""
"Million Minds Management Servi...","+ 91  11 45203000",""
"Career Wala","+ 91  9811518686",""
"Ikya Human Capital Solutions P...","+ 91  11 41612707",""
"Formula Corporate Solutions Pv...","+ 91  11 43061133",""
"New Era India Consultancy Pvt Ltd","+ 91  11 48888500",""
"Trehan International Consultan...","+ 91  11 45655000",""
"Borders Placement","+ 91  9811242830",""
"Dynamic synergy pvt ltd","+ 91  9911660650",""
"Neerja Handa Corporate","",""
"Info Edge (India) LTD.","+ 91  120 4304700",""
"Watermelon Management Services...","+ 91  11 43103740",""
"Unick Placement","+ 91  129 4071388",""
"MICHAEL PAGE","+ 91  124 4525500",""
"Sunrise Placement Service Pvt Ltd","+ 91  124 4409786",""
"Maxmile Rectruiters","+ 91  9811960126",""
"Vision India Staffing Private ...","+ 91  11 45130634",""
"Mascot E Services","+ 91  11 41410789",""
"Ushema HR Solutions","",""
"Manpower Services India Pvt Ltd","+ 91  11 66497527",""
"Hemson India","+ 91  11 28751360",""
"Vhr Professionals Services Pvt...","+ 91  9990572236",""
"Tab Placements","+ 91  11 45011000",""
"Good Fellow Foreign Services A...","+ 91  11 47122786",""
"Round One Network Private Limited","+ 91  8287744555",""
"Mancer Consulting Services Pvt...","+ 91  11 66417200",""
"New Group Four Security Placement","+ 91  9212392010",""
"Adecco India","+ 91  124 3277740",""
"Spectral Consultants","+ 91  9990480950",""
"Habsons Jobsup Ltd","+ 91  11 46644664",""
"Omam Consultants Pvt Ltd","+ 91  11 29536670",""
"A 2 Z Placements","+ 91  11 47119711",""
"Lord Varun Placement Consultants","",""
"Zenith Consultants","+ 91  9999788587",""
"Mount Talent Consultant","+ 91  9871589888",""
"H R International","",""
"Prime One PVT LTD","+ 91  11 46042096",""
"Planman Hr Pvt Ltd","",""
"People Staffing Solutions","+ 91  11 47071071",""
"AMCAT - Freshers Jobs","+ 91  124 4842777",""
"Ganga Consultants","+ 91  8800530186",""
"English Mates","+ 91  9582826030",""
"V M Placement Service Pvt Ltd","+ 91  120 4297789",""
"Ikya Global Solution Pvt Ltd","",""
"Usha Management Consultant","+ 91  129 4037411",""
"Master Mind Network","+ 91  11 26176077",""
"Impetus HR Consultants Pvt Ltd","+ 91  9910895722",""
"Global Consultant","+ 91  11 43016301",""
"Convergys Call Centre","",""
"Super Asia Manpower Services","+ 91  11 25537513",""
"Head Hunter","+ 91  11 40583920",""
"CAREER CRAFT (A UNIT OF CASH ...","+ 91  8130655355",""
"S R Global Placement","+ 91  7838222560",""
"oxygent","+ 91  120 4564300",""
"Adhaan Solutions","+ 91  11 47572655",""
"Grassik Consultants","+ 91  11 47102030",""
"Ikya Human Capital","+ 91  11 46587819",""
"Ambe Consultancy Services Pvt Ltd","+ 91  11 45661111",""
"Delhi Overseas","+ 91  11 26326151",""
"H R D Centre","+ 91  11 26890041",""
"Additions Services","+ 91  11 47091625",""
"U S Tech Solutions","+ 91  120 4315902",""
"carrierwala.com","+ 91  11 64608010",""
"Elite HR Practices Pvt Ltd","",""
"Government Jobs Update","+ 91  9899185563",""
"Lobo Staffing Solutions Pvt Ltd","+ 91  11 46506500",""
"Chaque Jour Outsourcing Soluti...","",""
"Ample Consultants Pvt Ltd","+ 91  11 41618000",""
"Career Advantage Pvt Ltd","",""
"Net Connect Pvt Ltd","+ 91  120 4787600",""
"Dimensions HRD Consultants","+ 91  11 41823996",""
"Smart Steps","+ 91  8826214244",""
"Nccb PVT LTD","+ 91  9911393595",""
"Synergy Consultants","+ 91  11 43138600",""
"Shubham Placement Services","+ 91  11 64504583",""
"Hays Business Solution","+ 91  124 4912300",""
"A J International","+ 91  11 25750295",""
"Job Line India Pvt Ltd","+ 91  11 43216649",""
"Suvidha Talent Pvt Ltd","+ 91  11 41030607",""
"ASL HR SOLUTIONS","+ 91  9818200590",""
"Delhi Metro Placement Agency","+ 91  9810985829",""
"Vendor Plus Consultant Pvt Ltd","+ 91  11 22487293",""
"Mukul Consultants India Pvt Ltd","+ 91  11 41608479",""
"Avian Consultancy","+ 91  11 65689564",""
"SKM Placement","",""
"Placementindia.com","+ 91  11 45679611",""
"Sales Force India","+ 91  11 43018393",""
"Indian Placement & Consultants","+ 91  11 47024500",""
"A J Placement Consultants","+ 91  11 47631000",""
"Jobexchange","+ 91  124 4088805",""
"Unimax Placement Consultant","+ 91  129 3200764",""
"Hero Mindmine Institute","+ 91  11 45572357",""
"New Jobs Point","+ 91  9555402639",""
"Times Business Solutions Ltd","+ 91  120 6636366",""
"Shagun Placement","+ 91  11 27342150",""
"Job Line Consultants","",""
"Caliber Human Resources Pvt Ltd","+ 91  124 4101452",""
"Blue Bell Recruitment Services...","+ 91  120 4101249",""
"ABC Consultancy","+ 91  9211507470",""
"Gnxt Recruiters","+ 91  11 30557159",""
"Human Capital","+ 91  11 26601195",""
"India Jobs Placement Services","+ 91  11 46538911",""
"Korn Ferry International","+ 91  124 4321000",""
"SAI Call Net","+ 91  9811983946",""
"Careers 360","+ 91  11 40591806",""
"Teachers Tree","+ 91  9911048899",""
"Beyond Hr Solutions","+ 91  11 47096850",""
"Maa Kamakhya HR Consultants Pv...","+ 91  11 26460001",""
"Caliber Human Resources Pvt Ltd","+ 91  11 40535591",""
"Career Shapers","+ 91  11 27023956",""
"Dashmesh Consultant","+ 91  9278179792",""
"Dashmesh Services","+ 91  11 65923470",""
"Job Shapers","+ 91  9582261185",""
"Global Services","+ 91  11 33631445",""
"Bee5 Manpower Consulting","+ 91  9871544007",""
"E R Services","+ 91  9136131614",""
"Lakshya HR Solutions","+ 91  9999982920",""
"Best Infosystems Ltd","+ 91  11 43073326",""
"Daffodils Manpower Consultants","+ 91  9810733988",""
"Cube Services","+ 91  11 40575378",""
"M K Management Consultant","+ 91  11 65654001",""
"Super Pioneer Personnel Networ...","+ 91  11 33634178",""
"Steno House","",""
"J J India","+ 91  11 41326511",""
"Jupiter Administrative & Secur...","+ 91  11 29819593",""
"Rastriya Rozgar Mission","+ 91  11 20693069",""
"Global H R Solution","+ 91  9999744999",""
"Hindustan Rozgar Sewa Karyalaya","+ 91  8750195272",""
"OM Recruiters","+ 91  8527758899",""
"Varite India PVT. LTD.","+ 91  124 4744000",""
"R K Consultant","+ 91  124 4202332",""
"HT Media Ltd(Shine.com)","+ 91  9560062009",""
"National Guru Of Consultants","+ 91  120 4152014",""
"Excel Solutions","+ 91  9212858718",""
"Careerist Management Consultan...","+ 91  11 26445977",""
"Voxwill technologies Pvt Ltd","+ 91  9999969041",""
"Aforeserve.Com Limited","+ 91  120 4736866",""
"Aims International Travels and...","+ 91  11 22757744",""
"Sulabh Consultancy Services","+ 91  129 2287704",""
"A R G Personal Network Pvt Ltd","+ 91  9911046115",""
"Maruti Placement","+ 91  129 4317509",""
"Qatar Manpower Agency","+ 91  11 23558400",""
"Solutions Mantra Service Pvt Ltd","+ 91  9540270735",""
"Fortune Academy & Consultancy","+ 91  8750906358",""
"Trehan Exports","+ 91  11 25540224",""
"Deepak Callcentre Jobs","+ 91  9911102942",""
"Talent HUB","+ 91  11 30537498",""
"Tayseer Consultants Pvt Ltd","+ 91  11 26226723",""
"Hindustan Investigation & Secu...","+ 91  129 2224600",""
"Shramik Power Job Pvt Ltd","+ 91  120 4999300",""
"Shri Placement","+ 91  11 22793901",""
"Sampoorna Consultant Pvt Ltd","+ 91  11 29841100",""
"Victor Consultants","+ 91  11 45548155",""
"Suntech Engineers & Contractor","+ 91  11 45820000",""
"Human Needs Services Pvt. Ltd.","+ 91  120 4290265",""
"All India Job Bank Com","+ 91  11 26433086",""
"Boss & Peers Consultants","+ 91  11 43523664",""
"Interact HR Consultants","",""
"Jobtaken.Com","+ 91  11 27630311",""
"Executive Search Consultants","+ 91  9873585300",""
"Talent Hunt India Placement Co...","+ 91  9560129393",""
"Ach Management Consultants Pvt...","+ 91  124 4688200",""
"Options India","+ 91  120 6522267",""
"SL RECRUITMENT.","+ 91  9971614328",""
"Impeccable HR Consulting Pvt Ltd","+ 91  11 27944223",""
"Sita Placement Services","+ 91  9891077142",""
"Datawise Consultants Pvt Ltd","+ 91  120 4077333",""
"Corporate Destination","+ 91  11 26441135",""
"A S Edutech","+ 91  11 26926224",""
"Continental Mercantile Corpora...","+ 91  11 29963555",""
"Search International","+ 91  11 23946957",""
"Tanisha Overseas Placements","+ 91  11 23232343",""
"Devashree Placement Services","+ 91  120 2752508",""
"Acro HR Solutions India Pvt Ltd","+ 91  120 4793800",""
"Nexus Sourcing Solutions PVT LTD","",""
"Job Vision Consultancy","+ 91  11 45138871",""
"Saluja Cad Consultancy","+ 91  124 2391916",""
"National Consultancy Services","+ 91  9599916911",""
"Egon Zehnder Information & Res...","",""
"Global Tech Solutions","+ 91  9810814848",""
"ATC Recruitment Service","+ 91  11 33850753",""
"Unique India Solution","+ 91  7290863327",""
"JRM Services","+ 91  9971614287",""
"APS Traning & HR Services","+ 91  7503907455",""
"Manpower Placement","+ 91  11 26843581",""
"Genesis Manpower Group","",""
"Travel Craft","+ 91  11 26328292",""
"Omam Consultants Service Pvt Ltd","+ 91  11 40536036",""
"Acreaty Mgmt Consultant Pvt Ltd","+ 91  11 26441455",""
"M S International","+ 91  11 26263992",""
"Avian Services","+ 91  11 65472152",""
"Capital Placement Services","+ 91  124 2380584",""
"Datamatics Staffing Services Ltd","+ 91  11 25863902",""
"Jobs Jinnee Consultants","",""
"Nura Engineering Pvt Ltd","+ 91  8510044614",""
"Dash Consultant","",""
"Making India Employment","+ 91  124 4372872",""
"Maven Workforce Pvt Ltd","+ 91  120 4183450",""
"Sapphire India","+ 91  11 25986243",""
"National Consultancy Services","+ 91  9910053505",""
"THE OCTOPUS VERSATILE SERVICE ...","+ 91  9555840405",""
"Call Two Connect India Pvt Ltd","+ 91  120 65627300",""
"YES Center & TMI Group","+ 91  120 4212710",""
"Matrix HR Solutions Pvt Ltd","+ 91  120 4253701",""
"Rao International","+ 91  11 26412111",""
"Perfect Placement","+ 91  129 4031345",""
"Metro Job Consultancy","+ 91  11 46107515",""
"Phool Chand Domestic Maid Cons...","+ 91  11 26436397",""
"Career Dimension","+ 91  11 23388751",""
"Unique Placement Gurgoan","+ 91  124 2348391",""
"Skope India Business Consulting","+ 91  124 4110886",""
"EQS","+ 91  9990059050",""
"Global Zone HR Solutions","+ 91  8459162667",""
"Future Shapers","+ 91  9899561906",""
"Sai Evergreen Placement","+ 91  9873078956",""
"Quadrangle","+ 91  120 4304600",""
"Path Achiever Business","+ 91  11 43018110",""
"Delta Carriers Pvt Ltd","+ 91  11 26179595",""
"Shri Ram Mgmt Consultant","+ 91  9312238055",""
"Career Age.Com","+ 91  120 3291651",""
"VSA Mgmt Services Ltd","+ 91  9810016127",""
"Vivo","",""
"QRN Services","+ 91  9871708212",""
"Manpower For All","+ 91  9999848178",""
"H N M Pvt Ltd","+ 91  9810140186",""
"Educare Solution","+ 91  11 30221576",""
"R K Associates","+ 91  11 26212384",""
"Icon Consultants","+ 91  11 26448573",""
"Job Search","+ 91  11 45012462",""
"MNC Consultant","+ 91  11 65570066",""
"GLOBAL LINKS PLACEMENT PVT LTD","+ 91  120 4259559",""
"Suvidha Consultancy","+ 91  9718298984",""
"Global Trust Consultant","+ 91  11 23321362",""
"Starbugs India","+ 91  9899705283",""
"Noukri Guru Dot Com Tech And R...","+ 91  11 29253937",""
"Account Age Infotech Pvt Ltd","",""
"iTrust.com","+ 91  11 69000767",""
"Shine Jobs Recruitment services","+ 91  9953085654",""
"Ganpati Associates & Placements","+ 91  9953033404",""
"Career Desires Resources","+ 91  11 33745053",""
"Pinaki Solutions","+ 91  8447882354",""
"Shri Consultant Services","+ 91  11 32916188",""
"Kogent Solution","+ 91  11 43551180",""
"Reliance Placement Service","+ 91  9891189348",""
"Axis Capital Ltd","+ 91  8745908848",""
"Bharat Placement Services.","+ 91  9811162762",""
"Moonstone Corporate Services P...","+ 91  9910073714",""
"Essex Lake Group","",""
"G K Manpower Solutions","+ 91  9555171410",""
"Employee Deal Consultants","+ 91  11 25571590",""
"G S Logistics","+ 91  8886008750",""
"Rmos","+ 91  124 6462361",""
"Klazina Consultants Ltd","+ 91  124 4216227",""
"Disha Placement Services","+ 91  11 23365554",""
"Tie UPS Man Power Consultants","",""
"V M Placement Service","+ 91  124 4068661",""
"Wisdomjobs.com","18004202222",""
"IGEmployment.com","+ 91  7737639118",""
"Omega Manpower Solution","+ 91  11 33413656",""
"SHINE.COM","+ 91  9911006781",""
"SOUNDLINES","+ 91  11 26843884",""
"CareerMarshal.com","+ 91  11 42478400",""
"Eligent Corporate Services","+ 91  7827567729",""
"Genuine Management Services Pv...","+ 91  11 22375040",""
"Lucky Marketing","+ 91  11 22303206",""
"Aura Placement Services Pvt Ltd","+ 91  120 4338228",""
"Alliance Placement","+ 91  120 4314517",""
"Tusthi Consultants","+ 91  120 4550800",""
"Piscean Retail Pvt Ltd","+ 91  120 4543814",""
"Mind Pool Consultants","+ 91  9810990110",""
"Kankei Relationship Mktg Servi...","+ 91  11 41704698",""
"Finedge India Pvt Ltd","+ 91  11 26470336",""
"Cybernatic Management Group","",""
"Mantec Consultants pvt ltd","+ 91  11 26429293",""
"Essnee Management","+ 91  11 46515253",""
"Brain Soft Consultants","+ 91  11 46025202",""
"Compitent Services","+ 91  9990113003",""
"R K Placements","+ 91  124 4257041",""
"TRS Staffing Solutions","",""
"Naukriguru.com","+ 91  120 4782600",""
"Wizecareer Consultants","+ 91  9703957543",""
"Seven Seas Business Solution","+ 91  9958862534",""
"Apex Consultancy","+ 91  9899968950",""
"Adroit Enlistment","+ 91  11 41752239",""
"Kinesis Management Services","+ 91  11 26892058",""
"R J Cube Staffing Solutions","+ 91  11 47551101",""
"Click Jobs.com","+ 91  11 49357900",""
"Jeevandecisions Consultancy Se...","+ 91  9999015417",""
"Clear leaf","+ 91  9818963632",""
"Onyx Consultant","+ 91  9990796048",""
"Best H R Solution","+ 91  9560416667",""
"RPS Group Of Manpower","+ 91  9650515156",""
"Quest Educare Solutions Privat...","+ 91  9990128887",""
"Corporate Access","",""
"consultancy","+ 91  9717129467",""
"Jag Kamal Placement","+ 91  9999388331",""
"Next Step","+ 91  9911060696",""
"Dtech Mgmt Resource Pvt Lmtd","+ 91  9810139910",""
"Job Hunters","+ 91  11 39928404",""
"Optimum Management Solution","+ 91  11 47507938",""
"Spearsearch Solutions","+ 91  11 40519536",""
"Unitell Consulting","+ 91  11 46170173",""
"Divya Placement Consultants","+ 91  129 4038425",""
"Global Connections Manpower","+ 91  9988899088",""
