"Name","Phone","Address"

"Alternative Holidays & Travels","+ 91  120 4225539",""
"Skytrip Travel Easy Pvt Ltd","+ 91  11 33412991",""
"Hiretrips","+ 91  11 41704220",""
"Naveen Travels","+ 91  11 33415000",""
"Monarch Holiday","+ 91  11 47065732",""
"MAHALAXMI TRAVELS","+ 91  11 43658887",""
"Platinum Tours","+ 91  11 41519737",""
"My Dream Point","+ 91  129 4009575",""
"Destination Point","+ 91  11 45095733",""
"Narang Travels","+ 91  11 45390338",""
"Junction Wheelz Tour & Travels","+ 91  120 6999220",""
"Ss Tour & Travels","+ 91  11 33433666",""
"Rishab Travels","+ 91  11 27345827",""
"Deep Adventures & Tours","+ 91  11 47021997",""
"Ajay Tour And Travel","+ 91  11 33054993",""
"Shri Sai Tour & Travels","+ 91  11 22500257",""
"Ajay Tour N Travel","+ 91  11 33825784",""
"My Travel Sathi","+ 91  120 6999010",""
"Xtreme Travels","+ 91  9811090967",""
"Aggarwal Tours & Travels","+ 91  11 33850249",""
"Lum Destination","+ 91  11 45523537",""
"Imagicaworld","+ 91  11 47508761",""
"Global Travels","+ 91  11 33498640",""
"Red Tours & Travels","+ 91  120 2875424",""
"Vaishnav Travels","+ 91  124 2370445",""
"Arsh Tour And Travels","+ 91  11 47022916",""
"Gupta Travels","+ 91  11 41006657",""
"Chaitanya Tour & Travels","+ 91  11 42486380",""
"Sarthak Travels","+ 91  124 2204634",""
"Saritha Travels","+ 91  11 33428485",""
"Cafe 122","+ 91  120 4224354",""
"Dial 2 Fly Travels Pvt Ltd","+ 91  129 4015600",""
"Ganpati Tour And Travels","+ 91  129 2213295",""
"V.D Travel","+ 91  120 2472456",""
"International Travels & Tours","+ 91  11 33630428",""
"High Dreamz","+ 91  11 33041652",""
"The Complete Travel Solution","+ 91  11 65000033",""
"Limra Travels & Tours","+ 91  11 26474187",""
"NRJ Tours","+ 91  11 33725264",""
"Arihant Tour & Travels","+ 91  11 22022202",""
"G S Travels","+ 91  11 47053252",""
"Maa Durga Travels","+ 91  11 45621400",""
"Subho Tours And Travels","+ 91  11 26283645",""
"Sri Balaji tour n Travels","+ 91  9891044376",""
"Raj Travels","+ 91  11 33870666",""
"Journey Point","+ 91  120 6542256",""
"Ganpati Tour & Travels","+ 91  120 3309558",""
"Travel Myntra","+ 91  11 47034323",""
"Travel Nation Pvt Ltd","+ 91  11 45873687",""
"Fair Deal Travels","+ 91  11 25985052",""
"Cosco Travels","+ 91  120 4559259",""
"Singapore Travels & Holidays","+ 91  11 64642764",""
"Global Travel Solutions","+ 91  11 43575671",""
"Navika Travels","+ 91  11 33087533",""
"Shyam Services","+ 91  11 23645842",""
"Ready 2 Travel","+ 91  129 4150069",""
"TRAVEL 20","+ 91  11 47548043",""
"Adikwet Travels","+ 91  11 45133444",""
"Sumitra Travels","+ 91  11 33063246",""
"Shri Krishna Travels","+ 91  11 47032907",""
"Air Planet Holidays","+ 91  11 33062951",""
"K J Travels","+ 91  124 4207723",""
"N K Travel","+ 91  11 33429213",""
"Ram Ram Travel Solution","+ 91  11 33434277",""
"Perfect Travels","+ 91  11 65907236",""
"Geeta Reservation Centre","+ 91  11 33870559",""
"Praveen tour & travel","+ 91  11 41069066",""
"Dawar Travels","+ 91  11 42983004",""
"Reliable Tour N Travels","+ 91  129 4070701",""
"Iqbal Travels","+ 91  11 33427782",""
"Bless My Holidays","+ 91  11 64686981",""
"Travel Trip","+ 91  9540731588",""
"Dees Tour & Travels","+ 91  11 65455556",""
"India Tourism Network","+ 91  11 23589672",""
"Gaura Travel Solutions Pvt Ltd","+ 91  120 4563579",""
"Daksh Forex","+ 91  11 41437707",""
"Trips Exotica","+ 91  11 22240170",""
"Priyadarshini Airwings Pvt Ltd","+ 91  124 4040400",""
"Gold Travels","+ 91  11 33742741",""
"Vatsa Tours And Travel","+ 91  11 22479469",""
"Star Trip Tour & Travel","+ 91  11 28227444",""
"Indo World Travels","+ 91  11 23582623",""
"Super Royal Holidays","+ 91  9999248258",""
"India Trip Travel Services","+ 91  11 33056391",""
"Westend Holidays","+ 91  11 25875040",""
"Skytrip Travel Easy Pvt Ltd","+ 91  11 33058387",""
"Ajay Tour And Travel","+ 91  11 33721081",""
"Touch World Travel & Tours","+ 91  11 65480111",""
"Siraj Travels","+ 91  11 65441555",""
"Krishna Tour & Travels","+ 91  124 4046512",""
"New Rajasthan Company Rajas...","+ 91  9212203003",""
"Royal Travels","+ 91  11 26838233",""
"SHRI BALAJI TOUR & TRAVEL","+ 91  8510015617",""
"Aditya Associates","+ 91  11 33429962",""
"Airplex Holidays Pvt Ltd","+ 91  11 64755577",""
"Ram Travel Solution","+ 91  11 45595145",""
"Amit Quick Railway Reservation","+ 91  11 33415579",""
"Krishna Infotech","+ 91  11 40533138",""
"Jai Paras Holidays","+ 91  11 43802293",""
"Suntek Travels","+ 91  11 33054980",""
"Parul Associates","+ 91  11 22510167",""
"Dimpy travel and sales","+ 91  11 33746215",""
"Welcome Ticketing","+ 91  11 33850629",""
"Sai Travels","+ 91  11 65260001",""
"Sai Ram Tours & Travels","+ 91  11 41354264",""
"Jaya Tour & Travels","+ 91  120 2484984",""
"C S Plaza","+ 91  11 41013392",""
"Garg tourism","+ 91  11 41650003",""
"Shiv Tour & Travel","+ 91  11 26301324",""
"A One Computer","+ 91  124 4294422",""
"Go On Vacations","+ 91  120 4253435",""
"Easy Tours","+ 91  11 33745082",""
"Travel On Call","+ 91  124 6515554",""
"Prime Travel N Tour","+ 91  11 33064928",""
"K K Tour & Travel","+ 91  11 27893330",""
"We Care trip","+ 91  129 4020509",""
"Travel IQ Services Pvt Ltd","+ 91  124 4205544",""
"Laxmi Travels","+ 91  11 33725329",""
"Best Tour And Travel","+ 91  11 39515426",""
"Tatkalyatra.Com","+ 91  11 22323111",""
"A P Travel","+ 91  11 41600171",""
"Evergreen Travels & Cyber Cafe","+ 91  11 41447949",""
"Dev Communication","+ 91  11 33852812",""
"Amar Holidays Pvt Ltd","+ 91  11 49004500",""
"Shraddha Tour & Travels","+ 91  11 22483447",""
"Hinam Communications","+ 91  11 45011437",""
"Star Communication Tour And...","+ 91  11 45700884",""
"SD TOUR & TRAVELS","+ 91  11 29545495",""
"Kolkata Travels","+ 91  11 41097860",""
"Dilawri Tour & Travels","+ 91  11 45137986",""
"K L Safari Service Pvt Ltd","+ 91  11 64640495",""
"Looknbook.In","+ 91  11 33850206",""
"Balaji Travels","+ 91  120 2535430",""
"V S Services","+ 91  11 23645065",""
"SHAH ENTERPRISES","+ 91  9312629753",""
"Sharma Tour And Travels","+ 91  11 39514218",""
"Karun Travels","+ 91  11 23645191",""
"Dream Tour And Travels","+ 91  11 47052375",""
"S N Saliha Services","+ 91  11 27918995",""
"Om Sai Travels","+ 91  11 33852194",""
"FAB TRAVELS AND CYBER CAFE","+ 91  11 27050708",""
"Huzaifa Tour & Travels","+ 91  11 23587786",""
"Sagar Holidays","+ 91  11 23718844",""
"Okk Travels","+ 91  11 65378181",""
"Etihad Travel Pvt Ltd","+ 91  11 23361624",""
"Murugan Travel","+ 91  11 39544438",""
"Aedrison holidays","+ 91  11 27051425",""
"Maharashtra Tourist","+ 91  11 23561975",""
"Travel solution","+ 91  9555336048",""
"Sai Travels","+ 91  11 42381406",""
"Skyking Worldwide Travels","+ 91  11 23341786",""
"D.Pauls","+ 91  11 64660000",""
"Shri Nath Travels Agency","+ 91  11 23929294",""
"Akbar Travels Of India Pvt Ltd","+ 91  11 25800000",""
"Cox & Kings Ltd Customer care","+ 91  9867565599",""
"Via.com","+ 91  11 39414141",""
"Muthoot Finance Ltd","+ 91  11 25706046",""
"Muthoot Finance Ltd","+ 91  11 43503190",""
"Payworld (Customer Care)","+ 91  124 3847777",""
"Muthoot Finance Ltd","+ 91  11 47350271",""
"Balmer Lawrie & Co Ltd","+ 91  11 46412201",""
"Sai Travels","+ 91  11 25277252",""
"Rajdhani Travels","+ 91  11 28314224",""
"Muthoot Finance Ltd","+ 91  11 46071174",""
"City Heart Travels","+ 91  9810193126",""
"Muthoot Finance Ltd","+ 91  11 22599996",""
"Chandra Subhyatra","+ 91  11 32462247",""
"Hari Travel Pvt Itd","+ 91  11 41794722",""
"Rao Travels","+ 91  11 26144949",""
"Muthoot Finance Ltd","+ 91  11 28316081",""
"Muthoot Finance Ltd","+ 91  11 22528065",""
"R S Yadav & Travel","+ 91  11 32429188",""
"Rishabh Travels.","+ 91  11 23512299",""
"Deepak Tours & Travels","+ 91  129 2419451",""
"Muthoot Finance Ltd","+ 91  11 45684934",""
"Asian Travel Co pvt ltd","+ 91  11 43470000",""
"Muthoot Finance Ltd","+ 91  11 46131951",""
"Muthoot Finance Ltd","+ 91  11 47657460",""
"Gill Travels","+ 91  11 25277767",""
"Muthoot Finance Ltd","+ 91  11 27617633",""
"Doaba Tourist Transport Service","+ 91  11 46969696",""
"Awadh Travels India","+ 91  11 23862933",""
"Ashok Travels","+ 91  11 23959089",""
"Dewanholidays.Com","+ 91  11 43224322",""
"Muthoot Finance Ltd","+ 91  11 47330341",""
"Manoj Tours & Travels","+ 91  11 27868555",""
"LE Passage To India Tours & Tr...","+ 91  11 42795200",""
"Muthoot Finance Ltd","+ 91  120 4732201",""
"Muthoot Finance Ltd","+ 91  11 25191909",""
"Shree Nath Travel","+ 91  9968740868",""
"Kuoni Travel India Pvt Ltd","+ 91  124 4375224",""
"Janta Travels","+ 91  11 23580265",""
"Kuoni Travel India Pvt Ltd","+ 91  124 4052055",""
"Flight Shop","+ 91  11 43081135",""
"Muthoot Finance Ltd","+ 91  11 25333202",""
"Hina Tours & Travels","+ 91  11 23866378",""
"Milan Travels","+ 91  11 27382672",""
"Vayudoot World Travels India P...","+ 91  11 23545624",""
"Libra Travels Regd","+ 91  11 65783607",""
"Shri Nath Zee Tour & Travels","+ 91  9654482020",""
"Destination Resorts I PVT LTD","+ 91  11 25616679",""
"Rimmi Travels Pvt Ltd","+ 91  129 4042749",""
"Rao Travels","+ 91  11 28750460",""
"Vishwakarma Travels","+ 91  11 23983324",""
"Amolak Travels","+ 91  11 28724546",""
"Muthoot Finance Ltd","+ 91  11 22302788",""
"Railway reservation centre","+ 91  9210915619",""
"Rao Travels","+ 91  11 25088885",""
"K M Travels","+ 91  11 27396692",""
"Railway Reservation Centre(Yat...","+ 91  11 64656448",""
"Flight Shop","+ 91  120 4227951",""
"Cox & Kings Ltd","+ 91  124 4308100",""
"Muthoot Finance Ltd","+ 91  11 27232274",""
"Flexi Tours Pvt Ltd","+ 91  11 46524652",""
"N.D.Travels","+ 91  11 32442273",""
"Bajaj Travels Ltd","+ 91  11 66300553",""
"Jain Travels","+ 91  11 23979903",""
"R K Travels & Tour","+ 91  11 23868569",""
"Kannu Travels","+ 91  9811134186",""
"Royal Travels Corporation","+ 91  11 23960788",""
"Bird Tour Services","+ 91  11 23411166",""
"N K Travels Services","+ 91  11 23844309",""
"Ashok Tour and travels","+ 91  11 43522593",""
"International Travel House Ltd","+ 91  11 41659466",""
"Salvia Travels Pvt Ltd","+ 91  11 43592711",""
"Deepak Travels","+ 91  11 23954505",""
"Travel In Style","+ 91  11 45104510",""
"Muthoot Finance Ltd","+ 91  11 22326219",""
"New Shakti Travels","+ 91  11 65126815",""
"Weldon Tours & Travels Pvt Ltd","+ 91  11 25749164",""
"Air Travel Bureau Pvt Ltd","+ 91  11 44357700",""
"Muthoot Finance Ltd","+ 91  11 25998548",""
"Muthoot Finance Ltd","+ 91  11 27206392",""
"Go India Journeys","+ 91  120 4615900",""
"In Orbit Tour & Travel","+ 91  11 45086852",""
"Banjara Satguru Travel","+ 91  11 23862178",""
"SATNAM TAXI SERVICE","+ 91  11 25721069",""
"Himalayan Heli Services Pvt Ltd","+ 91  11 41649358",""
"Pinki Tours & Travels","+ 91  11 27372144",""
"Hans Travels","+ 91  11 23263421",""
"G A Digital Web Word Pvt Ltd","+ 91  11 22373618",""
"Kuoni Travel India Pvt Ltd","+ 91  11 25819000",""
"Muthoot Finance Ltd","+ 91  11 47454423",""
"New Airways Travels Delhi Pvt ...","41514354",""
"Best Transport","+ 91  11 30583770",""
"Geetanjali Travels","+ 91  11 26141324",""
"HARI TRAVELS","+ 91  11 23865878",""
"Mann Travels","+ 91  9312170338",""
"Dahiya Tour & Travels","+ 91  124 2360214",""
"Ashoka Tour& Travel","+ 91  9971231011",""
"Akbar Online Booking Company P...","+ 91  11 66477000",""
"Regency Tours PVT LTD","+ 91  11 23557943",""
"Muthoot Finance LTD","+ 91  1232 230980",""
"BALAJI TRAVCO INDIA PVT LTD","+ 91  11 26124478",""
"Pacific Travels","+ 91  11 23359038",""
"DUA Travels","+ 91  8287225537",""
"Enchanting India","+ 91  11 46578701",""
"Sita Kouni World Travel India Ltd","+ 91  120 4176450",""
"Batra Communication","+ 91  11 65595107",""
"Flight Shop","+ 91  11 43305691",""
"Dolphin Holidays","+ 91  11 43530000",""
"Standard Travel","+ 91  11 47023734",""
"Raj Enterprises","+ 91  120 4113153",""
"Kuoni Travel India Pvt Ltd","",""
"STIC Travels Private Limited (...","+ 91  124 4595300",""
"D K Publishers Distributors Pv...","+ 91  11 41562574",""
"Jain Multi Services","+ 91  120 2227090",""
"Amlok Travels","+ 91  9999998492",""
"Monga Roadlines Delhi Pvt Ltd","+ 91  11 23621058",""
"Choudhary Travels Agency","+ 91  11 23989533",""
"Bhardwaj Bros","+ 91  11 27190002",""
"Kuber Travels Pvt Ltd","+ 91  9811300891",""
"Alif Travels Pvt Ltd Hcp","+ 91  11 23719411",""
"New Yadav Tourist","+ 91  11 26961015",""
"Sharma Tour & Travels","+ 91  8010441343",""
"New Marhaba Travels","+ 91  11 6926884",""
"ISHA TOURS & TRAVELS PVT. LTD","+ 91  11 25739333",""
"Jetways Travels Pvt Ltd","+ 91  11 44112200",""
"Sita Kuoni World Travel India Ltd","+ 91  11 26121110",""
"Mahalaxmi Travels","+ 91  11 45657878",""
"Colourful Vacations Pvt Ltd","+ 91  9311129344",""
"HIS Travel India Pvt Ltd","+ 91  11 45161111",""
"Trade Sona Travels (Registered...","+ 91  11 23672420",""
"Fine Travel Service","+ 91  11 23267170",""
"Alhind Tours & Travels Pvt Ltd","+ 91  11 49676600",""
"Aerojet Travel Services","+ 91  11 42800000",""
"Travel Planners Pvt Limited","+ 91  11 46164100",""
"Paras Travels","+ 91  11 23580974",""
"Yamuna Travels","+ 91  9811857935",""
"Vaishali Travel Service Pvt Ltd","+ 91  11 41264126",""
"Shanti Travel Adventure Tours ...","+ 91  11 46077800",""
"Satkar Travels","+ 91  11 22445966",""
"Anand Tour & Travels","+ 91  11 22041384",""
"Rao Travels","+ 91  11 25690913",""
"Balaji Tour & Travel","+ 91  9818167221",""
"Kaalhari Travels","+ 91  11 27384330",""
"Diva Destination Management Se...","+ 91  9811008863",""
"Tour My India","+ 91  120 4052600",""
"Awana Tour & Travels","+ 91  9811100310",""
"CAFE COFFEECO","+ 91  11 23581744",""
"International Travel House Lim...","+ 91  11 41834301",""
"Indebo Travel","+ 91  11 41755096",""
"Hazoor Sahib Tourist Bus Servi...","+ 91  11 23861150",""
"Walia Car Palace & Travels","+ 91  9211500853",""
"Vikas Travels LTD","+ 91  11 23980958",""
"Rishabh Tourist Agency","+ 91  11 23959509",""
"Destination Travel Agency","+ 91  11 27554080",""
"All India Travels Service","+ 91  11 23966098",""
"Gurmeet travels","+ 91  11 22322045",""
"Charanjit Travel","+ 91  11 29553048",""
"Vision Travels & Tour PVT LTD","+ 91  11 43755555",""
"Services International","+ 91  11 25862636",""
"Agroha Travels","+ 91  11 25366520",""
"New Navyug Travels","+ 91  11 23959035",""
"UTTAR RAILWAY TICKET GHAR","+ 91  11 25725048",""
"Aman Transport Co","+ 91  11 27374601",""
"Kiran Travels","+ 91  129 2288656",""
"Omega Travels","+ 91  11 45537081",""
"Nijhawan Travel Service Pvt Ltd","+ 91  11 41561101",""
"Gta Travel Port","+ 91  124 4195500",""
"Kafila Tours & Travels","+ 91  120 4546787",""
"Gopal Travels","+ 91  11 40536051",""
"Kuoni Destination Management","+ 91  124 4563146",""
"Ram Raheem Tourist","+ 91  11 22199747",""
"GS International Travel Agent ...","+ 91  8882252096",""
"Lemona Travel Pvt Ltd","+ 91  11 25745909",""
"Kanha Documentation","+ 91  11 45606466",""
"Paul Merchants LTD","+ 91  11 46921000",""
"Sagar Travel Services.","+ 91  11 23313900",""
"Amadeus","+ 91  11 26736633",""
"Gayatri Tours & Travel","+ 91  11 32492200",""
"Venus Rent A Car","+ 91  11 26503362",""
"Tushita Travels PVT LTD","+ 91  11 25730256",""
"Gargs Travels & Properties","+ 91  11 27384628",""
"Chirag Travels","+ 91  11 65651564",""
"Lucky Tour And Travel","+ 91  11 41573704",""
"sumitra travel","+ 91  9718184111",""
"Nilofar Travels","+ 91  120 2711869",""
"Bansal Travel","+ 91  11 27678836",""
"Indian Vision Tours & Travels","+ 91  11 25702412",""
"Citi Life Line Travels","+ 91  11 23820009",""
"Yadav Tour & Travels","+ 91  9540265512",""
"Diplomatic Travel Point PVT LTD","+ 91  11 26144654",""
"Gets Holidays Pvt Ltd","+ 91  11 39976148",""
"Cyber Den","+ 91  11 47094694",""
"GURU NANAK ASSOCIATES","+ 91  11 45684805",""
"Sarat Tours & Travel Pvt Ltd","+ 91  11 28521236",""
"Ashiyana Travel Services","+ 91  11 45651533",""
"Pandit Travels","+ 91  8447553108",""
"Sagar Online Consultancy & Ser...","+ 91  9968900411",""
"Rao Travels","+ 91  11 25624757",""
"Bajaj Travels","+ 91  11 46575165",""
"Deepika Travel","+ 91  11 23711225",""
"Satluj Travels","+ 91  9818138201",""
"Vasco Travel Pvt Ltd","+ 91  120 4601390",""
"Hariworld Travels","+ 91  11 43638888",""
"Royal Tour & Travels","+ 91  11 43612124",""
"Chawla Tour & Travels","+ 91  11 41545459",""
"TMC Logistics & Varun Travels","+ 91  11 26785408",""
".railway ticketing","+ 91  9899613181",""
"GTB Travels","+ 91  11 45551888",""
"SETHI TRAVELS","+ 91  11 25438646",""
"Sahni Tours and Travels","+ 91  8860265195",""
"Takecare Travels","+ 91  11 42400000",""
"Nimble Tours Pvt Ltd","+ 91  11 45554444",""
"Trinetra Tours Pvt Ltd","+ 91  11 41586631",""
"Nikunj International Travels","+ 91  11 26943032",""
"Sun Tours & Travel","+ 91  11 66404400",""
"SAKSHAM TOURS AND TRAVELS","+ 91  11 25841233",""
"Vinod Bus Service","+ 91  11 22533774",""
"Golden Vacation","+ 91  11 26460534",""
"Delhi Travels & Tours","+ 91  11 26476242",""
"Dnata Travels Pvt Ltd","+ 91  11 23723870",""
"Banjara Camps & Retreats","+ 91  11 26855152",""
"Sharma Tour & Travels","+ 91  9810209610",""
"Miraj Travels","+ 91  9312262517",""
"Bhoomi Tour & Travel","+ 91  9953044427",""
"A1 India Travels","+ 91  11 45444450",""
"Trans India Holidays","+ 91  11 47208000",""
"Sahib Travels","+ 91  11 65723206",""
"Swati Tours & Travels","+ 91  11 23241628",""
"Center Point","+ 91  11 42502930",""
"Muthoot Finance Ltd","+ 91  11 43466030",""
"Ucc Tours & Travels Pvt Ltd","+ 91  120 4203910",""
"Delhi Luxury Car Hire","+ 91  11 47674000",""
"Authentic Travels Pvt Ltd","+ 91  11 40636300",""
"Club Seven Holidays Ltd","+ 91  11 49266211",""
"Sood Tour & Travels","+ 91  11 25227963",""
"Mishra Tours & Travels","+ 91  11 43022436",""
"Orange Destination","+ 91  11 32439030",""
"Patiala Carriers Regd","+ 91  11 23529910",""
"Vacation Travels & Tour PVT LTD","+ 91  11 46107777",""
"Ganga Tours & Travels","+ 91  11 26163524",""
"Patna Sahib Tourist Corp Regd","+ 91  11 24675882",""
"Acme Tours & Travels PVT LTD","+ 91  11 25743210",""
"Jyoti Travel Service","+ 91  11 27372000",""
"Railway Booking","+ 91  7503874160",""
"Discovery Journey India PVT LTD","+ 91  124 4072966",""
"Idea Zone Harshita Communication","+ 91  9891858396",""
"Muthoot Finance Ltd","+ 91  124 4188281",""
"Khanna ENT","41523383",""
"Holiday Mood Ltd","+ 91  11 47011570",""
"New Maan Travels Pvt Ltd","+ 91  11 42371259",""
"Travel Oyster India Pvt Ltd","+ 91  11 40726666",""
"Raji Tour & Travels","+ 91  11 22523147",""
"Khanna Enterprises","+ 91  11 47614761",""
"Jain Tour & Travels","+ 91  9811712271",""
"Laxmi Travels","+ 91  11 43584053",""
"Air Wing Travels","+ 91  11 23854298",""
"Tulsi Travels Pvt Ltd","+ 91  11 22412168",""
"Pavan Hans Travels","+ 91  11 22518700",""
"Goyal Travels","+ 91  11 22561718",""
"Quick Service Point","+ 91  11 64659933",""
"ISG Car & Bus Co","+ 91  11 24359139",""
"Wanderlust Travels Pvt Ltd","+ 91  11 40537116",""
"Unique Travels","+ 91  11 25151152",""
"World Travel & Tourism","+ 91  11 23753711",""
"Uplift Tourism Pvt Ltd","+ 91  11 43662361",""
"Destination Travels Service Pv...","+ 91  11 45456565",""
"World Link Travels","+ 91  11 25782474",""
"Ruchika Travels","+ 91  11 47640445",""
"East Bound Tours & Travels Pvt...","+ 91  124 4217800",""
"Hans Tour & Travels","+ 91  124 2334469",""
"Chauhan Tour & Travels.","+ 91  11 22131586",""
"Rishab Travel Khanna Mkt","+ 91  23978066",""
"R K Travels","+ 91  124 2324424",""
"Avis Traveller","+ 91  11 41552393",""
"State Express","+ 91  11 47674000",""
"Prabhat Travels Corp","+ 91  11 22925168",""
"Intl Travel Corp","+ 91  11 23942101",""
"All IS WELL TOURS","+ 91  11 48494949",""
"Indian Railway Catering & Tour...","+ 91  11 23311263",""
"Blue World Tourist","+ 91  9213998313",""
"Guddu Tour N Travels","+ 91  11 46033880",""
"Durga Travels","+ 91  124 4107687",""
"U-LIKE Travels.","+ 91  11 43464038",""
"Indian Tour & Travels","+ 91  11 65170739",""
"Bansal Services & Travels","+ 91  11 22831558",""
"Signature Tours & Travel Pvt Ltd","+ 91  11 26919124",""
"Bandhu International Travel Se...","+ 91  11 23737218",""
"Mini Swiss Tours & Travels","+ 91  11 23417434",""
"Kuoni Travel India Pvt Ltd","+ 91  11 66457777",""
"Sunrise Aviation","+ 91  11 43724372",""
"Bon Ton Travels","+ 91  11 23361564",""
"Ashlin Travels PVT LTD","+ 91  11 24676677",""
"Potala Tours & Travels Pvt Ltd","+ 91  11 23816262",""
"Sinha Travels","+ 91  8285478181",""
"WHEELS AND WINGS","+ 91  11 45082810",""
"R K Tours & Travels","+ 91  9818816796",""
"Kailash Travels","+ 91  11 27376763",""
"Ajay Money Exchange Services P...","+ 91  11 26783714",""
"Deep Travels","+ 91  8010441124",""
"Around Delhi","+ 91  11 65263447",""
"Prince Travels","+ 91  11 25939557",""
"Golden Icon","+ 91  11 41686000",""
"Gantvya Tour & Travel","+ 91  9810572043",""
"Art Of Travel","+ 91  11 25529338",""
"Rana Travels","+ 91  11 45511648",""
"R S Tour & Travels","+ 91  11 45873687",""
"Select Air & Travel Planner Pv...","+ 91  11 26882039",""
"Muskan Travels","+ 91  9311031714",""
"Eagle Express Inn","+ 91  9599497316",""
"travel zone railway ticket","+ 91  11 93451215",""
"Maurya Travels","+ 91  11 41528552",""
"YATRA TRAVEL","+ 91  11 43592744",""
"Rama Tour & Travels Pvt Ltd","+ 91  124 2360544",""
"Garg Airlinks","+ 91  11 41623261",""
"Shipra Tours & Travels","+ 91  9810804175",""
"Himalaya Travels","+ 91  11 23959368",""
"Jet Air Tours","+ 91  11 43235516",""
"Omni Travels","+ 91  11 45638129",""
"Banjara Travels","+ 91  9313509642",""
"Chawla Tourist.","+ 91  11 22146011",""
"BHARTIYA MANAGEMENT CONSULTANCY","+ 91  9868012730",""
"Star Tour And Travels","+ 91  9810648963",""
"Discover India Tours Pvt Ltd","+ 91  11 40654000",""
"Business Travels Pvt Ltd","+ 91  11 26431706",""
"Equinox Travel India","+ 91  11 23288135",""
"Saavi Travel Centre","+ 91  9871999550",""
"Maharaja Travels","+ 91  11 23311189",""
"PRINCE TOUR & TRAVELS","+ 91  11 23585531",""
"Himanchal Holidays Tours","+ 91  11 23583898",""
"Bluebird Travels","+ 91  11 23365727",""
"Vivek Travels Pvt. Ltd","+ 91  9312254155",""
"Bhagwant Travel & Tours Pvt Ltd","+ 91  11 28759819",""
"Penta Travels India Pvt Ltd","+ 91  11 47092701",""
"Spring Travels Pvt Ltd","+ 91  11 45373737",""
"Uttam Travels","+ 91  9990906905",""
"Tirupati Holidays Pvt Ltd","+ 91  120 4121019",""
"Erco Travels Pvt Ltd","+ 91  11 45329900",""
"Southern Travels","+ 91  11 43532805",""
"Far Horizon Tours Pvt Ltd","+ 91  129 4098000",""
"Dimple Tour & Travels","+ 91  9212023159",""
"Inderprastha Railway Reservati...","+ 91  11 29992034",""
"Far Horizon Tours Pvt Ltd","+ 91  11 26277222",""
"Air Borne Travels Pvt Ltd","+ 91  11 46505050",""
"Ambassador Travels Pvt Ltd","+ 91  11 23362340",""
"Antima Tours & Travels Pvt Ltd","+ 91  11 23753644",""
"Nav Durga Travels","+ 91  11 23698886",""
"North India Tourism Pvt Ltd (H...","+ 91  11 45078307",""
