"Name","Phone","Address"

"Thomas Cook India Ltd (Fore...","+ 91  22 38578846","A 1/2, Silver Arch, Srinivas Agadka Marg, Andheri East, Mumbai - 400059, Off Tarun Layout, J B Nagar"
"Travel & More","+ 91  22 28112522","Shop No 20, Shram Saphalya Building, Station Road, Mira Road, Thane - 401107, Sheetal Nagar Junction, Near Sneha Anjali Electronics"
"Travel Buddies","+ 91  22 38563869","Shop No 64, 10th Central Mall, Kandivali West, Mumbai - 400067, Next To D Mart, Mahavir Nagar"
"Travel Point","+ 91  22 38555866","3A, Keshav Building, Hingwala Lane, Ghatkopar East, Mumbai - 400077, Near L N Mehta Classes"
"Travel By Rakesh Tours & Tr...","+ 91  22 28390100","21, Bhaidas Niwas, Old Nagardas Road, Andheri East, Mumbai - 400069, Near Shivsagar Hotel, Opposite Raj Chembers, Above Sunder Tailor"
"Travel Gravity","+ 91  22 38519518","Office No.085, 1st Floor, Raghuleela Mega Mall, Off S V Road, Kandivali West, Mumbai - 400067, Behind Poisar Depot"
"Quality Travel World","+ 91  22 38580880","A 21, BMC Colony, Anand Nagar, Sector 5, Jogeshwari West, Mumbai - 400102, Opposite Mega Mall, Near 5 Spice Restaurant"
"Travel Unlimited","+ 91  22 38561483","Shop No. A 2 Blue Elegance Bldg, Ahimsa Marg, Malad West, Mumbai - 400064, Opp. Micky Mehta Gym"
"Travel Pax Holidays","+ 91  22 40884188","Office No 2, Ground Floor, Kusumanjali, Gokhale Road, Naupada-Thane West, Thane - 400602, Near Tanishq And Malhar Theater"
"Travels India","+ 91  22 38541817","Building No 7A, D Wing, Sahyog Society, Room No 4, Chandivali Farm Road, Sangarsh Nagar, Andheri East, Mumbai - 400072, Near Chandivali Studio"
"Travel Wings","+ 91  22 38555345","20, B Wing, Satyam Shopping Centre, M G Road, Ghatkopar East, Mumbai - 400077, Rajawadi"
"Travel Home Pvt Ltd","+ 91  22 24813366","Level 1, Atria Mall, Dr Annie Besant Road, Worli, Mumbai - 400018, Near Nehru Planetarium"
"Travel Dhamaal Holidays & T...","+ 91  22 38593662","506, 5th Floor, Plot No 55, Shree Sai Dham, Garodiya Nagar, Tilak Road, Vikrant Circle, Ghatkopar East, Mumbai - 400077, Above CCD, Zulelal Chowk"
"Travel And Beyond","+ 91  22 66969937","Shop No 905, Samarth Vaibhav Building, Off New Link Road, Andheri West, Mumbai - 400053, Oshiwara"
"Travel Services Corporation","+ 91  22 38561464","21, Naik Cottage, 1st Floor, N S Phadke Marg, Andheri East, Mumbai - 400069, Near Divya Sagar Restaurant And Suba Galaxy Hotel"
"Travel Source India","+ 91  22 38581955","Shop No 50, Ground Floor,, Topiwala Centre, Off S V Road, Goregaon West, Mumbai - 400062, Near Railway Station,"
"Travel Go On","+ 91  22 62215177","Unit No 1b /85 1st Floor Phoenix Paragon Plaza, LBS Marg, Kurla West, Mumbai - 400070, Next To Phoenx Market City"
"Travel Kattaa Tours & Travels","+ 91  22 39863210","UG 32, Suchita Business Park, Station Road, Ghatkopar East, Mumbai - 400077, Pantnagar, Municipal Building"
"Travel Points","+ 91  22 38544752","301, Tulsi Sadan Building, Powai, Mumbai - 400076, Opposite IIT Main Gate"
"Travel Arena","+ 91  22 65575525","401, 4th Floor, B Wing, Dhanashree Heights, Off Veera Desai Road, Andheri West, Mumbai - 400053, Azad Nagar"
"Travel Master India Corpora...","+ 91  22 66961950","Shop No 15, Mehta Estate, Andheri Kurla Road, Andheri East, Mumbai - 400072, Opp Chintamani Plaza"
"Travel Gravity","+ 91  22 65244130","Shop No 549 , X Th Central Shopping Center, Mahavir Nagar, Kandivali East, Mumbai - 400101"
"Travel Perfect","+ 91  22 26005189","Office No 73/A, Plot No 617, Ground Floor, Ishkripa, 14th Road, Khar West, Mumbai - 400052, Near Dominos Pizza"
"Travel Dil Se India Private...","+ 91  22 38533772","A 202, Mayuresh Park, Lake Road, Bhandup West, Mumbai - 400078, Opposite Hind Rectifier"
"TRAVELS INDIA","+ 91  22 38547845","1/16, A.B. Lane,, Near Western Express Highway, Kandivali East, Mumbai - 400101, Near Evershine Park"
"Travel Home","+ 91  22 41278610","Shop No 8, Ground Floor, Jai Jawan Co Operative Housing Society Ltd, Plot No 1, Sector 17, Vashi, Navi Mumbai - 400703, Apna Bazaar"
"Travels Cabs Mumbai","+ 91  22 38537645","A/1/002,Seawood Garden, Sanpada Sector 17, Navi Mumbai - 400705, Opposite Morad Residency"
"Travel Route","+ 91  22 39149850","Plot No 49, Shreekrishna Nagar, Borivali East, Mumbai - 400066, Near Shree Krishna Temple"
"Travel Time Holidays","+ 91  22 38549040","Poonam Society, Flat No 6, Plot No 42, Sector 11, Kharghar, Navi Mumbai - 410210, Near Shivsena Office"
"Travels & Tourism Co","+ 91  22 28113020","Shop No 2, Naya Nagar, Mira Road, Thane - 401107, Near Shams Masjid"
"Travel Star","+ 91  22 38527982","Shop No 301, Mount View, Sector No 19, Kharghar, Navi Mumbai - 410210, Near Reliance Fresh"
"Travel Destinations","+ 91  22 38532654","Flat No 5/ 606, Cypress Building, Amrut Park Road, Kalyan City, Thane - 421301, Vasant Valley, Khadakpada"
"Thomas Cook India Ltd (Travel ...","+ 91  22 66092193","1st Floor, Chandermukhi Building, Nariman Point, Mumbai - 400021, Behind Oberoi Hotel, Opposite INOX Cinema"
"Travelguru.com (Head Office)","+ 91  22 42754800","802, 8th Floor, C Wing, Eureka Towers, Link Road, Malad West, Mumbai - 400064, Mindspace"
"Discovery Channel","+ 91  22 43491100","61/A, 6th Floor, Maker Maxity, 2nd North Avenue Building, Bandra Kurla Complex-bandra East, Mumbai - 400051"
"Travel Food Services Pvt Ltd (...","+ 91  22 49154915","B-1, Rashid Mansion, Dr Annie Besant Road, Worli, Mumbai - 400018, Near Nehru Planetarium, Atria Mall, Lotus Bus Stop, Next To MAA Hajiani Masjid"
"Travel House","+ 91  22 67896000","301, 302, Cresent Business Park, Andheri East, Mumbai - 400072, Sakinaka Telephone Exchange"
"Kesari Tours Pvt Ltd","+ 91  251 2860004","102,Raman Building, Kelkar Cross Road, Dombivli East, Thane - 421201, Opposite Abhinav Sahakari Bank"
"Equino Fun Holidays","+ 91  22 67199999","5, Sahni Niwas, 3rd Road, Khar West, Mumbai - 400052, Near station"
"Travel Wiz","+ 91  22 26180327","Shop No 20, Pragee Shopping Centre, Bajaj Road, Vile Parle West, Mumbai - 400056, Opposite National Decorators"
"Travel Inn","+ 91  22 29207776","Shop No 5, Andheri East, Mumbai - 400059, Opposite Seven Hills Hospital, Marol"
"Travel Craft","+ 91  22 26606102","Shop No A12, Vikas Center, S V Road, Santacruz West, Mumbai - 400054, Near Bus Depot"
"Kesari Tours Pvt Ltd","+ 91  251 2421894","Nebula Park, Shop No-7, Wayalengar Road, Khadakpada-Kalyan City, Thane - 421301, Opposite To Saraswat Bank, Mohan Heights Building"
"Media Transasia India Ltd","+ 91  22 42467777","1, A & B, Diamond House, 35th Road, Bandra West, Mumbai - 400050, Off Linking Road"
"Fourways Travels Pvt Ltd","+ 91  22 43530808","214/18, Raheja Centre, Ground Floor, Nariman Point, Mumbai - 400021, Near Vidhan Bhavan"
"Travel Port Holidays India Pvt...","+ 91  22 40270016","316 Woodrow Building, Veera Desai Road, Andheri West, Mumbai - 400053"
"Travel Boutique Online","+ 91  22 66519111","222, Maker Chamber 5, Nariman Point, Mumbai - 400021"
"Travel Time","+ 91  22 66421021","First Floor, B Wing, Office No 104, Boomerang Building, Chandivali Farm Road, Andheri East, Mumbai - 400072, Near Chandivali Studio"
"Travel Guru","+ 91  22 61539500","Plot No. 36 - A, 1st Floor, Unique Mechanical Works Building, Mahal Industrial Estate, Off Mahakali Caves Road,, Andheri East, Mumbai - 400093"
"Travel Mart India Pvt Ltd","+ 91  22 43438100",""
"Travel Masters India Corporation","+ 91  22 66961999","Office No 15, 1st Floor, Mehta Estate, Andheri Kurla Road, Andheri East, Mumbai - 400093, Chakala, Opposite Chintamani Plaza"
"The Travel Solutions Co.","+ 91  22 26256265","Madhukunj Bldg 1, Flt 3, Gr Flr, Upasara Ln, Andh (W), M-58, Mumbai - 400058"
"Travel Food Services Pvt Ltd (...","","Domestic Airport, Terminal 1-A-Arrival, At Mumbai Se Food Counter, Vile Parle East, Mumbai - 400057"
"Travel Agents Association Of I...","+ 91  22 22074022","2 D, Lawrence And Mayo House, 276, Dr D N Road, Fort, Mumbai - 400001"
"Travel Safe Clinic","+ 91  22 25201175","Nathani Clinic, Office 2, Vikas Centre, Chembur Camp-Chembur East, Mumbai - 400074, Opposite Borla Society, Near Basant Cinema"
"Travel Deal","","404 Shiv Ashish Commers Complex, 19 Road, Chembur East, Mumbai - 400071"
"Travel House","+ 91  22 65295275","11/1, Shop NOS 77, Diwan Centre, Jogeshwari West, Mumbai - 400102, Next To Station"
"Travel Agents Federation Of India","+ 91  22 28391111","509, The Avenue, International Airport Road, Andheri East, Mumbai - 400059, Opposite Hotel Leela"
"Travel Wise","+ 91  22 27896500","Shop No C 12 Big Splash, Vashi, Navi Mumbai - 400703, Sector 17"
"Travel Tag India Llp","+ 91  22 42959491","106, Panchvati, S V Road, Kandivali West, Mumbai - 400067, Opp Tata Motor Showroom"
"Travel Forte","+ 91  22 67775152","1/E , 1st Floor, Kulsum Terrace, 7 Walton Road, Colaba, Mumbai - 400005, Near Cusrow Baug"
"Travel Lounge","+ 91  22 42600000","302, Purva Plaza, Shimpoli Road, Borivali West, Mumbai - 400092, Behind HDFC Bank"
"Travel Agency (India) Pvt Ltd","+ 91  22 26872513","C-2, Hanjer Nagar, Andheri East, Mumbai - 400093, Pump House"
"Travel A Deal","+ 91  22 40339999","302, Bhavya Plaza, Khar West, Mumbai - 400052, Junction Of 5th & 1st Road"
"Travel 360 Degree Tours & Trav...","+ 91  22 28786199","Bhanumati Society, Shop No 23, M/5, Bangur Nagar-Goregaon West, Mumbai - 400104, Opposite Indian Overseas Bank"
"Travel House","+ 91  22 30546632","A - 41, Irani Wadi, Malad East, Mumbai - 400097, Chincholi Gate"
"Travel Point","+ 91  22 22659534","13/21 Mapla House 3rd Flr Off No 32, Mohd Shakur Mrg, Fort, Mumbai - 400001, Nr Modi Street"
"Travel Voyages India Pvt Ltd","+ 91  22 66348182","Shop No 60, World Trade Centre, Cuffe Parade-Colaba, Mumbai - 400005, Behind Hotel President"
"Travel Corporation India Ltd","+ 91  22 66091538","Tc Building 342, Dr D N Road, Fort, Mumbai - 400001"
"Travel Plaza","+ 91  22 25100508","Shop No- 2 & 3, Devka Niwas, M G Road, Ghatkopar West, Mumbai - 400086, Next To Kapol Wadi Marriage Hall"
"Travel Designer India Pvt Ltd","+ 91  22 28710471","712, Topiwala Centre, Topiwala Mall, Goregaon West, Mumbai - 400062"
"Travel Factor","+ 91  22 65658181","Office No. 24, 2 nd Floor, Raghuleela Mall, Off S V Road, Kandivali West, Mumbai - 400067, Poisar Bus Depot"
"Travel Plaza","+ 91  22 25406009","Shop No 2, Srushti Plaza, Gokhale Road, Thane West, Thane - 400601, Opposite Cambridge Showroom"
"Travel Desk","+ 91  22 29203805","C-3 Eco Park, Borosil Road, Andheri East, Mumbai - 400059, Off Military Road Marol"
"Travel Lounge","+ 91  22 67222222","B/102 Sahyog, S V Rd, Kandivali West, Mumbai - 400067, Above Central Bank Of India"
"Travellers World","+ 91  22 67933640","16/A, Arenja Arcade, Vashi, Navi Mumbai - 400703, Near Dominos, Sector 17"
"Travel Trends Today","+ 91  22 22071187","208 Maker Bhawan III 21, New Marine Lines-Churchgate, Mumbai - 400020"
"Travel Guru India","+ 91  9004787974","Ganesh Gangeshwar Society E/6, Dombivli East, Thane - 421201, Saraswat Colony Near Panchayat Well"
"Travel Network","+ 91  22 4072402388","12951, S Orange Blossom Trl, , Orlando"
"Travel O Car","+ 91  22 66080909","Office No 2 Uttam Niwas, Marol Maroshi Road, Andheri East, Mumbai - 400059, Near Uttam Dhaba"
"Tourism & Travel Media Enterta...","","105, Wing A, Everest Grande, Mahakali Caves Road, Andheri East, Mumbai - 400093"
"Travel Guru Retail Outlet","+ 91  22 65885431","Ground Floor, Hypercity, Malad Link Road, Malad West, Mumbai - 400064, Next To Inorbit Mall"
"Travel Shop","+ 91  22 64526429","Shop B, Jay Yashwant Co-Operative Housing Society Ltd, S V Road, Andheri West, Mumbai - 400058, Opposite Shoppers Stop"
"Travel Spot","+ 91  22 24099555","76, Fmc Bhaudaji Road, Sion, Mumbai - 400022, Near Shalini Bhavan Church"
"Travel Experts India","+ 91  22 26452005","Room No 11/12, 1St Floor, Shaktiraj Co-Operative Housing Society, Pali Road, Bandra West, Mumbai - 400050, Next HSBC Bank"
"Travel Point (Closed Down)","",""
"Travel Aura","+ 91  22 22035057","212, Kshamalaya, New Marine Lines-churchgate, Mumbai - 400020, 37 New Marine Lines"
"Travel Planners Ltd","+ 91  22 41119100","Office No B 301 & 302, Shiv Chamber, Plot No 21, Cbd Belapur, Navi Mumbai - 400614, Sector 11"
"Travel Era","+ 91  22 22026228","4/5 Oberoi Shopping Centre, Nariman Point, Mumbai - 400021"
"Travel Time Holiday","56963034",""
"Travel Point Services","+ 91  9930655750","Shop No.33, Next To Asiad Bus Stand, Opp Postoffice, Dr Ambedkar Road, Dadar East, Mumbai - 400014, Dadar T T"
"Travel Academy Of India","+ 91  22 41007305","112, 1st Floor, Block 2, Emerald Plaza, Hiranandani Meadows, Glady's Alvares Marg, Manpada Thane West, Thane - 400607, Hiranandani Meadows"
"Travel Guru","+ 91  9821106970","B 15, Nowroz Baug, S S Rao Road, Lal Baug, Mumbai - 400012, Near Hilla Tower"
"Travel Agents Association Of I...","+ 91  22 29255558","18-C/1&2, ''Zenith'' Bhavani Nagar, Marol Maroshi Road, Andheri East, Mumbai - 400059"
"Travel O Planet","+ 91  22 26166590","Vile Parle East, Mumbai - 400057"
"Travel Nest","+ 91  22 25285799","303/304 Coral Classic Commercial Complex, Road No 20, Chembur East, Mumbai - 400071, Nr.ambedkar Garden"
"Travel Port","+ 91  22 69911199","Shop No 01 H M House, Mmc Cross Rd, Mahim, Mumbai - 400016, Next to silver queen apt"
"Travel Genius Pvt Ltd","+ 91  22 26731122","Shop No 14 Kuber Complex, New Link Road, Andheri West, Mumbai - 400053, Opposite SAB TV Building & Opposite Laxmi Industries"
"Travel Guru Retail Outlet","+ 91  22 65254878","Unit No 9-A, Mira Tower, Jogeshwari West, Mumbai - 400102, Off New Link Road,Near Mega Mall, Oshiwara"
"Travel Today","+ 91  22 24303686","Room No 14, Mukund Mansion, Ranade Road, Dadar West, Mumbai - 400028, Opposite Paneri, Above Dena Bank ATM"
"Travel Patio","+ 91  22 29272769","B/205, Raghunath Krupa, Off Aarey Road, Goregaon East, Mumbai - 400063, Above Saraswat Bank"
"Travel Pax India Pvt Ltd","+ 91  22 24338821","Matushree Heights, Shop No 8, D L Vaidya Road, Dadar West, Mumbai - 400028, Opp Cosmos Bank"
"Travel Link","+ 91  22 28724558","B Wing, Extension 12 -13, Rolex Shopping Centre, Station Road, Goregaon West, Mumbai - 400062"
"Travel Plus & Leisure","+ 91  22 39935954","Office No 6, Kesrinath Apartment, S V Road, Goregaon West, Mumbai - 400062, Near Filmistan Studio, Opposite Vijay Sales"
"Travel Mania","+ 91  22 27746702","Shop No10, Vinayak Chs, Sector 13, Kharghar, Navi Mumbai - 410210, Near Shilp Chowk"
"Travel Guru Store","+ 91  22 65544097","Shop No 1, Ground Floor, Dattani Trade Centre Chs, Chandavarkar Lane, Borivali West, Mumbai - 400092, Dattani Trade Centre"
"Travel Aid International","+ 91  22 43115100","310/311, Adamji Building, 413 Narshi Natha Street, Masjid, Mumbai - 400003, Near Masjid Station"
"Travel Angel","+ 91  9167172544","Shop No 15 Sagar Darshan Tower Plot No 38, Sector 18, Nerul, Navi Mumbai - 400706"
"Travel In Style","+ 91  22 22633096","56 Rajgir Chamber 7th Flr, 12 14 S B S Road, Fort, Mumbai - 400001, Opp Old Custom House"
"Travel Heights","+ 91  22 22840130","Ground Floor, Pankaj Mahal No 2, Churchgate, Mumbai - 400020, Opposite K C College"
"Travel World","+ 91  22 28116817","B 001, New SAI Shrishti Complex Chs Ltd, Vijay Park Road, Mira Road, Thane - 401107, Near Jangid Estate"
"TRAVEL THE WORLD","+ 91  8097178473","Shop no-54, Mira Road, Thane - 401107"
"Travel Home","+ 91  22 65649777","B-Wing, 104, Ritu Horizon, Mira Road, Thane - 401107, Near Bank Of Baroda"
"Travel Tag","+ 91  22 28656795","Shop No.12, Shree Yamuna Society, Kandivali West, Mumbai - 400067, Opposite Poisar Gymkhana"
"TRAVELS CLUB","+ 91  22 26054833","Tirupati Plaza, Shop No 56-A, S.V.Road, Santacruz West, Mumbai - 400054, Next To Bavree Showroom"
"Travel Wise","+ 91  22 25210520","N G Acharya Marg Chembur, Chembur East, Mumbai - 400071"
"Travels Unltd Media Pvt Ltd","+ 91  22 66028803","Office No 324 A, Kuber Complex, New Link Road, Andheri West, Mumbai - 400053, Opposite Laxmi Industrial Estate"
"Travel shop","+ 91  22 65055620","Shop no. 3/4 gordhandas mansion, Dr. B.A Road, Parel, Mumbai - 400012, Opp Rly station workshop"
"Travel India Marketing Tours","+ 91  22 40036380","827 - Ijmima Bldg,, Malad West, Mumbai - 400064, Mindspace - Corporate Park,"
"Travel Craft","+ 91  9004985660","Avila Chs Ltd, Dmonte Lane, Orlem-Malad West, Mumbai - 400064"
"Travel City Tours & Travels","+ 91  22 65122134","Plot No 279 Eden House, Vashi, Navi Mumbai - 400703, Sector 31 Near Bharat Seva Ashram"
"Travel Guru Retail Outlet","+ 91  22 65134878","Shop No.23, Wing-C, Viceroy Court, Kandivali East, Mumbai - 400101, Thakur Village, Off Western Express Highway"
"Travel HUB India","+ 91  9664889598","Shop No 3, Pranik Garden Arcade, Kandivali West, Mumbai - 400067, Next To Natural Ice-Cream Parlour, Mahavir Nagar, Dahanukar Wadi"
"Travel Xpress","+ 91  22 28064490","36, Laxmi Bhavan, S V Road, Borivali West, Mumbai - 400092, Behind Ganesh Book Depot,Opp Thakkar Shopping Centre"
"Travel X","+ 91  22 27721090","Nl-2/12 A-3, Nerul, Navi Mumbai - 400706, Sector No 9"
"Travel Tag","+ 91  22 22014060","4rt Floor, Chaturbhuj Building, Kalbadevi, Mumbai - 400002"
"Travel & Money Express Services","+ 91  9004323607","Shop no.9, Pushpa CHS, D.N Mhatre road, Eksar-Borivali West, Mumbai - 400091, Near Aquaria club"
"Travel Links & Tours Pvt Ltd","+ 91  22 22666643","G-59 Ground Floor Ashoka Shopping Centre, L T Marg, Crawford Market, Mumbai - 400001, Near G T Hospital Opp Kamat Hotel"
"Saffron Media Pvt Ltd (Head Of...","+ 91  22 22063132","2nd Floor, Laura Building, 1st Dhobhi Talao Lane, Dhobi Talao, Mumbai - 400002"
"Travel Citibond India Pvt Ltd","+ 91  22 56550290","34,Mangrol Mansion,2nd Flr,, Gunbow Street, Fort, Mumbai - 400001"
"Travel Kare (India)","+ 91  22 28987977","288, Ist Floor, Raghuleela Mall,, Kandivali West, Mumbai - 400067"
"TRAVEL TEN","+ 91  22 25146644","5/A Shree Krupa, Navroji Lane, Ghatkopar West, Mumbai - 400086, Nr. Jain Tenple, Behind Bank of Baroda"
"Travel Point","+ 91  22 23564781","UG-38,Pant Nagar, Muncipal Market, Y S Seth Marg, Ghatkopar East, Mumbai - 400075"
"Travel Booker","+ 91  9820276623","13/B,Samartha Nagar, Sant JanaBhai Road, Vile Parle East, Mumbai - 400057"
"Travel Spot","+ 91  22 28244067","Tiwari Compound, Western Exp Highway, Andheri East, Mumbai - 400099, Parsi Wada"
"Travel Bookers","+ 91  22 25031986","7 /Kamal Hours, Masrani Lane, Kurla West, Mumbai - 400070, Opp Kamal House"
"Travel Touch","+ 91  22 26666201","Heritage 6/1, Office No 1 & 2, Ground Floor, Old CST Road, Santacruz East, Mumbai - 400098, Opposite Monica Villa, Kalina"
"Sahayog Travels","+ 91  22 25113904","Shop No 1/A, Vikram Apartment, L B S Marg, Ghatkopar West, Mumbai - 400086, New Maneklal Estate Opp Abhudya Bank"
"Travel Value Rent A Car","+ 91  22 28262878","Vishwananak Apt Shop No 1, Cardinal Gracious Rd, Andheri East, Mumbai - 400099, Chakala"
"Travel Hub","+ 91  22 25010544","B-13, Kailash Plaza, Vallabh Baug Lane, Ghatkopar East, Mumbai - 400077, Near Odeon Mall"
"Travel Cool Cab","+ 91  9869859821","Santacruz West, Mumbai - 400054, Santacruz Airport"
"Travel Port Holidays India Pvt...","+ 91  22 26256214","349 Ashjana Apts 13, Juhu, Mumbai - 400049"
"travel at time car rental serv...","+ 91  9822470671","Datta Krupa Complex, Western Express H Bandra, Bandra Kurla Complex-Bandra East, Mumbai - 400051, B.k.c"
"Travel 9","+ 91  22 26479990","1/8 And 1/9 Cafe 9, Service Road, Bandra East, Mumbai - 400051, Off Western Express Highway, Gansiya Compound"
"Travel Buddy Tours & Travels","+ 91  22 26459668","Shop No 10, Viraj Apartments, Jari Mari Road, Bandra West, Mumbai - 400050, Behind Behind Vitthal Rukmaimandir"
"Travel X","+ 91  9440872623","S No 5, Dharavi, Mumbai - 400017, Near Near Hotel"
"Travel Aids Tours & Services","+ 91  22 24300570","10 A Vimal Udyog Bh, Taiklawadi Road, Matunga West, Mumbai - 400016"
"Travel Khazana","+ 91  9967966009","202 NAV Vivek Industrial Premises, Mogal Lane, Mahim, Mumbai - 400016"
"Travel Kraftt","+ 91  9867820799","S, 3, Basement, Okaz Shopping Centre, Millat Nagar, Andheri West, Mumbai - 400053, Near Lokhandwala Complex"
"Travel Port","24475237","Goregaon East, Mumbai - 400063"
"Travel Port Holidays India Pvt...","+ 91  22 26794847","Goregaon West, Mumbai - 400062"
"Travel Car India TCI","+ 91  9004001110","Trimurti Co.Op.Soc., M. G. Road, Goregaon West, Mumbai - 400062, Near Maharastra Vidyalaya"
"Travel Wings","+ 91  22 24321166","9, Dedhia Mansion, Veer Savarkar Marg, Prabhadevi, Mumbai - 400025, Opp Sidhi Vinayak Temple"
"Travel Point","+ 91  22 28846427","H-902,Palm Court, Malad Link Road,, Malad West, Mumbai - 400064"
"Travel World","+ 91  9892849636","Deepti Apt, 5th Mamaladarwadi, Malad West, Mumbai - 400064"
"Travel Trends","+ 91  22 65104322","Shop No.8, Gurusamriddhi Heights,, Sector 14, Sanpada, Vashi, Navi Mumbai - 400703, Opp. Palm Beach Road"
"Travel Buddy","+ 91  9867540746","T Bungalow, Malad West, Mumbai - 400095, Goras Wadi"
"Travel Tango","+ 91  22 00000000","Thane West, Thane West, Thane West, Thane - 400601, Thane West"
"Travel Port","+ 91  22 22904202","3, Abhimaan 1, Teen Haat Naka, Thane West, Thane - 400601"
"Travel Logic Services","+ 91  22 65019426","12/529, Kamal Kung Co Operative Housing Society Ltd, Kandivali West, Mumbai - 400067, Opposite Dena Bank, Sector No 5, Charkop"
"Travel Lounge","+ 91  22 65235680","Shop No 12 Kavita Society, Main Carter Road, Borivali East, Mumbai - 400066, Station Road, Next To ICICI Bank, Borivali East"
"Travel Port Holidays India Pvt...","+ 91  22 28952813","1st Flr 5 Goraganghi Apt, Chandaverkar Lane, Borivali West, Mumbai - 400091, Opp Stn"
"Travel Post Pvt Ltd","","A/9/3 Saraswati Niwas, PAI Nagar, Borivali West, Mumbai - 400091, Opp Gokul Restaurant"
"Travel port","+ 91  8097768999","Mehta Mahal, Charni Rd Stn, Charni Road, Mumbai - 400004, Charni Road Railway Station"
"TRAVEL LINKS","+ 91  22 22004896","Sharaf Manzil . Dhobitalao Lane, 650 J.S.S. Road, Kalbadevi, Mumbai - 400002, Near Metro Cinema"
"Travel India Marketing Tours","+ 91  22 28933949","618 Flat No 13, Borivali West, Mumbai - 400091, LIC Colony Jeevan Bhima Nagar Near Karuna Hosptial"
"Panoramic Tour & Travels Ltd","18002099122","Shop No 8 & 9, Ground Floor, Elphinstone House, Mulzeban Road, Fort, Mumbai - 400001, Opposite To Sterling Cinema"
"Travel Lines Pvt Ltd","+ 91  22 22834669","74 C Wing Mittal Court, Nariman Point, Mumbai - 400021"
"Travel Master Pvt Ltd","+ 91  22 22838354","Eucharistic Congress Building No 2, 3rd Floor, 5 Convent Street, Colaba, Mumbai - 400005, Holy Family High School"
"Travel Art","+ 91  7045553415","Shop No 10, Vaibhav Darshan Chs, Sai Baba Nagar, Mira Bhayander Road, Mira Road, Thane - 401107, Near St Thomas Church"
"Travel & Tourism Co","+ 91  22 28129022","Shop No 2, Naya Nagar-mira Road, Thane - 401107, Next To Shams Masjid"
"Travel Port","+ 91  9322406867","Shop No 30, National Complex, New Panvel, Navi Mumbai - 410221, Sector 6, New Panvel E"
"Travel X","+ 91  22 27452301","Panvel, Navi Mumbai - 410206, Panvel S T Stand"
"Travel Park Merketing & Leisur...","+ 91  22 26346085",""
"Travel.org","+ 91  9820626216",""
"Travel Basket","+ 91  22 65646562","Shop No 62, Harmony Mall, Link Road, Goregaon West, Mumbai - 400104, Bhagat Singh Nagar"
"Travel Pax India Pvt Ltd","+ 91  22 67939400","320 Big Splash, Vashi, Navi Mumbai - 400703, Sector 17"
"TRAVEL 4 U","+ 91  22 91000443","G/F & 1/F, Bandra Kurla Complex, Bandra East, Mumbai - 400051, Trade Centre"
"Travel Corporation India Ltd","+ 91  22 66091537","No.324, Tc Building, 3rd Floor, Naoroji Road, Mumbai Central, Mumbai - 400008"
"Travel Solutions","+ 91  8097089246","Tripathi Bhuvan No 2 Room No 53 1st Floor, Aarey Road, Goregaon West, Mumbai - 400062"
"Travel Logs","+ 91  8425830004","F 1102, Ashok Gardens, T J Road, Sewri, Mumbai - 400015"
"Travels India","+ 91  8689945525","Building No 2 Shop No 1 Sakivihar Complex, Andheri East, Mumbai - 400072, Near Savoy Suites Hotel"
"Travel Cars","+ 91  22 67346000","Yogiraj Ashram, Hans Bhugra Marg, Santacruz East, Mumbai - 400029"
"Travel Lines International","+ 91  22 26663941","13 Lovely Home, Kalina Church Rd, Santacruz East, Mumbai - 400029"
"Travel Comfort","+ 91  9870252522","6 Janki Niwas, Scheme Road 3, Hanuman Road, Vile Parle East, Mumbai - 400057, Paranjpe B, Near Hanuman Mandir"
"Travel Partner","+ 91  9594682360","Build No 32 Sunflower Sher E Punjab, Andheri East, Mumbai - 400093, Near Sher E Punjab Gurudwara"
"Travel Point","+ 91  22 26713077","Bharat Blg, Irla Soc Rd, Vile Parle West, Mumbai - 400056, Opp Alpha Store"
"Travel Desk","+ 91  22 26847555","3, Ruby Terrace, A. K. Road, Andheri East, Mumbai - 400069, Opp Union Bank"
"Travel Net Solution","+ 91  8689910055","Room No 4, Pandey Chawl, Santacruz West, Mumbai - 400054, Near Samata Chawl"
"Travel All Ways","+ 91  22 26244248","Plot No 53, Ashawadi Building, S V Road, Andheri West, Mumbai - 400058, Opposite Shoppers Stop, Behind Yashwant Nagar"
"Travel Plaza","+ 91  22 26762211","Shop No 8 & 9, S V Road, Andheri West, Mumbai - 400058, Near Subway, B M C Market"
"Travel Safe","+ 91  9820080215","14/21, Bharat Nagar Road, Bandra East, Mumbai - 400051, Sant Dyaneshwar Nagar Behind Bkc"
"Travel Smilez","+ 91  22 64640080","T-2/8A, Sewa Samiti, S.S.Nagar, Antop Hill, G.T.B.Nagar, Mumbai - 400037, Next To Pushpak Bldg."
"Travel Link","+ 91  22 66982065","Oberoi Complex, 6 Nayayadeep, Link Road, Andheri West, Mumbai - 400053, Behind SAB TV"
"Travel Comforts","+ 91  22 67029903","603 Crystal Plaza, Andheri West, Mumbai - 400053, Opp Fame Adlabs"
"Travel Inn","+ 91  22 26392126","Shop No 5, Building 25, Andheri West, Mumbai - 400053, Shastri Nagar, Queensland"
"Travel Logue","+ 91  22 66787711","108, Unit No 7, Sunshine B, Apna Ghar Chs Ltd, 1st Cross Lane, Lokhandwala Complex-Andheri West, Mumbai - 400053"
"Travel Funda","+ 91  22 26334444","Om Hirapanna Mall, G 58, Ground Floor, Oshiwara, Mumbai - 400102, Near Police Station"
"Travel studio","+ 91  8976016014","Shop no. 4/b silver sand apt, Yari road, Andheri West, Mumbai - 400061, Nr . Bus depot"
"Travel & More","+ 91  22 40213441","F - 73, Shagun Arcade,, Film City Rd, Goregaon East, Mumbai - 400063, Near Oberoi Mall"
"Travel Point Pune Special","+ 91  9892596191","502 2b Sarthak New Mhada Cly, Filmcity Rd, Malad East, Mumbai - 400097, Khadakpada Nr Vagheshwari Mandir"
"Travel Port Holidays India Pvt...","+ 91  22 25923394","502 Nirmal Corporate Centre, Lbs Marg, Mulund West, Mumbai - 400080, Nirmal Lifestyle"
"Travel Links Tours & Travels","+ 91  9870800165","Shop No 3/4 Ganga Niwas, Link Rd, Malad West, Mumbai - 400064, Next To Hanuman Mandir"
"Travel Recipes","+ 91  22 42930973","216/217, New Sonal Link Industrial Estate, Malad Link Road, Kanchpada-malad West, Mumbai - 400064"
"Travel Wizard","+ 91  22 67254379","18/F, B Wing, 1st Floor, Malad Industrial Estate, Kanch Pada, Malad West, Mumbai - 400064, Near Hotel Khwaishh Presidency"
"Travel Inn","+ 91  9768232323","C/107, Gillhaze Apt, Malad West, Mumbai - 400064, Orlem, Lourdes Colony"
"Travel Port Holidays India Pvt...","+ 91  22 27650188","Shop No 10 Plot 16/17/18 Manik Chs, Vashi, Navi Mumbai - 400703, Sector 29"
"Travel Pratik","+ 91  9029730730","H2 Shop No 11 Bhumiraj Heritage, Palm Beach Road, Vashi, Navi Mumbai - 400703"
"Travel Academy Of India","","D 1/8, Vashi, Navi Mumbai - 400703, Sector 1 Opp Apna Bazar"
"Travel World Hub","+ 91  22 66736826","F-82, 1st Floor, Haware Fantasia Business Park, Sector 30 A, Vashi, Navi Mumbai - 400703, Next To Inorbit Mall, Near Railway Station"
"Travel Khazana","+ 91  22 28547901","Shop No 2 Gokul Monarch, Kandivali East, Mumbai - 400101, Thakur Complex"
"TRAVEL AID","+ 91  22 28080404","A/28, SAI Nagar, Mg Road, Opp Swimming Pool,, Kandivali West, Mumbai - 400067"
"Travel Guru Retail Outlet","+ 91  22 65834878","Ground Floor, Inorbit Mall, Vashi, Navi Mumbai - 400703, Opposite Hypercity, Sector No 30 A"
"Travel & Vacations","+ 91  9987039959","Mahalaxmi Arcade, Mahalaxmi Stn, Mahalaxmi, Mumbai - 400011, Mahalaxmi Bridge"
"Travel Dome","+ 91  22 65156666","G/56, Ground Floor, Haware Fantasia Business Park, Sector 30/A, Vashi, Navi Mumbai - 400703, Opposite Railway Station, Behind Inorbit Mall"
"Travel Solution","+ 91  9773597618",""
"Travel Tourism Trainer","+ 91  9820758124","B 504 Maruti Park, Sector 12a, Kopar Khairane, Navi Mumbai - 400709, Bankode"
"Travel Master","+ 91  22 28056705","A 301 Madhuban Apartment, M G Cross Road No 4, Kandivali West, Mumbai - 400067"
"Travel Home","+ 91  22 23011111","A2, Piccadilly Flats., 57, Clare Road, Byculla, Mumbai - 400027"
"Travel Accesss","+ 91  22 66935232","4/48 Tardeo A/C Market, Tardeo, Mumbai - 400034"
"Travel Box Tours & Travels","+ 91  22 65232030","Gala No 82, Lower Basement, 10th Mall, Kandivali West, Mumbai - 400067, Next To D Mart, Mahavir Nagar"
"Travel Port Holidays India Pvt...","+ 91  22 22911984","Orchid City Cenre, Bellasis Road, Mumbai Central, Mumbai - 400008, Opp BEST Bus Depot"
"Travel Linious","+ 91  9769205970","Shop No 27, Panchsheel Appart, Airoli, Navi Mumbai - 400708, Next To Petrol Pump, Sector 5"
"Travel Kraft","+ 91  22 23899699","303, Simlim Square, D.B Marg Lamington Road, Grant Road, Mumbai - 400007"
"Travel More","+ 91  9769940667","Shop No 1 Priya Bldg, Jairaj Nagar, Borivali West, Mumbai - 400091, Near Mahesha Mandir"
"Travel Shop","+ 91  22 23452522","137/138 Manasawala Building, Abdul Rehman Street, Zaveri Bazar-Kalbadevi, Mumbai - 400002, OPP Central Bank Of India"
"Travel World","+ 91  22 28944156","38, Ganjawala Shopping Centre, Ganjawala Lane, Borivali West, Mumbai - 400092"
"Travel Plus","+ 91  22 22068959","7 Rajshila, 597 J S S Road, Kalbadevi, Mumbai - 400002, Off Princess Street"
"Travel Oytser India Pvt Ltd","+ 91  22 65765525","Jolly Bhavan No 1, 211, 2nd Floor, 10 New Marine Lines, New Marine Lines-Churchgate, Mumbai - 400020"
"Travel Optionz Holidays Pvt Ltd","+ 91  22 61453420","93b,Jorawar Bhavan, Maharshi Karve Road, Marine Lines, Mumbai - 400020"
"Travel Management Of India Pvt...","+ 91  9867622007","2nd Floor, Dariya Building, Dr. Dadabhai Naoroji Road, Fort, Mumbai - 400001"
"Travel Masters India Pvt Ltd","+ 91  22 22659060","Dubhash House 15, J N Heredia Marg, Ballard Estate, Mumbai - 400001"
"Travel Shop World Wide","+ 91  22 22693832","10 Ground, Floor Desai Chamber, 127/129 Modi Street, Fort, Mumbai - 400001, Opp Gpo"
"Travels Management Of India","+ 91  22 22044450","375, 2nd Floor, Dariya Building, Dr D N Road, Fort, Mumbai - 400001, Above Saraswat Cooperative Bank"
"Travel Hub","+ 91  22 40024388","Office no. 9, 5 th floor, A/12, Building no. 115/117, Trinity Chember, Bora bazar street, Fort, Mumbai - 400001"
"Travel Solution","+ 91  9702001933","Office 03, Gaurav Chs,, Sector 12, Plot No D/65,, Kharghar, Navi Mumbai - 410210, Near Ganpati Mandir,"
"Travel Line","+ 91  22 64465697","Shop No 3, Shreenath Complex, Mira Bhayandar Road, Mira Road, Thane - 401107, Opposite Raymond Showroom"
"Travel Mantra Holidays","+ 91  251 2201249","Shubha Laxmi Shopping Centre, LAL Chowki, Kalyan City, Thane - 421301, Above WamanHare pethe Jewellers"
"Travel Express","+ 91  251 2541296","Shop No 1, O T Section Chowk, Ulhasnagar No 3, Thane - 421002, Near Jaslok High School And Harchandani Niwas"
"Travel Entertainment","+ 91  22 43459026",""
"Travel Gallery","+ 91  9987858692",""
"Travel Point Pune Special","+ 91  9892596191",""
"Travel Bookers The","+ 91  22 26100034",""
"Travel Recipes (Goregaon West ...","","Mumbai"
"Travel Guru","+ 91  9323007640","10, Chhotusingh CHS, Dr. R. P Road, Dombivli East, Thane - 421201, Near Girnar Sweet mart"
"Travels And Shipping Pvt Ltd","+ 91  22 28300558","3a Roy Aprt 3rd Flr, Andheri East, Mumbai - 400059, Near Air Cargo Complex Sahar"
"Travel Fast","+ 91  22 28393391","Vaibhav Chambers, Division Hede Consultancy, Andheri East, Mumbai - 400099, Sahar Pipe Line Road"
"Travel Konnect","+ 91  22 26506326","Plot No 164/165, L B S Marg, Kurla West, Mumbai - 400070, Near Deshpandey Nursing Home"
"Travel Cool","+ 91  22 32168781","Room No 09 Sanober Manzil 2nd Floor, Hall Road, Kurla West, Mumbai - 400070"
"Travel Zone","+ 91  9320879352","Namak Wala Chawl, Jari Mari Road, Sakinaka, Mumbai - 400072"
"Travel Affairz","+ 91  9717152662","Andheri East, Mumbai - 400072"
"Travel Nine","+ 91  9869514064","G/29 Bindra Complex, Mahalkali Road, Andheri East, Mumbai - 400059, Balgovind Nagar Opposite Holyspirit Hospital"
"Travels Agent","+ 91  9867111329","Vijay Chawl Commitee, N.S.S Road, Asalfa-Ghatkopar West, Mumbai - 400084, Asalpha Village"
"Travels & Finance","+ 91  22 32653966","Andheri East, Mumbai - 400059"
"Travel By Rakesh","+ 91  22 22907946","21, Bhaidas Niwas, Old Nagar DAS Road,, Andheri East, Mumbai - 400059"
"Travel Cover Pvt Ltd","+ 91  22 41213030","A 201, Nirman Plaza, Makwana Road, Andheri East, Mumbai - 400059, Marol Naka"
"Travel Space","+ 91  9820252592","I Block, Room No 7, M.v Rd Marol,, Andheri East, Mumbai - 400059, Agarwal Ngr, Chimatpada"
"Travel Junction","+ 91  8655516898","Nassibullah Compound, 1st Floor Cloth Mkt, Kurla West, Mumbai - 400070, Behind Bagdad Hotel"
"TRAVEL INDIA","+ 91  9869792989","netaji nagar, 90 fit road, Sakinaka, Mumbai - 400072, nr shrma school"
"Travel Lounge","+ 91  9503235484","# 309, The Crescent Business Park, off. Andheri Kurla Road, Andheri East, Mumbai - 400072, Near Telephone Exchange, Sakinaka"
"Travel & Tours","","Hatim Est, Sahar Airport Road Chakala, Andheri East, Mumbai - 400099, Cafe Sahar"
"Travel Maker","+ 91  22 64462493","Shop No. C114, 1 Floor, Sayba Shopping Center, New Mill Road, Kurla West, Mumbai - 400070, Near Post Office"
"Travel Point","+ 91  22 26133126","Dayal DAS Road, Vile Parle East, Mumbai - 400057"
"Travel Mate","+ 91  9020011220","A109 Ahtavinayak CHS, Chakala Street, Andheri East, Mumbai - 400059, MIDC"
"travel holidays","+ 91  22 35878927","dfsfsafsaf, sfsfsfsadfasv, Himalaya Society-Ghatkopar West, Mumbai - 400084, sdfsssabvsffsddfsf"
"travel india","+ 91  9222422209","Ghatkopar West, Mumbai - 400084"
"Travel Station","+ 91  9833441723","501, B, Khara Wadi Kanta Smruti, L B S Marg, Ghatkopar West, Mumbai - 400084, Nr Gopal Bhavan"
"Travel Square","+ 91  22 43458786","Ghatkopar West, Mumbai - 400084"
"Travel And Tourism","+ 91  8424063386","13 Priyadarshani Wadi, Ghatkopar West, Mumbai - 400084, Behind Bhatwadi Police Chowki"
"TRAVEL TEN","+ 91  22 25146644","5/A SHREEKRUPA BLDG,, NAVROJI LANE, Ghatkopar West, Mumbai - 400086, Nr Jain Temple"
"TRAVEL POINT","+ 91  22 25014530","3/A KESHAV BLDG HINGWALA LANE, Ghatkopar East, Mumbai - 400077, NEAR L N MEHTA CLASSES"
"Travels Cars Solutions (Closed...","","Shree Samarth Building, D M Road, Vakola-Santacruz East, Mumbai - 400055"
"Travel Continents","+ 91  22 26149117","Shop No 2, Nanda Patekar Road, Vile Parle East, Mumbai - 400057, Dhanlaxmi Vihar Soc."
"TRAVEL","+ 91  22 26173745","Vireshwer dhara, Bajaj Road, Vile Parle West, Mumbai - 400056"
"Travel Shop","+ 91  22 26139242","G 1, Ganesh Bhuvan, S P Ad, Vile Parle West, Mumbai - 400056, Near Bhide Kapasi Classes"
"Travel Fair","+ 91  22 40069000","Shop No 17, Ground Floor, Dheeraj Heritage, S V Road, Santacruz West, Mumbai - 400054, Milan Subvay"
"Travel Asia Guru","+ 91  22 61666000","Avenues Chambers, Santacruz West, Mumbai - 400054, Near Navratna Restaurant"
"Travel Zone Consultancy","+ 91  22 64641122","Off no.9, crescent apartment, Marol military road, Andheri East, Mumbai - 400059, Opp ashok nagar bus stop"
"Travel Point","+ 91  8433759899","Shop No-12,, Chembur West, Mumbai - 400089, Opposite To Chheda Nagar, Jan Amber Nagar"
"Travel Selection","+ 91  22 26497141","116 Plaza Asiad, S V Road, Santacruz West, Mumbai - 400054, Opp Danabhai Jewellers"
"Travel Selection","+ 91  22 26497141","116 Asiad Plaza, S V Road, Santacruz West, Mumbai - 400054"
"Travel Tours PVT LTD","+ 91  22 44800800","12/13, Dheeraj Heritage Building, S. V. Road, Santacruz West, Mumbai - 400054, Near Milan Mall"
"Travel N More","+ 91  9224452743","Santacruz West, Mumbai - 400054"
"Travel Station","+ 91  22 65275676","A 303, Manish Park, Pump House, Jija Mata Marg, Andheri East, Mumbai - 400093, Near Western Express Highway"
"travels","+ 91  9323817460","Andheri East, Mumbai - 400069"
"Travel Masters","+ 91  9799956112","108, Andheri East, Mumbai - 400069, Near Costa Coffee, JVPD"
"Travel Master","+ 91  9920011411","677 Manor Compound, Jawahar Nagar, Khar East, Mumbai - 400051, Near Sharda Restaurant"
"Travel Express","+ 91  22 30675735","14 B Wing Nirmal Building, 26 JAI Prakash Road, Andheri West, Mumbai - 400058"
"Travel Zone","+ 91  22 25213619","23, Pandurang Bhavan, N G Acharya Marg, Chembur East, Mumbai - 400071, Near Corporation Bank"
"Travel Lounge","+ 91  9819431912","203, Shiv Hara Co Operative Housing Society, Khar West, Mumbai - 400052, Near Khar Gurudwara"
"Travel Town","+ 91  22 65552132","10 Cosmos Bldg Next To Khar Station, Khar West, Mumbai - 400052, Next To Khar Station W"
"Travel Centre","+ 91  22 26040115","Shop No 7, 3rd Road, Khar West, Mumbai - 400052, Near Nagara Rest"
"Travel Link","+ 91  22 25554233","Shop No 10 Saideep Chambers, Chembur East, Mumbai - 400071"
"Travel Waves Inc","+ 91  22 26101127","7 Swastik Plaza, V.m Road, Juhu, Mumbai - 400049, Next To Kala Niketan"
"Travel Maart Asia Pvt Ltd","+ 91  22 30609679","5th Flr Asshiyana Bldg, Jvpd Scheme, Juhu, Mumbai - 400049, Near Aryogya Nidhi Hospital"
"Travel Fatafat","+ 91  22 69934836","Rukmani Bldg , Model Town, Lokhandwala Main Road, Andheri West, Mumbai - 400053, Dhirubhai Ambani Hospital"
"Travel N Tours Service","+ 91  9123456118","R 497 1 2 1st Flr Latif Patrewali Chawl Behram Nagar, Bandra East, Mumbai - 400051, Nr Bandra Court"
"Travel Resource","+ 91  9324932420","Sona Village Building, 7th Junction S V Road, Khar West, Mumbai - 400052"
"Travel Lovers","+ 91  22 65263346","S 03/7, A, Jogeshwari Vikhroli Link Road, Andheri East, Mumbai - 400093, Durga Nagar, Near Matoshree Club"
"Travel Agent for Tavera","+ 91  8652855049","36,Radhabai chs, chafe lane, S M Road, Chunabhatti, Mumbai - 400022"
"Travel Zone","+ 91  9833898980","Shafy Manzil, Off Tunel Road, Bandra West, Mumbai - 400050, Nr Bandra Talov"
"Travel Logue","+ 91  9699223434","1 La Blanc Building, Juhu, Mumbai - 400049, Opp J W Marriott Hotel,Juhu Hotel"
"Travel Plus","+ 91  22 24013248","Shop No11/A, 1st Floor,265 Vishramwadi, Sion Main Road, Sion, Mumbai - 400022, Next To King Circle Station, Opposite Gandhi Market"
"Travel Zone","+ 91  9833848980","29th Road, Bandra West, Mumbai - 400050"
"travels point","+ 91  8689808317","5,colaba plot opp hashmukh ration shop, jhula maidan, Jogeshwari East, Mumbai - 400060, jhula maidan"
"Travels Corner Communication","+ 91  22 26285385","Shop No 5 Jaan Mohammad Apartment, Off S V Road, Jogeshwari East, Mumbai - 400060"
"travel mart","","shop no 3 near, raigad military school, ganesh wadi, Andheri West, Mumbai - 400058"
"Travel Maze","+ 91  22 26409969","Anita Villa, Bandra, Mumbai - 400050"
"The Travel Solutions","+ 91  9223295398","356, Mahatma Phule Nagar, Aarey Colony Road, Filterpada-Nitie, Mumbai - 400087, Opposite Ahilyabais Mandir, Filterpada"
"Travel Link","+ 91  9820790714","Plot No 19 Room No 1208 Lotus Colony, Govandi West, Mumbai - 400043"
"Travel Khazana","+ 91  22 26372661","41 Dewan Centre Grd Level 2, S V Road, Jogeshwari West, Mumbai - 400102"
"Travel Call Air Service","+ 91  22 26765152","14, Crystal, S V Road, Jogeshwari West, Mumbai - 400102, Near Boston Hotel"
"Travel Maze","+ 91  22 26423254","Station Road Bandra(W), Bandra West, Mumbai - 400050"
"Travel Trend","+ 91  22 26442045","10-B,, Baron Road,, Bandra West, Mumbai - 400050"
"Travels Wide","+ 91  9930644404","113 114 Think Labs Phulora Chs 1st Flr, A S Marg Kanjur Marg, IIT Powai, Mumbai - 400076, IIT Market"
"Travel Deals 24 X 7","+ 91  9323451247","78 Ground Floor Om Hirapana Shoping Mall, Andheri West, Mumbai - 400053, Near Oshiwara Police Station"
"Travel Concepts","+ 91  9773495402","B-14, 201, Al Hatim Building, Andheri West, Mumbai - 400053, Near Old Lokhandwala, Milat Nagar"
"Travel Garage","+ 91  9920684986","Jogeshwari West, Mumbai - 400102, Near Agarwal Industrial Estate"
"Travel Links Tours & Travels","+ 91  9833615284","D/44, Unnati Housing Society, S B Road, Mahim, Mumbai - 400016"
"Travel India","","10a, Saideep Acharya Road, Chembur, Mumbai - 400071"
"Travel World","+ 91  9820159003","Kanjurmarg West, Mumbai - 400078"
"Travels Unltd Media Pvt Ltd","+ 91  22 66028888","Office No 324A, Kuber Complex, Andheri Link Road, Andheri West, Mumbai - 400053, Opposite Laxmi Industrial Estate"
"Travel Loan","+ 91  22 24169105","S M D Road, Antop Hill, Mumbai - 400037, Front Of Shaikh Misri Dargah"
"Travel Shoppe The","+ 91  9892350475","JVC Shop Twinkle Arcade, Amboli-Andheri West, Mumbai - 400058, Nr Infinity Mall Old Lokhandwala Cmplx"
"Travels Express","","Matunga East, Mumbai - 400019"
"Travel Cious","+ 91  9004200275","3 9 107, Chembur East, Mumbai - 400074, RCF Colony"
"Travel Khazana","+ 91  22 24472517","21 Pink Apartment B Wing, Andheri West, Mumbai - 400053, Seven Bunglow"
"travel services india","+ 91  9769691885","1502 lily apartments, mantri park, Goregaon East, Mumbai - 400063, nagri niwara"
"The Travel Gate","+ 91  22 28407900","Gagan Shooping Arcade, Ll-14, Near Gokuldham Mandir, Goregaon East, Mumbai - 400063, Opp Meenaxi Towar"
"Travel & Tourism Co","+ 91  9833017233","Goregaon East, Mumbai - 400063"
"Travel Right","+ 91  22 25010073","42/10, Preet Prakash, Mb Wadi, Off Station Road, Bhandup West, Mumbai - 400078, behind uttar bhartiya school"
"Travel Square","+ 91  22 26863361","No 403 4th Floor, Highway Commerce Centre, Goregaon East, Mumbai - 400063, I B Patel Road Off Western Express Highway"
"Travel Thru Me","+ 91  22 98213284","rna arcade, lokhandwala, Andheri West, Mumbai - 400053"
"Travel Ghar","+ 91  9958414244","G-301, Arshie Complex, Yari Road, Andheri West, Mumbai - 400061"
"TRAVEL NETWORK HOLIDAYS","+ 91  22 26863686","Mumbai - 400063"
"Travel kar Holidays","+ 91  22 25956978","santosh villa, sarvoday nagar, Bhandup West, Mumbai - 400078, near shani mandir"
"Travel 18","+ 91  22 28718930","Shop no 9 buliding no 14 shastrinagar millioums chs society, Link road, Goregaon West, Mumbai - 400104, Near vibgyour school"
"Travel Venture - For Best Quotes","","Andheri West, Mumbai - 400063"
"Travel Style","+ 91  22 24226774","10, M C Javle Marg, Dadar West, Mumbai - 400028, Vijay Nagar"
"Travel Studio","+ 91  9221971123","Dream Mall, Upper Ground 286, Lbs Road, Bhandup West, Mumbai - 400078"
"Travel Stop","+ 91  9819489401","Sharifa Mansion, Ground Floor, Opposite Pritam Hotel, Dadar East, Mumbai - 400014, S. G. Marg"
"Travel Smilez","+ 91  22 24382643","4 Devji Bhavan, S K Bole Road, Dadar West, Mumbai - 400028, Opp Modern English High School"
"Travel 18","+ 91  8108029050","Shop No.b/15, Kaveri Soc, Bangur Nagar, Goregaon West, Mumbai - 400090, Near Bangur Seva Sadan"
"Travel Magic","+ 91  9833029212","702 B Wing, Landmark Tower, Dadar East, Mumbai - 400014, Opposite Wadala Telephone Exchange"
"Travel The World","+ 91  22 61278888","98, Nalanda Shopping Centre Ground Floor, Station Road, Goregaon West, Mumbai - 400062, Near HDFC ATM"
"Travel Point","+ 91  22 23564781","C/ 304, Shri Swami Samarth Chs, Karve Nagar Road, Kanjurmarg East, Mumbai - 400042, Near Railway Station"
"Travels & Money Transfer Busin...","+ 91  9920044776","Shagun Mall, Film City Road, Goregaon East, Mumbai - 400063, Near Oberoi Mall"
"Travel Zone Tours And Travels","+ 91  9819025730","4/37 A M Jain Estate, Village Road, Bhandup West, Mumbai - 400078, Opp Bhatia Hospital"
"Travel Port Holidays India Pvt...","+ 91  22 42686868","302/304 Orbit Indl Estate, Link Road, Malad West, Mumbai - 400064, Near Inorbit Mall, Mindspace"
"Travel Desk","+ 91  9451012414","Shop No 15 Mehandi Nagar No 38, Mehandi Nagar No 38, Sewri Naka Sewri, Mumbai - 400015, Sewri"
"Travel At Ease","+ 91  22 28812511","Shop No 5 & 6 Jugalkishore Building, S V Road, Malad West, Mumbai - 400064, Opposite Shiv Temple"
"Travel Franchise Provider","+ 91  9920044776","Mind Space, Link Road, Malad West, Mumbai - 400064"
"Travel N Deal","","A-5, Sundaram Co-Operative Housing Society, Nane Pada Road, Mulund East, Mumbai - 400081, Near Nane Pada Bridge, Near Ignou ( Indira Gandhi National Open University )"
"Travel Be Times","+ 91  22 66091594","Shop No 4 Sirorkad Markwet, J B Marg, Parel, Mumbai - 400012"
"Travel DE Boutique","+ 91  22 64403511","G-13 Sej Plaza, Marve Road, Malad West, Mumbai - 400064"
"TRAVEL DREAMZ","+ 91  22 65344666","27/C jaiswal bhuvan,, m g road, Mulund West, Mumbai - 400080, near ambaji dham temple"
"Travel and tour agency","+ 91  9594078728","Mumbai - 400080"
"Travel King","+ 91  22 25671777","7/5 mulund colony 1frst f, yuth sercal gurudwara, Mulund West, Mumbai - 400080, parshav holidayes"
"Travel Fantasy","+ 91  22 25679701","6, First Floor, Ratneshwar Darbar Gadh, Sumati Eknath C, M G Road, Mulund West, Mumbai - 400080, Opposite Kirti Mahal Hotel"
"Travel N Trivia","+ 91  9967119656","83-4, Malabar Hill Road, Mulund West, Mumbai - 400080, Mulund Colony"
"Travel Source India","+ 91  22 25640919","Office No 1, Ram Apartment, S N Road, Mulund West, Mumbai - 400080, Tambe Nagar"
"Travel Source India","+ 91  9619617060","Office No 1, Ram Apartment, S N Road, Mulund West, Mumbai - 400080, Tambe Nagar"
"Travel Express","+ 91  22 25645182","Godavari Kripa Bldg, Valji Ladha Road, Mulund West, Mumbai - 400080"
"Travel Era","+ 91  22 32635477","Shop No 6 Siddharth Path, Mulund West, Mumbai - 400080, Mulund Colony"
"Travel Food Service","+ 91  8527903000","Vasid Mension, Dr Annie Besant Road, Worli, Mumbai - 400018, Next To Poonam Chember, Worli 1"
"Travel Wing","+ 91  22 24321186","Dr A B Rd, Worli, Mumbai - 400018"
"Travel Desk Enterprise","+ 91  9323132109","402 Kamakshibuilding, Kaushala Road, Worli, Mumbai - 400018, Opp Ration Shop"
"Travels AC & Non AC","+ 91  22 23004526","B.d.d. Block No. 26/71, N.m. Joshi Marg,Delisle Road, Lower Parel, Mumbai - 400013"
"Travel Basket","+ 91  8692086927","Shop No.4, Sulakshna Apartment, Sant Ramdas Road, Mulund East, Mumbai - 400081, Thakur Nagar"
"Travel Med India","+ 91  22 25901071","404, Marathon Chambers, P K Road, Mulund West, Mumbai - 400080, Panch Rasta"
"Travel By Soul","+ 91  22 65655735","412, Shree Samarth Plaza, R R T Road, Mulund West, Mumbai - 400080, Opposite Mulund Railway Station"
"Travel World","+ 91  9324743098","Desai Classes Soham Apartments, Santa Ram DAS Road, Mulund East, Mumbai - 400081, Next To Station"
"Travel Lounge","+ 91  22 28855754","Tanishka, Big Bazaar, Kandivali East, Mumbai - 400101, Akurli Road"
"Travel Food Services","+ 91  8527903000","Mumbai - 400018"
"Travel & Tourism Fair-Mumbai","+ 91  22 40284028","VENUE - Nehru Science Centre, Dr E Moses Road, Worli, Mumbai - 400018, Near Race Course"
"Travel Selections","+ 91  22 27670097","36 Anand Sagar, Sec 17, Vashi, Navi Mumbai - 400703"
"Travel Requirements","+ 91  9320617586","A - 33, Burhani Building, M G Road, Kandivali West, Mumbai - 400067, Kandivali Village, Bohra Colony"
"Travel Zone","+ 91  22 41261111","205/209, 2nd Flr, Tower No 6, Infotech Park, Vashi, Navi Mumbai - 400703, Above Vashi Stn"
"Travel Ethics","+ 91  22 65257544","B 503 Pathik Co Operative HSG Society, Thakur Complex, Kandivali East, Mumbai - 400101"
"Travel Linksz","+ 91  22 27222491","194/B Indira Chowk, Vashi, Navi Mumbai - 400703"
"Travel Art","+ 91  22 67912860","210, Devrata Bldg, 2nd Floor, Vashi, Navi Mumbai - 400703, Sec 17"
"Travel Care India","+ 91  22 28647977","277 1st Floor Raghu Leela Mega Mall, Kandivali East, Mumbai - 400101"
"Travel 365 Holiday Planner","+ 91  22 40168839","Shop No 8, Shree Krishna Co-op Soc, K.V.S.C. Lane, Mahavir Nagar-Kandivali West, Mumbai - 400067, Near Kapol School"
"Travel Hub India","+ 91  9967037476","Room No 3 Ground Flr Pranik Gardens, Arcade Mahavir Nagar, Kandivali West, Mumbai - 400067"
"Travel Port","+ 91  22 27897800","Shop No. 405, C Wing,, $th Floor, Groma House, Sector 19,, Vashi, Navi Mumbai - 400703, Near Apmc Market"
"The travel platter","+ 91  22 26365096","Xth central mall, Mahavir nagar, Kandivali West, Mumbai - 400067, Near D Mart"
"Travel Needz","+ 91  22 65070246","Room No 401, 4th Floor, Chaurang, Sanpada, Navi Mumbai - 400705, Sector 16"
"Travel World Hub","+ 91  9819982898","817, Grohittam Complex, Plot No 14/B, Sector 19, Sanpada, Navi Mumbai - 400705, Apmc Market"
"Travel Deals 24 X 7","+ 91  9967436248","78, Ground Floor, Om Heera Panna Mall New Link Road, Mumbai Central, Mumbai - 400008"
"Travel And Tunes","+ 91  9867315614","Mumbai, Mumbai Central, Mumbai - 400008"
"Travel India Marketing Tours","+ 91  22 28662453","A/1 M G Road, Mumbai Central, Mumbai - 400008"
"Travel Earth","","Mumbai Central, Mumbai Central, Mumbai - 400008"
"Travel Lounge","+ 91  9503118405","Bunglow No. 214, Thane East, Thane - 400603, Green Park, Lodha Heaven"
"Travel Hub","+ 91  22 61810600","73/A, 1st Floor, Sunrays Shopping Centre, Charkop Main Market, Kandivali West, Mumbai - 400067, Apna Bazar"
"TRAVEL HUB","+ 91  22 61810600","73/A, 1st Floor, Sunrays Shopping Centre, Charkop Main Market, Kandivali West, Mumbai - 400067, Besides Apna Bazar"
"Travel Hub","+ 91  9702112829","73-A, 1st Floor,Sunrays Shopping Center, Charkop Market, Kandivali West, Mumbai - 400067, Near Apna Bazaar"
"Travels Swapnil","+ 91  9821078378","Shop No.2, Casa Piedade, Charai, Thane West, Thane - 400601, Opp. Shiv Sena Shaka"
"Travel Cars","+ 91  22 64556677","G /9 Kalpatru, 39 Pedder Rd, Cumballa Hill, Mumbai - 400026, Bh State Bank Of India"
"Travel Wiz","+ 91  22 32502930","6 Advait Agyari Lane, Thane West, Thane - 400601, Jambli Naka"
"Travel Solutions","+ 91  22 25375290","Risk Care Capital Ground Floor-001, Revti Apartment, Makhamali Talav Road, Thane West, Thane - 400601"
"Travel S S","+ 91  9820817834","Bldg No 17/315,SAI Darpan,1st Floor, Thane West, Thane - 400601, Near Eden Wood,Maharashtra Nagar"
"Travel Dreams........","+ 91  9920643144","Sandhurst Road, Mumbai - 400009, Sandhurst Road"
"Travel Mall","+ 91  22 25434402","102 Navrang Shopping Arcade, Gokhale Road, Naupada-Thane West, Thane - 400602, Near Alok Restaurant Naupada"
"Travel For Cause","+ 91  9892200663","C-29, Lau Kush Shopping Centre, Dattapada Road, Borivali East, Mumbai - 400066"
"Travel Better Path","+ 91  9967366251","Office No-4,Pankaj Apartment,, Beside TMC ,Chandanwadi,, Thane West, Thane - 400601, Near Thane Muncipal Corporation,"
"Travel 361 Degree","+ 91  22 25326686","Valmiki, Thane East, Thane - 400603, Mithbander road"
"travel angent","+ 91  22 7303034597","surve no 203, turbhe, Turbhe MIDC, Mumbai - 400705"
"Travel Kare India","+ 91  22 28987977","9 A, Second Floor, Thakkar Shopping Mall, S V Road, Borivali West, Mumbai - 400092, Opposite Railway Station"
"Travel Solutionz","+ 91  22 65214545","4, Suyog Mandir Apartment, Ram Mandir Road, Borivali West, Mumbai - 400092, Babhai Naka"
"Travel Earth","+ 91  22 23401618","Shop No 87, E M Road, Mohammed Ali Road, Masjid, Mumbai - 400003, Near Nagori Milk Centre"
"Travel Buddy","+ 91  9004306562","Shreeji Shopping Arcade, M.G Road, Borivali East, Mumbai - 400066, Sanjog Hotel"
"Travel Lounge","+ 91  22 69805465","Bhat Bazar-Masjid, Mumbai - 400003"
"Travel Wide","+ 91  22 22962552","173 Shop No 4 Grnd Flr, Zakaria Masjid Street, Chinch Bandar, Mumbai - 400009, Musjid Station"
"Travel Star","+ 91  22 23422653","3rd Flr Nagdevi Commerce Chambers, 44/46 Nagdevi Cross Lane, Masjid, Mumbai - 400003"
"Travel Bagz.in","+ 91  9833094601","Wasya Mahal Building, Khetwadi Back Road, Grant Road, Mumbai - 400007, Opp-Hollywood Optician"
"Travel Gallery","+ 91  9987868592","21 Futnani Chamber 86, Dontad Street 2nd Floor, Masjid, Mumbai - 400003"
"Travel N Vision","+ 91  22 28904193","Sardar Smriti, Borivali West, Mumbai - 400092, Chamunda Circle"
"Travel Port Tours & Travels (C...","","Flat No 1, Ground Floor, Plot No 783,785, Bhavesh Co Operative Housing Society, Nerul, Navi Mumbai - 400706"
"Travel Market","+ 91  22 22062906","303, Bharat House, 545, Kalbadevi Road, Kalbadevi, Mumbai - 400002, Near Metro Circle"
"Travel Shoppe H O","+ 91  22 40162020","E-2 SAI Dham, Borivali West, Mumbai - 400091, SAI Baba Ngr"
"Travel Shoppe Pvt Ltd","+ 91  22 23090343","Office No 16 Hansraj Damodar Building Keneddy Bridge, Opera House, Mumbai - 400004, Above Shetty Motors"
"Travel Club Luggage","+ 91  9820027726","278, Abdul Rehman Street, Masjid, Mumbai - 400003, Near Crawford Market"
"Travel Tips","+ 91  22 2570485","301 A, Indradhanu Palace, Thane West, Thane - 400601, Behind T M C School No 7, Uthalkar"
"Travel Shop","","Shop No 33, Krishna Kamal, Nerul, Navi Mumbai - 400706, Sec 21"
"TRAVEL WIZARD","+ 91  9004226644","Shop No-S-42, Zoom Plaza, Borivali West, Mumbai - 400092"
"Travel Era","+ 91  22 22018930","Chootalal Bhavan,Office No 49,2nd Floor, Kalbadevi Road, Kalbadevi, Mumbai - 400002"
"Travel Park","+ 91  22 28695515","Shop No 4, Plot No 50, Gorai Disha, Gorai 2,, Borivali West, Mumbai - 400091, Near Green Channel Restaurant"
"Travel Point Service","+ 91  9892211529","Shop No 5, B Wing, Badri Kedar Building, Vidyasagar Chs, Sector 40, Seawoods, Navi Mumbai - 400706, Seawood West"
"Travels Hub","+ 91  7506096061","Shop No B/11, Shiv Aradhana Apart, Ashokvan, Borivali East, Mumbai - 400066, Opposite Saurashtra Patel Bhavan"
"Travel Quest Pvt Ltd","+ 91  22 22693701","Crawford Market, Mumbai - 400001"
"Travel Angel","+ 91  9168177429","Seawoods, Navi Mumbai - 400706"
"Travel and Discover","+ 91  22 22654599","Ashoka Shopping Centre, Shop no.25, 2nd floor, L.T Marg, Crawford Market, Mumbai - 400001, Next to G.T hospital"
"Travel Earth","+ 91  9594930924","7,Ashoka Shopping Center,1st Floor, L T Road, Fort, Mumbai - 400001"
"Travel Plus","+ 91  22 22622020","223, 1st Flr, Ashoka Shpg Ctr, L T Marg, Fort, Mumbai - 400001"
"Travels","+ 91  9892797852","205, Sai Shraddha Co-Operative Housing Society, Veer Savarkar Nagar, Thane West, Thane - 400606, Near Dyanodaya School"
"Travel Horizon","+ 91  9320060317","Shree Krupa Building, L T Road, Borivali West, Mumbai - 400092"
"Travel Sensation","28069984","9 A-1 Eltee App Saibaba Nagar, Borivali West, Mumbai - 400092"
"Travel World","+ 91  22 23685557","252 Krishna Bhawan, Walkeshwar Road, Malabar Hill, Mumbai - 400006, Near Raj Bhavan"
"Travel Club International","+ 91  22 22704105","27, Mulji Laxmidas, 1/3, Mint Road, Fort, Mumbai - 400001, Opposite G P O"
"Travels Musketeers","+ 91  9323603299","B 305, Exotica IC Colony, Borivali West, Mumbai - 400103, 206 Last Bus Stop"
"Travel Explore","+ 91  9867864072","5 new marine, New Marine Lines-Churchgate, Mumbai - 400020, near bombay hospital"
"Travel Concepts","+ 91  22 22690270","207 Janmabhoomi Chambers, Walchand Hirachand Marg, Fort, Mumbai - 400001"
"Travel Consultancy Services","+ 91  22 22659733","Building No 11/13 1st Floor, M K Amin Marg, King Lane, Fort, Mumbai - 400001, Off Bora Bazaar Street"
"Travel Seva","+ 91  22 23605555","A-21, Lake City Mall, Kapurbawdi Circle Road, Kapurbawdi-Thane West, Thane - 400607, Next To McDonalds"
"Travels & Shipping PVT LTD","+ 91  22 22616108","Darabshaw House, N M Road, Ballard Estate, Mumbai - 400001"
"Travel Simple","","Srinath, Yashwant Tawde, Dahisar, Mumbai - 400068, Dahisar (West)"
"TRAVEL ZONE","+ 91  22 32227251","14 Z , Fazal Manzil,, Jiwaji Lane,, Fort, Mumbai - 400001, Near Central Camera"
"Travel And More","+ 91  9819942202","G-3,Narmada Rekha Apartment,Shiv-Vallabh Road,Deshmukh Residency, Dahisar, Mumbai - 400068"
"The Travel Consultant","+ 91  22 30022184","1st Floor, Ganga Niwas Building, 12/14 Mody Street, Fort, Mumbai - 400001, Opp V T Station"
"Travel Station","+ 91  9819147171","Shop No 5 Narrottam Society, Shankar Mandir Road, Mumbra, Thane - 400612, Opposite Shankar Mandir"
"Travel Corner","+ 91  22 22672533","56, Ultimate Business Centre, Mahatma Gandhi Road, Fountain, Mumbai - 400001, Opp Mumbai University"
"Travel Guru Mumbai","+ 91  9757106071","Flat No 404, 4Th Floor Moreshwar CHS Ltd,, Rawal Pada,, Dahisar, Mumbai - 400068, Dahisar East"
"Travel India Bureau Pvt Ltd","","7 Arcadia, Nariman Point, Mumbai - 400021"
"Travel Express","+ 91  22 67216136","Mahavir Landmark Building, Kharghar, Navi Mumbai - 410210, Next To Royal Tulip Hotel, Sector 7"
"Travel Express","+ 91  8450926626","ashiyana, Mira Bhayandar Road, Mira Road, Thane - 401107, Mira Road Railway Station"
"Travels","+ 91  8108257257","Trivedi complex, Church road, Mira Road, Thane - 401107, S K stone"
"Travel Buddy","+ 91  22 25316547","Shop No 14, Silver Link Building, ghodbunder Road, Hiranandani Estate-Thane West, Thane - 400607, near natural ice cream"
"Travel Store","+ 91  22 65667668","Shop No.1, Asmita Meghna, Station Road, Mira Road, Thane - 401107, Near Asmita Club"
"Travel World","+ 91  9768124464","B 305/306,Om silver paradise, Mira Bhayandar Road, Mira Road, Thane - 401107, nr sunder darshan soc,opp jay vijay ngr,"
"Travel Monster","+ 91  9769123398","Shop No 9/104, Vijay Park, Godbunder Road, Kasarvadavali, Thane - 400615, Opposite Hyper City"
"Travel Zone","+ 91  22 65214667","D/302 Komal Park Co Op Housing Society, Mira Road, Thane - 401107, Near To Cinemax Theater"
"TRAVEL ALL IN","+ 91  8898071625","Shop no 17,sai sneha complex, Ramdev park, Mira Road, Thane - 401107, Opp UCO BANK ATM"
"Travel Fish Holidays","+ 91  8828203100","Shop No 5, Building No 51, Reaver Wood Park, Kalyan Shill Road, Manpada, Thane - 421204"
"Travel Smart","+ 91  9768166536","Shop No 1, Janki Residency, 90 Feet Road, Bhayandar West, Thane - 401101, Near S L Porwal High School"
"Travel House","+ 91  9967433610","G-3,Kailas Darshan, Phatak Road, Bhayandar West, Thane - 401101, Geeta Nagar"
"Travel All In","+ 91  22 32084296","Shop No 4 Ram krishna, Indralok phase 2, Bhayandar East, Thane - 401105, Next to Vishwakarma trust"
"TRAVEL WITH GURU","+ 91  22 28140604","Shop No 6, Walchand Shopping Centre, Station Road, Bhayandar West, Thane - 401101, Near Mahanagarpalika"
"Travel Funda","+ 91  9324263727","Durga Residency, Shop No.103, 1st Floor,C-Wing, Indralok, Deepak Hospital Road, Bhayandar East, Thane - 401105"
"Travel Links","+ 91  22 27222491","194/B, Indira Chowk, Rajpal Naka, Uran, Navi Mumbai - 400702"
"The Travel Bug","+ 91  22 28047150","D/208, Bhaidaya Nagar, Navghar Road, Bhayandar East, Thane - 401105, Opposite Mother Mary Junior Collage"
"Travels Point","+ 91  251 2480486","2/29, Ulhas Niwas, Kopar Road, Dombivli West, Thane - 421202, Near Santoshi Mata Temple, Opposite Apurva Hospital"
"Travel solution","+ 91  9870579915","Thane - 421201"
"Travel Wise","+ 91  9820981699","Shop no 7, Hare Krishna Co-operative Society, Manpada Road, Dombivli East, Thane - 421201, Near Pandurang Vidyalaya"
"Travel Plaza","+ 91  251 2470244","Shop No 9 & 10, Sonal Palace Co Operative Housing Society, Phadke Road, Dombivli East, Thane - 421201, Near Modern Cafe, Agarkar Road Junction"
"Travel Port","+ 91  22 65165485","First Floor, Seven City Avenue, Panvel City, Navi Mumbai - 410206, Sector 1 S, Panvel, Navi Mumbai"
"Travel Magix","+ 91  9930682451","3 Novnath Apartment, Pune Link Road, Kalyan East, Thane - 421306, Near Samrat Ashok School, Tisgaon Pada"
"TRAVEL ZONE","+ 91  9527762954","Shop No7, Everest Heights, Behind Broadway Theater (Carnival Cinema), Thane - 401208, Mc Donalds"
"Travel World","+ 91  9270345617","Dreamland Building, Vasai - 401208, Near Manickpur Petrol Pump"
"Travel World","+ 91  9270345617","1st Floor Dreamland Building, Vasai Road West, Thane - 401202, Near Manikpur Petrol Pump"
"Travel HUB","+ 91  9322128292","Shop No 2, New Sima Apartment, Vasai West, Thane - 401201, Opp Gokul Park, Samta Nagar"
"Travel King Services","+ 91  250 2309978","106, Tasneem Shopping Centre,Bazar Peth, Bala Sawant Lane, Vasai Road West, Thane - 401202, Parnaka"
"Travel & More","+ 91  9766325467","Travel & More, Manickpur, Vasai - 401202, Kumbharwada"
"Travel Port","","7, City Avenue, S3ec-1,(S), New Panvel., New Panvel, Navi Mumbai - 410206"
"Travel Zone","+ 91  250 3299079","Office No 6, Sai Ashish Tower, Evershine City-vasai East, Thane - 401208, Near Mc Donalds, Opposite Catholic Syrian Bank"
"Travel By Rakesh - Tours & Tra...","+ 91  9967480820","Shop No. B003, Swastik Park, Nalasopara East, Thane - 401209, Near MIcro Chemist, Oswal Nagri"
"Travel World","+ 91  251 2625832","Near Sleek Kitchen Showroom, Katrap - Station Road, Badlapur, Thane - 421503, Near HDFC Bank,"
"travel express","+ 91  9156492632","101 manglam apt, station road, Nalasopara East, Thane - 401209, opp railway stn"
"TRAVELS ZONE","+ 91  250 6515299","SHOP NO 21 , PRATHMESH PLAZA, AGASHI ROAD, Gokul Township Virar West, Thane - 401303, NEAR AXIX BANK"
"Travel Diaries India","+ 91  9619613915","Thane - 401601"
"Travel Point Pune Special","+ 91  9892596191",""
"Travel Hindustan.com","+ 91  9819310565",""
"Travel Inn","+ 91  9320112345",""
"Travel Expert","+ 91  9920990075",""
"Travel Desk In Hotel","+ 91  9870040847",""
"Travel Guru","+ 91  22 65056038",""
"Travel Care","+ 91  22 25606747",""
"Travel All Ways","",""
"travel safe","",""
"Travel Treasure Hospitality Pv...","","B 8/2 Usha Villa, Ghatkopar East, Mumbai , Garodia Nagar"
"Travel Links","+ 91  22 25577952",""
