"Name","Phone","Address"

"International Immigration Serv...","+ 91  9316461300","Level-2, Above Spyker,, Old Radha Swami Satsang Bhawan,, Hoshiarpur - 146001, Roshan Road,"
"International Immigration Serv...","+ 91  9815601300","Above Lakme Salon, Opp. City Centre, Roshan Road, Hoshiarpur - 146001"
"International Tractors Ltd (He...","+ 91  1882 302220","Jalandhar Road, Piplanwala, Hoshiarpur - 146022, Village Chak Gujran"
"International Tractors Limited","+ 91  1882 302220","Hoshiarpur - 146001"
"International Teak & Plywood E...","+ 91  1882 329686","Jalandhar Road, Hoshiarpur - 146001"
"International Engg","+ 91  1882 249678","Hoshiarpur - 146001, Nr Mahaveer Spining Well"
"International Engineers","+ 91  1882 248487","D-13, Focal Point, Phagwara Road, Hoshiarpur - 146001"
"Orane International Pvt Ltd","+ 91  1882 500882","Shop Number 1&2 First Floor City Centre, Hoshiarpur - 146001"
"HM International","+ 91  1882 505252","Near Govt College Chowk, Hoshiarpur - 146001, Op. Easy Day"
"Humpal Travel And Immigrati...","+ 91  1884 250073","Main Bazar, Phagwara Road, Kotfathui, Hoshiarpur - 144519, Opposite Cooperative Bank"
"G R D International Institu...","+ 91  1886 226707","Jaja Chowk Tanda Urmar Tehsil Dasuya, Urmar, Hoshiarpur - 144204"
"Gaurav Taxi Services","+ 91  1886 226049","Jaja Bye Pass Chowk, Tanda, Hoshiarpur - 144204, Near Bye Pass Opposite State Bank Of India"
"Blue Dart Express Ltd","+ 91  1882 520494","Shop No-177 R, Roshan Road, Model Town, Hoshiarpur - 146001, Roshan Ground"
"BSNL Customer Service Centers","+ 91  1882 220103","Main Telephone Exchange Building, Naloyan Chowk, Hoshiarpur - 146001"
"Sonalika International","+ 91  1882 302222","Jalandhar Road, Hoshiarpur - 146001"
"Mahindra & Mahindra Financial ...","18002335678","2nd Floor Krishna Towers, Sutehri Road, HOSHIARPUR - 146001, Opposite Government College"
"TCI XPS Courier Service","+ 91  9417433051","Veer Market, Near Tanda Bye Pass Chowk, Bus Stand, Hoshiarpur - 146001"
"Kings Gift Shoppe","+ 91  1882 503992","Sutheri Road, Hoshiarpur - 146001, Near Govt College"
"Service Point","","Ds 470, Mall Road, Hoshiarpur - 146001, Opposite Income Tax Office"
"Gems Cambridge International S...","+ 91  9779889306","Hoshiarpur - 146001"
"BSNL Customer Service Centers","+ 91  1883 289200","Main Telephone Exchange Building,, Dasuya, Hoshiarpur - 144205"
"Manjit Gas Service","+ 91  1884 281360","G T Rd, Garhshanker, Hoshiarpur - 144527, Nr Dana Mandi"
"Flyking Courier Services","+ 91  1882 222065","Thakur Agencies, Kotwali Bazar, Railway Road, Hoshiarpur - 146001"
"Healthyway Immigration Consult...","+ 91  1882 326234","2nd Floors,, Above Aggarwal Clinic,, Hoshiarpur - 146001, Opp Water Tank, Committee Bazar,"
"Cambridge International School","+ 91  1883 502108","Hazipur Road, Hoshiarpur - 144205, Dasuya"
"Guru Nanak Mission Internation...","+ 91  9815891654","Nawagara-Kulpur Distt., Shaheed Bhagat Singh Nagar,, Garhshanker, Hoshiarpur - 144527"
"Adesh International School","+ 91  1882 294333","Hoshiarpur - 146001"
"Hoshiarpur Gas Service","+ 91  1882 308476","Hoshiarpur - 146001, Near Parbhat Chowk"
"Bhella Gas Service","+ 91  1886 251320","Urmar Tanda, Hoshiarpur - 144204"
"Bhagat Immigration And Educati...","+ 91  1882 500013","S.No 2, Prishad Market, Hoshiarpur - 146001, Session Chowk"
"Chauhan Gas Service","+ 91  1882 252433","Model Town Bypass, Hoshiarpur - 146001"
"Mukerian Gas Service","+ 91  1882 244339","Chichian Road, Mukerian,, Hoshiarpur - 146001"
"Jct Gas Service","+ 91  1882 657284","Jct Complex, Chohal,, Hoshiarpur - 146001"
"Narang Fiscal & Investment Ser...","+ 91  9876166490","Narang House, Sutehri Road, Hoshiarpur - 146001"
"Gaurav Gas Service","+ 91  1882 241947","Near Old Fatehgarh Chungi,, Hoshiarpur, Hoshiarpur - 146001"
"UAE Exchange & Financial Servi...","+ 91  1882 500558","B 19/220, Ground Floor, Sharma Building, Near Vajara Station Canteen, Sutheri Road, HOSHIARPUR - 146001"
"Computer Age Management Servic...","+ 91  1882 321081","Hoshiarpur - 146001, Nr Archies Gallary, Shimla Pahari Chowk"
"Big TV DTH Services Hoshiarpur","18002009001","Jalandar Ghantaghar Rd,Jalandhar Rd, Hoshiarpur - 146001, Mohalla Bassi Khuaja,Opp Khalsa Cloth House"
"Chauhan Gas Service","+ 91  1882 256562","Model Town Bypass,, Hoshiarpur, Hoshiarpur - 146001"
"Seabird Education & Immigratio...","+ 91  9915155111","Govt. College Road, Hoshiarpur - 146001, Near Parbhat Chowk"
"Surjit Gas Service","+ 91  1882 250125","Kailash Market, Bye Pass, Tanda Road, HOSHIARPUR - 146001, Bye Pass, Tanda Road"
"Patial Gas Service","+ 91  1882 223692","Shop No. 34,, Zila Parishad Shopping Complex, HOSHIARPUR - 146001, Zila Parishad Shopping Complex"
"Bajran Gas Service","+ 91  1884 500547","Chandigarh Road, Mahilpur, Hoshiarpur - 146105"
"Victoria International School","+ 91  1883 210770","G.t Road Mukerian, Talwara Township, Hoshiarpur - 144216, Near Talwandi"
"Satnam Gas Service","+ 91  1883 236128","Talwara Township, Hoshiarpur - 144216"
"Madhur Courier Services","+ 91  1883 236578","Main Market,, Talwara Township, Hoshiarpur - 144216, Near Obc Bank,"
"Sukhman Immigration & Educati...","+ 91  1883 244113","Nushara Road, Mukerian, Hoshiarpur - 144211, Guru Nanak Market, Opposite BSNL Exchange, Behind Bus Stand"
"Youth Services Club","+ 91  1882 239323","1, Lata Kunj, Hoshiarpur - 146001, New Naloyian Colony"
"Grewals Services","+ 91  9888109499","Sutheri Road Near Maharaja Hotel, Hoshiarpur - 146001"
"M/S. International Tractors Li...","+ 91  1882 302424","Jalandhar Road, Hoshiarpur - 146001, Gujaran Chowk"
"Police Gas Service","+ 91  1882 247509","Hoshiarpur - 146001, Police Line"
"Data Tech Investment Services","+ 91  1882 326444","Near Maharaja Palace, Sutehri Road, Hoshiarpur - 146001"
"Computer Age Management Servic...","+ 91  1882 650104","Shimla Pahari Chowk,, Hoshiarpur - 146001, Near Archies Gallery,"
"Classic Investment Service","+ 91  1882 225901","Arya Samaj Road, Hoshiarpur, Hoshiarpur - 146001"
"Indiabulls Financial Services ...","+ 91  1882 504506","2, 3rd Floor, The Mall Building, Suthehri Road R, Hoshiarpur - 146001"
"Pall Agro Services","+ 91  9988019883","6/1 new grain market, Hoshiarpur - 146001"
"Walia Light & Sound Service","+ 91  9041650411","Hoshiarpur - 146001, Near Shiv Mandir, Kacha Dauba, Near Mata Tara Devi Mandir"
"Reliance Manpower Services","+ 91  1882 222624","Sood And SUD Building, Ground Floor, Court Road, Hoshiarpur - 146001"
"HIS CONSULTANCY SERVICES","+ 91  1882 222477","HIS CONSULTANCY, COURT ROAD, Hoshiarpur - 146001, OPP. DISTRICT COURT"
"XPS Cargo Services","+ 91  1882 254850","6, Veer Market, Near Tanda Bye Pass Chowk, Bus Sta, Hoshiarpur - 146001"
"Pushp Auto Service Centre","","Chohal Chitpurni Road, Hoshiarpur - 146001, Nh- 70,"
"Pal Agro Services","+ 91  9317796477","6/1, New Grain Market, Hoshiarpur - 146001, opp punjab sind bank"
"Mishra Enterprises","+ 91  1882 244242","Premnath Building , 1st Floor, Hoshiarpur - 146001, Medicine Market"
"Health Way Immigration Comopany","+ 91  9988011536","2nd Floor, Parkash Tower, Phagwara Road,, Hoshiarpur - 146001"
"Noor Ace Service","+ 91  9465837036","Vill. Piyala, Hoshiarpur - 146001, Near Nusrala"
"Gaurav Gas Service","+ 91  1882 241946","Near Old Fatehgarh Chungi,, Hoshiarpur - 146001"
"KRISHNA CONSULTANCY SERVICES","+ 91  1882 502175","#3, GUR MANDI, OPP. POST OFFICE, Hoshiarpur - 146001, NEAR ICICI BANK ATM"
"Bittu International","+ 91  1882 243829","Madhav Tower, Court Road, Hoshiarpur - 146001"
"Surinder Service Station","+ 91  1882 274253","Bhogpur, Tanda,, Hoshiarpur - 146001"
"J C T Gas Service","+ 91  1882 308476","Bharbai Road, Hoshiarpur - 146001"
"Yash Transport Service","+ 91  1882 503975","587 Pgw Road, Hoshiarpur - 146001"
"car driver on daily rent service","+ 91  9254589518","80, bus stand, Hoshiarpur - 146001, busstand"
"Sukhmani Travels Service","+ 91  9815106238","Hoshiarpur - 146001"
"I Care Pest Control & Water Pr...","+ 91  9988000446","Hoshiarpur - 146001"
"Gagan Immigration & Educationa...","+ 91  1882 245937","Guru Gobind Singh Nagar Behind New Sabzi Mandi Phagwara Road, Hoshiarpur - 146001"
"American Travel Service","+ 91  1882 503377","Court Road, Hoshiarpur - 146001, Near Axis Bank"
"Vishwas International","+ 91  1882 500044","Sutehri Road, Hoshiarpur - 146001, Opp. Ramgarhia Market"
"KAPOOR AUTO SERVICE","+ 91  8699562636","Main bazaar, SUTHERI road, Hoshiarpur - 146001, Near Prabhat Chowk"
"Golra Cooperative Multipurpose...","+ 91  9915438489","2, Main Road, Hoshiarpur - 146001, KDM Hospital"
"Victor Immigration & Study Abroad","+ 91  1882 500336","SCO 18F, City Centre, Model Town, Hoshiarpur - 146001, Near Bus Stand"
"Vicky Auto Service","+ 91  9888972172","Hoshiarpur - 146001, Shimla Pahari Chowk"
"Sunny Immigration Consultant","+ 91  1882 220058","Court Road, Hoshiarpur - 146001, Near Mahalpur Adda"
"Vicka and Ajay Taxi Services","+ 91  1882 284026","Roshan Road, Model Town, Hoshiarpur - 146001, Opp. Udham Park"
"Parmar Car Bazar & Taxi services","+ 91  1882 276811","Roshan Ground Road, Hoshiarpur - 146001, Near Goel Hospital, Car Bazar,Bus Stand, Uddam Singh Park"
"Madan Tyre Service","+ 91  9815727210","Panesar Cottage, Hoshiarpur - 146001, Session Chowk"
"Sun Art Service","+ 91  8284063766","Hira Market, Hoshiarpur - 146001, Opposite Aggarwal Marble"
"Chand Art Service","+ 91  1882 500234","Shop No: 33, Hoshiarpur - 146001, M C Market, Opp Capital Bank, Bus Stand Road"
"HDB Financial Services","","City Center, Sutehri Road, Model Town, Hoshiarpur - 146001, Opposite Maharaja Palace Hotel"
"Supreme Education Services","+ 91  8699513314","Krishna Tower, Govt. college Road, Hoshiarpur - 146001"
"Krishna Gift Centre & Water Pu...","+ 91  1882 256770","Govt. College Chowk, Hoshiarpur - 146001"
"Daljit Mahindra Service","+ 91  9915237248","Hoshiarpur - 146001, Vlg- Talbandi Rayian, Shamchurasi"
"Rana Engineering Work","+ 91  1882 252589","House No-520, Street No-3, Hoshiarpur - 146001, Subhash Nagar, Near Guru Nanak Medicos"
"Oxford Travel & Educational Se...","+ 91  1882 503502","339,, Basant Vihar,, Hoshiarpur - 146001, Opp Mini Sectariate,"
"Power Tech Service","+ 91  9041553304","Hoshiarpur - 146001, Premgarh, Nr Mata Rani Chowk"
"Silver Oak International Senio...","+ 91  1882 222123","Hoshiarpur - 146001, Shabazpur, Tanda,"
"V-International","+ 91  9463119264","Gaushala Bazar, Hoshiarpur - 146001, Near PNB Bank"
"Harman Travel Consultants Service","+ 91  9317708927","Laxmi Cinema Market,, Near Punjab State Lottery,, Hoshiarpur - 146001, Opp Bus Stand,"
"Param Travel & Export Service ...","+ 91  1882 230640","Hoshiarpur - 146001"
"Shivalik Service Station","+ 91  1882 248155","Garhshankar Road,Mahilpur, Hoshiarpur - 146001"
"Decent Financial Services (Regd)","+ 91  1882 243043","Sutehri Road, Hoshiarpur,, Hoshiarpur - 146001"
"Aadesh International School","+ 91  9501750088","Lakhinder (Miani),, Distt. Hoshiarpur,, Hoshiarpur - 146001"
"Rohit Chocolate Service","+ 91  1882 231810","Hoshiarpur - 146001, Pind Dhatta, Post Off Hussainpur Lalowal"
"Elken International Bio Pure KEN","+ 91  9876530390","Village Alampur, HOSHIARPUR - 146001"
"Mutti International Exports","+ 91  1882 8020924","Hazipur, P.o. Box, Shakot, Punjab, Hoshiarpur - 146001, P.o. Box, Shakot,"
"Minaar Immigration Consultants...","+ 91  9815389911","S No-3, Hoshiarpur - 146001, Nr Modi Nursing Home, Ramgarhia Chowk"
"Fairways Travel Service","+ 91  1882 222609","Court Road, Hoshiarpur - 146001"
"Jassy Service Centre","+ 91  9357256904","Parbath Chowk, Jalandhar Rd, Hoshiarpur - 146001, Opp Dhami Dharam Kanda"
"Euro Asia Educational Services","+ 91  1882 520177","235/8-A, Hoshiarpur - 146001, Nr Bhalla Store,Nr Clock Tower,Jagatpura"
"Singh Mobile Service","+ 91  1882 241370","Sutheri Road, Hoshiarpur - 146001"
"Amit Visa Service","+ 91  9417398897","Hoshiarpur - 146001, Post Office Garhdi Wali"
"Coco Gas Service","+ 91  1882 260876","Hoshiarpur - 146001, LPG Bottling Plant"
"Paramount International","+ 91  1882 534587","Sco 43 Back Side, Roshan Ground, Hoshiarpur - 146001"
"Preet Electrical Services","+ 91  9988201374","Street No-8, HOSHIARPUR - 146001, Kirti Nagar"
"Singh Light Sound Service","+ 91  9815753245","House No.413, Street No.13 Bishamber Nagar, Hoshiarpur - 146001"
"Gagan Telecom Services","+ 91  1882 250261","Shop No.16,, Jalandhar Road, Prabhat Chowk, Hoshiarpur - 146001"
"New Dashmesh Tyre Services","+ 91  9815263863","Naural Rd, Hoshiarpur - 146001"
"United Educational Services","+ 91  1882 503588","Near Goyal Hospital, Hoshiarpur - 146001"
"Trivedi Overseas Education Ser...","+ 91  1882 243817","Shimla Pahari Chowk, Una Road, Hoshiarpur - 146001"
"Khepor Motor Transport Service","+ 91  1882 249813","Shop No. 55, New Sabzi Mandi, Hoshiarpur - 146001"
"Dev Auto Service","+ 91  9417175474","Hoshiarpur - 146001, Near Fatehgarh Chowk"
"Kuldeep Services","+ 91  1882 229002","Shop no.5, Hoshiarpur - 146001, Chandigarh Road"
"Doaba Financial Services","+ 91  7837331032","Bus Stand Road, Hoshiarpur - 146001"
"Electromec Refrigeration & Air...","+ 91  9464012424","701, Phagwara Road, Hoshiarpur - 146001, Near Bank Of Maharashtra"
"Krishan Auto service","+ 91  9417149888","Hoshiarpur - 146001, Near Jassa Singh Ramgsrhia Chowk"
"Bhambra service station","+ 91  9878671061","Jalandhar Road, Hoshiarpur - 146001"
"Parmar Fertilizer Service","+ 91  9876770614","2, Main Road, Hoshiarpur - 146001, ESIC Hospital"
"IFFCO Farmer Service Centre","+ 91  9501600862","2, Mandir Ke Pas, Hoshiarpur - 146001, ESIC Hospital"
"Surjit Gas Service","+ 91  1882 252139","Hoshiarpur - 146001"
"Apaqua service","+ 91  8437070008","Scf 11,, hospiarpur enclave, dasuya rd, Hoshiarpur - 146001, nr mount carmel school"
"Apaqua service","+ 91  8437070008","Scf 11,, hospiarpur enclave, dasuya rd, Hoshiarpur - 146001, nr mount carmel school"
"Rinku Mahi Catering Services &...","+ 91  9876779480","Kakkon Adda, Hoshiarpur - 146001, Near Mount Carmel School"
"WD Immigration Consultants","+ 91  1882 258135","Opposite SD city School, Chintpurni Road, Adamwal, Hoshiarpur - 146001"
"Happy Auto Service","+ 91  9779137445","Fategarh Rd, Hoshiarpur - 146001, Rahimpur"
"Malik Legal Services","+ 91  9814764834","Hoshiarpur - 146001, District Court, Near Mall Pul Adda"
"Green Immigration Consultants","+ 91  1882 502582","1st floor, Sangeeta Tower, Phagwara Road, Hoshiarpur - 146001, Near Essy Day"
"All Solution Courier Service","9041516536","Hoshiarpur - 146001"
"Mattoo DJ Hind Sound Service","+ 91  1882 509789","Clock Tower, Hoshiarpur - 146001"
"Saini Ambulance Service","+ 91  9876735048","Plot Number 1916, Street Number 2, Hoshiarpur - 146001, Shakti Nagar, Bahadur pura Near Childer Hospital"
"Anand International","+ 91  9465149922","199/A, Street Number-21, Hoshiarpur - 146001, Kamalpur"
"Bombay Bag International Store","+ 91  1882 520134","Afgan Road, Hoshiarpur - 146001, Near Obc Bank"
"Ajay Tour & Travel Service","+ 91  9815806939","Roshan Road, Hoshiarpur - 146001, Near Bus Stand"
"Malhotra Foreign Travel Consul...","+ 91  9417517887","Bajwara Rd, Hoshiarpur - 146001, Nr Radha Swami Satsang Bhawan,Bains Clny"
"Bittu auto service","+ 91  9781428378","Shop no 3, Una road, Kharkan Camp, Hoshiarpur - 146110, Near BSF camp"
"Shivalik Service Station","+ 91  9878264077","Village Charanpur Road, Chhabewal, Hoshiarpur - 146102"
"Saini International Travel","","G T R, Hoshiarpur - 146001, Adda Baghpur,Dausa"
"Deep International","+ 91  9876937624","Hariana, Hoshiarpur - 144208, Near Bus Stand,Mahant Market"
"Bharat Tempo Service","+ 91  9872151705","Bulowal Tanda Road, Bulhowal, Hoshiarpur - 146113, Near Bus Stand"
"ICARE PEST CONTROL SERVICE","+ 91  9988000446","12, 1, Khanpur, Hoshiarpur - 146114, Khanpuri Gate"
"Hindustan Petroleum Corporatio...","+ 91  1882 260875","HPCL, Hoshiarpur LPG Ro, Hoshiarpur - 144105"
"Royal Auto Service","+ 91  9815401014","HPCL Petrol Pump Vpo Jaitpur, Hoshiarpur Chandigarh Road, Bombeli, Hoshiarpur - 146101, 18 Km Away From Hoshiarpur Chandigarh"
"Sooch Service Centre","+ 91  9815095080","Kaluwar Road Punjab, Kaluwahar, Hoshiarpur - 146115"
"Goodwill Rescue & Healthcare S...","+ 91  8283840777","# 327, Near Session Court, Fatehgarh, Hoshiarpur - 146022, New Fatehgarh"
"JAGJIT DIGITAL STUDIO & VIDEO ...","+ 91  9814470721","WARD NO 1, Phagwara ROAD, Mahilpur, Hoshiarpur - 146105, Near BHURI MATA MANDIR"
"Chawla Courier Service","+ 91  9872671813","Chawla Readymade House, Phagwara Rd, Mahilpur, Hoshiarpur - 146105"
"UAE Exchange & Financial Servi...","+ 91  1882 502124","Ground Floor, Old Bus Stand, Near Capital Local Area Bank, Mahilpur, HOSHIARPUR - 146105"
"Public Electronic Service Centre","+ 91  9417584251","Garhshankar Rd, Mahilpur, Hoshiarpur - 146105, Nr Bajrang Gas Agency"
"I SMART EDUCATIONAL SERVICES","+ 91  7087950151","1st floor, CHD ROAD DHARAM TOWER, Mahilpur, Hoshiarpur - 146105, NEAR BANK OF INDIA"
"PANDIT AUTO SERVICE","+ 91  9465982328","Main bazaar, JAIJON road, Mahilpur, Hoshiarpur - 146105, OPP PUNJ HONDA AGENCY"
"Ladoo Halwai & Catering Services","+ 91  9876318807","Vpo- Nadalon, Nadalon, HOSHIARPUR - 144404"
"Sandhu Gas Service","+ 91  1886 260786","G T Road, Gardhiwala, Hoshiarpur - 144207"
"Sandhu Gas Service","+ 91  1886 260800","Tanda Road, Gardiwala,, Gardhiwala, Hoshiarpur - 144207"
"Atwal Telecom Service","+ 91  9855063178","Kokla Mkt, Gardhiwala, HOSHIARPUR - 144207, Near Neeraj Fashion Hut"
"Shree Shyam Baba Service Station","+ 91  9815161188","Phagwara Jandiala Road Darvesh, Jandiala, Hoshiarpur - 146109"
"Lucky Catering Services","+ 91  9781513687","Tanda, Hoshiarpur - 144203"
"Urmur Tanda Gas Service","+ 91  1886 223251","Darapur, Urmur Tanda, Urmur Tanda, Tanda Urmar Punjab, Urmar Tanda - 144204"
"Modern Service Station","+ 91  9216521075","Chandigarh Road, Saila Khurd, Hoshiarpur - 144529"
"Jaswant Auto Service","+ 91  9417919912","Jalandhar Rd, Tanda, Hoshiarpur - 144204"
"Tanda Imigration & Education S...","+ 91  9815785661","Tanda, Hoshiarpur - 144204, Nr. Bus Stand"
"JAI MAA Chintpurni Financial S...","+ 91  9781700418","Nr Old Bus Stand Railway Chawk, Tanda, HOSHIARPUR - 144204, Tanda"
"Morgan Immigration Consultants","+ 91  9041532359","Opp Sbop, Tanda, HOSHIARPUR - 144204, Tanda"
"Duke International Acadmy","+ 91  1886 224468","Thana Chowk,, Tanda, HOSHIARPUR - 144204"
"Urmur Tanda Gas Service","+ 91  1886 222251","Darapur, Urmur Tanda,, Urmar Tanda, Hoshiarpur - 144204"
"Bindu tyre service","+ 91  9855045441","Shop no 41, JAIJON road, Rampur Jhanjowal, Hoshiarpur - 144530, Near main chowk"
"SAINI TYRE SERVICE AND HARDWAR...","+ 91  9463240102","Shop no 2, JAIJON road, Rampur Jhanjowal, Hoshiarpur - 144530, Near main chowk"
"Deepak Auto Service","+ 91  9914055779","Dasuya, Hoshiarpur - 144205, Cinema Chowk, Hajipur Chowk, Thalea Chowk"
"Guru Kirpa Catering Service","+ 91  9814584187","Talab Rd, Dasuya, Hoshiarpur - 144205"
"Naveen Auto Service","+ 91  9878715274","Hajipur Rd, Dasuya, Hoshiarpur - 144205, Nr Cinema Chowk"
"UAE Exchange & Financial Servi...","+ 91  1882 503640","Sco-1101/6, Talab Road, Opp. State Bank Of India, Dasuya, HOSHIARPUR - 144205"
"Bhutta Computer Services","+ 91  9417760808","Nangal Bihalan, Hoshiarpur - 144205"
"Bharat Mobile Service Center","+ 91  9781553140","Dasuya, Hoshiarpur - 144205, Hajipur Chowk,"
"Sonalika International Tractor...","+ 91  7087866786","Jalandhr Road, Hoshiarpur - 144202"
"Dasuya Gas Service","+ 91  1883 286409","Main Road,, Dasuya, Hoshiarpur - 144205"
"Sahi Agro Service","+ 91  1883 285594","Hazipur Road,, Dasuya, Hoshiarpur - 144205"
"Bhupinder Mobile Service Centre","+ 91  9855980160","Dasuya, Hoshiarpur - 144205, Hazipur Chowk"
"Bharata Mobile Service Centre","+ 91  9465580001","Dasuya, Hoshiarpur - 144205, Hazipur Chk"
"Dasuya Gas Service","+ 91  1883 286232","Dasuya, Hoshiarpur - 144205, Guru Nanak Nagar"
"Loading & Unloading Service","+ 91  9878839075","Pind Kathana Tahi, Dasuya, Hoshiarpur - 144205"
"Bhatti Computer Service","+ 91  9664244341","Maha MAI Market, Opp. Flyover Chowk, Dasuya, Hoshiarpur - 144205, Near Truck Union"
"Shaheed Joginder Singh Gas Ser...","+ 91  1882 246362","Near BSNL Office,, Miani Kalan, Hoshiarpur - 144202"
"Jagdambey International","+ 91  9888446184","BLUEDART EXPRESS PVT LTD, Talab Road, Dasuya, Hoshiarpur - 144205, Opposite Main Post Office"
"Jai Durga Computer Services","+ 91  9417684767","Naura, Nawanshahr - 144508, Balachaur , neal tehsil complex"
"KATARIA FOOD SERVICE","+ 91  9855287005","Shop no 5, HOSHIARPUR ROAD, Garhshanker, Hoshiarpur - 144527, OPP CIVIL COURT GARHSHANKER"
"JBl DJ Hi Fi & Sound Service","+ 91  9855894551","Nangal Rd., Garhshanker, Hoshiarpur - 144527, Khakh Market,"
"Superme Battery Service","+ 91  9814354758","Shop No. 5, Talwar Road, Opp. Truck U Nion, Mukerian, Hoshiarpur - 144211"
"Blaggan Capital Services","+ 91  9216589317","Opp Bus Stand, G T Road Mukerian, Mukerian, Hoshiarpur - 144211"
"Victoria International School","","Mukerian, Hoshiarpur - 144211, Near Talwandi Gram"
"Multani Telecom Services","+ 91  9357620201","Randhawa Colony, Opp. Randhawa Hospital, Mukerian, HOSHIARPUR - 144211, Mukerian"
"Uday Indane Service","+ 91  9815241047","Village Bhattian, Mukerian, Hoshiarpur - 144211"
"Dashmesh sound services","+ 91  9501930629","Railway road, Mukerian, Hoshiarpur - 144211"
"Bhatt Mobile Service","+ 91  9872764707","Talwara Rd, Mukerian, Hoshiarpur - 144211, Old Sabzi Mandi"
"Saheed Karam Singh Gas Service","+ 91  1883 233877","Bhangala, Hoshiarpur - 144306"
"dolphin courier service","+ 91  9855420405","flora market, shop no:-06, garhshanker road balachaur, Balachaur, Hoshiarpur - 144521, nawanshahr"
"Indian Government Online Services","+ 91  11 24363692",""
"Gurdeep Service Station","+ 91  1882 274089","Indian Oil Petrol Pump, Haripur, Chabbewal, Hoshiarpur - 146004"
