"Name","Phone","Address"

"Param Immigration Consultant P...","+ 91  1882 500800","Sutheri Road,, Hoshiarpur,, Hoshiarpur - 146001"
"Param Electronics","+ 91  9988843435","Jalandhar Road, Hoshiarpur - 146001, Opposite State Bank Of Patiala Piplanwala"
"Param Dyal Steel Industries","+ 91  1882 221786","Fatehgarh Road, Hoshiarpur - 146001, Near Session Chowk"
"Param Dayal Steel Industries","+ 91  1882 230324","Railway Road, Hoshiarpur - 146001"
"Param Travel & Export Service ...","+ 91  1882 230640","Hoshiarpur - 146001"
"Param Export Import Company","+ 91  1882 250580","Harian Bela Road Chabbewal Hoshiar Pur 146102 India, Hoshiarpur - 146102, Harian Bela Road Chabbewal Hoshiar Pur 146102 India"
"Humpal Travel And Immigrati...","+ 91  1884 250073","Main Bazar, Phagwara Road, Kotfathui, Hoshiarpur - 144519, Opposite Cooperative Bank"
"Seabird Education & Immigratio...","+ 91  9915155111","Govt. College Road, Hoshiarpur - 146001, Near Parbhat Chowk"
"Sunny Immigration Consultant","+ 91  1882 220058","Court Road, Hoshiarpur - 146001, Near Mahalpur Adda"
"Minaar Immigration Consultants...","+ 91  9815389911","S No-3, Hoshiarpur - 146001, Nr Modi Nursing Home, Ramgarhia Chowk"
"Rudra Education & Immigration ...","+ 91  1882 520082","Tanda Chowk,Bus Stand Road, Hoshiarpur - 146001, Near Rampa Auto"
"WD Immigration Consultants","+ 91  1882 258135","Opposite SD city School, Chintpurni Road, Adamwal, Hoshiarpur - 146001"
"Green Immigration Consultants","+ 91  1882 502582","1st floor, Sangeeta Tower, Phagwara Road, Hoshiarpur - 146001, Near Essy Day"
"Morgan Immigration Consultants","+ 91  9041532359","Opp Sbop, Tanda, HOSHIARPUR - 144204, Tanda"
"Hoshiarpur Automobiles","+ 91  1883 244346","G T Rd, Mukerian, Hoshiarpur - 144211, sonalinka"
"Hoshiarpur Automobiles","+ 91  1882 500200","HOSHIARPUR - 146001, Opposite ITI Jalandhar Road"
"Corporation Bank Hoshiarpur","+ 91  1882 242629","Court Rd, Hoshiarpur - 146001"
"Hoshiarpur Automobiles","+ 91  1886 225542","Hargobind Road, Miani Road, Tanda, Hoshiarpur - 144204, Near Pakapukta Gurudwara"
"The Hoshiarpur Express Transpo...","+ 91  1882 256540","H.o217-L,, Model Town, Hoshiarpur - 146001"
"Hoshiarpur Scan & Diagnostic","+ 91  1882 502170","145 L,, Model Town, Hoshiarpur - 146001, Nr- Roshan Ground"
"Punjab National Bank Hoshiarpu...","+ 91  1882 256391","Jalandhar Road, Hoshiarpur, Hakumatpur, Hoshiarpur - 146107"
"Hoshiarpur Automobiles","+ 91  1882 501601","Jalandhar Road, Hoshiarpur - 146001, Singriwala"
"Volkswagen Hoshiarpur","+ 91  1882 308308","Jalandhar Road, Piplanwala, Hoshiarpur - 146022, Village Chak Gujran, Near Sonalika Tractor"
"State Bank Of India Regional B...","+ 91  1882 241917","Sutheri Road, Hoshiarpur - 146001"
"Hoshiarpur Gas Service","+ 91  1882 308476","Hoshiarpur - 146001, Near Parbhat Chowk"
"Karvy Consultants Limited","+ 91  1882 503201","1st Floor, The Mall, Sutheri Road, Hoshiarpur - 146001"
"Bhagat Immigration And Educati...","+ 91  1882 500013","S.No 2, Prishad Market, Hoshiarpur - 146001, Session Chowk"
"Hoshiarpur Central Co Operativ...","+ 91  9417062880","Ram Colony Camp, Hoshiarpur - 146001, Near Hanuman Mandir"
"E B Club Hoshiarpur","+ 91  1882 243733","128l, Model Town, Hoshiarpur - 146001, LAL Kothi, Near Bali Hospital"
"income tax HOSHIARPUR","",""
"Big TV DTH Services Hoshiarpur","18002009001",""
"Hoshiarpur Central Co Op Bank","+ 91  1882 229936",""
"PTU Learning Centre Hoshiarpur...","+ 91  1882 252224","Smc,, Near Civil Hospital,, Hoshiarpur - 146001, Jalandhar Road,"
"Global Institute And Consultants","+ 91  9876894533",""
"Hoshiarpur HDFC Bank Ltd","+ 91  9356425251",""
"HEIGHTS OVERSEAS CONSULTANTS P...","+ 91  1882 253544","Hoshiarpur - 146001"
"Pankaj Suri Accountant & Tax C...","+ 91  9888700566","H. No. 294, Hoshiarpur - 146001, Moh. Ohrian, Bahadurpur"
"Hoshiarpur HDFC Bank Ltd","+ 91  1882 502956","Sutheri Road, Hoshiarpur - 146001, Opp Maharaja Hotel"
"Hoshiarpur Central Co Operativ...","+ 91  9417349220","Harsamansar Manser, Hoshiarpur - 146001"
"Hoshiarpur Central Co Operativ...","+ 91  9463706614","Dhada Kalan, Hoshiarpur - 146001"
"Hoshiarpur Tyre","+ 91  9464978627","Hariana Road, Shamshan Ghat Road, Hoshiarpur - 146001, Near Raghunath Mandir"
"Hoshiarpur Central Co Operativ...","+ 91  9463720199","V P O Beh Nangal, Hoshiarpur - 146001, Near Udupi Hotel"
"Hoshiarpur Warehouses","+ 91  1882 248347","12, Focul Point, Hoshiarpur - 146001, Behind Pressure Cooker Factory"
"Hoshiarpur Co-Operative Bank L...","+ 91  1882 224100","District Courts Road,, Hoshiarpur - 146001"
"E N M Stock Consultant","+ 91  1882 232455","No.374, Khanpuri Gate,, Hoshiarpur - 146001"
"Savitri Plywood, Hoshiarpur","+ 91  9988860052","Hoshiarpur, Panjab, Hoshiarpur - 146001"
"United Active Chars Private Li...","+ 91  9464211946","Hoshiarpur, Panjab, Hoshiarpur - 146001"
"Gur Kirpa Clinical Laboratory ...","+ 91  1882 502909","Adjoining Gopal Mandir Hoshiarpur,, Civil Hosptal Road, Hoshiarpur - 146001"
"Rajdeep Enterprises Manpower C...","+ 91  1882 251308","Dashmesh Nagar, Dagana Road, Hoshiarpur - 146001"
"Hoshiarpur Automobiles","+ 91  9815572790","Hoshiarpur - 146001, Near Govt Polytechnic College"
"Gagan Immigration & Educationa...","+ 91  1882 245937","Guru Gobind Singh Nagar Behind New Sabzi Mandi Phagwara Road, Hoshiarpur - 146001"
"Overseas Career Consultant","+ 91  9855156176","Opposite Cooperative Bank, Gt Road, Mukerian, Hoshiarpur - 146001"
"Health Way Immigration Comopany","+ 91  9988011536","2nd Floor, Parkash Tower, Phagwara Road,, Hoshiarpur - 146001"
"Indian Overseas Bank - Haryana...","+ 91  1882 238815","Kakkon,, HOSHIARPUR - 146001, Haryana Road,"
"Hoshiarpur Sewa Kendra","+ 91  9878365575","2, Main Road, Hoshiarpur - 146001, KDM Hospital"
"Hoshiarpur Furniture House","+ 91  9780151054","Court Road, Hoshiarpur - 146001, Near Session Chowk"
"Victor Immigration & Study Abroad","+ 91  1882 500336","SCO 18F, City Centre, Model Town, Hoshiarpur - 146001, Near Bus Stand"
"hoshiarpur traders","+ 91  9876902424","7 hours, Model Town, Hoshiarpur - 146001"
"Rudra Creations Boutique Hoshi...","+ 91  1882 241431","131 Model Colony, Model Town, Hoshiarpur - 146001, Behnd Hotel Shiraz"
"Eye Donation Association Hoshi...","+ 91  1882 222147","52-L, Model Town, Model Town, Hoshiarpur - 146001, Hospital"
"The Hoshiarpur Daaba Tpt Co Ltd","+ 91  1882 255634","216, Model Town, Hoshiarpur - 146001"
"State Bank Of Patiala ATM Hosh...","1800112211","Phagwara Rd, Hoshiarpur - 146001, Mahavir Spinning Millls"
"State Bank Of Patiala ATM Hosh...","1800112211","Hoshiarpur - 146001, Kanak Mandi"
"Gulf Linkers Consultant","+ 91  1882 246233","Mahilpur Adda, Hoshiarpur - 146001"
"Hoshiarpur Ruderpur Goods carrier","+ 91  9216070786","Hoshiarpur - 146001, New Subji Mandi"
"Aryan Stay & Study Abroad Cons...","+ 91  9915780504","235/8a, Hoshiarpur - 146001, Jagatpura,Nr Clock Tower"
"A P Consultants","+ 91  1882 244644","Court Rd, Hoshiarpur - 146001, Saini Mkt"
"ACE Consultants","+ 91  9872826986","A S Complex, 2nd Floors, Hoshiarpur - 146001, Mall Road,"
"TEJ Bhagat Financial Consultants","+ 91  1882 502502","1st, Floor,, Laxmi Building, Hoshiarpur - 146001, Shimla Pahari Chowk,,"
"Study World Consultants","+ 91  1882 502949","Opp Govt College,, Hoshiarpur - 146001"
"State Bank Of Patiala ATM Hosh...","1800112211","Talab Rd,Pathankot Rd, Hoshiarpur - 146001, Dasuya"
"Hoshiarpur Nursing Home","+ 91  1882 253550","Govt College Rd, Hoshiarpur - 146001"
"Ultimate Utilities Hoshiarpur","+ 91  1882 5058329","D-103, Hoshiarpur - 146001, SAS Ngr,Indl Area PH-VII,Chandigarh,Mohali"
"State Bank Of Patiala ATM Hosh...","1800112211","Dasuya Hoshiarpur Rd, Hoshiarpur - 146001, Tehsil Dasuya,Khalsa College,, Ghardiwala"
"Laxmi Consultant","+ 91  9815171371","Near Gali No:- 6, Una Road, Hoshiarpur - 146001, Gautam Nagar"
"International Immigration Serv...","+ 91  9316461300","Level-2, Above Spyker,, Old Radha Swami Satsang Bhawan,, Hoshiarpur - 146001, Roshan Road,"
"State Bank Of Patiala ATM Hosh...","1800112211","Thana Rd, Hoshiarpur - 146001, Tanda,Municipal Committee"
"Prince ENT & Education Consultant","+ 91  1882 503033","Pagwara Rd, Hoshiarpur - 146001, Khera Mkt, Opp Govt College, Girls Hostel,"
"Harman Travel Consultants Service","+ 91  9317708927","Laxmi Cinema Market,, Near Punjab State Lottery,, Hoshiarpur - 146001, Opp Bus Stand,"
"State Bank Of Patiala ATM Hosh...","1800112211","Jajo Rd, Hoshiarpur - 146001, Sggs College,Nr Bus Stand,Mahilpur"
"Dolphin Overseas Consultants","+ 91  1882 520622","Hoshiarpur - 146001"
"Hoshiarpur Medical Store","+ 91  9463945200","Gokal nagar, Hoshiarpur - 146001, near bharat nursing home"
"Visa Gravity Consultants","+ 91  1882 500666","1st Floor, SS Complex, Phagwara Road, Hoshiarpur - 146001, Near Govt College Chowk"
"Hoshiarpur Confectionery","+ 91  9646045200","Gokal Nagar, Hoshiarpur - 146001, Jalandhar Road"
"Dog Clinic Hoshiarpur","+ 91  8725818948","Jalandhar Road, Hoshiarpur - 146001, Opposite I.T.I"
"Hoshiarpur News weekly","+ 91  9464059168","323/2, Near S.D. College, Deep Nagar, Phagwara Road, Hoshiarpur - 146001, near to s.d college"
"Unique Architects & Consultants","+ 91  9814148977","Govt. College Road, Hoshiarpur - 146001, Near Parbhat Chowk"
"Maruti Driving School","+ 91  1882 501639","Jalandhar Road, Hoshiarpur - 146001, Opposite Iti Hoshiarpur"
"Kalia tution classes hoshiarpur","+ 91  8437500316","Raj kumar house,Khalsa high school road, Food corporation of india, Hoshiarpur - 146001, Near khalsa high school gate and sabji mandi and mahaveer spining mill"
"Hoshiarpur power system","+ 91  9915638496",""
"Worldwide Education Consultants","+ 91  1882 503293","2nd Floor, BEE Emm Building, Jalandhar Road, Hoshiarpur - 146001, Near Civil Hospital"
"Malhotra Foreign Travel Consul...","+ 91  9417517887","Bajwara Rd, Hoshiarpur - 146001, Nr Radha Swami Satsang Bhawan,Bains Clny"
"EPF PF ESI CONSULTANT AT CHAND...","+ 91  9914112526","HOUSING BOARD COMPLEX, HOUSING BOARD COMPLEX, Hoshiarpur - 146001, HOUSING BOARD COMPLEX"
"International Immigration Serv...","+ 91  9815601300","Above Lakme Salon, Opp. City Centre, Roshan Road, Hoshiarpur - 146001"
"Rehill consultant","+ 91  1882 265054","Hoshiarpur-Tanda Road, Bulhowal, Hoshiarpur - 146113, Near Bye Pass"
"Rehill Consultant Company","+ 91  9780130001","Main Road,, Bulhowal, Hoshiarpur - 146113"
"Hoshiarpur Central Co Operativ...","+ 91  9815322578","Piplanwala Main Road, Piplanwala, Hoshiarpur - 146022, Near Jalandhar Road"
"JS Education & Imigration Cons...","+ 91  9876040084","Old Jalandhar Road Nr Tanda Pulli, Tanda, HOSHIARPUR - 144204, Tanda"
"Hoshiarpur Automobiles","+ 91  1883 288892","4, G T Road, Dasuya, Hoshiarpur - 144205, Opposite Chema Petrol Pump"
"State Bank Of Patiala ATM Hosh...","1800112211","Main Rd,Nawanshar Hoshiarpur Rd, Garhshanker, Hoshiarpur - 144527, Nr Civil Court"
"Pearl Investment Consultant","+ 91  9417896757","V.p.o. Gogon Teh. Garhshankar, Distt., Garhshanker, Hoshiarpur - 144527"
"Hoshiarpur Oil Store","+ 91  9356410104","Garhshankar Road Hosiarpur, Garhshanker, Hoshiarpur - 144527"
"Hoshiarpur automobiles","+ 91  1884 280192","Hoshiarpur Rd, Garhshanker, Hoshiarpur - 144527, Nr Surindra Filling Station"
"Creative Dental Clinic opp PSE...","+ 91  9876005082","Talwara road,Mukerian, Hajipur, Hoshiarpur - 144221, opp PSEB office Hajipur"
"Parasmani Investment Consultants","+ 91  1826 253350","Vpo Daulatpur, Hoshiarpur - 144516, Near Govt. Sr. Sec. School"
"P S Consultants","+ 91  9915820268","First Floor, Mukerian, Hoshiarpur - 144211, Opp. Dolphin Hotel,Guru Nanak Market"
"State Bank Of Patiala ATM Hosh...","1800112211","Mukerian, Hoshiarpur - 144211, Tehsil Dasuya,New Sabji Mandi,Talwara By Pass"
