"Name","Phone","Address"

"Sukhman Immigration & Educati...","+ 91  1883 244113","Nushara Road, Mukerian, Hoshiarpur - 144211, Guru Nanak Market, Opposite BSNL Exchange, Behind Bus Stand"
"Sukhman Electricals","+ 91  9855376229","G T Road, Mukerian, Hoshiarpur - 144211, Opposite PWD Rest House"
"Prince ENT & Education Consultant","+ 91  1882 503033","Pagwara Rd, Hoshiarpur - 146001, Khera Mkt, Opp Govt College, Girls Hostel,"
"Worldwide Education Consultants","+ 91  1882 503293","2nd Floor, BEE Emm Building, Jalandhar Road, Hoshiarpur - 146001, Near Civil Hospital"
"British Oxford Education Pv...","+ 91  1882 502556","Level 1, Mall Road, Hoshiarpur - 146001, Above Syndicate Bank"
"Paradise Overseas Education...","+ 91  1884 246200","Second Floor Manila Tower, Chandigarh Road, Mahilpur, Hoshiarpur - 146105, Near Harry Gerry Palace"
"Humpal Travel And Immigrati...","+ 91  1884 250073","Main Bazar, Phagwara Road, Kotfathui, Hoshiarpur - 144519, Opposite Cooperative Bank"
"Nids Computer Education","+ 91  1884 250120","Phagwara Road, Kotfathui, Hoshiarpur - 144519, Near Canara Bank And Telephone Exchange"
"Rayat Bahra Education City","+ 91  1882 275500","Hoshiarpur - 146001, Village Bohan"
"Param Immigration Consultant P...","+ 91  1882 500800","Sutheri Road,, Hoshiarpur,, Hoshiarpur - 146001"
"Sant Baba Bhag Singh Education...","+ 91  8146620137",""
"Karvy Consultants Limited","+ 91  1882 503201",""
"Bhagat Immigration And Educati...","+ 91  1882 500013","S.No 2, Prishad Market, Hoshiarpur - 146001, Session Chowk"
"Mukerian Gas Service","+ 91  1882 244339","Chichian Road, Mukerian,, Hoshiarpur - 146001"
"D A V College Of Education","+ 91  1882 222016","Arya Samaj Road, Hoshiarpur - 146001"
"Seabird Education & Immigratio...","+ 91  9915155111","Govt. College Road, Hoshiarpur - 146001, Near Parbhat Chowk"
"Mukerian Papers Limited","+ 91  1882 244106","Vill., Cha-ALA-Baksh,, Mukerian Punjab, Hoshiarpur - 144211, G.t. Road,"
"C/O Aisect Computer Education","+ 91  9872661218","Guru TEJ Bahadur Colony, Hoshiarpur - 146001, Mukerian Tehsil"
"Aisect Education Center Pno299","+ 91  9465577655","Budhbar Adda, Near Hajipur Tehsil Mukerian, Hoshiarpur - 146001, Hajipur"
"Health Way Immigration Comopany","+ 91  9988011536","2nd Floor, Parkash Tower, Phagwara Road,, Hoshiarpur - 146001"
"Overseas Career Consultant","+ 91  9855156176","Opposite Cooperative Bank, Gt Road, Mukerian, Hoshiarpur - 146001"
"Mukerian Filling Station","+ 91  1882 224073","G T Road, Mukerian,, Hoshiarpur - 146001"
"Computer Education","+ 91  1882 246398","Kit India, Near Bus Stand, Hoshiarpur, 2nd Floor, Hoshiarpur - 146001, Near Bus Stand Hoshiarpur"
"E N M Stock Consultant","+ 91  1882 232455","No.374, Khanpuri Gate,, Hoshiarpur - 146001"
"Lemieux Education Group","+ 91  9716861898","Hoshiarpur - 146001"
"S.G.N. Medical Education And S...","+ 91  1882 239485","Main Road, Hoshiarpur - 146001, Opp Talwara Township"
"Gagan Immigration & Educationa...","+ 91  1882 245937","Guru Gobind Singh Nagar Behind New Sabzi Mandi Phagwara Road, Hoshiarpur - 146001"
"Global Institute And Consultants","+ 91  9876894533","Sant Market, Chabbewal, Main Bazar, Hoshiarpur - 146001"
"HEIGHTS OVERSEAS CONSULTANTS P...","+ 91  1882 253544","Hoshiarpur - 146001"
"Pankaj Suri Accountant & Tax C...","+ 91  9888700566","H. No. 294, Hoshiarpur - 146001, Moh. Ohrian, Bahadurpur"
"Tulec Computer Education","+ 91  1882 235200","Sutehri Road, Hoshiarpur, Hoshiarpur - 146001"
"Rajdeep Enterprises Manpower C...","+ 91  1882 251308","Dashmesh Nagar, Dagana Road, Hoshiarpur - 146001"
"Naviguer Education Pvt. Ltd.","+ 91  1882 505506","SCO - 2, FIRST FLOOR, ABOVE SBI, COURT ROAD, Hoshiarpur - 146001, OPPOSITE GREEN VIEW PARK"
"AISECT Computer Education","+ 91  1882 245300","2nd Floor,Narang House, Hoshiarpur - 146001, Sutheri Road,Back Side Kapila Hospital"
"Victor Immigration & Study Abroad","+ 91  1882 500336","SCO 18F, City Centre, Model Town, Hoshiarpur - 146001, Near Bus Stand"
"Sunny Immigration Consultant","+ 91  1882 220058","Court Road, Hoshiarpur - 146001, Near Mahalpur Adda"
"Supreme Education Services","+ 91  8699513314",""
"Right Step Education","+ 91  1882 503286",""
"Aptech Computer Education","+ 91  1882 310410",""
"Trivedi Overseas Education Ser...","+ 91  1882 243817",""
"Aryan Stay & Study Abroad Cons...","+ 91  9915780504","235/8a, Hoshiarpur - 146001, Jagatpura,Nr Clock Tower"
"TEJ Bhagat Financial Consultants","+ 91  1882 502502","1st, Floor,, Laxmi Building, Hoshiarpur - 146001, Shimla Pahari Chowk,,"
"A P Consultants","+ 91  1882 244644","Court Rd, Hoshiarpur - 146001, Saini Mkt"
"Study World Consultants","+ 91  1882 502949","Opp Govt College,, Hoshiarpur - 146001"
"N-Tech Computer Education","+ 91  1882 271600","Sant Market, Adda Chabbewal, Hoshiarpur - 146001"
"Harman Travel Consultants Service","+ 91  9317708927",""
"Laxmi Consultant","+ 91  9815171371","Near Gali No:- 6, Una Road, Hoshiarpur - 146001, Gautam Nagar"
"International Immigration Serv...","+ 91  9316461300","Level-2, Above Spyker,, Old Radha Swami Satsang Bhawan,, Hoshiarpur - 146001, Roshan Road,"
"Dolphin Overseas Consultants","+ 91  1882 520622","Hoshiarpur - 146001"
"ACE Consultants","+ 91  9872826986","A S Complex, 2nd Floors, Hoshiarpur - 146001, Mall Road,"
"Minaar Immigration Consultants...","+ 91  9815389911","S No-3, Hoshiarpur - 146001, Nr Modi Nursing Home, Ramgarhia Chowk"
"Guru TEG Bahadur Khalsa Colleg...","+ 91  1882 250037","Guru Teg Bahadur Khalsa College Of Education, Dasuya, Hoshiarpur - 146001, (Hoshiarpur)"
"Gulf Linkers Consultant","+ 91  1882 246233","Mahilpur Adda, Hoshiarpur - 146001"
"Phoneix Institute Of Education","+ 91  9417744448","Jalandhar Road, Hoshiarpur - 146001"
"Visa Gravity Consultants","+ 91  1882 500666","1st Floor, SS Complex, Phagwara Road, Hoshiarpur - 146001, Near Govt College Chowk"
"Indiacan Education PVT. LTD.","+ 91  1882 502700","Deep Complex, Near Govt College, Hoshiarpur - 146001, Hoshiarpur"
"Unique Architects & Consultants","+ 91  9814148977","Govt. College Road, Hoshiarpur - 146001, Near Parbhat Chowk"
"WD Immigration Consultants","+ 91  1882 258135","Opposite SD city School, Chintpurni Road, Adamwal, Hoshiarpur - 146001"
"EPF PF ESI CONSULTANT AT CHAND...","+ 91  9914112526","HOUSING BOARD COMPLEX, HOUSING BOARD COMPLEX, Hoshiarpur - 146001, HOUSING BOARD COMPLEX"
"Green Immigration Consultants","+ 91  1882 502582","1st floor, Sangeeta Tower, Phagwara Road, Hoshiarpur - 146001, Near Essy Day"
"Aisect Education Center M122","+ 91  9465859899","Hans Nager, Near National Coll Po, Hoshiarpur - 146001, Gardhiwal"
"International Immigration Serv...","+ 91  9815601300","Above Lakme Salon, Opp. City Centre, Roshan Road, Hoshiarpur - 146001"
"Enigma Education And Migration...","+ 91  1882 500565","Gharshankar Road, Hoshiarpur - 146001, Near Khalsa College,Mahil Pur District"
"Ideal India Computer Education","+ 91  9781708384","Hoshiarpur - 146001, Bazar Vakila, Opposite Barma Sports"
"Malhotra Foreign Travel Consul...","+ 91  9417517887","Bajwara Rd, Hoshiarpur - 146001, Nr Radha Swami Satsang Bhawan,Bains Clny"
"Ideal India Computer Education","+ 91  1882 520432","Ajram, Hoshiarpur - 146111, Bazar Vakilan"
"shan-e-doaba Group of Vocation...","+ 91  1882 250517","Nerar Shiv Mandir, Hariana, Hoshiarpur - 144208, Pahari Gate"
"Rehill consultant","+ 91  1882 265054","Hoshiarpur-Tanda Road, Bulhowal, Hoshiarpur - 146113, Near Bye Pass"
"Rehill Consultant Company","+ 91  9780130001",""
"Morgan Immigration Consultants","+ 91  9041532359",""
"The Institute Of Computer Educ...","+ 91  1886 502381","Tanda, Hoshiarpur - 144204, Mahadev MarketTanda Urmar , Near Mahadev Temple & Mla Office"
"Tanda Imigration & Education S...","+ 91  9815785661","Tanda, Hoshiarpur - 144204, Nr. Bus Stand"
"JS Education & Imigration Cons...","+ 91  9876040084","Old Jalandhar Road Nr Tanda Pulli, Tanda, HOSHIARPUR - 144204, Tanda"
"VK COMPUTER EDUCATION","+ 91  1883 503752","VK COMPUTER EDUCATION, W.No.11, Kainthan, Dasuya, Hoshiarpur - 144205, NEAR RADHA KRISHNA MANDIR"
"Smart Education","+ 91  7355885310","Hsp Road, Dasuya, Hoshiarpur - 144205"
"Student Way Education Pvt. Ltd.","+ 91  8968483157","Anand Pur Sahib Road, Garhshanker, Hoshiarpur - 144527, Near Bank Of India"
"Pearl Investment Consultant","+ 91  9417896757","V.p.o. Gogon Teh. Garhshankar, Distt., Garhshanker, Hoshiarpur - 144527"
"LPU Distance Education Centre","+ 91  1884 500130","Nangal Road, Garhshanker, Hoshiarpur - 144527, Nangal Road, Garhshankar"
"VIDYA JYOTI EDUCATION SOCIETY","+ 91  8146223055","Talwara Township, Hoshiarpur - 144216, frontside, bus stand, nr. kacheria"
"Shivalik Hills Health Medical ...","+ 91  1883 238963","1, Post Talwara, Talwara Township, Hoshiarpur - 144216, Near New Petrol Pump"
"Computer Education Institut","+ 91  1883 230754","Talwara Township, Hoshiarpur - 144216, Village Batarpur"
"Sgn Medical Education And Soci...","+ 91  9815967388","Sector-3, Near Telephone Exchange, Talwara Township, Hoshiarpur - 144216, Laxmi Narayan"
"Parasmani Investment Consultants","+ 91  1826 253350","Vpo Daulatpur, Hoshiarpur - 144516, Near Govt. Sr. Sec. School"
"Mukerian Telecom","+ 91  9256495992","Mukerian, Hoshiarpur - 144211, Guru Nanak Mkt, Opp Telephone Exchange"
"mukerian traders","+ 91  9464317830","Mukerian, Hoshiarpur - 144211"
"P S Consultants","+ 91  9915820268","First Floor, Mukerian, Hoshiarpur - 144211, Opp. Dolphin Hotel,Guru Nanak Market"
"Mukerian Traders","+ 91  9814444860","Mukerian, Hoshiarpur - 144211, Mata Rani Chowk, Near Talwara By Pass"
"Rotry Club Mukerian","+ 91  1883 244148","1, Post Mukerian, Mukerian, Hoshiarpur - 144211, Talwara Road"
"Mukerian Welfare Society","+ 91  9814334450","Mukerian, Hoshiarpur - 144211"
"Aashadeep Group Of Educations","+ 91  8728993737","Mukerian, Hoshiarpur - 144211"
"Aashadeep group of education","+ 91  1883 249171","Mukerian, Hoshiarpur - 144211, Opposite Post Office Thana Road"
"BnB Computer Areness Hub Mukerian","+ 91  1883 503249","Back Side Civil Hospital Mukerian, Near Guru Nanak School, Singh Sabha Gurudwara Sahib ji, Mukerian, Hoshiarpur - 144211, near gate no 2 singh sabha gurudwara sahib ji"
"MUKERIAN COMPUTER","+ 91  9878948662",""
