"Name","Phone","Address"

"WD Immigration Consultants","+ 91  1882 258135","Opposite SD city School, Chintpurni Road, Adamwal, Hoshiarpur - 146001"
"W D Professional Carrer Devlop...","+ 91  1882 294145","Hoshiarpur - 146001, Opposite S D City Public School"
"Humpal Travel And Immigrati...","+ 91  1884 250073","Main Bazar, Phagwara Road, Kotfathui, Hoshiarpur - 144519, Opposite Cooperative Bank"
"Healthyway Immigration Consult...","+ 91  1882 326234","2nd Floors,, Above Aggarwal Clinic,, Hoshiarpur - 146001, Opp Water Tank, Committee Bazar,"
"Seabird Education & Immigratio...","+ 91  9915155111","Govt. College Road, Hoshiarpur - 146001, Near Parbhat Chowk"
"Sunny Immigration Consultant","+ 91  1882 220058","Court Road, Hoshiarpur - 146001, Near Mahalpur Adda"
"Minaar Immigration Consultants...","+ 91  9815389911","S No-3, Hoshiarpur - 146001, Nr Modi Nursing Home, Ramgarhia Chowk"
"Rudra Education & Immigration ...","+ 91  1882 520082","Tanda Chowk,Bus Stand Road, Hoshiarpur - 146001, Near Rampa Auto"
"Green Immigration Consultants","+ 91  1882 502582","1st floor, Sangeeta Tower, Phagwara Road, Hoshiarpur - 146001, Near Essy Day"
"Morgan Immigration Consultants","+ 91  9041532359","Opp Sbop, Tanda, HOSHIARPUR - 144204, Tanda"
"Karvy Consultants Limited","+ 91  1882 503201","1st Floor, The Mall, Sutheri Road, Hoshiarpur - 146001"
"Bhagat Immigration And Educati...","+ 91  1882 500013","S.No 2, Prishad Market, Hoshiarpur - 146001, Session Chowk"
"Global Institute And Consultants","+ 91  9876894533","Sant Market, Chabbewal, Main Bazar, Hoshiarpur - 146001"
"E N M Stock Consultant","+ 91  1882 232455","No.374, Khanpuri Gate,, Hoshiarpur - 146001"
"Pankaj Suri Accountant & Tax C...","+ 91  9888700566","H. No. 294, Hoshiarpur - 146001, Moh. Ohrian, Bahadurpur"
"HEIGHTS OVERSEAS CONSULTANTS P...","+ 91  1882 253544","Hoshiarpur - 146001"
"Rajdeep Enterprises Manpower C...","+ 91  1882 251308","Dashmesh Nagar, Dagana Road, Hoshiarpur - 146001"
"Gagan Immigration & Educationa...","+ 91  1882 245937","Guru Gobind Singh Nagar Behind New Sabzi Mandi Phagwara Road, Hoshiarpur - 146001"
"Overseas Career Consultant","+ 91  9855156176","Opposite Cooperative Bank, Gt Road, Mukerian, Hoshiarpur - 146001"
"Health Way Immigration Comopany","+ 91  9988011536","2nd Floor, Parkash Tower, Phagwara Road,, Hoshiarpur - 146001"
"Victor Immigration & Study Abroad","+ 91  1882 500336","SCO 18F, City Centre, Model Town, Hoshiarpur - 146001, Near Bus Stand"
"Prince ENT & Education Consultant","+ 91  1882 503033","Pagwara Rd, Hoshiarpur - 146001, Khera Mkt, Opp Govt College, Girls Hostel,"
"Dolphin Overseas Consultants","+ 91  1882 520622","Hoshiarpur - 146001"
"ACE Consultants","+ 91  9872826986","A S Complex, 2nd Floors, Hoshiarpur - 146001, Mall Road,"
"Gulf Linkers Consultant","+ 91  1882 246233","Mahilpur Adda, Hoshiarpur - 146001"
"TEJ Bhagat Financial Consultants","+ 91  1882 502502","1st, Floor,, Laxmi Building, Hoshiarpur - 146001, Shimla Pahari Chowk,,"
"Study World Consultants","+ 91  1882 502949","Opp Govt College,, Hoshiarpur - 146001"
"Laxmi Consultant","+ 91  9815171371","Near Gali No:- 6, Una Road, Hoshiarpur - 146001, Gautam Nagar"
"International Immigration Serv...","+ 91  9316461300","Level-2, Above Spyker,, Old Radha Swami Satsang Bhawan,, Hoshiarpur - 146001, Roshan Road,"
"Aryan Stay & Study Abroad Cons...","+ 91  9915780504","235/8a, Hoshiarpur - 146001, Jagatpura,Nr Clock Tower"
"A P Consultants","+ 91  1882 244644","Court Rd, Hoshiarpur - 146001, Saini Mkt"
"Harman Travel Consultants Service","+ 91  9317708927","Laxmi Cinema Market,, Near Punjab State Lottery,, Hoshiarpur - 146001, Opp Bus Stand,"
"Visa Gravity Consultants","+ 91  1882 500666","1st Floor, SS Complex, Phagwara Road, Hoshiarpur - 146001, Near Govt College Chowk"
"Unique Architects & Consultants","+ 91  9814148977","Govt. College Road, Hoshiarpur - 146001, Near Parbhat Chowk"
"Worldwide Education Consultants","+ 91  1882 503293","2nd Floor, BEE Emm Building, Jalandhar Road, Hoshiarpur - 146001, Near Civil Hospital"
"Malhotra Foreign Travel Consul...","+ 91  9417517887","Bajwara Rd, Hoshiarpur - 146001, Nr Radha Swami Satsang Bhawan,Bains Clny"
"EPF PF ESI CONSULTANT AT CHAND...","+ 91  9914112526","HOUSING BOARD COMPLEX, HOUSING BOARD COMPLEX, Hoshiarpur - 146001, HOUSING BOARD COMPLEX"
"International Immigration Serv...","+ 91  9815601300","Above Lakme Salon, Opp. City Centre, Roshan Road, Hoshiarpur - 146001"
"Rehill Consultant Company","+ 91  9780130001","Main Road,, Bulhowal, Hoshiarpur - 146113"
"Rehill consultant","+ 91  1882 265054","Hoshiarpur-Tanda Road, Bulhowal, Hoshiarpur - 146113, Near Bye Pass"
"JS Education & Imigration Cons...","+ 91  9876040084","Old Jalandhar Road Nr Tanda Pulli, Tanda, HOSHIARPUR - 144204, Tanda"
"Pearl Investment Consultant","+ 91  9417896757","V.p.o. Gogon Teh. Garhshankar, Distt., Garhshanker, Hoshiarpur - 144527"
"Parasmani Investment Consultants","+ 91  1826 253350","Vpo Daulatpur, Hoshiarpur - 144516, Near Govt. Sr. Sec. School"
"P S Consultants","+ 91  9915820268","First Floor, Mukerian, Hoshiarpur - 144211, Opp. Dolphin Hotel,Guru Nanak Market"
