"Name","Phone","Address"

"Guru Nank Khad Store","+ 91  9463917285","60, Near Durgiani Temle, Amritsar - 143002, City Amritsar"
"guru nank tour & travel","+ 91  9855707757","Near Police Station, Court Road, Teh Patti, Amritsar - 143002"
"Guru ramdass tent house","+ 91  9872469158","main bazar, new kot atma ram, Sultanwind, Amritsar - 143006, Near toot sahib gurdwara"
"guru Nanak Electronics","+ 91  9855368624","Shop no12/943, naushera Pannua ,Ibban Kalan, Amritsar, Amritsar - 143001, near Bus Stand"
"Guru Nanak Marble House","+ 91  183 2710585","Fatehgarh Churian Road, Amritsar - 143001"
"Guru kirpactelecom","+ 91  9888702333","Shop no : 24, Shree Punjab avenue, Amritsar - 143001, Majithia road"
"Guru kirpa readymade garments","+ 91  9988404144","Sultanwind Road, Ajit Nagar, Amritsar - 143001, Near Chungking mandir"
"guru nanak general store","+ 91  8427002705","peera wala bazar, gurnam nagar, Sultanwind, Amritsar - 143006, near mandir"
"Guru Ramdas ji auto repair","+ 91  9646270750","main bazar, Rajinder nagar, New Colony, Amritsar - 143501, near alpha one mall"
"Guru Nanak communication","+ 91  9876971683","Shop no 5, Gt Road, Amritsar - 143001, Near alpha one mall"
"Guru Nanak Engg Works","+ 91  9988584240","Plot No. 5, Lane No. 3, 100 Ft Road, Mohan Nagar, Amritsar - 143006, East Mohan Nagar"
"guru Nanak Painting","+ 91  9914872709","Shop no 1, katra Sher Singh, Gandhi Bazar, Amritsar - 143006, Main road"
"Guru Nanak Dupatta Centre","+ 91  183 2532703","Guru Bazar, Golden Temple, Amritsar - 143006, Opp. Shastri Market"
"Guru Partap Karyana Store","+ 91  9915812424","Fatehgarh Churian Road, Amritsar - 143001, Nangali Bhatha"
"guru nanak confectionery & ice...","+ 91  7508087553","shop No 2, Gt Road, Amritsar - 143001, Near Khalsa college"
"Guru Nanak Trading Company","+ 91  183 2582919","Scf- 58,, Gt Road, Amritsar - 143001, Transport Nagar, Truck Stand"
"Guru Nanak Collection","+ 91  183 2258484","Shop Number 7, G T Road, Chheharta, Amritsar - 143105, Sadha Chowk"
"Guru Nanak Motorcycle Repair C...","+ 91  8054231317","Sher Shah Suri Road, Chheharta, Amritsar - 143105, Near Gurdwara Singh Sbha"
"Guru Ramdas Electric Centre","+ 91  9646551235","Sher Shah Suri Road, Chheharta, Amritsar - 143105, Opposite Gurdawra Singh Shaba, Bhalla Clony"
"Guru Arjan DEV Institute Of De...","+ 91  183 2426045","Director Gad Institute Of Development Studies 14-Preet Avenue, Majitha Road,Po Naushera, Amritsar, Naushehra Nangli, Amritsar - 143008"
"Guru Kheti Store","+ 91  9463645751","Verka, Amritsar - 143501"
"Guru Nanak Electricals","+ 91  9888326701","Raja Sansi, Amritsar - 143101, Near Co-Operative Bank, New Bus Stand"
"Guru Kirpa Motor Garage","+ 91  9646269205","Ajnala Road, Raja Sansi, Amritsar - 143101, Near Sandhu Petrol Pump"
"Guru Kirpa Hospital","+ 91  9463390154","G T Road, Distillery Khasa, Amritsar - 143107, Adda Khasa"
"Guru Rice Mills","+ 91  9814531777","Distillery Khasa, Amritsar - 143107"
"Guru Rice Mills","+ 91  9814531777","Distillery Khasa, Amritsar - 143107"
"Guru Nanak Kheti Store","+ 91  9878059222","Majitha, Amritsar - 143601, Badala Veeram"
"Guru Nanak Medical Store","+ 91  183 2422894","11, Manjitha Rd, Majitha, Amritsar - 143601, Gnd Hospital"
"Guru nanak iron store","+ 91  9803060000","Main Chabhal, Opposite Police Station, Chabhal, Amritsar - 143301"
"Guru Nanak Hardware Store","+ 91  9814566315","Lopoke Road, Chogawan, Amritsar - 143109"
"Guru Ramdass Alignment And Whe...","+ 91  9855740201","Attari Road, Chogawan, Amritsar - 143109, Near Post Office"
"Guru Nanak Advertising","+ 91  9814423436","Dindyal Upadaye Complex, Amritsar - 143001"
"Guru Nanak Cable Network","+ 91  9646854854","Adarsh Nagar, Near Chintpurni Mandir, Amritsar - 143001"
"Guru Nanak","+ 91  9878532615","Amritsar - 143001, Near Post Office, Vill Fateh Nangal Dhariwal"
"Guru Nanak Combine And Tractor...","+ 91  9465990857","Amritsar - 143001"
"Guru Ran DAS Hospital","+ 91  1853 2586894","Johnson HosP, Mehta Road, Mehta, Amritsar - 143114"
"Guru Kirpa Traders","+ 91  183 5065956","Shop No 1b, Shaheed Bhagat Singh Market, Amritsar - 143001, New Idh Market"
"Guru Ram Dass Nursery","+ 91  183 2584757","M/S Guru Ram Dass Nursery, G.t Road, Jalandahr ,Nr. Pannu Farm Freedom, , Industy ,Amritsar-"
"Guru Nanak Auto Trading","+ 91  183 2701322","Bhai Kanayia Market,, Amritsar - 143001"
"Guru Ram Dass Traders","+ 91  183 5096678","Batala Rd.,"
"Guru Kirpa Auto Electrician","+ 91  9888185685","34, Court Road, Amritsar - 143001, Green Plaza Market"
"Guru Amrit Clinic","+ 91  9888171301","Gol Mashjid Sharifpura, Amritsar Bus Stand, Amritsar - 143001, Opposite Bus Stand"
"Guru Kirpa Collection","+ 91  9855475086","Court Road, Amritsar - 143001, Near Police Station, Patti"
"Guru Kirpa Enterprises","+ 91  8968833307","Amritsar - 143001"
"Guru kirpa travels","+ 91  9780805711","Goal bagh, Amritsar - 143001, Opp.railway station"
"Guru kirpa daily needs","+ 91  9888886779","G.T. Road, Amritsar - 143001, Opposite Canal office Next to Holy Heart School"
"guru kirpa departmental store","+ 91  9592145025","shop no1-a, brahm nagar, Lawrence Road, Amritsar - 143001, opp nehru shopping complex"
"Guru Kirpa Tele Links","+ 91  9781110002","Shop Number 13, Navi Sadak, Lawrence Road, Amritsar - 143001, Opposite Bbk Dav College"
"Guru Kirpa Boutique","+ 91  9592375738","Gali Subedaran, I/S Hathi Gate, Hathi Gate, Amritsar - 143001"
"Guru Amrit Clinic","+ 91  9888171301","Goal Masjid Wali Gali, Amritsar Bus Stand, Amritsar - 143001, Opp Amritsar Bus stand"
"Guru kirpa telecom","+ 91  9878029586","Braham nagar, Lawrence Road, Amritsar - 143001, Lawrence road"
"Guru Kashi Security Service...","+ 91  9478777570","Talwandi Sabo, Maur Road, Amritsar - 143002, Near Bus Stand"
"GURU KIRPA AUTO ELECTRICAL","+ 91  9815401276","Shop no21, GT ROAD, Amritsar - 143001, OPP WARYAM HOSPITAL"
"Guru Amardass Agro Tech","+ 91  9915002760","Majitha Road Byepass, Amritsar - 143001, Near Swaraj Tractor Agency"
"Guru Nanak Sanitation","+ 91  183 5025495","Chitra Talkies Road, Amritsar - 143001"
"Guru Nanak Dev University","+ 91  183 2255711","Chheharta Road,Gt Road, Amritsar - 143002"
"Guru Digital Xerox","+ 91  9815330801","13-Ground Floor, Nehru Shopping Complex, Lawrence Road, Amritsar - 143001, Lawrence Road"
"Guru Gobind Singh NRI Yatri Niwas","+ 91  9814898253","Amritsar - 143001, Golden Temple"
"Guru Dashmesh Properties","+ 91  9876352424","Nehru shopping complex, Lawrence Road, Amritsar - 143001, Near surjit plaza"
"Guru Nanak Dev Hospital","+ 91  183 2422560","2421050, Majitha Road, Amritsar - 143001"
"Guru Krupa Mobile Accessories","+ 91  9316265822","Lawrence Road, Amritsar - 143001"
"Guru Harkishan Public School","+ 91  183 2584800","Golden Avenue, Amiritsar, Amritsar - 143001"
"Guru Nanak Sewak Spray Painting","+ 91  9814544879","Main Road, Katra Sher Singh, Amritsar - 143006"
"Guru Nanak Travels","+ 91  9872437999","Shop No-55, Goal Bagh, Amritsar - 143002, Opp Railway Station"
"Guru Premi DI Hatti","+ 91  183 2554724","Shop No580, Lachhmansar, Chatiwind, AMRITSAR - 143022, Near G.h.school"
"Guru Amar Dass Hospital","+ 91  183 2557033","Plot Number- 176 & 177, Amritsar - 143001, City Centre, Behind Suraj Chanda Cinema"
"Guru Nanak Automobile","+ 91  9888354234","Gt Road, Putlighar Main Road, Amritsar - 143001, Opposite Amandeep Hospital"
"Guru Ramdas Niwas Post Office","+ 91  183 2557626","C/O Golden Temple, Golden Temple, Amritsar - 143006, Near Langar Hall"
"GURU KIRPA TRAVELS","+ 91  183 2544901","Shop No.14-15, Durgiana Temple, Amritsar - 143001, O/s hathi gate"
"Guru Amrit Financial Service","+ 91  9888171301","C/o Guru Amrit Clinic, Gol Masjid Wali Gali, Amritsar - 143002, Near Amritsar Bus Stand"
"Guru Nanak Watch Company","+ 91  9316126209","Katra Sher Singh, Amritsar - 143006"
"Guru Nanak Hospital","+ 91  183 2222173","Gurunanak Nagar ,, Gurunanak Nagar, Amritsar - 143006"
"Guru Hargobind","+ 91  9814350347","san sahib road, Amritsar - 143001"
"Guru Ramdass Old Age Home","+ 91  183 2580898","Canal Link Road, Sultanwind, Amritsar - 143021, Akash Vihar"
"Guru kirpa communication","+ 91  9914298584","Shop no. 65, Pawan nagar bazar, Amritsar - 143001, Near eat well bakers"
"Guru Nanak Anath Ashram","+ 91  9872756320","Gali No-10 Ganda Singh Colony, Bhala Kender Wali Gali, Amritsar - 143002, Near Guru Nanak Property Dealer"
"Guru kirpa telecom","+ 91  8528695247","Main bazar, Krishna square 2, Amritsar - 143001, Near eat well bakers"
"guru Kripa telecom","+ 91  8528666820","Main bazar, judge Nagar Chowk, Joura Phatak, Amritsar - 143002, Main chowk"
"Guru RamDas medical store","+ 91  9855458817","Guru Arman Dev nagar, Putlighar, Amritsar - 143001, Near Khalsa college"
"Guru Nanak Automobiles","+ 91  9814002389","shop 721/14, G T Road, Amritsar - 143001, Near Putlighar"
"Guru Nanak ELECTRICALS","+ 91  183 2293034","No 7, Bijli Mkt,hall BAZAR, AMRITSAR - 143001, NEAR subash park"
"GURU NANAK TIME CENTRE","+ 91  183 2541372","Hall bazar, Hall bazar road, Hall Bazar, Amritsar - 143001, Opp national electric co"
"Guru nanak diesel service","+ 91  9815482137","37, Hide market, Amritsar Bus Stand, Amritsar - 143001, No, petrol pump"
"Guru Kripa","+ 91  9872596134","Amritsar - 143001, Adampur"
"Guru Electricals","+ 91  183 2546767","Ravi Dass Road, Amritsar - 143001, Hall bazar"
"Guru nanak medicos","+ 91  9592408533","Shop no.b6, sultanwind road, Amritsar - 143002, near Grd Hospital"
"guru kirpa photostate","+ 91  183 5051610","kacheri road, Rani Ka Bagh, Amritsar - 143001, near vigilance bureau"
"Guru Nanak English Girls College","+ 91  183 6268146","Bangh Khesian Teh-Goraya, Distt-Jalandhar, Amritsar - 143001"
"Guru Kripa Selection House","+ 91  9815831554","Pultighar, Amritsar, G T Road, Amritsar - 143001"
"Guru Nanak Honda Repair Centre","+ 91  9988963610","Pratapnagar, Amritsar - 143006, Gurlal Bazar,Near Gali No-3"
"Guru Nanak Enterprises","+ 91  9855501518","Sco 108, G F Pass Port Office, District Shoping Complex, Amritsar - 143001, Ranjit Avenue"
"GURU NANAK MEDICOS","+ 91  9876335140","new gokal ka bagh, 100 feet road, Amritsar - 143002, near ram ji mandir"
"Guru Nanak Khad Store","+ 91  9872329084","Amritsar - 143001"
"Guru Ramdass Body Builders","+ 91  183 5184730","Gt Road, New Amritsar, Amritsar - 143001, Back Ide Jaipur Marbles"
"Guru Nanak DEV Motor Store","+ 91  9465132124","Shop No: 448, Transport Nagar, Amritsar - 143001, Behind Bumrah Petrol Pump, G T Road"
"Guru Nanak Packaging Machinery Co","+ 91  9814298577","Plot No. 394, Focal Point Industrial Area, Amritsar - 143001, Near Amritsar Public School"
"Guru Nanak Paint & Building Ma...","+ 91  9888974055","Majitha Road, Amritsar - 143001"
"guru Nanak Tyre","+ 91  8054887669","SHOP Number-10, near gandhi market, Amritsar - 143001, sanjay Gandhi Market, Out Side Hall Gate, Bandari Bazar"
"Guru Kripa","+ 91  183 2502399","Ranjit Avenue, Amritsar - 143001"
"Guru nanak watch co","+ 91  9357599566","Hall bazar, Amritsar - 143001, Katra sher singh"
"Guru Kripa International","+ 91  183 2563546","2nd Floor, Amritsar - 143001, Guru Nanak Market, Upstair Guru Nanak Store, Chowk Karm Deori"
"GURU NANAK PLYWOOD &CO.","+ 91  183 2291608","SHOP NO 11, Cheel mandi, Amritsar - 143001, Near Idh market"
"Guru Nanak Iron Store","+ 91  183 2584156","4 Field New Asr, Amritsar - 143001"
"Guru Teg Bahadur Industrial Co...","+ 91  9872005495","Plot No-3, Guru Teg Bahadur Nagar,Mehta Road, Amritsar - 143001, Guru Teg Bahadur Nagar"
"Guru Kripa Tele Links","+ 91  9216131950","Shop No-3-B & 4-B, Liberty Market Basement, Railway Link Road, Amritsar - 143001, Opposite Chinar Hotel"
"Guru Amar Dass Rice Mills","+ 91  183 2476755","G T Rd, Amritsar - 143001, Khasa"
"Guru Nanaj Steel & Tiles Store","+ 91  9876184957","G.T Road, Amritsar - 143001, Tangra"
"Guru Tegbahadur Public School","+ 91  183 2440158","Amritsar - 143001, Kanha Nagar"
"Guru Teg Bahadur Engg. Works","+ 91  183 6546306","Amritsar - 143001, G. Teg Bahadur Nagar"
"GURU NANAK TIME CENTER","+ 91  183 2544627","Amritsar - 143001, Hall Bzr"
"Guru Kirpa Ornament House","+ 91  9417120988","Shop No.686, 1st Floor,Bazar Kasairian,, Near Kathian Wala Bazar, Amritsar - 143001"
"Guru Nanak Engg & Foundry Works","+ 91  183 2583542","166, Mehta Road, Amritsar - 143001, Focal Point,Industrial Area"
"Guru Nanak Telecom","+ 91  7508900557","Amritsar ,, Amritsar - 143001, Opp Punjanb Sind Bank"
"Guru Kirpa Departmental Store","+ 91  183 2546712","Church Manna Singhn Main Bazar, Amritsar - 143001"
"Guru Nanak DEV Motor Store","+ 91  9465132124","Shop No-8, Transport Nagar, G T Road, Amritsar - 143001, Behinde Bumrah Petrol Pump"
"Guru Nanak Hardware Stores","+ 91  8568048188","Amritsar Gpo, Amritsar, Baba Deep Singh Market, Amritsar - 143001"
"Guru Nanak Computer Centre","+ 91  183 2558071","Town Hall, Hall Bazar,, Amritsar - 143001"
"Guru Kulcha Land","+ 91  183 6511000","Lane No. 2, Batala Road, Vijay Nagar, Amritsar - 143001, Near Manjot Gas Agency"
"Guru Nanak Ivory Works","+ 91  9815574935","207,, Focal Point,, Amritsar - 143001"
"GURU NANAK MACHINERY CO","+ 91  183 2580914","59-60, INDUSTRIAL AREA, Mohan Nagar, Amritsar - 143006, EAST MOHAN NAGAR"
"Guru Nanak Fruit Shop","+ 91  9356038334","Shop No 1, O/S Hall Gate, Amritsar - 143001"
"Guru Nanak Pagri House","+ 91  183 2534799","main road, ramsar Road, AMRITSAR - 143002, near gurdwara"
"Guru nanak mobile","+ 91  9815737891","M m malviya road, Amritsar - 143001, Near Art gallery"
"GURU ARJUN DEV JI DAIRY","+ 91  9876241275","adda Dehri Wala, main bazar, Amritsar - 143001, near gurdwaar"
"Guru Nanak Stationery","+ 91  183 5099630","Batala Road,, Amritsar - 143001"
"Guru Nanak Furniture & Timber ...","+ 91  183 2765925","Chawinda Devi, Amritsar - 143504, Near Mandir Mata Da"
"Guru Nanak General Store","+ 91  9815340244","Amritsar - 143001, Chowk Chheharta"
"Guru Gobind Singh Khalsa College","+ 91  1852 2502047","Sarhali, Amritsar - 143410"
"Guru Nanak Aluminium Fabrication","+ 91  9988017435","100 Foot Road, Amritsar - 143001"
"GURU KIRPA CAR SHINGAR","+ 91  9646424942","SHOP NO 12, Kacheri Road, Amritsar Kutchery, Amritsar - 143001, NEAR SWANI MOTORS"
"Guru kirpa telecom","+ 91  9779057054","12, Amritsar - 143001, Shivala road"
"Guru Kirpa Concrete","+ 91  9501621496","55-56, Second Floor, Deep Complex, Court Road, Amritsar - 143001, Opposite Doaba Automobile,"
"Guru Nanak Bhavan","+ 91  183 2545480","Amritsar,, Amritsar - 143001"
"GURU ASIS DECORATORS","+ 91  183 5053731","57, LIBERTY MARKET, Amritsar - 143001, OPP RAILWAY STATION"
"Guru Nanak Jewellers","+ 91  9915070554","Valtoha Road, Amritsar - 143001"
"Guru KIRPA mobile corner","+ 91  9256399597","Mata kuala market, Amritsar - 143001, Liberty market"
"Guru Nanak Clinic","+ 91  183 2274220","Bhoriwala Chowk, Amritsar, Amritsar - 143001"
"Guru Kirpa Dream Selection","+ 91  183 2402939","Friends Hotel, Railway Link Road, Amritsar - 143001, 09653860316, 9472986288"
"Guru Nanak Jewellers","+ 91  9855618618","Near Tike Shah Di Hatti, Bhindiya Saida, Amritsar - 143001"
"Guru KRIPA telecom","+ 91  9803100032","12,liberty market, Near railway station, Amritsar - 143001"
"Guru Ansh Sweet Shop","+ 91  8194592162","Near Church, ADA Ghaniye K Bangar, Amritsar - 143001"
"Guru Kirpa Travels","+ 91  9357840033","Opp Cycle Market sh no 15, near Railway Road, Amritsar - 143001, police station"
"Guru Nanak Machine Tools","+ 91  183 2233496","1-2, Kapoor Nagar,, Sultanwind Road, Amritsar - 143001"
"GURU NANAK CYCLE STORE","+ 91  9814675819",""
"Guru Teg Bhadur Welding Works","+ 91  8872105160","Pind Chima Bath, Po Rayia, Amritsar - 143001, Near Govt. High School"
"Guru Ramdas Auto Electric Works","+ 91  9417427931",""
"Guru Nanak Property Advisor","+ 91  9814392824","Gali No.11, T.T Road, Amritsar - 143001, Ganda Singh Colony, Backside Mata Kaulan Ji Bhalai Kender"
"Guru kirpa chaman lal hair dre...","+ 91  8427284350","Goal bagh, Amritsar - 143001, Near railway station"
"Guru Kirpa Jyotish & Vastu Sol...","+ 91  9217718455","Shop No.11, Amritsar - 143001, Johar Market,Pratap Avenue"
"Guru Kirpa","+ 91  9872595918",""
"Guru Furniture House","+ 91  183 2566874","G T Road, Amritsar,, Amritsar - 143001"
"Guru Amardas Hardware & Spare ...","+ 91  9592427104",""
"Guru Kirpa General Store","+ 91  9988117374","#91, janta colony, Amritsar - 143001, near shiv mandir"
"Guru kirpa gift centre","+ 91  7355337406",""
"Guru Amrit Job Point","+ 91  9876952990","Main Bazaar, Bus Stand, Amritsar - 143001, Gol Masjid Gali"
"Guru Nanak Computer Academy","+ 91  9779650800",""
"Guru Nanak Telecom","+ 91  9988186596","Main Bazaar, Islamabad, Amritsar - 143001, Near punjab and sind bank"
"Guru Wali Engineers","+ 91  183 2235557",""
"Guru Nanak Rediater","+ 91  9888087246","Jandiala Guru, Main Gt Road, Amritsar - 143001, police station n BDI office"
"Guru Ramdas Ro Water Purifier","+ 91  9646707073",""
"Guru Nanak Auto Mobile","+ 91  8054551235","Shop no. 4, Indra colony, Amritsar - 143001, Majitha road"
"Guru Ram Dass Dental Hospital","+ 91  9646440734",""
"GURU KIRPA PROPERTY DEALER","+ 91  8054874465","Ranjeet Avenue, Ranjeet Avenue Block A, Amritsar - 143001, NEAR ASHOKA KULCHA LAND"
"Guru Ram Dass Public School","+ 91  183 2700967",""
"Guru Nanak motor driving school","+ 91  8198042839","Na, OPp commissioner police, Amritsar - 143001, BATALA ROAD"
"Guru Ram Dass Motors","+ 91  9815328656",""
"GURU NANAK VAISHNO DHABA","+ 91  8591427650","Shop no 6, Chati wind chowk, Amritsar - 143001, Near gurudwara shree ganj sahib"
"Guru Nanak Gift Center & Ready...","+ 91  9872485253",""
"Guru Teg Bahadur Saheb","+ 91  9888974986","40, Street Number-4, Majitha Road, Gopal Nagar, Amritsar - 143001, Nehru Colony"
"Guru Ram Dass Computer Centre","+ 91  183 2548371",""
"guru it solutions","+ 91  9814972420","kirpal colony, majitha road, Amritsar - 143001"
"Guru Ram Dass Plywood & Timber...","+ 91  9646913220",""
"Guru Kirpa Bharat Gas","+ 91  7814505019","plot no-13, Amritsar - 143001, near jaura fatak"
"GURU KIRPA SANITARY & HARDWARE...","+ 91  9872088565",""
"Guru Ram Dass Medicos","+ 91  183 2422734","Majitha Road, Amritsar, Amritsar - 143001"
"Guru Ram Dass Timber Store","+ 91  9780920700",""
"Guru Nanak Industries","+ 91  9814328614","Gilwali O/S, Octroi Post, Amritsar - 143001, Tarn Taran Road"
"Guru Ram Dass Industries","+ 91  9815108020",""
"Guru Nanak Tent House","+ 91  9872048090","Main Market, Near SBI Bank, Amritsar - 143001"
"Guru Ram Dass Trading Co.","+ 91  9815264862",""
"guru Kirpa Auto & Spare Part","+ 91  9878888312","Main bazar, amritsar road, Amritsar - 143001, hargobindpura"
"Guru ram dass tractor","+ 91  9417320203","48,hide market, Gt Road, Amritsar - 143001, Near bus stand"
"Guru Nanak Electric Works","+ 91  9888333547","Jhabal Road, Amritsar - 143001, Adda Bohru Pull, Saghna Colony"
"Guru Ram Dass ICE Factory","+ 91  183 2482113","T T Road, 143-Kot Manna Singhtarn Taran Road, Amristar, AMRITSAR - 143001"
"GURU KIRPA COLLECTION & BOUTIQUE","+ 91  8146167776","Flat no 5, B block market ranjit avenue, Ranjit Avenue, Amritsar - 143001, Ranjit avenue"
"Guru Nank JCB & Crane Service","+ 91  9464659615",""
"GURU NANAK TELECOM","+ 91  9988053063","Sant nagar, Amritsar - 143001, kallu ka akhara"
"Guru Kirpa School Auto & Van S...","+ 91  9988177896","Plot No-55-56, St No-2, Amritsar - 143001, Nr Cipet Hostel, Vikas Ngr, Khandwala"
"guru Tegh Bahadur Electric Co.","+ 91  9888721261","main Bazar, Main market, Amritsar - 143001, Jalandhar road"
"Guru Ram Dass Wood Works","+ 91  9781288271",""
"Guru NANAK cement store","+ 91  9878141106","Putlighar, GT road, Putligarh, Amritsar - 143002, Near bata shoe company"
"Guru Ram Dass Tile Store","+ 91  9815183016",""
"Guru Arajan Mills Store","+ 91  183 2224064","Putlighar, Amritsar - 143001, G.T Road"
"Guru Ram Dass Kheti","+ 91  9815850582",""
"Guru Nanak Medical Store","+ 91  183 2763758","Batala Road, Kathu Nangal, AMRITSAR - 143502"
"Guru Nanak Cement And Shuttrin...","+ 91  9914113338",""
"Guru Nanak Cloth Store","+ 91  183 2545163","Chowk Karmo Deori, Katra Jaimal Singh, Amritsar - 143006"
"Guru Ram Dass Nursery","+ 91  9878138887",""
"Guru Kirpa Handloom House","+ 91  9988477540","Hari Singh Market, Katra Jaimal Singh, Gandhi Bazar, Amritsar - 143006"
"Guru naank sanitary and hardwa...","+ 91  9780077760",""
"Guru Kirpa Rumala House","+ 91  9356023459","Guru Bazar, Golden Temple, Amritsar - 143006"
"GURU NANAK Auto Spare And Service","+ 91  9815457226",""
"Guru rakha gift corner","+ 91  9855768847","140/7, City centre, Amritsar Bus Stand, Amritsar - 143001"
"GURU NANAK PLYWOOD AND ELECTRO...","+ 91  9216789123",""
"Guru Nanak Store","+ 91  183 5060510","9-B, Basant avenue, Amritsar - 143001, Basant Avenue Market"
"guru ram dass photostat","+ 91  8591123300",""
"Guru kirpa dental clinic","+ 91  9463581531","Phase 7/33a, Mata Kaulan Marg, Amritsar - 143001, Kashmir Avenue"
"Guru Ram Dass Indu.","+ 91  9814130927",""
"Guru nanak lubricants","+ 91  9646826717","Shop no 52, Akali phoola singh market, Amritsar Bus Stand, Amritsar - 143001, Ghee mandi"
"Guru nanak pipe and hardware s...","+ 91  9316116386",""
"Guru karan Niwas","+ 91  183 2553768","1510, Golden Temple, Amritsar - 143006, Baba Atal Sahib Chowk, Opposite Dera Mitha Tiwana"
"Guru Ram Dass Kheti Store","+ 91  9815850582",""
"Guru nanak sanitary","+ 91  9988554624","Rattan Singh Chownk, Amritsar - 143001"
"Guru Ram Dass Ice Factory","+ 91  183 2522765",""
"Guru Nanak Dental CarebCentre","+ 91  9914243163","main road pawan nagar, Krishna Square, Amritsar - 143001, opposite celebration mall"
"Guru Ram Dass Dairy","+ 91  9814292141",""
"Guru NANAK motors","+ 91  9779269623","Shop no 1, Hussainpura chowk, Amritsar - 143001"
"Guru Ram Dass Welding Works","+ 91  9855604999","Ajnala Road, Amritsar - 143002, Guru Amar Dass Avenue, Near Wood Shop,"
"Guru Di Hatti","","Amritsar - 143001, Lohar Gate"
"Guru Amardas Hardware Sanitary...","+ 91  183 2452034","G T Road, Naraingarh, Amritsar - 143105, Near Kalgisar Gurudwara"
"GURU OAT MOBILE SHOP","+ 91  9646394394","SHOP NO 10, ROAD KOT ATMA SINGH, Amritsar Bus Stand, Amritsar - 143001, OPP MAHAJAN MURABBA WALEY"
"Guru Nanak Timber And Furtnitu...","+ 91  9815981413","15 km out of, Wagha Border Road, Attari, Amritsar - 143108, Near Attari Bus Stand"
"Guru Mobile Store","+ 91  9855394394","Amritsar Bus Stand, Amritsar - 143001"
"Guru Ram DAS Agriculture Servi...","+ 91  9217910468","Jandiala Guru, Amritsar - 143115"
"Guru Nanak Saree House","+ 91  9356848700","G T Road, karma deaori, Amritsar - 143001, near tapu shah di hatti"
"Guru Teg Bahadur College Of Nu...","+ 91  183 6578833","Vairowal Road, Jandiala Guru, Amritsar - 143115, Bagh Heera Singh Colony"
"GURU KRIPA KULCHA BHANDAR","+ 91  8558094917","SHIVALA ROAD, Amritsar - 143001, NEAR SHIVALA PHATAK"
"Guru Kirpa","+ 91  9988402191","Shop No 12, Kot Atma Ram, AMRITSAR - 143006, Mahajan Murabe Wala"
"Guru amar dass rikshaw company","+ 91  9646165955","G.t road putli ghar, Amritsar - 143001, Near amar jyoti school"
"Guru Nanak Beej Store","+ 91  9988448180","Gerry Road, Jandiala Guru, Amritsar - 143115, Near High School"
"Guru Nanak Property Advisor","+ 91  9814730285","Ghanupur Road, Chheharta Railway Station, AMRITSAR - 143105, Near Gurudwara, Khandwala, Chheharta"
"GURU KIRPA AGRO SPAREPARTS","+ 91  9814920751","SAMRA COMPLEX, G.T ROAD, Jandiala Guru, Amritsar - 143115, OPPOSITE DANA MANDI"
"Guru Infotech","+ 91  9417075876","40, Katra Karam Singh, Amritsar - 143006, Nr Sultanwind Rd,Kot Karnail Singh"
"guru gobind singh nursing trai...","+ 91  9216550075","vill rampura, post office chitti kalan, Jandiala Guru, Amritsar - 143115, gt rd daburji"
"Guru kirpa photo framing","+ 91  9501748260","Mehan singh gate chowk, Amritsar - 143001, Near Suraj chanda cinema"
"Guru Kirpa Kheti Store","+ 91  9023516492","Jandiala Guru, Amritsar - 143115, Raiway Phatak Gehri Mandi"
"Guru Kirpa Electricals","+ 91  8054869356","Shop no. 115, Ranjit Avenue A Block, Ranjit Avenue, Amritsar - 143001, Near Parvati Devi Hospital"
"Guru Teg Bahadur Kheti Store","+ 91  9217910461","Jandiala Guru, Amritsar - 143115"
"Guru Aatam Vallabh Jain Instit...","+ 91  9417002930","Jain Bhawan, Jain Mandir Street, AMRITSAR - 143001"
"Guru Nanak Kheti Store","+ 91  9888678531","Jandiala Guru, Amritsar - 143115"
"Guru Nanak Motors","+ 91  183 2548535","1351, Hide Market, G.t Road, Hide Market Amritsar, Amritsar - 143001"
"Guru Nanak Combine","+ 91  9646451314","village-vadala johal, Jandiala Guru, Amritsar - 143115, near thind workshop"
"Guru Kirpa Silk Store","+ 91  183 2530928","1st Floor, Rattan Plaza,Chownk Karmon Deori, Amritsar - 143001, Opposite ICICI Bank"
"Guru Kirpa Paint & B/M","+ 91  9417605005","Sarain Road, Jandiala Guru, Amritsar - 143115, Near Pnb Bank"
"Guru Nanak Tyres","+ 91  9815423063","Shop No-10b, Amritsar - 143001, Ram Talai, Kabari Mkt"
"Guru Nanak Dairy","+ 91  183 2229194","Ram Tirath Road, Amritsar - 143001"
"Guru Hargobind Sahib Property ...","+ 91  9888040310","Amritsar - 143001, Chowk Jahlianwala Ghanupur, Khandwala"
"Guru Nanak Readymade Garments","+ 91  9803838945","Ram Tiraha Road, Amritsar - 143002, Boali Sahib"
"Guru Kirpa Property Advisor","+ 91  9815645282","Gali No-8, Main Bazar, Amritsar - 143001, Sunder Nagar"
"Guru Ramdass Electric Works","+ 91  9463540008","Near Power House, Ram Dass, Amritsar - 143603"
"Guru Amardass Spare Parts","+ 91  9915591330","Batala Rd, Amritsar - 143001, Mehta Chowk"
"Guru Ram DAS Kheti Store","+ 91  9914048580","Amritsar - 143001"
"Guru Nanak Sr Sec School","+ 91  9814113711","Khandwala, Amritsar - 143001"
"Guru Ram DAS Cement Spun Pipe ...","+ 91  9914750603","Katra Karam Singh, Amritsar - 143001"
"Guru Nanak Cement Store","+ 91  183 2440723","Daburji, Daburji Village, Gt Road, Amristar, Amritsar - 143001, Near Sant Petrol Pump"
"GURU RAM DAS TRUNK PETTIE HOUSE","+ 91  9915598910","main bazar, inside ram bagh gate, Amritsar - 143001, Ram Bagh Gate"
"Guru Kripa Communication & Ele...","+ 91  9872596395","Shop No 1, Friend Hotel Building, Railway Link Road, Amritsar - 143001, Near Railway Station"
"guru ram das medicos","+ 91  9814607539","Ram tirath road, nikka Singh Colony, Amritsar - 143001, near ashirwad hospital"
"Gurus Overseas Education","+ 91  183 2223353","226,1st Flr, Cooper Rd, Amritsar - 143001"
"Guru Ram Das Attachi House","+ 91  183 2293066","G T Road, Amritsar - 143001, Pultighar"
"Guru Nanak TV Centre","+ 91  183 5090950","Khurmanian Rd, Amritsar - 143001, V Po-Khasa-Adda"
"Guru Ram DAS Traders","+ 91  9803885547","Chowk Bijli Hall Bazar, Amritsar, O/S Hall Gate, Amritsar - 143001"
"Guru Nanak Motor Parts","+ 91  9815366756","Plot Number- 78, Amritsar - 143002, Goal Bagh , Near State Bank Of India"
"Guru ram Das patanjali","+ 91  9356425009","Main bazaar, Taran Taran road, Amritsar - 143001, Near Partap market"
"Guru Ramdass Engg Co","+ 91  183 2580984","42, G T Rd, Amritsar - 143001, Pratap Ngr"
"Guru Ram Das Auto Repair works","+ 91  9888005432","O/s Hathi Gate, Hathi Gate, Amritsar - 143001, Opp.nagar nigam workshop"
"Guru Nanak Handicrafts","+ 91  183 2293876","214, Mehta Rd, Amritsar - 143001, Focal Point"
"Guru RAM das dairy","+ 91  9592455333","Main bazaar, Main road street no 3, Amritsar - 143001, OPP Sant Petrol Pump"
"Guru Kirpa Catters","+ 91  9780234700","Amritsar - 143001, Nr Chheharta Girls High School, Kalan Wala Morh"
"Guru Ram Das Telecom","+ 91  8557855713","Khandwala, Chheharta, Amritsar - 143001, Near Gurudwara Hargobind Sahib"
"Guru Kirpa Chem","+ 91  183 2221548","Amritsar - 143001, Babbar"
"guru RAM DAS AIR CONDITIONER E...","+ 91  9814025235","SHOP no. 1, BATALla Road, Krishna Square, Amritsar - 143001, Opposite Celebration Mall"
"The Guru Furniture House","+ 91  9780985120","Gali No-4, Gt Rd, Amritsar - 143001, Ranjit Pura, Nr Post Office Khalsa College"
"Guru Ram Das Air Conditioners","+ 91  9592197580","Batala Road, Amritsar - 143001, Near Randhawa Hotel"
"Guru Gobind Foundry & Machine ...","+ 91  183 2484135","64, Mehta Rd, Amritsar - 143001, Focal Point"
"GURU RAM DAS MEDICOS","+ 91  9872644229","shop No 22, Majitha Road, Amritsar - 143001, GURU NANAK DEV Hospital, Opposite Sacred Heart School"
"Guru Nanak Cloth House","+ 91  9646926858","Near Golden Temple, Bharabuta market, Amritsar - 143001"
"Guru ram Das auto parts","+ 91  8054427898","Shop no9, Sutra singh road, Khalsa College, Amritsar - 143001, Near railway crossing"
"Reliance Infocomm Ltd Customer...","30333333",""
"Guru Ram Das Atta Chhaki","+ 91  9803009957","Plot No L 1/410, kapoor nagar, Sultant Wind Gate, Amritsar - 143006, near petrol pump"
"Samsung Service Centre","+ 91  183 5005968",""
"Guru Ram Dass Hospital","+ 91  183 2870200","Mehta Road, Vallah, Amritsar - 143001"
"Tata Docomo Brand Store","+ 91  183 6540221","Shop No-19, Deep Cplx, Court Rd, Amritsar - 143001, Opp Duaba Bajaj & Bank Of Punjab"
"Guru Amar DAS Filling Station","+ 91  9815205076","Village Basarke Amritsar, Basant Avenue, Amritsar - 143001"
"Shivani Electronics","+ 91  183 5014080","6 , Kamal Tower, Batala Road, Amritsar - 143001, Near Kamal Palace Apna Ghar"
"Shree Maruti Courier Services ...","+ 91  9356143283","Goyal Plaza, Amritsar - 143001, Near Amrit Cinema Leather Bazar"
"VIKAS TRAVEL SERVICE","+ 91  183 2563154","52-A, Rani Ka Bagh, Amritsar - 143001, Nr Sadar Police Station"
"Airtel Store - KHK Mart","+ 91  183 5005353","Main Chownk Maqboolpura, Mehta Road, Amritsar - 143001, Opp Elevated road"
"K A Sahni Enterprises","+ 91  183 5007577","Shop No G-10 ,2nd Floor, Ganpati Toer, Lawrence Road, Amritsar - 143001"
"Flyking Courier Services Pvt Ltd","+ 91  183 2551731","2576, Amritsar - 143001, Bazar Bikaneria, Katra Ahluwalia"
"Lifestyle Store Pvt Ltd","+ 91  183 6600100","Plot No-C-4, Trilium Mall, Circular Road, Amritsar - 143001, Opposite Basant Avenue"
"AS MOBILE SERVICE","+ 91  183 5003114","shop No 27,20 Upadhya Complex, 2nd Floor, Deen Dayal, Bhandari Brigde, Amritsar - 143001, Amritsar"
"Htc Service Center","18002663566","Shop No.G-10, 2nd Floor, Ganpati Tower, Lawrence Road, Amritsar - 143001"
"Service Club","+ 91  183 2222121","Lawrance Raod, Amritsar - 143001, Rambagh Garden"
"IFB Service Center","+ 91  183 3900432","Amritsar - 143001"
"samsung store","+ 91  9872595866","cementry road, putlighar, Amritsar - 143001"
"Whirlpool Service Center","+ 91  183 4549000","Amritsar - 143001"
"Nike Store","+ 91  183 5070957","Shop No 24 23, 1st Floor, Trilium Mall, Wing A, Amritsar - 143001"
"Reliance Mobile Store","+ 91  9317888880","Shop No. 90, First Floor, Lawrence Road, Amritsar - 143001, Inside Nehru Shopping Complex,Opposite Novelty Sweets"
"anil store","+ 91  9779548726","57 pink plaza, opp hall gate, Pink Plaza Market, Amritsar - 143001, nr subhash juice bar"
"BAJAJ INTERNATIONAL","+ 91  183 5053300","shop no 87, Ground Floor, NEHRU SHOPPING COMPLEX, Lawrence Road, Amritsar - 143001, Opp. Novelty sweets"
"RELIANCE DIGITAL STORE","+ 91  9779856452","Hall bazar, Amritsar - 143001, near sardar pagri house"
"Iball Service Centre","+ 91  9023365597","Shop no 19 FF, Majitha complex, Amritsar - 143001, Opp.ent hospital"
"Best Price Modern Wholesale Store","+ 91  9646006991","75/26 - 75/14, Gt Jalandhar Highway Road, Amritsar - 143001, Aipl , Ambuja Dream City, Village Manawala"
"Aforeserve.com Ltd","+ 91  183 5050830","Plot No 336, 1st Floor, Lawrence Road, Shastri Nagar, Amritsar - 143001, Opp BR Modern School"
"Nike Store","+ 91  183 5093200","Alfa One, Shop No Ff-38, 1st Floor, Mbm Farms, Sultan Wind G T Road, Amritsar - 143006"
"Baldev Electronics","+ 91  9815770653","Shop No-4, Amritsar - 143001, Prakash Market"
"Shree Tirupati Courier Service","+ 91  9888485669","16. Darashing Building, 2nd Floor,, Amritsar - 143001, Kairon Market, Halla Bazar, Near Post Office"
"Toshiba Service Center","+ 91  9815574960","Amritsar - 143001"
"Sony Exclusive Stores","18001037799","29, Queen Road, Amritsar - 143001"
"Dell Exclusive Store","+ 91  183 5014053","Nehru Shopping Complex, Lawrence Road, Lawrence Road, Amritsar - 143001, Nr Novelty Sweets"
"UTI Infrastructure Technology ...","+ 91  183 2500197","Sco -34, 1st Floor, District Shopping Complex, Ranjeet Avenue Block B, Amritsar - 143001"
"Shri Guru Tegh Bahadur Niwas","+ 91  7508466458","586, Gali Sodhian, Golden Temple, Amritsar - 143006, Mahan Singh Road"
"Samsung store","+ 91  9650335183","maqbool road, Amritsar - 143001, near chungi"
"Tommy Hilfiger Store","+ 91  183 5034409","Shop no 9 G.F, G T Road, Amritsar - 143001, Alpha one mall"
"Sri Guru Angad DEV JI Imphal S...","+ 91  183 3296559","Amritsar - 143002, Mata Kaula Colony, Opp Gurudwara Mata Kaula Ji"
"British Counselling & Educatio...","+ 91  183 2504426","Sco 33, Shopping Cplx, Amritsar - 143001"
"Mahindra & Mahindra Financial ...","+ 91  183 6575167","Shop No 85 City Centre 1st Floor, G T Road, Main Road, Amritsar - 143001, B/S Sangam Cinema"
"Worldwide Immigration Consulta...","+ 91  183 6616200","Sco-112,ICICI Bank Bldg, District Shopping Centre, M K Hotel Rd, Amritsar - 143001, Ranjit Avenue"
"Mask fashion store","+ 91  183 5052400","Shop no 23,first floor, alpha one mall, Amritsar - 143002, gt road"
"Samsung Service Center","+ 91  9876592088","RS TOWER, 22 friend lane, mall raod, Street number 8, Amritsar - 143001, compny garden"
"The Mobile Store","","8, G R Complex, Queen Road, Amritsar - 143001, Near Popular Bakery"
"dhir General store","+ 91  8427452625","shop no :4, Main bazar, Amritsar Bus Stand, Amritsar - 143001, Near Bus stand"
"Woodland Store","+ 91  183 5067707","Shop Number 4a, Lawrance Road, Amritsar - 143001, Opposite Pizza Hut"
"I Ball Mobiles Service CentrE","+ 91  9915240562","Main market, Amritsar - 143001, MAJITHA road"
"Mac Store","+ 91  183 6611921","C/O Shoppers Stop, Alpha One Mall, G t Road, Amritsar - 143001, Near Ista Hotel"
"Eco info service","+ 91  8559058165","Building no-29 2nd floor deep complex, Court Road, Amritsar - 143001"
"Amardeep Electronics","+ 91  183 2555048","Seth Complex, Amritsar - 143001, Hall Bazaar, Near Reliance Digital Express"
"Aakash Institute","+ 91  183 5051029","Sco No 11, 1st & 2nd Floor, District Shopping Complex, Ranjit Avenue, Amritsar - 143001, B Block"
"DTDC Courier Service","+ 91  183 2220043","1st Floor, Suri Complex, Opposite Ralway Station O, Amritsar - 143001"
"A M cement store","+ 91  9810914930","shop 10, gate bhagtanwala, Amritsar - 143002, near railway station"
"Puma Store","+ 91  183 5034412","Shop No. 26, G T Rd, Amritsar - 143001, Alpha one mall"
"M/S. Shri Ram Ashram SR. Sec S...","+ 91  183 2264524","Satnam Avenue Batala Road, Amiritsar, Amritsar - 143001, Nr.sun City Amusement Park"
"New Guru Nanak Transport Co","+ 91  9814300676","Amritsar - 143002"
"Thyrocare Aarogyam Centre","+ 91  8054180767","Shop No 33-34-35, Aditya, Amritsar Bus Stand, Amritsar - 143001, New Corporation Market, Outside Hathi Gate"
"ABTC VOLVO BUS SERVICE","+ 91  183 2735529","CITY CENTRE, Amritsar - 143001, Near Amritsar Bus stand"
"Hotel Guru Kalgidhar Residency","+ 91  183 5052244","Chowk Parag DAS, Golden Temple, Amritsar - 143006, Near Golden Temple"
"Reebok Store","+ 91  183 5092000","3 A,, Lawrence Road,, Lawrence Road, Amritsar - 143001"
"Nautica store","+ 91  183 6600507","Sh no 15,16 a wing, Trilium mall, Amritsar - 143001"
"Shree Nandan Courier Service P...","+ 91  183 5011769","282 East Mohan Nagar, Amritsar - 143001, Opposite State Bank Of Patiala"
"Calvin Klein Jeans Exclusive S...","+ 91  8558812040","48 B, Mall Road, AMRITSAR - 143002, Opposite Khurana Jewellers"
"Biba Store","+ 91  183 5031761","Shop Number- 11, Ground Floor, Alpha One Mall, G T Road, Amritsar - 143001"
"State Bank Of India Jandiala Guru","+ 91  183 2430101","Jandiala Guru, Amritsar - 143115"
"Lotto Shoe Store","+ 91  183 2558844","Hall Bazar, Amritsar, Main Road, Amritsar - 143001, Near National Watch Company"
"Delhi Chappal Store","+ 91  8284920111","Shop Number 9 New Ldh Market, Amritsar Bus Stand, Amritsar - 143001, Near Bus Stand"
"Gupta Pipe Store","+ 91  183 5066151","Mahan Singh Gate, Amritsar Bus Stand, Amritsar - 143001, Opposite Jagat Jyoti School"
"Ashoka Rescue Air Ambulance...","+ 91  8826171818","106 ,Palam Vihar Ext., Amritsar - 143001"
"Z Security Services Regd","+ 91  9815577778","First floor, Chaudhary Market, Amritsar Bus Stand, Amritsar - 143001, Backside Punjab National Bank Opposite Civil Hospital"
"Deepstar security services","+ 91  7814414146","Amritsar - 143001"
"Shri Ram Infotech","+ 91  183 5014132","Shop 2 Chowk Baba Bhori Wala Inside Sultanwind Gate, Amritsar - 143001, Near Post Office"
"Walia motor store","+ 91  9814097997","shop no. 143 A, Truck stand, Amritsar - 143001, G.t. Road"
"M P Pest Control Services","+ 91  9814172670","Shop Number 3499 Bahadur Nagar, Sultanwind Road, Sultanwind, Amritsar - 143006, Near Baniya Kriyana Store"
"Saini Paint Store","+ 91  183 2423736","Shop Number 1, Fatehgarh Churian Road, Amritsar - 143001, Near Nirankari Colony And Lifecare Hospital"
"Punjab Secure Security Serv...","+ 91  9814745112","A 31 Jawahar Nagar, Gali Singh Electrical, Amritsar - 143001"
"Kahlon Chicken & Meat Store","+ 91  9988764646","Shop Number 7, Loharka Road, Amritsar - 143001, Near State Bank Of India"
"Krishna Security Service Regd","+ 91  9876705211","Sandhu Colonel, Cheta Saab Road, Amritsar - 143002"
"Lifeline Medicare Services","+ 91  9814298322","Sco-1,2, 1st Floor, Amritsar - 143002, Majitha Road"
"I Care Pest Control Service...","+ 91  9988000446","Shop Number 77, Amritsar - 143002, Near Bus Stand"
"Dtdc International & Domest...","+ 91  183 5061093","Gurdware Wali Gali, Majitha Road,, Amritsar - 143002, Bhawani Nagar, Opp Handa Jewellers,"
"Gktc Building Material And ...","+ 91  7508311111","Shop Number 4 Circular Road,Near Anand Hospital Chattiwind Gate Transport Area Jahaj Garh, Amritsar - 143002, Near Bamrah Pump"
"Khalsa Highways Bus Service","+ 91  9814064235","Amritsar - 143002, Gurnam Nagar"
"S S S S Immigration Services","+ 91  183 5018295","Number 280 Partap Avenue Phase 2 G T Road, Amritsar - 143001, Opposite Alpha One Mall"
"Amritsar Sanitary And Hardw...","+ 91  9988877782","Guru Nanak Colony, Sultanwind Road, Amritsar - 143001, Near Gobind Nagar Gate Opposite Allahabad Bank"
"R K S Daily Needs Store","+ 91  9888103612","635 Lane Number 8 Greenfield, 27 Feet Road Majitha Road, Amritsar - 143001, Near Sarpal Gym"
"King Groups Security Servic...","+ 91  183 2220108","2nd Floor, Batala Road, Amritsar - 143006, Above Punsup Gas Servicenear Miglani Hospital"
"Deepstar Housekeeping Services","+ 91  8528361461","House Number 427, Number 2 Doctor Het Ram Colony Naraingarh, Chheharta, Amritsar - 143105, Near Krishna Mandir"
"Currents Technology Retail Ind...","+ 91  183 5096005","Shop No-15, Groud Floor, Alpha One Mall, Main G T Road, Amritsar - 143001"
"Airtel Store","+ 91  9815012345","1, Court Road, Amritsar - 143001, Kacheri Chowk"
"B2X","+ 91  183 5099299","Sco No 29, National Shopping Complex, Amritsar - 143001, Hide Market"
"Ahd COMMUNICATIOn","+ 91  183 5012999","1st FLOOR, Main bazar, Amritsar - 143001, Bhai Ghanaian market"
"Perfect Mobile Repair Centre","+ 91  9855680786","Shop No. 19-20, 210-A, Queens Road, Amritsar - 143001, Simran Plaza Market"
"I service apple care &repair","+ 91  9803046333","Shop no.6 Nehru shopping complex, Lawrence road, Amritsar - 143001, Opp Lawrence road"
"Sony Bros Electronic Service","+ 91  183 2541793","S C O 24 National Shopping Complex, Amritsar Road, Amritsar Bus Stand, Amritsar - 143001, Near Nandan Cinema Chowk And Near Bus Stand"
"Vodafone Store","111","Kharsa No-1028, Lawrence Road, Amritsar - 143001, Urban Circle No-10,Nr Lawrence Hotel"
"Samsung Service Center","+ 91  183 30308282","Amritsar - 143001"
"Dhan Dhan Shri Guru Ram Dass J...","+ 91  9876591916","Opp Pani Wali Tanki, C/6, Amritsar - 143001, Circular Road, Sultanwind Gate"
"Dhan Guru Ram Dass Trading Co.","+ 91  9915555571","Main Gali No.5, Peera Wali Gali, Amritsar - 143001, Near Harjinder palace"
"Shri Guru Ram Dass Tour & Travels","+ 91  9417779272","Shop No 16, Bhagat Ravi Dass Market, Golden Temple, Amritsar - 143006, Near Pani Wali Tanki"
"Hari ram amar nath general store","+ 91  183 2551299","Shop no 3,, majith mandi, Amritsar - 143001, Gujjran Bazaar"
"Dhan Dhan Shri Guru Ram Daas J...","+ 91  9876591916","C/6, Cirucular Road, Sultanwind, Amritsar - 143021, Opp Pani Wali Tanki"
"Chogwan Multipurpose Cooperati...","+ 91  9815959762","35, Main Road, Amritsar - 143002, Mehta, Near Guru Baba Bagala Gurudwara"
"Shri Guru Ram Dass Buliding Ma...","+ 91  9876112562","Office Number 2, G T Road, Amritsar - 143001, Opposite Essma Woolen Mills, Near Putlighar"
"Medical Supdt Sh Guru Ram Dass...","+ 91  183 2535039","Sh.guru Ram Dass Hospital ,Research And, Medical Inst ,Chatiwind Gate Circulr Rd, , ,Amritsar-"
"Medical Supdt Sh Guru Ram Dass...","+ 91  183 2535041","Guru Ram Dass Hospital ,Research And, Medical Inst ,Chatiwind Gate Circular, , Rd ,Asr-"
"Ambika International Man Po...","+ 91  183 5050916","Sco 88 First Floor, Ranjit Avenue, Amritsar - 143002, Backside Old Passport Office"
"B Gurmukh Singh & Sons","+ 91  183 2545454","Hall Bazar, Amritsar - 143001"
"S.S.S.S Security Services","+ 91  9888314362","shop no 36-37, Chaudhary Plaza, Gt Road, Amritsar - 143001, Opp Civil Hospital Rambagh"
"H S Rental Services","+ 91  9417830325","Number 5 Government Colony, Maqbool Road, Amritsar - 143002, Near Sukh Sagar Hospital"
"Ram Lubhaya & Sons","+ 91  9815993237","Shop Number A1 Aarya Samaj School Building, Lawrence Road, Amritsar - 143001, Opposite B B K Dav Girls College"
"Pandit Ram Avtar Jyotishi G...","+ 91  9872037099","54 D, Number 3 Mata Ke Mandir Wali Gali G T Road, Model Town, Amritsar - 143002, Near Royal Enfield Agency"
"Capital Photo Service","+ 91  183 2543422","Shop Number 10 Hall Bazar, Amritsar - 143001, In Front Of Airtel Office 1km From Bus Stand"
"Ram Di Hatti","+ 91  183 2553047","Chowk Katra Jaimal Singh Nai Sadak, Katra Jaimal Singh, Amritsar - 143006, Next To Bharwan Da Dhaba"
"Singh Transport Service","+ 91  183 6530233","Shop No-5 Nr Guru Ram Das dental college, Amritsar Bus Stand, Amritsar - 143001, Opposite maqboolpura police station"
"Habile Outsource Business S...","+ 91  9780786544","755/7, Gali Teliya Wali, Amritsar - 143006, Near Namak Mandi"
"Orient Exchange And Financi...","+ 91  183 2402950","Shop No 74,Lower Ground Floor, Railway Link Road, Amritsar - 143001, Near Liberty Market"
"Shri Durga Publicity Service","+ 91  9872773792","Number 2743/478, Amritsar - 143001, Opposite Amar Jyoti School Near Sadar Thana"
"Life Link Ambulance And Hea...","+ 91  9888877730","Amritsar - 143001, Near Fortis Hospital"
"Ramesh Seed Store","+ 91  9779773163","Old Sabji Mandi, Hall Bazar, Amritsar - 143001, Opposite Hall Bazar"
"Bhai Chanda Singh Taxi Serv...","+ 91  9872204494","Shop Number 115, Chowk Malkabut, Golden Temple, Amritsar - 143006, Opposite Dharma Singh Market"
"Edge Overseas Educational S...","+ 91  183 2223743","243, Maqbool Road, Basant Avenue, Amritsar - 143001, Opposite Sukh Sagar Hospital"
"Namdhari Crane Services","+ 91  9815141102","G T Road, Amritsar - 143002, Near Maharaja Jassa Singh Ramgarhia Butt & 100 Ft"
"Swift Sales Service","+ 91  183 2229736","Queens Road, Amritsar - 143001, Opposite Hotel Suncity Tower Near Railway Station"
"Scholar Destiny Education S...","+ 91  183 6555503","108 Second Floor, Ranjit Avenue, Amritsar - 143001, Near Passport Office"
"Public Ambulance Services","+ 91  8054232604","Rani Ka Bagh, Amritsar - 143001, Near Kachhari Chowk"
"Advance Services","+ 91  183 2520841","Number 2665/16, Inside Gate Bhagtanwala, Amritsar - 143001, Near Doctor Maya Ram"
"Global Immigration Consulta...","+ 91  183 5015277","Sco 6 Second Floor District Shopping Complex, Ranjeet Avenue Block B, Amritsar - 143001, Near Connect Office"
"GURU KIRPA EDUCATION","+ 91  183 5056109","35,, Deep Complex, AMRITSAR - 143002, Opp Doaba Automobile"
"Guru Nanak computer","+ 91  183 5064411","office no 23, 100 FEET ROAD, Sultanwind, Amritsar - 143021, Near Karan palace"
"GURU NANAK MEDICAL STORE","+ 91  9876969695","SHOP NO-7, Loharka road, Amritsar - 143001, Near State Bank of India"
"Guru Nanak Wood Works","+ 91  9872101065","Gumtala, Amritsar - 143008, Near Shah Dharam Kanda"
"Guru Teg Bhadur Traders","+ 91  183 2544474","ba, Sultanwind Gate, Amritsar - 143001, baba nank dev ji haweli"
"guru Kirpa General Store","+ 91  9780099696","Shop no 157, New Azad Nagar, sultanwind road, Amritsar - 143002, New azad nagar"
"Guru Nanak motor garage","+ 91  9988648238","Shop no, Circular road, Amritsar - 143002, Near medical collage"
"Guru Kirpa Refrigeration Works","+ 91  9646352821","shop no,.,.4 ,, main road,, Amritsar - 143002, Dashmesh Nagar, Main Bazar,near Joura Fatak"
"Guru Ramdas Electrical Works","+ 91  9872702929","Shop no-3, Amritsar - 143002, Opp Civil Hospital,Near Inder Palace Cinema"
"Guru Kirpa Auto Repair","+ 91  9217913086","Shop no-79, Onew Corporation Market, Amritsar - 143002, Opp Hathi Gate"
"Guru Di Kirpa Telecom","+ 91  9646684646","Chowk Chabutra, Gilwali Gate, Amritsar - 143002"
"Guru Sewak Singh","+ 91  9569828075","Baba Deep Singh Market, Amritsar - 143002, Tarn Taran Road"
"Guru kirpa auto repair centre","+ 91  9646086360","tarn taran road, muglaini road, Amritsar - 143002, Near deva singh sham singh rice mill"
"GURU KIRPA DYERS & DRY-CLEANERS","+ 91  9877540416","majitha road, Amritsar - 143002, near Gopal mandir"
"Guru ramdass auto repair","+ 91  9316142162","shop no 40, railway link road, Amritsar - 143002, near bharat hotel"
"Guru Kripa Furniture House","+ 91  9803127481","Dashmesh Nagar, Jodha Pathak, Amritsar - 143002"
"guru Nanak Telecom","+ 91  9888617539","Main bazaar, majitha Road, Amritsar - 143002, bye Pass, Near Octrol"
"Guru Nanak Jewellers","+ 91  183 2587075","Chungi Wala Bazar, Azad Nagar, Sultanwind Road, Sultanwind Amritsar, AMRITSAR - 143021, Near Harjit Palace"
"Guru nanak medicare","+ 91  9501378844","Shop no 6, Partap nagar, Amritsar - 143001, Near nirlep cement co"
"Guru kirpa medical store","+ 91  9023507477","Plot no 215,shop no 4-5, Jaura market, Amritsar - 143001, Partap avenue , partap nagar"
"GURU KIRPA TENT HOUSE","+ 91  9872039191","main bazar, sultanwind road, Amritsar - 143001, Near 100ft road"
"Guru Ravidas Grinder","+ 91  9872996582","Amritsar - 143002, Near Ravidas Chowk, Fatehgarh"
"Guru Nanak Taxi Stand","+ 91  9465671319","Ajnala Road, Amritsar - 143002, Fatehgarh"
"Guru Kirpa Boutique","+ 91  9592375736","Amritsar - 143002, Gali Subedaran, 1/S Hathi Gate"
"Guru Kirpa Jewellers","+ 91  183 5057411","Amritsar - 143002, Ghass Mandi Chowk, Jandiala Guru"
"Guru kirpa medicos","+ 91  9872096279","Shop no 18, E -block market, Amritsar - 143002, Ranjit avenue"
"Guru Dashmesh Property Dealers","+ 91  183 3252223","Lawrence Road, Amritsar - 143002"
"Guru Kripa Tele Links","+ 91  9216111952","Amritsar - 143002"
"Guru Kirpa Tele Links","+ 91  9781110001","Amritsar - 143002"
"Guru Nanak TV Centre","+ 91  9872327442","Amritsar - 143002"
"Guru Kirpa Kheti Store","+ 91  9888307623","63, Infront Of Electric, Amritsar - 143002, Department"
"GURU DASHMESH PAGRI HOUSE","+ 91  9988212783","NEW MARKET, G.T ROAD, Putligarh, Amritsar - 143002, OPP RAJU BAKERY"
"GURU NANAK OIL AND SOAP MILLS","+ 91  9814494394","Shop no. 21, Gagan colony, Amritsar - 143001, OPPOSITE HOTEL ASHIRWAD"
"Guru kripa communication","+ 91  9815021091","Shop Number 1,Krishna square, Batala road, Krishna Square, Amritsar - 143001, Opp happy stationary"
"Guru Kripa Beauty Parlour","+ 91  8054768846","Gali No 11, Islamabad Nagar, Amritsar - 143001, Ram Nagar Colony"
"Guru ott chemist","+ 91  9914168965","Gt Road, Amritsar - 143001, OPP hotel yellow wood"
"Guru Ramdas tractor parts","+ 91  9023577598","Sh no. 64, Kabari market, Amritsar - 143001, G. T road"
"Guru Kirpa Property Advisor","+ 91  9988883078","Batala Road, Amritsar - 143001, Near Celebration Mall"
"Guru Kirpa Electronics","+ 91  9779537755","Shop No:-7, Gopal Nagar, Amritsar - 143001, Near Gopal Mandir, Kashmir Avenue, Gokul Nagar"
"Guru Nanak cloth house pinde d...","+ 91  9888404354","Shop no 59, Main road Islamabad, Islamabad Nagar, Amritsar - 143001, Near Sahni mandir"
"Guru Nanak Welding Works","+ 91  9888292654","Batala Road, Opp Bomaby Foundry, Amritsar - 143001"
"Guru Kirpa Guest House","+ 91  183 2533909","Chowk Prag Dass, Opp Shahzada Nand Girl High School, Amritsar - 143001, near golden temple"
"Guru KIRPA automobile service","+ 91  9988389076","Shop no 12, 22 no phatak, Islamabad Nagar, Amritsar - 143001, Near deshbhagat gas agency"
"Guru nanak seat cover","+ 91  9988024080","Shop B-13, Bhushan pura, Amritsar - 143001, Circular road"
"Guru Ramdass Electronic Repair","+ 91  9501479514","Putligarh, Amritsar - 143002, Near Idea Office , Guru Arjan Dev Nagar"
"Guru Nanak Kheti Store","+ 91  9815283494","Tarsikka, Amritsar - 143116, Opposite Petrol Pump, Adda Khujala"
"Guru kirpa selection point","+ 91  9814318138","Shop no 68, Golden cloth market, SULTANWIND, Amritsar - 143006, Sultanwind gate"
"Guru Arjan DEV Filling Station","+ 91  9814586721",""
"Guru Nanak Trading co.","+ 91  9803111510","Shop no. 58, Transport nagar, Amritsar - 143001, G.t. Road"
"Guru Nanak Roadways","+ 91  9592503666",""
"Guru Kirpa Confectionary","+ 91  8872501257","Shop no. 3, Trilium mall road, Amritsar - 143001, Opposite trilium mall"
"Guru Nanak Crane Service","+ 91  9876859234",""
"guru kirpa confectionary shop","+ 91  8054794563","shop no. 7, majitha road, Amritsar - 143001, near trilium mall"
"GURU NANAK MOTOR GARAGE","+ 91  9465879670",""
"Guru Nanak Handloom","+ 91  8427611399","Shop Number 44, Sultant Wind Gate, Amritsar - 143006, Golden Cloth Market"
"Guru Nanak Traders","+ 91  9878284484",""
"Guru nanak garments","+ 91  9592690413","Shop no (c-1) 4, Sandhu plaza market, Sultant Wind Gate, Amritsar - 143006, Sultanwind gate"
"Guru Kirpa Finance Consultant","+ 91  9988715588",""
"Guru nanak garments","+ 91  7508599047","Main bazar, golden cloths market, Sultant Wind Gate, Amritsar - 143006, near chownk"
"Guru Teg Bahadur Paint & Hardware","+ 91  1853 500089","G T Rd, Rayya, Amritsar - 143112"
"Guru Nanak Medicos","","main bazaar vijay nagar, Vijay Nagar, Amritsar - 143001"
"Guru TEJ Bahadur Khad Store","+ 91  9815112048","Rayya, Amritsar - 143112"
"guru Kirpa Dyer and Dry CleanerS","+ 91  9876926966","main Bazaar Judge NagaR, Sunder Nagar, Amritsar - 143001, Opposite Hari Om Bakery"
"Guru Teg Bhadur Kheti Store","+ 91  9755026351","Rayya, Amritsar - 143112"
"Guru Kirpa Accupressure & Mass...","+ 91  7508560232","Friends Colony, Majitha road, Amritsar - 143001, Near Hari Mandir"
"Guru Amar Dass Iron Store","+ 91  1853 554035","Baba Bakala Mour, Rayya, Amritsar - 143112"
"GURU HARGOBIND AUTO MOBILE","+ 91  8528457422","prakash cinema, Amritsar - 143001, near railway station"
"Guru Kirpa Knitting","+ 91  1853 270258","Plot Number-152, Mehta Road, Mehta Chowk, Amritsar - 143114, Focal Point, Near Goldan Temple"
"guru Kirpa Repair & Seat Cover","+ 91  8591403174","Main bazar, Main gate, Amritsar - 143002, near Ghee Mandi,Kaulsar Market"
"Guru Nanak 987 Combind Harvester","+ 91  9814503000","Gaggo Bus, Baba Bakala, Amritsar - 143202, Amritsar Road"
"Guru Nanak Opticals","+ 91  9815066737","Amritsar Cantt, Amritsar - 143001"
"Guru Teg Bahadur Filling Station","+ 91  9814607065","Baba Bakala Road Amritsar, Baba Bakala, Amritsar - 143202"
"Guru kirpa sales co","+ 91  8196050300","E block market, Ranjit Avenue, Amritsar - 143001, Opp,bye pass"
"Guru Amardass Shuttering Store...","+ 91  9781395555","Goindwal, Amritsar - 143422, Goindwal Sahib, Taran Tal"
"Guru Nanak DEV Multi Slice Spi...","+ 91  9216499040","No67, Guru Nanak DEV Hospital Majitha Road,, Amritsar - 143001, Near Government Medical College"
"Guru Amar Dass TV Centre","+ 91  9855731398","Adda Nagoke More Teh Khadur Sahib, Vairowal, Amritsar - 143118"
"Guru kirpa auto repair centre","+ 91  9814889926","I/s chatiwind gate, Amritsar - 143001, Near deva singh sham singh mill"
"GURU NANAK AUTOMOBILE","+ 91  9815102511","main bazar, Majitha Road, Medical Enclave, Amritsar - 143001, near power colony"
"Guru Gobind Singh Khalsa College","",""
"Guru Nanak Kirana Store","+ 91  9855206738","Dera Baba Jaimal Singh, Amritsar - 143204, Near Raam Leela Ground, Bazar Tara Chand"
"Guru Nanak Computer & Mobile S...","+ 91  2764 6536012","Sh No 962,, Guru Ki Wadali Rd, Chhatral, Gandhinagar-gujarat - 382729, Hagobind Pura"
"Guru Kirpa Blankets Centre","+ 91  183 2530184","Hall Bazar,"
"Guru Nanak Cycle Store","+ 91  183 2584902","Railway Rd.,,"
"Guru Nanak TV Centre","+ 91  9814739339","Sohal Market, Road,Mehta Chowk, Amritsar"
"Guru Kirpa Textile","+ 91  183 3103162","Mahan Singh Gt.,,"
"Sri Guru Ram Dass Jee Internat...","+ 91  183 2214353","Ajnala Road, Amritsar - 143001"
"Shri Guru Ram DAS Institute Of...","+ 91  183 2583388","9855403443, Main G T Road, Amritsar - 143001, Old Mall Mandi, Near Alha One Shopping Mall"
"Sri Guru Ram DAS Enterprises","+ 91  9888586970","4 Gali No 2, Near Pjm High School, Amritsar - 143001, Banna Road, Patiala"
"Shri Guru Ram Das Khalsa Senio...","+ 91  183 2556117","Ramsar Road, Amritsar - 143001, Near Shaheed Baba Deep Singh Gurudwara"
"shri guru ram dass automobile","+ 91  9816057406","Shop no 14, Railway road, Amritsar - 143001, Opp Prabhat cycle store"
"Shri Guru Ram Dass Moulding","+ 91  9779880760","Shop No-12, Amritsar - 143001, Mahan Singh Gate Market"
"Gurditta Mal Ram DAS","+ 91  183 2551639","Amritsar - 143001, New Mishri Bazar"
"Dhan Dhan Guru Ram Dass Ji Mot...","+ 91  9781912813","Mehta Chowk, Amritsar - 143001"
"Sri Guru Ram Dass Polymers","+ 91  9914387759","G T Road, Amritsar - 143001, Freedom Nagar"
