"Name","Phone","Address"

"Hind Iron Store","+ 91  183 2541425","hall bazar,, Amritsar - 143001, Old Mewa Mandi, Fish Market"
"Kapil Karyana Store","+ 91  9988410836","Guru Nanak Nagar Main Bazar, Amritsar - 143001"
"Maha Shakti General Store","+ 91  9855203468","Gali No 1, Choura Bazar, Amritsar - 143001, Sultanwind Road"
"Modren Store","+ 91  183 2541538","Bansawala Bazar,, Amritsar - 143001"
"Chawla Electrical Store","+ 91  183 2584225","0/S, New Octroi, Tt Road, Amritsar - 143001"
"punet medical store","+ 91  9910167477","putlighr, Amritsar - 143001, gt rd"
"Milan Paint Store","+ 91  9855299833","Amritsar - 143001, Nr. Gagan Cinema"
"Lovely Lengha Store","+ 91  8968642632","House Wali Gali, Amritsar - 143001, Nath Chat"
"Babbu Machinery Store","+ 91  9464214401","Midda Road, Amritsar - 143001, Thare Wala Mour"
"Sharma Gen Store","+ 91  9780701307","East Mohan Nagar, Amritsar - 143001"
"Peter England Stores","+ 91  9991520648","1, Jain Nagar,, Amritsar - 143001"
"Arora Medical Store","+ 91  183 3107883","Basant Nagar, Amritsar,, Amritsar - 143001"
"Basant Medicare Store","+ 91  183 5094298","Basant Avenue Road,, Amritsar - 143001"
"Yash Store","+ 91  183 2545141","34, New Idh Market, Amritsar - 143001, Near 126 Idh Market"
"Kuldeep Provision Store","+ 91  183 2586273","shop no. 159, Amritsar - 143001, Main Market, New Partap Nagar"
"Rai general store","+ 91  8054182580","Shop no : 55, Amritsar - 143001, Bus stand"
"Gandhi Bakery Store","+ 91  9915727664","Amritsar - 143001, Adda Amarkot, Valtoha Road"
"Sukhpreet Kirana Store","+ 91  9465282562","Amritsar - 143001, Village Dehriwal"
"Bhatia General Store","+ 91  9888844367","Main bazaar, Gali no. 1,majitha road, Amritsar - 143001, Gopal nagar"
"Bal Khad Store","+ 91  9815179487","Amritsar - 143001"
"Astha Medical Store","+ 91  183 5012268","Sector-24-D, Sectro23c, Amritsar - 143001"
"Deepak General Store And Ready...","+ 91  9592074566","Anjala Road, Chogawan, Amritsar - 143001"
"Khan General Store & Reena Bea...","+ 91  9781140010","Wahla Bazar, Amritsar - 143001, Near Kanwal Jewellers, Ramdass"
"Monu general store","+ 91  9646744354","Amritsar - 143001, Rani bazar"
"Janta Cycle Store","+ 91  9815747231","Rly Road, Amritsar - 143001"
"M. H. Rice & Agriculture Ind.","+ 91  9814132146","D-179, Mehta Road, Amritsar - 143001, New Focal Point"
"Dhillon Medical Store","+ 91  183 2422640","Rathen Sigh Chowk, Amritsar - 143001"
"Harish Medical Store","+ 91  183 2534234","Shop Number 1540,, Amritsar - 143001, Katra Baghian, Near Mahajan Hall And Golden Temple"
"TEJ Store","+ 91  9814398611","Amritsar - 143001"
"Agarwal H/W Store","+ 91  9888336689","Queens Road, Amritsar - 143001"
"Hari Khad Store","+ 91  9780775174","Amritsar - 143001"
"SHELKA STORE","+ 91  183 2547030","125, Amritsar - 143001, Near Bus Stand IDH market"
"Wimple departmental store","+ 91  8872785869","Shop no 51, A block ranjit avenue, Amritsar - 143001, Near parvati devi hospital"
"Narang Bakery And Departmental...","+ 91  183 2452344","G.t. Road, Amritsar - 143001, Nr Khandwala"
"Chatha Iron Store","+ 91  183 2582545","A-93, Amritsar - 143001, Outside Ghee Mandi,Adjoining Gt Rd"
"Arora Store","+ 91  183 2551728","Amritsar - 143001"
"Ample Departmental Store","+ 91  9914421105","Srp Mall 14, Mall Rd, Amritsar - 143001"
"Mufti Exclusive Store","+ 91  183 5018097","M.m. Malviya Rod, Amritsar - 143001, Nr Ctc Mall"
"Gupta Print Store","+ 91  183 2226927","Shop Number- 817, Cementry Road, Amritsar - 143001, Putlighar Chowk, Main Bazar"
"SATGURU HARDWARE STORE","+ 91  9872988389","main bazar, gali no 3, Amritsar - 143001, AKASH AVENUE"
"Sahib Timber Store & Interiors","+ 91  9876332163","cheel mandi, main market, Amritsar - 143001, near jagatjyot school"
"Ratnaklar Store","+ 91  183 2548939","74, Nai Sarak, Amritsar - 143001"
"Guru Kirpa Departmental Store","+ 91  183 2546712","Church Manna Singhn Main Bazar, Amritsar - 143001"
"Popular Kitchen Club And Egg S...","+ 91  9256066839","32 shop no, Chowk Farid,, Amritsar - 143001, near katra jaimal singh chownk"
"Prabhat Hosiery Store","+ 91  183 2542520","Batti Hattan Market,, Amritsar - 143001"
"Arora Electric store","+ 91  9815788535","144, Opp bus stand, Amritsar - 143001, City centre"
"Narendra Departmental Stores","+ 91  183 2272091","Main Road,, Amritsar - 143001"
"Modern store","+ 91  9465477270","majitha road galla maalaa chownk, Amritsar - 143001, opp ENT Hospital"
"Varun Ayurvedic Store","","Katra Sher Singh, Hall Bazar, Katra Sher Singh, Amritsar - 143006"
"Raju Bakery & Departmental Store","+ 91  183 2564034","Pultighar, Amritsar, G T Road, Amritsar - 143001"
"MAHAJAN GENERAL STORE","+ 91  9815687007","Shop no.5,basant nagar, KASHMIR AVENUE CHOWNK, Gopal Nagar, Amritsar - 143001, NEAR GOPAL MANDIR"
"Ample Department Store","+ 91  183 5094260","105,Dsc Ranjit Avenue, Amritsar - 143001"
"Tata Docomo Brand Store","18602665555","Plot Number 332,Preet Tower,, G T Road, Putligarh, Amritsar - 143002, Near Honda Two Wheeler Showroom"
"PAL MEDICAL STORE","+ 91  9781380077","islamabad, Amritsar - 143001, near thana"
"SACHDEVA CLOTH STORE","+ 91  9988708922","Main bazar, Gali no 2, Amritsar Bus Stand, AMRITSAR - 143001, chowk Baba Sahib"
"Guru Nanak Hardware Stores","+ 91  8568048188","Amritsar Gpo, Amritsar, Baba Deep Singh Market, Amritsar - 143001"
"Tresmode store","+ 91  183 6600359","Sh no 28 A WING, I/s trilium mall, Amritsar - 143001, Near rattan singh chowk"
"Carlton store","+ 91  9814528743","Sh no 18 b wing, Trilium mall, Amritsar - 143001"
"DANISH DEPARTMENTAL & KARYANA ...","+ 91  183 2279877","Gali No-4, Batala Road, Vijay Nagar, Amritsar - 143001, Vijay Nagar"
"CHAWLA KARYANA STORE","+ 91  7837066193","shop no 2709, main bazar, Amritsar - 143001, Near krishna nagar"
"Indian Paint Store Modern Coat...","+ 91  183 2270840","Gali No-4-A, Vijay Nagar,, Batala Road, Amritsar - 143001, Opp. Honda Agency,"
"Indian Paint Store","+ 91  9653243549","Sh. No. 1, Vijay Nagar, Amritsar - 143001, Batala road"
"Shri Guru Arjun DEV Ji Sanitar...","+ 91  1853 242693","Near Purana Adda, Butala, Amritsar - 143203"
"Sony Store","+ 91  183 2562542","Amritsar - 143002"
"Hari om store","+ 91  8968683263","hari, main street, Model Town, Amritsar - 143002, near mata mandir"
"Car Shingar store","+ 91  183 2565500","shop no 9, queeens road, Amritsar - 143001, near Alexandra school"
"shines garments","+ 91  183 2226940","Shop No 29, Queens Road, Lawrence Road, Amritsar - 143001, nr. country in and suits"
"Manjinder Motor Store","+ 91  183 2543180","GOAL BAGH, Amritsar - 143001, PORIAN WALA PULL"
"Gupta sanitary store","+ 91  9915385005","main bazaar, kot atma singh, Amritsar - 143001, Nearbus stand"
"Brightway Store","+ 91  183 2559531","Amritsar - 143001, Near Ramda Hotel, Opposite Karon Market, Hall Bazar"
"Jwala jeans store","+ 91  183 5003344","Shop no 21, malviya road, Lawrence Road, Amritsar - 143001, opp company bagh"
"Spykar Store","+ 91  8054163738","Mall road, Lawrence Road, Amritsar - 143001, Opp. ritz plaza"
"Kamal Raj Karyna Store","+ 91  183 6548121","Amritsar Gpo, Amritsar, Court Road, Amritsar - 143001"
"Baldev Karyana Store","+ 91  183 2547391","Katra Jaimal Singh, Amritsar - 143006, Ram Bagh Chowk"
"SUPREME STORE","+ 91  9915595428","Kata sher singh, Amritsar - 143001, Opp.subash juice bar"
"Jabong HYBRID store","+ 91  7837074014","ShoP NO 53, main bazar, Hall Bazar, Amritsar - 143001, Near Mahajan KulfI"
"Bata Shoe Store","+ 91  9478223080","No.3-4, Dilawari Market, Lawrence Road, Amritsar - 143001"
"P K International Pharmaceutic...","+ 91  9988345747","Katra Sher Singh, Amritsar - 143006, Medicine Market"
"Shree Guru Nanak Hardware Store","+ 91  183 2530491","Katra Sher Singh, Amritsar - 143006, Main Chowk"
"Behl Medical & Surgical Store","+ 91  183 5004813","Shop Number- 6, Gali Dai Wali, Katra Sher Singh, Amritsar - 143006, Guru Ram Dass Market"
"Ganesh Iron Store","+ 91  183 2542108","Old Mewa Mandi, Mewa Mandi, Amritsar - 143001, Near Fish Market And Inside Hall Gate"
"Goyal Hardware Store","+ 91  183 2546673","Amritsar Road, Katra Sher Singh, Amritsar - 143006, Near Khera College"
"bajaj store","+ 91  9876746600","Main bazar, Lawrence road, Lawrence Road, Amritsar - 143001, opp.dominos"
"billa Hardware Paints And Sani...","+ 91  9419157942","main RoaD, Amritsar - 143001, gt road"
"Super Shopper Departmental Store","+ 91  183 2507274","A-4, Amritsar - 143001, Court Road Chowk, Near Bikaner Sweets, New Market"
"amritsar Hardware Store","+ 91  183 2545216","shop No 94, Ram bag, Amritsar - 143001, near goll hathi chownk"
"Hari Om Store","+ 91  183 2221687","Lawrence Road, Amritsar - 143001, Near Arya Smaj Mandir"
"Lotto Shoe Store","+ 91  183 5064481","Shop no 27 A, Lawrence Rd, Amritsar - 143001, Near ccd"
"Swami Stores","+ 91  183 2543906","near Katra Kanhian shop na 48, Chowk Amrit Cinema, Amritsar - 143001, amrit cinema"
"Mahajan Ports & General Stores","+ 91  183 2544242","Chowk Bijli Hall Bazar, Amritsar, O/S Hall Gate, Amritsar - 143001, Opp Kairon Market"
"Rattan stores","+ 91  9815980767","Hall bazar, Hall Bazar, Amritsar - 143001, Near R S TOWER"
"NEW MAHAJAN STORE","+ 91  183 5052000","Main bazar, Katra Jaimal Singh, Amritsar - 143001, opposite Aryasamaj School,"
"SHARMA DEPARTMENTAL STORE","+ 91  183 2220908","MAIN BAZAAR, LAWERENCE Road, Amritsar - 143001, NEAR GANPATI TOWER"
"Calcutta Hardware Stores","+ 91  9878851511","Pultighar, Amritsar, G T Road, Amritsar - 143001"
"Freelook Exclusive Brand Stores","+ 91  183 2401579","1,The Mall, Amritsar - 143001, Novelty Chowk"
"Shakti Motors Stores","+ 91  7696536367","Amritsar - 143001, Goal Bagh"
"Joginder Motor Store","+ 91  9780000932","Pink Plaza Market, Amritsar, Court Road, Amritsar - 143001"
"Dhawan Tyer Store","+ 91  183 2556181","Opp.petrol Pump Goal Bagh, Amritsar - 143001, goal"
"MALHOTRA RUBBER STORE","+ 91  183 2554414","COURT ROAD, Amritsar - 143001, SANJAY GANDHI MARKET"
"Woodland Store","+ 91  183 5067707","Shop Number 4a, Lawrance Road, Amritsar - 143001, Opposite Pizza Hut"
"Sidhu Kheti Store","+ 91  9855425924","Amritsar - 143001"
"Mac Store","+ 91  183 6611921","C/O Shoppers Stop, Alpha One Mall, G t Road, Amritsar - 143001, Near Ista Hotel"
"Chawla Hardware & Plint Store","+ 91  9876092816","Airport Road, Amritsar - 143001, Opp Central Jail"
"A M cement store","+ 91  9810914930","shop 10, gate bhagtanwala, Amritsar - 143002, near railway station"
"Zimidara Khad Store","+ 91  9872770070","Amritsar - 143001"
"Puma Store","+ 91  183 5034412","Shop No. 26, G T Rd, Amritsar - 143001, Alpha one mall"
"R J Kheti Store","+ 91  9915310700","Amritsar - 143001"
"Reebok Store","+ 91  183 5092000","3 A,, Lawrence Road,, Lawrence Road, Amritsar - 143001"
"Sukhchain Kariyana Store","+ 91  9814499896","Pind Dairywal, Amritsar - 143001"
"Nautica store","+ 91  183 6600507","Sh no 15,16 a wing, Trilium mall, Amritsar - 143001"
"Chhabra Timber Store","+ 91  9888367078","Amritsar - 143001, Cheel Mandi"
"Calvin Klein Jeans Exclusive S...","+ 91  8558812040","48 B, Mall Road, AMRITSAR - 143002, Opposite Khurana Jewellers"
"Amritsar Motor Store","+ 91  183 2541046","Amritsar - 143001, Sheranwala Gate"
"Biba Store","+ 91  183 5031761","Shop Number- 11, Ground Floor, Alpha One Mall, G T Road, Amritsar - 143001"
"Bawa Medical Store","+ 91  183 2552754","Moni Chowk, Amritsar,, Amritsar - 143001"
"Lotto Shoe Store","+ 91  183 2558844","Hall Bazar, Amritsar, Main Road, Amritsar - 143001, Near National Watch Company"
"Latawa Steel & Mill Store","+ 91  9814011951","D- 65, Phase- 5, Industrial Area, SAS Nagar, Amritsar - 143001"
"skechers store","+ 91  9780063418","shop no. 24-25, Amritsar - 143001, near trillum mall"
"New Khalsal Store","+ 91  9855810120","Amritsar Road, Amritsar - 143001, Opposite Dena Handi , Adda Market"
"Lilliput Store","+ 91  183 5070405","Atrium Grd Flr, Celebration Mall, Batala Rd, Amritsar"
"Sainik Super Store","+ 91  183 2403450","Race Course Road,, Amritsar - 143001"
"Rohit Sanitary StorE","+ 91  183 2551782","NA, main road, Amritsar - 143001, Near subash nagar"
"Avtar Karyana Store","+ 91  183 2403075","Sole Prop Avtar Singh, Putligarh, Cementary Road, Main Bazar,, Amritsar - 143001"
"Nike Store","+ 91  183 5060111","Shop No 27 F.F,Nehru Shopping Complex, Lawrence Road, Lawrence Road, Amritsar - 143001, Near Ritu Wear"
"Venus Store","+ 91  183 6578503","No 8a, , Lawrence Road,, Amritsar - 143001"
"Thapars store","+ 91  9888499773","Shop no 7, Lawrence road, Lawrence Road, Amritsar - 143001, Near dav public school"
"Arora Electric Store","+ 91  183 2548306","168, Idh Mkt, Amritsar - 143001"
"Lilliput Store","+ 91  183 5011406","Plot No 4 Khasra No 1208, Lower Grd Flr, Lawrence Road, Amritsar - 143001"
"Sanjit karyana store","+ 91  8146779482","Shop no :4, Near guru Nanak dairy, Amritsar - 143001, Tilak Nagar market"
"Woodland store","+ 91  9216734734","Batala road, Amritsar - 143001, Celebration mall"
"Sargodia Cloth Store","+ 91  9914130263","Main Bazar Bazar, Amritsar, Amritsar Road, Amritsar - 143001"
"Vodafone Mini Store","+ 91  9780379700","Shop No. 7, 4S Complex, Batala Road, Vijay Nagar, Amritsar - 143001, Opposite Randhawa International Hotel"
"Gill Kheti Store","+ 91  9888889022","Amritsar - 143001"
"Sanjay Provision & Departmenta...","+ 91  183 5050005","Scf 27-28, Ranjit Avenue, Amritsar - 143001, C-Block Market, Below Royal Arms"
"Shiva Store","+ 91  183 5006985","Azadnagar, Amritsar - 143001"
"Clarks store","+ 91  183 6600353","Shop No 7, 8, A Wing, Trilium mall, Amritsar - 143001, Near rattan singh chowk"
"Sandhu Khad Store","+ 91  9815165811","Amritsar - 143001"
"Bata store","+ 91  8054718365","Sh no 15,16,17, Trillium mall, Amritsar - 143001"
"Pardesi General Store","+ 91  9417107516","Shop Number-17-18-A, Amritsar - 143001, Idh Market, Near Bus Stand"
"Jockey Exclusive Store","+ 91  183 5008531","Shop No- 21, First Floor, 91 - 9814714056, Amritsar - 143001, B Wing, Trilium Mall , Medical Enclave"
"B.S. GENERAL STORE","+ 91  9872601056","Amritsar - 143001, Guru Teg Bahadur Market Rayya Mandi"
"GANT READY MADE STORE","+ 91  183 6600505","shop no 17,18, Amritsar - 143001, inside trillium mall"
"Power Nutrition Store","+ 91  9988281670","Shop No -3, T T Road, Amritsar - 143001, Opposite Mata Kaulan Public School, Chahal Market"
"Blackberrys Store","+ 91  183 5070001","Lower Ground, Aventura Mall, Amritsar - 143001"
"Chhabra General Store","+ 91  183 5063942","Shop No: 105, Idh Market, Amritsar - 143001, Near Bus Stand"
"Vero Moda Store","+ 91  183 5030498","Alpha One Mall, Gt Road, Amritsar - 143001"
"Taran Taran Cloth Store","+ 91  183 2556498","Partap Bazar,, Amritsar - 143001"
"BEING HUMAN STORE","+ 91  183 5062889","shop no.35 Ground floor, Amritsar - 143001, Alpha one mall"
"Singh Rumala Store","+ 91  9876631047","103, Ghanta Ghar Mkt., Amritsar - 143001, Golden Temple"
"Louis Philippe Exclusive Store","+ 91  183 5034470","Shop # 35/B Aventure Mall ,#36/13 Tung Bala Urban, Abadi Mall Rd, Sector 17c, Amritsar - 160017"
"Sethi Bartan & Crockery Store","+ 91  9814019147","Shop Number-256, Amritsar - 143001, Chattiwind Gate, Anteryami Colony"
"Gulati General Store","+ 91  183 2549798","1st Floor, Hall Bazar, Amritsar - 143001, Opposite Sanyo Showroom, Near Mahajan Kulfi Wala, Hall Bazar"
"Radhika Glass & Plywood Store","+ 91  183 2545641","Katra Sher Singh, Amritsar - 143002, Near Regend Talkies"
"Red Tape Exclusive Store","+ 91  183 2580212","27A, First Floor, Alpha One Mall, Main G T Road, Amritsar - 143006, Mbm Farms, Sultan Wind"
"Yogesh botique cloth store","+ 91  7837802288","Bank avenue, Amritsar - 143001, B/s sacred heart school"
"Arrow exclusive store","+ 91  183 5064511","Amritsar - 143104"
"Arora Paint & Hardware Store","+ 91  183 5066490","Main 88 Feet Road,, near gora mkt, Amritsar Bus Stand, Amritsar - 143001, Near Majitha Road, Near Chowk Tungbala,"
"Vodafone Mini Store","+ 91  9825098250","Amritsar - 143002"
"GAURAV MARBLE Store","+ 91  9876746642","NA, Batala Road, Amritsar - 143001, OPP PUNJAB & SIND BANK"
"Blackberrys Store","+ 91  9878942061","C/O Kapsons Fashion Pvt Ltd, 48, Mall Road, Amritsar - 143001"
"Rohit Sanitary Store","+ 91  9872851782","8 / XII-1, Kalyan Singh Rd, Amritsar - 143001, Near subash juice bar"
"Yellow Light Store","+ 91  183 2221133","117-A The Mall, Amritsar - 143001, Inside Dr Om Parkash Eye Institute"
"Vodafone mini store","+ 91  9988197859","majitha road, Amritsar - 143002, Opposite ENT Hospital"
"Woodland store","+ 91  9463353219","Sh no 1&2, Celebration mall, Amritsar - 143001, Batala road"
"G S MEDICAL STORE","+ 91  9814459092","Dr.surta singh road, Amritsar - 143001, Opp.khalsa college"
"Puma store","+ 91  9779548903","Sh no 13 a wing first floor, Trilium mall, Amritsar - 143001"
"Jan Aushadhi Generic Drug Store","18001808080","C/O Jbmm Civil Hospital, Amritsar - 143002"
"Allen solly store","+ 91  9988784462","Sh no 5,6 a wing first floor, Trilium mall, Amritsar - 143001"
"Mufti Exclusive Store","+ 91  183 6660102","Unit No- 18, Second Floor, Trilium Mall Wing A, Plot No- C-4, Medical Enclave, Amritsar - 143001, New Amritsar City, Opposite Basant Avenue"
"Rado switzerland store","+ 91  8054030200","Sh no 24 a wing, Trillium mall, Amritsar - 143001"
"Metro Shoes Store","+ 91  183 2702068","Shop No-32,Ground Floor,Alpha Mall, Main G T Road, Sultanwind, Amritsar - 143006, Suburban Main"
"Chawla Cloth Store","+ 91  9888669262","Opp. D.a.v. College, Lawrence Road, Amritsar - 143001"
"Flying Machine Store","+ 91  9814574344","Shop-35, 1st Floor, Alfa - G Mall, Grand Truk Road, Amritsar - 143001"
"Red Tape Exclusive Store","+ 91  183 5012111","Shop Number- 4, 5, 6, 7, Ground Floor, G T Road, Amritsar - 143002, Opposite Khalsa College"
"John Players Exclusive Store","+ 91  183 2402738","A-7, Lawrence Road, Amritsar - 143001"
"Bata Shoe Store","+ 91  183 2552215","40/11, Amritsar - 143002, Hall Bzr"
"Blackberrys Store","+ 91  183 5034431","Shop No-7, Ground Floor, G T Road, Amritsar - 143001, Alpha One Mall"
"Vodafone Mini Store","+ 91  9888102337","Chowk Ram Talayi Chowk, Golden Avenue, Amritsar - 143001, Near Mapple Saloon"
"BHATIA GENERAL STORE","+ 91  183 2292572","Shop no 161, new Clock Tower Market, Golden Temple, Amritsar - 143006, opp. Shani Mandir"
"PLAY STATION STORE","+ 91  9988434847","Shah Complex, Ground Floor, Katra Sher Singh, Amritsar - 143006, Near DAV College"
"Anand Cement STORE","+ 91  8872778896","bY pass road majitha, Majitha ROAD, Majitha, Amritsar - 143601, near Banquet Hall, Ganda Singh Wala"
"CHAND STORE","+ 91  183 2556977","Near State bank of india, Amritsar - 143001, Chowk Farid"
"Guru Nanak Furniture & Timber ...","+ 91  183 2765925","Chawinda Devi, Amritsar - 143504, Near Mandir Mata Da"
"KUMAR HARDWARE MILLS STORE","+ 91  183 2543330","113, Hall bazar, Hall Bazar, Amritsar - 143001, Near ramada hotel"
"Bombay Motor Store","+ 91  183 2571783","Majitha Rd.,,"
"Kangan Designer Jewellery Store","+ 91  183 5099700","Lawrence Road, Amritsar - 143001, Opposite Bansal Sweets"
"Docomo Store","+ 91  9216709233","Amritsar, Punjab, Court Road, Amritsar - 143001"
"Mahajan medical store","+ 91  183 2222292","Bijli pehalwan mandir, Lawrence Road, Amritsar - 143001, Near bbk dav college"
"Mahajan Cloth Store","+ 91  183 2210168","Shop Number 100, Landaa Bazar, Amritsar - 143001, Opposite Railway Station"
"MUKAL SANITARY STORe","+ 91  9417233442","sHop no. 4, Anand avenue, Amritsar - 143001, Near Maqbool chownk"
"BOMBAY CYCLE STORE","+ 91  9878941276","SHOP NO 1, RAILWAY ROAD, Amritsar - 143001, OPPOSITE RAILWAY STATION"
"only store","+ 91  183 6600513","sh no 20 21, near trillium, Amritsar - 143001, near circular road"
"BOBBY CYCLE STORE","+ 91  9256206392","SHOP NO 156, RAILWAY ROAD, Amritsar Kutchery, Amritsar - 143001, NEAR VOLGA HOTEL"
"Woodland store","+ 91  9888715075","Sh no 20, 21 1st floor B wing, A wing trillium mall , circullar road, Amritsar - 143001, Trillium mall"
"G S Cycle Store","+ 91  9643225436","Shop no:, Railway Station, Amritsar - 143001, Cycle Market"
"Inch 5 store","+ 91  8872051105","Sh no 9 first floor b wing, Trilium mall, Amritsar - 143001"
"GURU NANAK CYCLE STORE","+ 91  9814675819","Amritsar, Punjab, Railway Road, Amritsar - 143001, Near Billa auto mobile"
"Cheap General Stores","+ 91  183 3240094","Pultighar, main bazar, Amritsar - 143002, Inside bazar"
"Janta Cycle Store","+ 91  9779119100","Amritsar Gpo, Amritsar, Railway Road, Amritsar - 143001"
"Zodiac Store","+ 91  183 6451042","Alpha One Mall, Shop No. Gf 22, Main Gt Road, Amritsar - 143001, Mbm Farms, Sultan Wind Sub Urban"
"JYOTI HOMOEOPATHIC STORE","+ 91  9888861579","GT road, Amritsar Kutchery, Amritsar - 143001, opp raiway station ner taxi stand"
"Red Tape Shoe Store","+ 91  183 2210524","Mall Rd, Amritsar - 143001"
"Vikki Cloth Store","+ 91  9646465844","Railway Link Road, Amritsar - 143001, Near Railway Station"
"Karan Kheti Store","+ 91  9888250057","Railway Road, Rayya, Amritsar - 143112, Near Bus Stand"
"Naresh general store","+ 91  183 2227902","shop Number- 22/6, G T Road, Amritsar - 143001, opposite Railway Station"
"Sony Store","+ 91  9814050406","Lawrence Road, Amritsar - 143001"
"Punjab Motor Stores","+ 91  9417649021","out side Hall Gate, Amritsar - 143001, near adjoining petrol pump"
"Preet Photo Store","+ 91  183 5026108","Sco, 84,First Floor City Centre, G T Road, Amritsar - 143002"
"Sangeeta Store","+ 91  183 2220769","Amritsar, Punjab, Queens Road, Amritsar - 143001"
"Bombay Motors Store","+ 91  9888808194","Bypass Majitha Road, Amritsar - 143001"
"R S Motor Store","+ 91  9988656201","Pultighar, Amritsar, G T Road, Amritsar - 143001"
"Tata Docomo Exclusive Store","+ 91  9033002275","Amritsar - 143002"
"Robin gernal& provision store","+ 91  9023334700","queens road, Amritsar - 143001, opp obc bank"
"Khalsa Sanitary Store","+ 91  9872741025","Khemkarn Road, Singhpur Market, Bhikhiwind, Amritsar - 143303"
"Woodland Store","+ 91  183 5005763","L Shop No 39,Cloud Nine, The Mall, Mall Road, Amritsar - 143001, Near Reid & Taylor"
"MAHA LAXMI AMUL STORE","+ 91  8727911170","A- Block market, On road side, Ranjit Avenue, Amritsar - 143001, Near parvati devi hospital"
"R S Arora General Store","+ 91  9779457369","378, M.M.MALVIYA ROAD, Lawrence Road, Amritsar - 143001, Opp company bagh"
"Prince Moulding Store","+ 91  9803489541","Amritsar - 143001, Cheel Mandi, Mahan Singh Gate"
"Vision optical raybon store","+ 91  183 5002023","Shop no 17/10, Kennedy avenue, Amritsar - 143001, Near income tax office"
"Gulati General Store","+ 91  7087937272","Hall Bazar, Amritsar - 143001"
"Amarjeet karyana store","+ 91  8146974753","15, Amritsar - 143001, Lawrence road"
"Delhi Cycle Store","+ 91  183 2225230","shop no 37, Railway Road, Amritsar - 143002, cyle market"
"Shergill General Store","+ 91  9855085996","Shop no : 15, Main bazar, Basant Avenue, Amritsar - 143001, Income tax office,Maqbool road"
"Gulshan Departmental Store","+ 91  183 2423446","F C Road,, Amritsar - 143001"
"NOOR THE LADIES STORE","+ 91  9888339217","Shop no 9, Pink plaza, Pink Plaza Market, Amritsar - 143001, Near chohan Stamps"
"SS Agriculture Store","+ 91  9815597936","Rayya, Amritsar - 143112"
"Mini fancy bangle store","+ 91  9356031000","Shop no 6-7, Pink plaza market, Amritsar - 143001"
"B Gurmukh Singh & Sons","+ 91  183 2545454","Hall Bazar, Amritsar - 143001"
"Thakur Ramesh Departmental Store","+ 91  9888886420","Shop No 4, Maqbool Road, White Avenue, Amritsar - 143001, Opposite Amrit Kulcha"
"Ramesh Seed Store","+ 91  9779773163","Old Sabji Mandi, Hall Bazar, Amritsar - 143001, Opposite Hall Bazar"
"firangi store","+ 91  9780623372","shop no.24, inside pink plaza market, Pink Plaza Market, Amritsar - 143001, near pbn school"
"Delhi Chappal Store","+ 91  8284920111","Shop Number 9 New Ldh Market, Amritsar Bus Stand, Amritsar - 143001, Near Bus Stand"
"Aman Karyana & Bakery Store","+ 91  183 2705479","Shop No 1, Flat No 44174,, Uttam Nagar,, Amritsar - 143003, Amritsar"
"Gupta Pipe Store","+ 91  183 5066151","Mahan Singh Gate, Amritsar Bus Stand, Amritsar - 143001, Opposite Jagat Jyoti School"
"Lakshmi Hardware Store","+ 91  9988113863","Shop No 3, Katra Sher Singh, Amritsar - 143006, Near Regent Cinema"
"Kissan Agriculture Store","+ 91  9815128739",""
"Walia motor store","+ 91  9814097997","shop no. 143 A, Truck stand, Amritsar - 143001, G.t. Road"
"A.k Karyana Store","+ 91  9779536043","main Mazar, Mcleod Road, Amritsar - 143001, OPPOSITE Gaming Zone"
"Kissan Kheti Store","+ 91  9815743607",""
"Saini Paint Store","+ 91  183 2423736","Shop Number 1, Fatehgarh Churian Road, Amritsar - 143001, Near Nirankari Colony And Lifecare Hospital"
"Anil Store","+ 91  183 2534134","51, Pink Plaza, Pink plaza market, Amritsar - 143001, Outside hallgate"
"Kahlon Chicken & Meat Store","+ 91  9988764646",""
"Kissan Kheti Store","+ 91  9814660106","Amritsar - 143001"
"MAHA LUXMI STORES","+ 91  183 2220751","The Mall, Amritsar - 143001, Nr. Adarsh cinema"
"Kissan Agriculture","+ 91  9815128733",""
"Gktc Building Material And ...","+ 91  7508311111","Shop Number 4 Circular Road,Near Anand Hospital Chattiwind Gate Transport Area Jahaj Garh, Amritsar - 143002, Near Bamrah Pump"
"Mini Fancy Bangle Store","+ 91  9356081000","Pink Plaza, Amritsar, Amritsar Road, Amritsar - 143001"
"Kissan Kheti Store","+ 91  9878277231",""
"Amritsar Sanitary And Hardw...","+ 91  9988877782","Guru Nanak Colony, Sultanwind Road, Amritsar - 143001, Near Gobind Nagar Gate Opposite Allahabad Bank"
"Anil store","+ 91  9872190293","Pink plaza, Amritsar - 143001, O/s hall gate"
"Kissan Kheti Store","+ 91  9915037276",""
"R K S Daily Needs Store","+ 91  9888103612","635 Lane Number 8 Greenfield, 27 Feet Road Majitha Road, Amritsar - 143001, Near Sarpal Gym"
"Tastersss mini departmental store","+ 91  183 2228676","Shop no 24, inside braham nagar, Lawrence Road, Amritsar - 143001, near tagore collge"
"Kissan Kendra Ture Store","+ 91  9815128733","15, Near Ganesh Mandir, Amritsar - 143006, Main Road"
"Currents Technology Retail Ind...","+ 91  183 5096005","Shop No-15, Groud Floor, Alpha One Mall, Main G T Road, Amritsar - 143001"
"Royal Departmental Store","+ 91  9888856400","Lawrence Road, Lawrence Road, Amritsar - 143001, Near Humble Una"
"Kissan Machinery Store","+ 91  183 2432526","Werowall Road,, Jandiala Guru, Amritsar - 143115, Near Kewal Sweet Shop"
"Airtel Store","+ 91  9815012345","1, Court Road, Amritsar - 143001, Kacheri Chowk"
"Anil Handloom Store","+ 91  183 5187797","shop no 4, O/s Hall gate, Pink Plaza Market, Amritsar - 143001, Near Chohan stamps"
"Kissan diesel services","+ 91  9463448118",""
"Vodafone Store","111","Kharsa No-1028, Lawrence Road, Amritsar - 143001, Urban Circle No-10,Nr Lawrence Hotel"
"Shelly shoe store","+ 91  7087469386","Shop no 18, O/s hall gate, Hall Bazar, Amritsar - 143001, Near yashika travels"
"Kissan Tour & Travels","+ 91  9646818444",""
"Tata Docomo Brand Store","+ 91  183 6540221","Shop No-19, Deep Cplx, Court Rd, Amritsar - 143001, Opp Duaba Bajaj & Bank Of Punjab"
"Malik Seeds Store","+ 91  183 2558738","Hall Bazar, Amritsar - 143001, Hall Gate Backside Dargah"
"kissan plant protecion center","+ 91  9872415007",""
"Airtel Store - KHK Mart","+ 91  183 5005353","Main Chownk Maqboolpura, Mehta Road, Amritsar - 143001, Opp Elevated road"
"Maheep Homoeopathic store","+ 91  183 2294769","Shop No 3, O/s Hall Gate, Hall Bazar, Amritsar - 143001, Near Ravi Dass Mandir"
"Kissan City Center","+ 91  9815728366",""
"Lifestyle Store Pvt Ltd","+ 91  183 6600100","Plot No-C-4, Trilium Mall, Circular Road, Amritsar - 143001, Opposite Basant Avenue"
"Ram Lubaia Seed Store","+ 91  9876102829","R. L. Sabji Mandi, outside hall bazar, Hall Bazar, Amritsar - 143001, opp hall bazar"
"Kissan Travels","+ 91  183 2556217",""
"samsung store","+ 91  9872595866","cementry road, putlighar, Amritsar - 143001"
"DARSHAN SEED STORE","+ 91  9501477711","Sabzi mandi, Amritsar - 143001, O/s hall gate"
"Kissan tour & travel","+ 91  9803080068",""
"Nike Store","+ 91  183 5070957","Shop No 24 23, 1st Floor, Trilium Mall, Wing A, Amritsar - 143001"
"Mahaluxmi Store","+ 91  183 2545470","M.m. Malviya Rod, Amritsar - 143001, Nr Odeon Restaurant"
"KISSAN TRAVELS","+ 91  183 2556217",""
"Reliance Mobile Store","+ 91  9317888880","Shop No. 90, First Floor, Lawrence Road, Amritsar - 143001, Inside Nehru Shopping Complex,Opposite Novelty Sweets"
"R S SANGAT POLICE GENERAL STORE","+ 91  7837897786","O/s hall gate, Hall Bazar, Amritsar - 143001, Near bhandari bridge"
"Kissan Store","+ 91  9914336297",""
"anil store","+ 91  9779548726","57 pink plaza, opp hall gate, Pink Plaza Market, Amritsar - 143001, nr subhash juice bar"
"mahajan general store","+ 91  9876605598","gali No. 3, Gt Road, Amritsar - 143001, Model town"
"Kissan Ind","+ 91  183 2230730",""
"RELIANCE DIGITAL STORE","+ 91  9779856452","Hall bazar, Amritsar - 143001, near sardar pagri house"
"Ranjit General Store","+ 91  9888341453","Pink Plaza Market, Amritsar, Amritsar Road, Amritsar - 143001, Outside Hall Gate"
"Kissan Zinc India Pvt Ltd","+ 91  183 2231278",""
"Best Price Modern Wholesale Store","+ 91  9646006991","75/26 - 75/14, Gt Jalandhar Highway Road, Amritsar - 143001, Aipl , Ambuja Dream City, Village Manawala"
"Zimidara store","+ 91  9781446164","Ram Bagh, Amritsar - 143001"
"Nike Store","+ 91  183 5093200",""
"Kissan Dairy","+ 91  9814311265","Shop no. 1, Sehaj Enclave, Amritsar - 143001, near ghala mala chowk"
"Janta hardware and sons","+ 91  183 2545988","Shop no 1, Goal bag, Amritsar - 143001, Near porian"
"Sony Exclusive Stores","18001037799",""
"Kissan Cold Storage","+ 91  183 2581630","276, East Mohan Nagar, Amritsar - 143006"
"Step in departmental store","+ 91  9780629201","Shop no 30 c, Verka block office rani ka Bagh, Amritsar - 143001, Near jagat jyoti school"
"Kissan Khad Center","+ 91  8968477988",""
"aggarwal general store","+ 91  9888331163","model town, Mcleod Road, Rani Ka Bagh, Amritsar - 143001, Near model town mandir"
"Kissan City Centre","+ 91  9876296487",""
"Samsung store","+ 91  9650335183","maqbool road, Amritsar - 143001, near chungi"
"H.S. GENERAL STORE","+ 91  9646516267","McLeod road, Rani ka bagh, Amritsar - 143001, Opp. Gupta bakery"
"Kissan Beej Bhandar","+ 91  9463335060",""
"Tommy Hilfiger Store","+ 91  183 5034409","Shop no 9 G.F, G T Road, Amritsar - 143001, Alpha one mall"
"Pritam Store","+ 91  9988633737","shop no : 12, braham nagar, Amritsar - 143001, near nehru shopping complex"
"Kissan Detergent","+ 91  9988161000",""
"Mask fashion store","+ 91  183 5052400","Shop no 23,first floor, alpha one mall, Amritsar - 143002, gt road"
"Shelly Shoe Store","+ 91  183 2555312","Pultighar, Amritsar, G T Road, Amritsar - 143001"
"Kissan lubricant","+ 91  9876739155",""
"The Mobile Store","","8, G R Complex, Queen Road, Amritsar - 143001, Near Popular Bakery"
"guru kirpa departmental store","+ 91  9592145025","shop no1-a, brahm nagar, Lawrence Road, Amritsar - 143001, opp nehru shopping complex"
"dhir General store","+ 91  8427452625","shop no :4, Main bazar, Amritsar Bus Stand, Amritsar - 143001, Near Bus stand"
"Sehgal Karyana Store","+ 91  183 2212110","House 64, Amritsar - 143002, Rani Ka Bagh"
"amrik agriculture store","+ 91  9811368022","Amritsar - 143001"
"Sharma General Store","+ 91  9779908626","Shop no. 5, Model Town,, Amritsar - 143001, Opp. Golden Tulip Hotel"
"Mahajan Agriculture Store","+ 91  183 2557832","Shop Number- 32-A, Amritsar - 143001, I/S Ram Bagh Bazar"
"Sunny motor store","+ 91  7837020910","Shop no 5, Kabir park market, Amritsar - 143001, Near gndu"
"Amrik Agriculture Store","+ 91  9888461165","Inside Sultanwind Gate, Amritsar - 143002"
"Guru kirpa store","+ 91  9888623669","Braham nagar, Lawrence Road, Amritsar - 143001, Lawrence road"
"Chhina Agriculture Store","+ 91  9780440100","Raja Sansi, Amritsar - 143101"
"G.R.D MEDICAL STORE","+ 91  183 2556549","I/s hathi gate, Amritsar - 143001, Near pal dhaba"
"Tata And Sarmansan Agriculture...","+ 91  9888012138","Jandiala Guru, Amritsar - 143115"
"national general store","+ 91  183 2211236","Shop no.6, opposite verka booth, Amritsar - 143001, near mata ka mandir"
"National Bank For Agriculture ...","+ 91  183 2656068","11, Bhandari Estate, Rani Ka Bagh, AMRITSAR - 143001, Near District Library"
"Tango store","+ 91  9876635567","84 GF, Nehru shopping complex, Lawrence Road, Amritsar - 143001, Opp.novelty sweets"
"HCL Express Store","+ 91  183 5053641","80, Fg Nehru Shopping Complex, Lawrence Road, Amritsar - 143001"
"Shine Store","+ 91  9988822751","plot no 12, Gali no. 1, Rani Ka Bagh, Amritsar - 143001, Model town"
"Payal Departmental Store","+ 91  183 2562036","shop no. 22, Rani Ka Bagh, Amritsar - 143001, opposite jagat jyoti school"
"Payal Dept.Store","+ 91  9888299034","Rani Ka Bagh ,Amritsar, Amritsar - 143001"
"V.R MEDICAL STORE","+ 91  9888325040","Durgiana temple road, Durgiana Mandir, Amritsar - 143001, Near Goal bagh"
"rijwant denting store","+ 91  8054402388","goal bagh taxi stand, Amritsar - 143001, opp goal bagh"
"The Mobile Store","+ 91  183 5012615","Lawrence Road, Amritsar - 143001"
"Sunny General Store","+ 91  183 2000261","Lawrence Road, Amritsar, Lawrence Road, Amritsar - 143001"
"Itj Stores","+ 91  9316045775","Lawrence Road, Amritsar - 143001"
"Mahadev Store","+ 91  183 5069590","Katra Sher Singh, Amritsar - 143006, Opposite Pioneer Press"
"K C Medical Store","+ 91  183 2426375","Katra Sher Singh, Amritsar - 143006, katra shersingh hall bazaar"
"J J Medical Store","+ 91  183 2545784","01, Katra Sher Singh, Amritsar - 143006, medicine Market, Inside Hall Bazar, Kucha Daikhana"
"New Star Surgical & Medicine S...","+ 91  183 5015823","Katra Sher Singh, Amritsar - 143006, Kucha Dai Khana"
"Kapoor Store","+ 91  9872280740","Shop Number-37 A, Katra Sher Singh, Amritsar - 143006, Near Shubhas Park"
"Krishnas Print Store","+ 91  183 6549091","shop no.86, Katra Jaimal Singh, Katra Sher Singh, Amritsar - 143006"
"KANPUR STORE","+ 91  9646544350","SHOP NUMBER 4, Mcleod Road, Rani Ka Bagh, Amritsar - 143001, Opp. Jagat jyoti school"
"Jal Hardware Store","+ 91  9988969484","Lawrence road, Lawrence Road, Amritsar - 143001, Opposite Pizza Hut"
"eves departmental store","+ 91  9216007525","24 rani ka bagh, park lane, Amritsar - 143001, oppsite park"
"Belleza Girl Outdoor Store","+ 91  9814594030","4,Ist Floor, Nai Sadak,Lawrence Road, Amritsar - 143001, Opposite Bbk Dav College"
"Baba Budha Kirana Store","+ 91  8825964065","Amritsar - 143001, Rangdas Bahar Ali Kothi"
"Amit Hardware And Electrical S...","+ 91  9417690653","Indra Colony, Shri Ram Avenue, Amritsar - 143001, Near Vicky Karyana Store"
"Parkash Iron Store","+ 91  183 2700235","293, Amritsar - 143001, East Mohan Nagar, Near Durga Dharam Kanta"
"Sehgal Sanitary & Cement Store","+ 91  9417028862","Amritsar - 143001, Gagan Colony, Batala Road"
"Abhi General store","+ 91  9653869493","Shop no :11, Amritsar - 143001, Sunder nagar"
"HR Bag Store","+ 91  9815705075","Amritsar - 143001, Hall Bazar"
"Mahajan general store","+ 91  9914950641","Main bazar, Amritsar - 143001, Sunder nagar"
"Naresh Battery Store","+ 91  183 5095783","Amritsar - 143001, Toba Bhai Salo"
"Rinku Karyana Store","+ 91  9855988995","Main Bazar, Khandwala Opp Water Tank, Amritsar - 143001"
"Shiv Shakti Bartan Store","+ 91  9988027823","Near Parbharkar Chowk, Amritsar - 143001, Qadian"
"Guru Nanak DEV Motor Store","+ 91  9465132124","Shop No-8, Transport Nagar, G T Road, Amritsar - 143001, Behinde Bumrah Petrol Pump"
"Amritsar provisional store","+ 91  9872618117","Shop no 297, Fatehgarh Churian Road, Amritsar - 143001, Near Akash avenue"
"Punjab Iron Store","+ 91  183 2547521","Old Fruit Mkt Hall Bazar, Amritsar - 143001"
"Gursharan Kheti Store","+ 91  9814920217","Amritsar - 143001"
"Raju Shuttering Store","+ 91  8803240737","Badwal Morh, Gurna Slathion, Amritsar - 143001"
"Harman Book Store","+ 91  183 2570936","Majitha Road,, Amritsar - 143001"
"Aman karyana store","+ 91  9591912006","Shop no :44, Amritsar - 143001, Sarifpura"
"Ranjit medical store","+ 91  9646631966","Shop no :53, Amritsar - 143001, Sehaj enclave"
"Guru Nanaj Steel & Tiles Store","+ 91  9876184957","G.T Road, Amritsar - 143001, Tangra"
"Sarpanch Kirana Store","+ 91  9915530063","Valtkar Road, Amritsar - 143001, Adda Amarkat"
"Rohit Hardware Store","+ 91  9872179965","O/S Ram Bagh, Amritsar - 143001, Opposite Church"
"Sarah karyana store","+ 91  9872493710","Shop :4, Amritsar - 143001, Sharif pura"
"Harman general store","+ 91  8427277210","Shop no :5, Amritsar - 143001, Sarifpura"
"Shri Krishna General Store","+ 91  9914315639","#92, Janta colony,ranjit avenue, Amritsar - 143001, Near shiv mandir"
"New Singla Electric Store","+ 91  9815736985","363 ,, Railway Road ,Sunam, Amritsar,, Amritsar - 143001, Near Bus Stand"
"RAI Kheti Store","+ 91  9815769302","Amritsar - 143001"
"Shiv Shankar Khad Store","+ 91  9988942781","Amritsar - 143001"
"Gudluck Steel Shuttering Store","+ 91  9815961311","268, Gali No.3, Partap Avenue, Amritsar - 143001, Opp. Alpha Mall, G T Road"
"Bhola Towel Store","+ 91  183 2540571","Amritsar - 143001, Opposite Goyal Arts,Partap Bazar"
"Bharat Paints & Matting Store","+ 91  183 2103396","Amritsar Gpo, Amritsar, M. M . Malviya Road, Amritsar - 143001"
"Rahul mill store","+ 91  8437753034",""
"Gobind Motor Stores","+ 91  183 2541729","Shop Number- 7, 8 & 9, Amritsar Bus Stand, Amritsar - 143001, Tyre Market, Outside Hall Gate"
"Shankar Paint & Hardware Store","+ 91  9988300573","Amritsar - 143001, Focal Point"
"Dynamic Homoeopathic Store","+ 91  9814180233","Hussain Pura Chowk, Amritsar - 143001"
"Beauty Store","+ 91  9779261467","Shop No 22,I D H Market, Main Bazar, Amritsar - 143001"
"Baba Mehma Paint & Sanitary Store","+ 91  9417128406","Amritsar - 143001, Opp.Central Jail"
"khurana book store","+ 91  9780749025","main road, MAJITHA ROAD, Amritsar - 143001, NEAR GHALLA MALLA CHOWNK"
"Madrass Leather Store","+ 91  183 2545623","Amritsar - 143001, Near Telephone Exchange , Katra Kanhiyan"
"Punjabi Jutti Store","+ 91  9417382575","Cooper Road, Amritsar - 143001"
"Vicky General Store","+ 91  9988193526","Shop No 1, Railway Road, Amritsar - 143001, Near Grp Thana"
"A K Medical Store","+ 91  183 5095302","Putlighar Chowk,, Amritsar - 143001"
"Arora General Store","+ 91  9988809306","Shop no. 1, Guru nanak avenue, Amritsar - 143001, Ooposite Gurudwara"
"M K Scientific Store","+ 91  183 5093779","Plot No- 16, Scheme No- 2, Amritsar - 143001, Katra Sher Singh"
"Adarsh Medical Store","+ 91  183 2581912","S W Road, Amritsar,, Amritsar - 143001"
"Sai Medical Store","+ 91  9814834014","Shop no. 8, Gulmohar avenue,majitha road, Amritsar - 143001, Indra colony"
"Mela Ram Gen Store","+ 91  7508900518","Haripura, Amritsar - 143001, Near Dhruv DJ"
"Ghansham Bartan Store","+ 91  9876282798","Varpal Pind, Taran Tarn Road, Amritsar - 143001, Near Water Tank"
"Arora Paints Store","+ 91  9841730919","Add Chogawan, Ajnala Road,, Amritsar - 143001"
"Tangi Sanitary & Electric Store","+ 91  9872408763","Amritsar - 143001, Vpo Tangra"
"The Mobile Store","+ 91  183 5012617","164 Idh Mkt, Amritsar - 143001"
"Gupta Handloom Store","+ 91  9417073725","Amritsar - 143001, Near Judge Di Chakki Sangar Bazar, Mukerian"
"J S Shuttering Store","+ 91  9803323000","Ghuman Road, Amritsar - 143001, Near Petrol Pump"
"Salwan Medical Store","+ 91  9780148131","Adrash Nagar, Gali No 5, Amritsar - 143001, Fatehgarh Chudiya Road"
"Janta Handloom Store","+ 91  183 6571718","Green Market, Near Mandir, Amritsar - 143001, Sultanwind Road"
"Sachin Sanitary Store","+ 91  9799749511","Sandhu Colony, 88ft. Road, Main Bazar, Amritsar - 143001, Majitha Road"
"Shakti Store","+ 91  183 2540368","shop no. 10, Amritsar - 143001, Ram Bagh Chowk, Near Police station"
"Sharma general store","+ 91  9780375001","Shop ko :45, Amritsar - 143001, Hussainpura,bus stand"
"Manpreet Hardware Store","+ 91  183 2554459","Amritsar - 143001, Bazar Kathian"
"SATURN EIGHT SALES HARDWARE STORE","+ 91  9914811407","MAIN ROAD, Batala Road, Amritsar - 143001, NEAR OBC BANK"
"Bharat Store","+ 91  183 2540068","Opp-Amrit Takie, Amritsar - 143001, Katra Kanhiyan"
"Sharma General Store","+ 91  9888318396","#249, Avtar avenue,majitha road, Amritsar - 143001, Near Gurdial Property Dealer"
"Ashish general store","+ 91  9888140557","Shop no : 55, Amritsar - 143001, Maqbool road"
"New Punjab Cement Store","+ 91  183 2585998","259-A East Mohan Nagar, Amritsar - 143001"
"Samrat Medical Store","+ 91  9417393963","Mehta Road, Amritsar - 143001, Fatehpur Rajputtan"
"Lakshmi General Store","+ 91  9653422929","Shop No 72, Idh Market, Amritsar - 143001, Near Bus Stand"
"Lakshmi Khad Store","+ 91  9592318060","Amritsar - 143001"
"Verma Leather Store","+ 91  183 2545782","Katra Ghanayan, Amritsar - 143001, Near Telephone Exchange"
"Guru Ram Dass Timber Store","+ 91  9780920700","Near Bijli Ghar, Chowk Chheharta, Amritsar - 143001"
"Lahoria Kheti Store","+ 91  9781510665","Amritsar - 143001"
"Guru Nanak Khad Store","+ 91  9872329084","Amritsar - 143001"
"Eh 9 Stores","+ 91  7837390009","Shop No.2, G.T Road, Amritsar - 143001, Near PNB Bank"
"China Kahd Store","+ 91  9872598609","Amritsar - 143001"
"Hindustan Plywood Stores","+ 91  183 2271384","Batala Road,, Amritsar - 143001"
"Satguru Karyana Store","+ 91  9988772707","263/10, New Jawahar Nagar, Amritsar - 143001, B/S Johar Wala Shivala, Batala Road"
"Gill Sanitary Store","+ 91  9646035478","Jalandhar Road, Amritsar - 143001, Umarpura Batala"
"Sai general store","+ 91  8557876794","Shop no :66, Opp bus stand, Amritsar - 143001, Bus stand"
"New Kamboj Kheti Store","+ 91  9876801229","Amritsar - 143001"
"Gurwinder Khad Store","+ 91  9815598004","Amritsar - 143001"
"Wadhwa General Store","+ 91  9914531313","Shop no. 23, Dausanda Singh Road, Amritsar - 143001, Lawerence road"
"Surinder Timber Store","+ 91  9814852123","Shop No 4500, Near Samrala Chowk, Amritsar - 143001, Shingar Theatre Road"
"Brother Disposable Store","+ 91  9988085348","Amritsar - 143001, Mainbazar"
"Om Prakash Iron Store","+ 91  9855330178","Amritsar - 143001, Fish Mkt Hall Gate"
"manpreet ciment store","+ 91  9592280023","Amritsar - 143001"
"Billa Bearing Store","+ 91  183 5021381","Shop No-11, Amritsar - 143001, G.T Road, Ram Talai"
"Bansal Store","+ 91  183 2533858","Amritsar - 143001, Ram Bagh Bazar"
"Mahajan Departmental Store","+ 91  183 2424479","Majitha Road,, Amritsar - 143001"
"Bawa Karyana Store","+ 91  9501344841","Shop no. 1, Fatehgarh Churian Road, Amritsar - 143001, Near st.jude school"
"Guru Nanak Iron Store","+ 91  183 2584156","4 Field New Asr, Amritsar - 143001"
"Dashmesh Kheti Store","+ 91  9872388512","Amritsar - 143001"
"Kamal Raj Satish Karyana Store","+ 91  9888350622","Shop no. 53, Court Road, Amritsar - 143001, Near Petrol pump"
"Regal Store","+ 91  183 2534927","Golden Temple Cmplx, Amritsar - 143001"
"Bharti Dream Store","+ 91  9814549614","Main bazaar, Guru nanak nagar,majitha road, Amritsar - 143001, Near Samrat Bakery"
"Mehta Automobile Store","+ 91  183 2456215","Nehru Garden Road, Amritsar - 143001"
"Raja Scrap Store","+ 91  9815307871","Bazar No.5, Saheed Udham Singh Nagar, Amritsar - 143001, Gajjan Singh Dairy"
"M J Mechanical & Agriculture C...","+ 91  183 2491169","32, Amritsar - 143001, Baba Deep Singh Market"
"Hardip general store","+ 91  8872376185","Shop no :11, Amritsar - 143001, Shivala road"
"Aggarwal Wire & H W Store","+ 91  183 2544031","Amritsar - 143001, Katra Jaimal Singh, Chowk Moni"
"B R Sanitary Store","+ 91  183 2580995","Main Road,, Amritsar - 143001"
"Jolly Marbles & Sanitary Store","+ 91  183 2403434","Islamabad Road, Amritsar - 143001"
"gupta Medical Store","+ 91  9501970668","main bazaar, Majitha Road, Medical Enclave, Amritsar - 143001, bye pass chownk"
"Narinder General Store","+ 91  9888275731","New Pawan Nagar, Main Bazar, Amritsar - 143001, Near Gali No: 8, Batala Road"
"Passi Kariyana Store","+ 91  9781038001","Khem Karan Road, Amritsar - 143001, Opposite Bedi Battery Wale"
"Taneja Hardware Store","+ 91  183 2551671","Amritsar - 143001, Majith Mandi, Opposite Navrang School"
"Khanna Cloth Store","+ 91  183 2551504","Main Road, Amritsar - 143001, Near Chowk Goal Hatti"
"Laxmi Silk Store","+ 91  183 2546541","Katra Ahluwalia, Amritsar - 143001, Near Lalan Wali Gali"
"Guru Ram DAS Kheti Store","+ 91  9914048580","Amritsar - 143001"
"Chogawan Hardware Store","+ 91  183 2542329","103, Chaudhary Plaza, Amritsar - 143001, Ghas Mandi, Near PNB Bank"
"Sharma Kariyana Store","+ 91  9988316616","Amritsar - 143001, Ram Bagh Bazar"
"Sehmi Still Shutring Store","+ 91  9810501351","Mehta Road, Amritsar - 143001, Nava Pind, Near Bijali Ghar"
"Rajesh Karyana Store","+ 91  9878576373","Amritsar - 143001, Ram Bagh Bazar"
"Khalsa Hardware Store","+ 91  183 2258760","Amritsar - 143001, Partap Bazar, Chheharta"
"Bharat Cement & Saniatary Store","+ 91  183 2271679","Bedi Mension, Majitha Road, Amritsar - 143001, Opp. Mahajan Palace"
"Sunny Paint & Hardware Store","+ 91  183 2552600","Shop No-1, Gali Tiwarian, Amritsar - 143001, Lohagarh Chowk"
"JAI Kissan Agro Traders","+ 91  183 2701669","Mohan Building, Old Jalandhar Octroi Post, Gt Road,, Amritsar - 143001"
"POJA KARYANA STORE","+ 91  8054403366","putlighar, Amritsar - 143001, near gt rd"
"Kashmir Stationery & Paper Store","+ 91  183 2548088","24/7, Amritsar - 143001, City Centre, Near Guru Nanak Bhawan"
"Singh Steel Shuttering Store","+ 91  9464908113","Mehta Road, Amritsar - 143001, Village Fatehpur, Raipute"
"Narinder Khad Store","+ 91  9914400064","Amritsar - 143001"
"Vinny Scientific Store","+ 91  183 2291024","581/6, Kucha Lala Bugg, Amritsar - 143001"
"Harish General Store","+ 91  183 2548151","Is, Ram Bagh, Airport Road,, Amritsar - 143001"
"Kirti Bottle Store","+ 91  183 2544330","54,, New Misri Bazar Shastri Market ,Joshipura,, Amritsar - 143001, Near Post Office"
"Arora Store","+ 91  9779300163","T-7/2112, Gali Gulan Hussain, Inside Mahan Singh Gate, Amritsar - 143001"
"Appu General Store","+ 91  9872218699","Shop no. 7, Nagina avenue,majitha road, Amritsar - 143001, Near Gurudwara Sahib"
"Ravi Chappel Stores","+ 91  183 5007914","Sultanwind Road,, Amritsar - 143001"
"Sharma Departmental Store","+ 91  9876858548","building no. LIG 687, housing board colony, Amritsar - 143001, c-blick,ranjit avenue"
"Randhawa Kheti Store","+ 91  9814500712","Amritsar - 143001"
"Guru Nanak General Store","+ 91  9815340244","Amritsar - 143001, Chowk Chheharta"
"Lali General Store","+ 91  183 2551711","Shop No 24 & 30, Amritsar - 143001, Idh Market, Near Bus Stand"
"Manpreet Karyana Store","+ 91  9781310641","Sardar avenue, Majitha road, Amritsar - 143001, Near nau sas di hatti"
"Rawlley General Store","+ 91  183 2553027","Amritsar - 143001, Behind R S Tower, Katra Baghian, Near Swera Travels"
"Aniket Bartan Store","+ 91  8427131244","Vill. Warpal, Tarn Taran Road, Amritsar - 143001, Near Govt. Hospital"
"Vicky Bartan Store","+ 91  9814911155","Shop No 630 Near Gori Shankar Mandir Bazar Lachmansar Chowk Mon, Amritsar - 143001"
"Chhabra General Store","+ 91  183 2530942","I D H Market,, Amritsar - 143001"
"Gill Iron Store","+ 91  9814338108","Adda Buji,, Amritsar - 143001"
"Guru Nanak DEV Motor Store","+ 91  9465132124","Shop No: 448, Transport Nagar, Amritsar - 143001, Behind Bumrah Petrol Pump, G T Road"
"Rahul paint store","+ 91  8427377271","Shop no :45, Amritsar - 143001, Vijay nagar"
"Khosla Kissan Sewa","+ 91  9876892317","Amritsar - 143001"
"Anand Harware Store","+ 91  183 2481146","Tarn Taran Road, Amritsar - 143001"
"Pardeep Karyanaa Store","+ 91  8054903443","Shop no. 18, Fatehgarh Churian Road, Amritsar - 143001, Near Church and petrol pump"
"Khurana Timer Store","+ 91  9815611515","Cheel Mandi, Amritsar - 143001"
"Guru Nanak Gift Center & Ready...","+ 91  9872485253","Amritsar - 143001, Ghuman Rd, Khabbe Mkt, Mehta Chowk"
"Ganpati Mega Store","+ 91  9914714711","Amritsar - 143001"
"Ramesh Karyana Store","+ 91  9803893345","#72, Majitha road, Amritsar - 143001, Near Bye Pass Chownk"
"Amritsar Timber Store","+ 91  9872249191","Cheel Mandi, Amritsar - 143001"
"Sethi Karyana Store","+ 91  9814896600","Amritsar - 143001"
"Naresh General Store","+ 91  9780247043","shop no. 2, Fatehgarh Churian Road, Amritsar - 143001, rattan singh chownk"
"Venus Telecom & Departmental S...","+ 91  9872262785","Shop no. 1, Nagina avenue,majitha road, Amritsar - 143001, Near arora market"
"Josan Automobiles & Paint Store","+ 91  183 2583343","Adda Duburji, Amritsar - 143001"
"Yog Madaan Medical Store","+ 91  9780204348","#14/326, Majitha road, Amritsar - 143001, Near tung bala gate"
"Vippy Kry Store","+ 91  7837162930","Dhab Wasti Ram , Amam0134, Amritsar - 143001"
"Tashan Store","+ 91  9356025300","22/69-C, 1st Floor, Amritsar - 143001, New Idh Market,Oppsite Bhatia Hosiery"
"Reiki Store","+ 91  7508089745","Amritsar ,, Amritsar - 143001"
"Bag Store","+ 91  8569039455","Shop no. 4, Friends colony,majitha road, Amritsar - 143001, Opp. Water tank"
"Randhawa Department Store","+ 91  9872242051","Lokharka Road,, Amritsar - 143001, Near Temple Road,"
"Raj general store","+ 91  9646571363","Shop no :4, Amritsar - 143001, Bus stand"
"Joshi Grocery Store","+ 91  9876338693","Shop no. 11b, Green avenue, Amritsar - 143001, Main market"
