"Name","Phone","Address"

"Sethi Ind","+ 91  183 2588484",""
"Travel Agent In Amritsar","+ 91  183 2530847",""
"Amritsar Tour And Travels","+ 91  8729092100",""
"City Pack Ind","+ 91  183 2701963","20, Sultanwind Link Road, Amritsar - 143002, Gulab Nagar"
"Sardar Paint Ind","+ 91  183 2258623",""
"Amritsar tractor parts","+ 91  9872106986",""
"Amritsar Motors","+ 91  183 2508501",""
"Shubham Rice Mill","+ 91  183 2501758","No.11,Main Road, Gumtala, Amritsar - 143008"
"Amritsar Pulp & Board Mills PV...","+ 91  183 2503666",""
"H Mann Industries","+ 91  9888005019",""
"G.S. Rice Mills","+ 91  9815096777","Gumtala, Amritsar - 143008"
"Lakshmi Paint Ind","+ 91  183 2258592",""
"Narang Rice Mills","+ 91  183 2507038",""
"Amritsar Plywood Palace","+ 91  9888894543",""
"Trendz, Amritsar","+ 91  9814530300","Amritsar, Panjab, Amritsar - 143001"
"Amritsar plywood place","+ 91  183 5010780",""
"Amritsar Jassi Travel","+ 91  9888920121",""
"Amritsar interiors","+ 91  9988829737",""
"amrik agriculture store","+ 91  9811368022","Amritsar - 143001"
"Kalsi Electrical Wooden Inds","+ 91  183 2223651",""
"Canara Bank, Amritsar, Punjab","+ 91  183 2268990",""
"District Amritsar Business Ass...","+ 91  183 2541475",""
"Amritsar Timber Store","+ 91  9872249191","Cheel Mandi, Amritsar - 143001"
"Amritsar Power Centre","+ 91  9872297557",""
"Isher Paint Ind","+ 91  183 3297813",""
"Prem Ind Corp","+ 91  183 5051934",""
"Mohan Rice Mills","+ 91  183 2482920","Amritsar - 143001, Inderjit"
"Amritsar Auto Spares","+ 91  183 2401000",""
"Amritsar Sarvice Station","+ 91  183 2565497",""
"Safari Steel Ind","+ 91  183 2587454",""
"K.Rice & Oil Mills Pvt. Ltd.","+ 91  9872500043","Amritsar - 143001"
"Nagi shohrat & party amritsar ...","+ 91  9356032970",""
"Amritsar Commodity Mart","+ 91  183 2523285",""
"Groverson Aquachem Ind","+ 91  183 2565046",""
"Malik Seeds, Amritsar","+ 91  9815687861","Amritsar, Panjab, Amritsar - 143001"
"Amritsar OET College","+ 91  183 2225416",""
"Simran Ind","+ 91  183 2580334",""
"Amritsar Jewellers","+ 91  183 2558605",""
"Amritsar /Tarntaran District D...","+ 91  9417247974","No 759 (Gf) Housefed Complex, Amritsar - 143001"
"Amrik Agriculture Store","+ 91  9888461165",""
"Amritsar cold drinks","+ 91  9501026802",""
"Partap Rice Mill","+ 91  183 2523719",""
"Amritsar Insurance Institute","+ 91  9814702582","C/O. National Insurance Co. Ltd ., D-26,, Court Road, Amritsar, Amritsar - 143001"
"AMRITSAR RADIATOR","+ 91  9914106854",""
"Amritsar handloom house","+ 91  9915013689",""
"T K Shawl Inds Pvt Ltd","+ 91  183 2226554",""
"Amritsar Enterprises & Passpor...","+ 91  9915142066","Basement Of. Sco 109, Shop No- 3- B, Adjoining Passport Office, Ranjit Avenue, B Black, Amritsar, Amritsar - 143001"
"sareen ind","+ 91  7837375436",""
"Amritsar Transporter","+ 91  183 3224115",""
"Deep Enterprises, Amritsar","+ 91  9988111275",""
"Adarsh Steel Ind","+ 91  183 2223159","G T Rd, Amritsar - 143001, Maqboolpura,Bharat Ngr"
"AMRITSAR HOME APPLIANCES","+ 91  9356521311",""
"AMRITSAR PHOTO STUDIO","+ 91  9463826696",""
"Amritsar Health Club","+ 91  9988423109",""
"Icfai Business School Amritsar","+ 91  9888010151","Amritsar - 143001"
"S R Woollen Ind","+ 91  183 2552180",""
"Satinder Agriculture Repair Ce...","+ 91  9876369505",""
"Sony Rice Mills","+ 91  9915812063",""
"Silverline Ind","+ 91  9878340412","Amritsar - 143001"
"ssss immigration services amri...","+ 91  183 8196980",""
"Riat Machine Tools & Screw Ind","+ 91  183 2583122",""
"Amritsar Haldi Sales Corp.","+ 91  183 3092430",""
"Amritsar Caterer","+ 91  183 2581358","B/2a, East Mohan Nagar,Near Gupta Bakery, Amritsar - 143001"
"Krishna Steel Ind","+ 91  9888059949",""
"J J Sokhey Ind Tools Pvt Ltd","+ 91  183 2584777",""
"Commercial Office Space Amrits...","+ 91  9996113456",""
"Positive Network Amritsar (DIC)","+ 91  183 2570686","C/O Community Care Center, Red Cross Building, Amritsar , Inside Guru Nanak DEV"
"Chogwan Multipurpose Cooperati...","+ 91  9815959762",""
"Amritsar Wire Industries","+ 91  183 2393569",""
"M J Mechanical & Agriculture C...","+ 91  183 2491169",""
"Amritsar Nursing Home","+ 91  183 2504334","Maqbool Rd, Amritsar - 143001"
"world4ugroup amritsar","+ 91  183 5062020","nanak building, lawrence road, Lawrence Road, Amritsar - 143001, amritsar"
"Amritsar Yellow Plate Taxi Ser...","+ 91  183 5053045",""
"M-Series","+ 91  183 2548642",""
"Surindra Steel Inds","+ 91  183 2524008","Chabal Rd, Amritsar H O, Chandigarh - 143001, Nr City Dharamkanda"
"AMRITSAR OIL TRADER","+ 91  183 2543483","shop no 3768/7, main bazar, Amritsar - 143006, near HDFC Bank, Dhab Wasti Ram"
"Amritsar Electrician","+ 91  9814140019",""
"Shiv Shakti Rice Mill","+ 91  183 2482262",""
"Amritsar Police Gas","+ 91  183 2402780","Azad Nagar, Amritsar - 143001, Police Lines"
"Babu Rice Mill & General Mill","+ 91  183 2482999","Taran Taran Road, Amritsar - 143002"
"Anil Rice Mills","+ 91  9815001749",""
"Aarti International Amritsar","+ 91  183 5065024",""
"Simran Food & Agro Ind","+ 91  183 2503814","Taran Taran Rd, Amritsar - 143001, Nr Sagrana Sahib"
"Bright Industries.Amritsar","+ 91  9814053702","Amritsar - 143 006, Punjab, Amritsar - 143002"
"Amritsar Vikas Manch","+ 91  183 2582323",""
"Dharamjit Inds. Brand","+ 91  183 2231220",""
"Amritsar College","+ 91  183 5069527","GT Road, Amritsar - 143001, 12 Km Stone, Amritsar-Jalandhar,Near Jandiyal Toll TAX"
"Amritsar Punjabi Dhaba","+ 91  7355980475","Plot No-17, Gali No-3, Guru Nanak Colony, tarn taran road, Amritsar - 143002, Nr. Purani Chungi"
"Amritsar Haldi Sales Corporation","+ 91  9417510352",""
"Amritsar Engineering Works","+ 91  183 2581524",""
"R D Ind","+ 91  183 2230267","83, Mehta Rd, Amritsar - 143001, Focal Point"
"Surjan Steel Ind","+ 91  183 5004699","31, Opp Kissan Dharam Kanda, Amritsar - 143002, Chabal Road"
"Amritsar Pharmaceuticals Labs","+ 91  183 3099434",""
"Luthra Industries Amritsar","+ 91  183 2571198",""
"Balaji Agro Ind","+ 91  183 2229114","291, Amritsar - 143001, Green Avenue"
"Amritsar Motors","+ 91  9815191372","Shop No-22, Amritsar - 143002, Near-Graduate Gas Service, Lohgarh Gate"
"Anand Agriculture Implements","+ 91  183 2230727",""
"Harkamal Rice Mills","+ 91  9958538553",""
"Freedom Ind Ltd","+ 91  183 2589930","Gt Rd, Amritsar - 143001, Near Canal"
"Amritsar Broiler House","+ 91  9815338686","Amritsar - 143002, Bakkar Mandi, Khazana Gate, Near-Chabhal Road"
"Dhruv International Amritsar","+ 91  183 3124164",""
"TALENTEDGE AMRITSAR EDICATION ...","+ 91  183 5011002",""
"H S Ind","+ 91  183 2580267","50, Mehta Rd, Amritsar - 143001, Focal Point"
"Amritsar Fish Centre","+ 91  183 5062292","Inside Hall Gate, Amritsar - 143002, Fish Market"
"S G Textile Ind","+ 91  183 2263606",""
"Indian Overseas Bank Empanelle...","+ 91  183 2540420",""
"Bhullar Rice Machinery","+ 91  183 2401798","98 Focal Point, Amritsar - 143001"
"Amritsar Cycle Works","+ 91  183 2224756","Shop Number- 27, Railway Road, Amritsar - 143002"
"Taxi Service Amritsar","+ 91  9855028504",""
"Senior Ind","+ 91  183 2238791","122, Amritsar - 143001, Opp Diamond Palace,Gokal Ka Bagh"
"Amritsar Property Linkers, Pro...","+ 91  183 2502220","Sco-105, Distt. Shopping Complex, Near Passport Office, Amritsar - 143002, Above L.G. Showroom,Ranjit Avenue"
"Amritsar Motor Store","+ 91  183 2541046",""
"M Company","+ 91  9815304900",""
"Rajesh M Bhaskar","+ 91  9888005290","House Number- 29, Batala Road, Amritsar - 143001, Ram Nagar, Kangra Colony, Near Baba Balak Nath Mandir"
"Amritsar Plywood Emporium","+ 91  9876029422","pieel mandi, Amritsar - 143002"
"Alpha Exports, Amritsar","+ 91  9417057275",""
"Amritsar Caterers","+ 91  183 2553080",""
"Amritsar Internet Data Card Se...","+ 91  8283805013","Amritsar, Amritsar, Amritsar - 143002, Amritsar"
"JAI Shiv Shankar Shutter Inds","+ 91  183 2544186","516,kot atma Singh, Ram bagh, Amritsar - 143002, Near bus stand"
"Studio M","+ 91  183 2502537",""
"Amritsar Associates","+ 91  9915944266","19, Deep Complex,, Amritsar - 143002, Opp- Doaba Automobiles"
"M/S Baba Budha Ji Rice Mill","+ 91  9464940050","G T Road Mallian Jandiala Guru, Amritsar - 143002"
"Kochar Brothers Rice Mills","+ 91  183 2452871",""
"Gurdaspur Amritsar Kshetriya G...","+ 91  183 2382069",""
"Jagdambay Rice Mills","+ 91  183 2476729","G T Road, Amritsar - 143001, Kathanian, Chiata"
"Khalsa College Amritsar","+ 91  183 2258097","Amritsar - 143002"
"Amritsar Hospital Ltd","+ 91  183 2263927",""
"Wadhwa Electrical & Steel Ind","+ 91  183 2586681",""
"Ggs Ind","+ 91  183 2701808","125, Mehta Rd, Amritsar - 143001, Focal Point"
"Amritsar Communications","+ 91  9915720000","Amritsar - 143002"
"On Locale Regional Office Amri...","+ 91  183 2550505",""
"Sharma Rice Dealers","+ 91  9646613966","Shop No 10, Shivala Colony, Amritsar - 143001, Tilak Nagar"
"Simar Ind","+ 91  183 2588098",""
"Acupressure Amritsar","+ 91  9357331020","Partap Nagar Amritsar 9888926276 Partap Nagar Amritsar, Amritsar - 143002"
"Amritsar Centeral Co Op Bank Ltd","+ 91  183 2750031",""
"SR Sec School Amritsar","+ 91  183 2490666","Taran Road Kot Mit Singh,, Amristar, Amritsar - 143001"
"Anmol rice & pulses dealer","+ 91  8195967545",""
"State Bank Of India Clearing C...","+ 91  183 2540404","Clearing CPC, Amritsar - 143002"
"Crown Brush Ind","+ 91  183 2545499",""
"Amritsar Textile Finishing Mil...","+ 91  183 2581836",""
"United Sikh of Amritsar","+ 91  8566853630","S-3, Ground Floor, Amritsar Bus Stand, AMRITSAR - 143001, Opposite Sangam Cinema"
"Perfect IT Solutions, Amritsar","+ 91  9915017900","Bagh Ramanad Near Golden Templ, Amritsar - 143002"
"Sachdeva Travels Amritsar","+ 91  9888732694",""
"amritsar Car Care","+ 91  9876801994",""
"AMRITSAR GIFT HOUSE","+ 91  9815163911","19, Krishna Market, Amritsar - 143001, Near Golden Temple"
"Amritsar Sewa Kendramarket","+ 91  9815699451","50, Infront Of SBI Bank, Amritsar - 143002, Main Road"
"Best print amritsar","+ 91  9815431034",""
"Amritsar motors","+ 91  7508111204",""
"Amritsar digital lab","+ 91  9888904143","GT Road, Amritsar - 143001, Opp Bus stand near SINGH SABH JANJ GHAR"
"Amritsar Fertilizer Agency","+ 91  8872989993","65, Infront Of Honda Soroom, Amritsar - 143002, Main Road"
"Amritsar Pagri House","+ 91  183 2541826",""
"Kocher Bros Rice Mills","+ 91  183 2224378","308,Police Line,Krishna Nagar,Near T V Centre,Civil Albert Road,, Amristar, Amritsar - 143001, Amritsar"
"KARATE AMRITSAR","+ 91  183 2102206","SCO-1019/12, MAIN ROAD, Amritsar - 143002, ISLAMABAD"
"Amritsar School of Internet Ma...","+ 91  9592664555",""
"Amritsar Rexine Store","+ 91  183 2542106",""
"Amritsar Builders","+ 91  183 5069907","House No-10, Radha Swami Road, Amritsar - 143001"
"Amritsar Model School","+ 91  9814357585","Shaheed Udham Singh Nagar, Gali No.3,, Amritsar - 143001, Near Bhai Khaniya GurudwaraSultanwind Road"
"Amritsar Boot House","+ 91  183 2588249",""
"Amritsar Copreative Labour & C...","+ 91  183 2564764",""
"Amritsar Tour & Travel","+ 91  9815845150","Albert Road, Near Railway Station & Kundan Dhaba, AMRITSAR - 143001"
"Amritsar Weighing Eqiupments","+ 91  9814475554","Booth no-94,95, Kabir Park Colony, Amritsar - 143002, Opp Gndu Amritsar"
"amritsar hydraulics","+ 91  9193561329",""
"H Ball Wokand","+ 91  183 2541327",""
"Hotel M City","+ 91  183 2566217","25 A, Railway road, Amritsar - 143001, Near Railway station"
"Amritsar Property Consultants","+ 91  9876592391","Fatehgarh Churian Road, Amritsar - 143001, Adda Nangli,Near Thakur Ji Enclave"
"J K Ind","+ 91  183 2582365",""
"Reliance Paper Pack Ind.","+ 91  183 2272987",""
"New Amritsar Furniture","+ 91  183 2226124","Shop Number-173, Cooper Road, Amritsar Bus Stand, Amritsar - 143001, bhandari brij"
"Amritsar home tutors for Physi...","+ 91  7307006732","kabir park, Amritsar - 143002"
"Freedom Inds. Ltd.","+ 91  9876616820",""
"R.P. Rice Mill","+ 91  183 2482655",""
"Amritsar Woollen Mills","+ 91  183 2554881","1, Katra Sher Singh, Telephone Exchange Road,, Gandhi Bazar, Amritsar - 143006, Telephone Exchange Road,"
"Amritsar Handicraft","+ 91  9855588196","148, Rajinder Nagar, Amritsar - 143001, Backside Alpha Mall, Dalit Avanue"
"Amritsar Car Rental","+ 91  9316492888",""
"H Anu Vedio","+ 91  9872043057",""
"A K Steel Inds","+ 91  183 2581567","138 Em Nagar, S W Road, AMRITSAR - 143006, Guru Ravi Dass Marg"
"The Amritsar Co-Op L/C Society...","+ 91  9814051307","57, Pionk Plaza, O/S Hall Gate, Amritsar - 143006"
"Amritsar Fruit Agency","+ 91  9815034032",""
"Amritsar Sweets","+ 91  9855292856",""
"M/S. Amritsar Ply Wood PVT LTD .","+ 91  183 2701599","Four Fieldsg.t.road(Jalandhar Wali), AMRITSAR - 143006, Bye Pass"
"G N Rice Mills","+ 91  183 2422508","Majitha Mandi, Amritsar - 143006"
"Asha Brick Ind","+ 91  9815164403",""
"Seth Woollen Inds.","+ 91  183 2221859",""
"Amritsar Carbelt House","","Katra Sher Singh, Katra Sher Singh, Amritsar - 143006"
"Kochar Brothers Rice Mills","+ 91  183 2452871","Main Road, Majitha Mandi, Amritsar - 143006"
"M/S Amritsar Traders","+ 91  183 2211164",""
"R.S. Rice Mills","+ 91  183 2484192",""
"Amritsar Gift Centre","+ 91  183 2226692","151, New Clock Tower Market, Golden Temple, Amritsar - 143006, Opp. Shani Mandir"
"Amritsar Medicine Centre","+ 91  9217595356",""
"Harkrishan Ind","+ 91  183 2584171",""
"Shree Luxmi Rice Mills","+ 91  9815995598",""
"Amritsar Petrochem Pvt Ltd","","59,City Centre,1st Flr, Amritsar - 143001"
"Diamond Spares Ind","+ 91  9592466066",""
"Prince Carpet Ind.","+ 91  9814898971","653/18, Pakki Gali,Gopal nagar, Medical College, Amritsar - 143001, Near Dr.Ravi Dutt Sharma"
"H. Saini Medicos","+ 91  183 5065378",""
"MAA Sarswati Rice Mills","+ 91  8054700188","Amritsar - 143001"
"Computer repair in amritsar","+ 91  9464230007",""
"SH Car Land - Second Hand (Use...","+ 91  9815360580","National Complex, Amritsar Bus Stand, Amritsar - 143001, Amritsar"
"Rattan Asia Cycles Inds","+ 91  183 6535829",""
"Amritsar Punjabi Jutti","+ 91  8559004200","Ram Building, Amritsar - 143001, Opposite Jallianwal Bagh"
"Amritsar City Tour","+ 91  183 5016633",""
"MAHENDRA INSTITUTE AMRITSAR","+ 91  9646606160","2nd and 3rd Floor, 62, City Centre, GT Road (J.K.Orchid), Amritsar, Amritsar - 143001"
"H Saini Medicos","+ 91  9855090486",""
"Amritsar Aluminium House","+ 91  9817151289","Chk Hussianpura, Amritsar - 143001"
"Caravan Packers N Movers Amritsar","+ 91  183 2552875",""
"Amritsar studio","+ 91  7508282970","Ranjinder nagar, Amritsar - 143001, Near school"
"Shree Amritsar Sword","+ 91  9779710797",""
"AMRITSAR PUNJABI JUTI","","Ram Building, Chowk fuwara, Golden Temple, Amritsar - 143006, Opp.jalianwala bagh"
"Amritsar Gift House","+ 91  183 2549885",""
"Makhan Fish - Non Veg Restaura...","+ 91  9988275261","662, Old Jail Road, Basant Avenue, Amritsar - 143001, Trillium Mall"
"Amritsar Glass House","+ 91  183 5063965",""
"Union Ind","+ 91  183 2231026","36, Mohan Nagar, Amritsar - 143006, East"
"The Amritsar Tea Company","+ 91  183 2548713",""
"Hotel Amritsar Residency By Ce...","","G T Road, Amritsar - 143001, Opposite International Bus Terminal, Bamrah Service Station"
"Heritage Walk Amritsar","+ 91  9988503458",""
"Amritsar Medicine Centre","+ 91  183 2543679","2084/12, Gali Kucha Dai Khana, Amritsar - 143001, Katra Sher Singh"
"Amritsar Shawl Traders & Mfrs","+ 91  183 2552089",""
"Hotel Amritsar Inn","+ 91  8427202611","Main bazaar, Ram BAGH ROAD, Amritsar - 143001, OPP RAILWAY TAXI STAND"
"AMRITSAR KULCHA POINT","+ 91  9988866194",""
"Mohan Rice Mills","+ 91  183 2482449","Amritsar - 143001"
"Amritsar Public School","+ 91  183 5054465",""
"forever livining prouduct in a...","+ 91  9888171301","goal maszid sharifpura sho 22, Amritsar - 143001"
"amritsar optical","+ 91  9878368848",""
"R. S. Electricals, Amritsar","+ 91  9815237613","Amritsar, Panjab, Amritsar - 143001"
"Amritsar Bathinda Transport Co...","+ 91  183 2551834",""
"Taxi Service Amritsar","+ 91  183 7889892","Amritsar - 143001"
"Amritsar Engg. Works","+ 91  183 4069898","Plot No. 71-72,, G.T. Road, Amritsar - 143001"
"Australia & New Zealand Educat...","+ 91  9356065208",""
"Friends Rice Machinery Manufac...","+ 91  183 2587943",""
"Jobs in Amritsar","+ 91  8591928952","Rani Ka Bagh, Amritsar - 143001, Hp Petrol pump"
"Mega Canada Education Fair 201...","01835095585",""
"Amritsar Gaming Zone","+ 91  9814110007","95, Mall Road, Amritsar - 143001, Opposite Ig Border Range Residence"
"Amritsar Golden Textiles","+ 91  183 2532484",""
"Empire Machinery Corporation, ...","+ 91  8447569073","Amritsar, Panjab, Amritsar - 143001"
"Canadian Education Fair 2016-A...","+ 91  9356065208",""
"Amritsar provisional store","+ 91  9872618117","Shop no 297, Fatehgarh Churian Road, Amritsar - 143001, Near Akash avenue"
"Sonyog Enterprises, Amritsar","+ 91  7696662303",""
"astrologer in amritsar","+ 91  9876263101","Amritsar - 143001"
"Nutrition World, Amritsar","+ 91  9915099822",""
"Mid Brain Activation in Amritsar","+ 91  9465637520","house no:d-288, Ranjit Avenue, Amritsar - 143001, near bus parking"
"Jaycee Agriculture Corpo.","+ 91  9876025119",""
"Amritsar Escorts co","+ 91  9872495586","Amritsar - 143001"
"Baboo Rice & Gen.Mills","+ 91  9814833999",""
"Canadian SPP Colleges & Univer...","01835093010","VENUE - M K Hotel District Shopping Centre, Ranjit Avenue, Amritsar - 143001, Near Hotel holiday"
"Amritsar Pet World","+ 91  183 5050329",""
"Nanak NAM Ind","+ 91  183 2583952","House No-53, Mehta Rd, Amritsar - 143001, Indl Focal Point"
"Bengal To Amritsar Tour & Travel","+ 91  9357682320",""
"Deep International, Amritsar","+ 91  9814182564","Golden Temple, Guru Ram, Amritsar - 143006"
"Amritsar Furniture","+ 91  183 2552489",""
"Amritsar digital color lab","+ 91  9780119123","G.T. Rd bus stand, Amritsar - 143001, Opp. Bus stand"
"Amritsar fertilizer agency","+ 91  9815191493",""
"New Light Ind","+ 91  183 2232786","253, Mehta Rd, Amritsar - 143001, Ram Talai,Focal Point"
"Lovely Mechanical & Gen Ind","+ 91  183 2583269",""
"Bharat Electrical Ind","+ 91  183 2583647","155, Mohan Nagar, Amritsar - 143006, East,Indl Area"
"National Bank For Agriculture ...","+ 91  183 2656068",""
"J K Bamrah Ind Regd","+ 91  183 2292682","Amritsar - 143001, Lachhmansar Bzr, Asr"
"Baba Naga Rice & General Mills","+ 91  183 2275466",""
"New Amritsar Ornaments House","+ 91  183 2547093","Amiritsar, Amritsar - 143006"
"Dr Krishna H Singh","+ 91  9356001008",""
"M. Kalra & Associates","+ 91  183 2229905","# 5, Tagore Colony, The Mall, Amritsar - 143001"
"Manappuram Finance, Lowrance R...","+ 91  183 3222520",""
"Amritsar Time Centre","+ 91  9876198988","Hall Bazar, Gandhi Bazar, Amritsar - 143006, Opp Electric Centre"
"Amritsar Marketing","+ 91  183 2545832","2nd Floor, Kundan Plaza, Amritsar - 143001, Hall Bazar, Above Andharh Bank, Near Airtel Office"
"NAV Bharat Woollen Ind","+ 91  183 2237278",""
"Kissan Ind","+ 91  183 2230730",""
"Shiva Plastic Ind","+ 91  183 2232463","Amritsar - 143001, Ram Talai"
"CITY TRAVEL AMRITSAR","+ 91  183 5059007",""
"D K Mktg Amritsar H O","+ 91  9356002714","Amritsar - 143001"
"Metal Folds Ind","+ 91  183 5006964","165, Mohan Nagar, Amritsar - 143006, East"
"Amritsar College Of Engineerin...","+ 91  183 5069532",""
"Ganesh Rice Mills","+ 91  9815177335",""
"Amritsar pet shop","+ 91  9888294318","Sh no 4 b guru teg bhadur hospital, Ram Bagh, Amritsar - 143001"
"Dr Shorey The Amritsar Clinica...","+ 91  183 2542979",""
"Amritsar Engg Works East Mohan...","+ 91  183 2230524","21, Mohan Nagar, Amritsar - 143006, Goka Ka Bagh,East"
"G S Bakelite Ind","+ 91  183 2231604","G T Rd, Amritsar - 143001, Maqboolpura South"
"amritsar shutter industries","+ 91  9815018264",""
"R S Chatha Rice Mills","+ 91  183 2482482",""
"H Mann Ind","+ 91  183 2232854","23, Mohan Nagar, Amritsar - 143006, Gokal Bagh,East"
"New India Wire Ind","+ 91  183 2589009",""
"Seth Woollen Ind","+ 91  183 2541155","building no 3, Katra Sher Singh, Amritsar - 143006, near telephone exchange"
"Amritsar Hospital","+ 91  183 2702500",""
"Ritu Paints Ind","+ 91  183 2580494","62, Mohan Nagar, Amritsar - 143006, East"
"GEHNA AMRITSAR - A House Of Fa...","+ 91  9988221148",""
"Hi Tech Power Inds","+ 91  183 2422763","House No-105, Majitha Rd, Amritsar - 143001, Ggs Ngr"
"Bank Of Baroda Amritsar Pratap...","+ 91  183 2584172","P No-1, G T Rd, Pratapnagar, Amritsar - 143006"
"Raxon Ind","+ 91  183 2240133",""
"Amritsar Heartcentre","+ 91  183 2400567",""
"AMRITSAR PESTICIDES","+ 91  9803550002","27-28, MAIN ROAD, Ram Bagh, Amritsar - 143001, OPP. SHREE RAMA KRISHNA MARBLES"
"VRINDAVAN GARDENS AMRITSAR","+ 91  183 6548182","SCO 1, VRINDAVAN ORCHARD, Amritsar - 143002, LOHARKA ROAD"
"M Devinson Overseas","+ 91  183 2553726",""
"Amritsar mobile centre","+ 91  9988426420",""
"Acumen Capital Market (I) LTD ...","+ 91  183 3257448","Adjacent ICICI Bank, Rani Ka Bagh, Amritsar - 143001, Amirtsar"
"New Amritsar Ornaments House","+ 91  183 2547093",""
"Asian Textile Ind","+ 91  183 2585758",""
"AMRITSAR STEEL EMPORIUM","+ 91  183 5008518","O/S Ram Bagh, Ram Bagh, Amritsar - 143001, Near nandan cinema"
"Hind Electrical Ind","+ 91  183 2482603",""
"Amritsar Marble House","+ 91  183 2220446",""
"ISO Certification Amritsar Punjab","+ 91  9872086041",""
"Shri Krishna Rubber Ind","+ 91  183 2586719","163, Mehta Rd, Amritsar - 143001, Focal Point"
"Amritsar Crown Cap","+ 91  183 2432527",""
"Amritsar Financial Service And...","+ 91  9915544464",""
"Amritsar Novelty Store","+ 91  9256196462",""
"Singh Sons Ind","+ 91  183 2583528","124-A, Amritsar - 143001, Focal Point"
"Amritsar Sewa Samiti Regd Homo...","+ 91  183 2534072",""
"Amritsar Surgical","+ 91  183 2542799",""
"Swastik Ind","+ 91  183 2583899","157, Amritsar - 143001, Focal Point"
"Amritsar Mobile Centre","+ 91  9872177770",""
"Amritsar Co Op Bank Ltd","+ 91  183 2592935","Central Jail Road ,Raja Sansi Road ,, ,Amritsar-,"
"Bhagwati Ind","+ 91  183 2557403",""
"Amrit Ind","+ 91  183 2587652",""
"International School of Design...","+ 91  9988863388","33a/1,Ground floor, Rani Ka Bagh, Amritsar - 143001, Next to Archies galery"
"G.S.Chatha Rice Mills","+ 91  9814052810","Amritsar - 143001"
"Amritsar Electro Care","+ 91  9217895693",""
"National Ind","+ 91  183 2583933","121, Mehta Rd, Amritsar - 143001, Focal Point"
"Amritsar Musical Academy","+ 91  9888399871",""
"R.J.Chatha Rice Mills","+ 91  183 2482481",""
"S M Ind","+ 91  183 2587296",""
"Amritsar Commerce Education","+ 91  9815193154",""
"Partap Electrical Ind","+ 91  183 2585756","102, Mehta Rd, Amritsar - 143001, Focal Point"
"Amritsar Transport Co.(P) Ltd.","+ 91  183 2532189",""
"K S Virdi Ind","+ 91  183 2589482","67-A, Amritsar - 143001, Bhai Laloji Ngr"
"Devgan Rice & General Mills","+ 91  183 2482141",""
"AMRITSAR OVERSEAS EDUCATION CO...","+ 91  183 9814797331","156 PRITAM NAGAR, 100FEET ROAD, Amritsar - 143001, NEAR DEEP BAKERY"
"Sun Star Rice Mills","+ 91  1858 244015",""
"Paul Soap & Chemical Ind","+ 91  183 2586563","276, Mehta Rd, Amritsar - 143001, Focal Point"
"A B Electrical Ind","+ 91  183 2586738",""
"AR Travels Amritsar","+ 91  9888302117","Amritsar - 143001"
"Amritsar Agra Transport Co.","+ 91  9888102343",""
"Sanniya Ind","+ 91  183 2583231","76, Mehta Rd, Amritsar - 143001, Focal Point"
"Canara Bank, Amritsar, Punjab","+ 91  183 2222049",""
"Amritsar Central Coop Bank LTD","+ 91  183 2508765","D-68, Amritsar - 143001, Ranjeet Avenue"
"Pleasant Times Ind","+ 91  183 2500132",""
"Laxmi Plastic Ind","+ 91  183 2589914","232, Mehta Rd, Amritsar - 143001, Focal Point"
"Amritsar Time Centre","+ 91  9872595935",""
"Amritsar Computer Hut","+ 91  183 5053909","Showroom 4 5 Lawrance Plaza, Lawrence Road, Amritsar - 143001, Nr Pizza Hut"
"AMRITSAR MOTORS","+ 91  9815782037",""
"Dhanjal Wire Ind","+ 91  183 2582938","80, Mehta Rd, Amritsar - 143001, Focal Point"
"Mahajan Agriculture Store","+ 91  183 2557832",""
"Amritsar Taxi Booking","+ 91  183 2221408","Amritsar - 143001, Near Durgiana Temple, Hathi Gate, Corporation Market"
"Amritsar Time Centre","+ 91  183 5006773",""
"Hanuman Ind","+ 91  183 5060179","P No-85, St No-2, Amritsar - 143001, Batala Rd, Preet Ngr"
"Veeru Mal Mulkh Raj Jain Rice ...","+ 91  183 2431584",""
"gsas repair amritsar","+ 91  9781595981","shop 2, rayato cinema, qreens road(kot road), railway station, Amritsar - 143001, Samrat Hotel"
"Amritsar Tampo Union","+ 91  183 6535495",""
"Accurate Ind","+ 91  183 2583710","229, Mehta Rd, Amritsar - 143001, Focal Point"
"Indian Overseas Bank - New Amr...","+ 91  183 2580330",""
"Community Care Center For Peop...","+ 91  183 2572401","Majitha Road Amritsar, Amritsar - 143001, Near De-Addiction Centre,"
"Amritsar Air Lines","",""
"M Telecom","+ 91  9815206665","Main Bazar, Near- Durga Bhawani Bakery, Mandir Wali Gali, Cemetry Road, Putlighar, Amritsar, Amritsar - 143001"
"Unison Electric Ind","+ 91  183 5534434",""
"Bhullar Rice Machinery Manufac...","+ 91  183 2701798","384-385, Mehta Road, Amritsar - 143002, Industrial Focal Point"
"Poly Kni Ind","+ 91  183 2506216",""
"Amritsar Ivory Works","+ 91  183 2508820","501, Amritsar - 143001, Maqbool Rd"
"Nagi Ind","+ 91  183 5095093",""
"AMRITSAR AUTO DEALER","+ 91  9815722305","shop no 59, hukam singh road, Amritsar - 143001, opposite Company Bagh, Near Petrol Pump"
"Amritsar Sewa Samiti","+ 91  183 2564437",""
"Amritsar Woollen Mills","+ 91  183 2554973","1, Katra Sher Singh, Telephone Exchange Road, Amiritsar, AMRITSAR - 143001, Amritsar"
"Sudarshan Weaving Factory Amri...","+ 91  183 2556936",""
"Kuldeep Travels Amritsar","+ 91  183 5008600","H.No-45,Gali No 12, Saheed Udham singh Colony, khajane wala gate, Golden Temple, Amritsar - 143006"
"Bank Of Baroda Amritsar","+ 91  183 2291492",""
"JMD Rice","+ 91  8054054610","1318 Namak Mandi, Namak Mandi, Amritsar - 143001"
"Canara Bank, Amritsar, Punjab","+ 91  183 2222020",""
"Amritsar - Isw","+ 91  9888282155","Amritsar - 143001, Sco 34, B Block,Ranjit Avenue"
"Messrs Amritsar Music House","+ 91  183 2546668",""
"Amritsar Engg Works","+ 91  183 2585229",""
"C K Ind","+ 91  183 2522675",""
"Bhagwati Rice & General Mills","+ 91  183 2476190","G T Rd Bye Pass, Chheharta Railway Station, Amritsar - 143105, Chheharta"
"Amritsar Music House","+ 91  183 2545668",""
"Girdhar Ind","+ 91  183 5016692",""
"Amritsar Public School","+ 91  183 2588001",""
"A Muthoot M George ENT","+ 91  183 4012011","2nd Flr,Sco-26, Amritsar - 143001, Distt Shopping Centre,Ranjit Avenue"
"amritsar Hardware Store","+ 91  183 2545216",""
"Chatha Rice & Oil Mills","+ 91  183 2482666",""
"Kids Cafe Amritsar","+ 91  183 5060505",""
"M. H. Rice & Agriculture Ind.","+ 91  9814132146","D-179, Mehta Road, Amritsar - 143001, New Focal Point"
"Deva Singh Sham Singh Rice Mills","+ 91  183 2482230",""
"Kissan Agriculture","+ 91  9815128733",""
"Bank Of Baroda Amritsar","+ 91  183 2566417",""
"M H COMMUNICATION","+ 91  9041750748","24-A, Liberty market, Amritsar - 143001, Railway link road"
"THE AMRITSAR ELECTRICALS","+ 91  183 2543595",""
"Shubham Rice Mill","+ 91  183 2501758","No.11,, Gumtala,, Amritsar - 143001"
"Amritsar Placements","+ 91  183 5061919",""
"Mh Solar System","+ 91  9463561783","Focal Point, Industrial Area, Amritsar - 143001, Gt Road"
"M Collections","+ 91  183 5066777",""
"Amritsar Food","+ 91  9872985201",""
"Fortis Hescorts Hospital Amritsar","",""
"M H Industries","+ 91  183 2702567","282, East Mohan Nagar, Amritsar - 143001, East Mohan Nagar"
"Canam Group Amritsar","+ 91  183 3067525",""
"Amritsar Cabs","+ 91  183 5007187","Railway Station G T Road Amritsar Opp.Canal Office Amritsar, Amritsar - 143001"
"Amritsar Sewa Samiti Homoeopat...","+ 91  183 2534419",""
"Ramada Amritsar","+ 91  183 5025555","Golden Temple, Amritsar - 143006, Ramada Hall Bazar"
"S K Rice Mills","+ 91  183 2258174",""
"Teriot Auto & Electricals Priv...","+ 91  183 2581057",""
"Time Travels Amritsar","+ 91  183 2400143","14, Kapoor Plaza, Queens Road, Amritsar - 143001"
"NIIT Amritsar Mall Road Centre","+ 91  183 2562301","Second Floor 38 The Mall, Amritsar - 143001"
"G J Ind","+ 91  183 2231191",""
"Shree Naina Devi Rice Mills","+ 91  9815963755","Amritsar - 143001"
"Amritsar Gun House","+ 91  9501091438",""
"Amritsar Dental Clinic","+ 91  9815036035","53 - A, New Kangra Colony, Amritsar - 143001, Opposite Lord Krishna School"
"APS Screw Ind","+ 91  183 2485236",""
"Rakesh Rice Mills","+ 91  9814835857","Amritsar - 143001"
"Art of Living Amritsar","+ 91  9417022457",""
"Amritsar Enviro Care System...","+ 91  9653470000","Pasricha Medicare Centre, Main Road, Haripura, Amritsar - 143006, Adjoining Gurudwara & Near Jwala Flour Mill Post Office"
"Amritsar Bagh Associates","+ 91  183 5014374",""
"Amritsar Dental Lab","+ 91  183 2211954","The Mall Barkats Singh Marke, Amritsar - 143001"
"M- Zone","+ 91  183 5009445",""
"Shree Amritsar Sword","+ 91  9779710797","149, baba deep singh ji colony, Amritsar - 143001, inside chahtiiwind gate"
"Amritsar Club","+ 91  183 2401837","Ram Bagh Gardens Amritsar, Amiritsar, Amritsar - 143001"
"JAI Bhagwati Rice Mills","+ 91  183 2476530","Amritsar - 143001"
"Amritsar Kennel Club","+ 91  183 2222612",""
"Amritsar Property Linkers","+ 91  9417292777","Sco Number 105 District Shopping Complex Ranjeet Avenue, Main Road, Amritsar - 143002, Near Passport Office Ran Avenue Above Lg Showroom"
"Canara Bank, Amritsar, Punjab","+ 91  183 2275145","Sursingh (Bhikiwind) Amritsar-143 302, Amritsar - 143001"
"Metal Ind","+ 91  9888777797",""
"Amritsar HDFC Bank Ltd","+ 91  9316993563",""
"Amritsar Sanitary And Hardw...","+ 91  9988877782","Guru Nanak Colony, Sultanwind Road, Amritsar - 143001, Near Gobind Nagar Gate Opposite Allahabad Bank"
"R K Rice Mills","+ 91  183 5193343","Tarn Taran Rd, Amritsar - 143001, Sangrana Sahib"
"Amritsar Cold Drinks","+ 91  9872998519",""
"Angel Broking - Amritsar Branch","+ 91  183 3987001",""
"Hyatt Hotel","+ 91  183 2871234","Main G T Road, Amritsar - 143001, Adjoining Alpha One City Centre Mall , Mbm Farms"
"Bharat Plastic Ind","","88, Amritsar - 143001, Bhalla Market, Chowk Shakti Ngr"
"amritsar electronic shop","+ 91  7765063007",""
"Bhullar Rice Machinery MFG. Co","+ 91  183 2585366",""
"Sri Guru Ram Dass Jee Internat...","+ 91  183 2214353","Ajnala Road, Amritsar - 143001"
"Dashmesh Ind","+ 91  183 2583090","291, Mehta Rd, Amritsar - 143001, Focal Point"
"Amritsar Haldi Sales Corp","+ 91  183 2578200",""
"Punjab Basmati Rice Limited","+ 91  183 2481085",""
"Peddlers Amritsar","+ 91  183 5002224","Sco. 36,, Dist Shoping Complex, Amritsar - 143001"
"National Small Ind Corp Ltd","+ 91  9464046246","District Industries Centre Campus, Mehta Rd, Amritsar - 143001, Focal Point"
"K.S.Gurbux Singh Rice Mills","+ 91  183 2522502",""
"Madan Steel Ind","+ 91  183 2588445",""
"The Fern Residency Amritsar","+ 91  183 5151222","33, The Mall, Sona Chandi Tower, Mall Road, Amritsar - 143001, Near Income Tax Chowk"
"Amritsar Trading Co","+ 91  9653490970","Shop No-104, Amritsar Bus Stand, Amritsar - 143001, Idh Market, Near Bus Stand"
"Amritsar Gas Service","+ 91  183 2400440",""
"H.S.Arora Rice Mills","+ 91  183 2482291",""
"Amritsar Club","+ 91  183 2222082","Mall Road, Amritsar - 143001, Company Bagh"
"Amritsar College Of Engg & Tech","+ 91  183 2440675","Amritsar Jalandhar G T Rd, Amritsar - 143001, Mananwala"
"Suraj Rice Mills","+ 91  183 2482227",""
"HAYAT M MUKHTAR","+ 91  9876544408",""
"Amritsar Transport Co","+ 91  183 2551533","Street Number- 2, G T Road, Amritsar - 143001, Pulighar"
"Amritsar Institute Of English ...","+ 91  9216225060","25 C4 Ff, Amritsar - 143001, Opp Karan Palace"
"Kabir Park- Amritsar HDFC Bank...","+ 91  9356688710",""
"Municipal Corporation Amritsar","+ 91  183 2545155","Town Hall, Amritsar - 143002"
"Amritsar Dog Kennel","+ 91  9530769306","Street No-2, Amritsar Bus Stand, Amritsar - 143001, Bus Stand, Opposite Sangam Cinema"
"Amritsar Public School","+ 91  183 2238001",""
"Amritsar Medicine Center","+ 91  183 2548892",""
"Corporation Bank Amritsar","+ 91  183 2228521","8,Ground Floor, Lawrence Road, Amritsar - 143001"
"Amritsar Property Linkers","+ 91  183 2502220","S.C.O. No-105, Distt. Shopping Complex, Ranjeet Avenue, Ranjit Avenue, Amritsar - 143001, Above LG Showroom, Near Passport Office"
"Amritsar Computer Care","+ 91  9463247501",""
"Sun Star Rice Mills","+ 91  183 2440152",""
"Amritsar College Of Engineerin...","+ 91  183 5069536","G.t. Road, Amritsar - 143001"
"Kochar Rice Exim Pvt Ltd","+ 91  9876377778","45/46 d.r enclave, airport road, asr, Amritsar - 143001, Near iv hospital"
"Arya Rice & Oil Mills","+ 91  183 2431308",""
"ACET- Amritsar College Of Engi...","+ 91  9501033881",""
"Renault Amritsar","+ 91  183 3293909","Attri Bye Pass Road, Gt Road, Amritsar - 143001, Near Byepass Chowk, Dohuri, Daburchi"
"Amritsar Hotel & Restaurant As...","+ 91  183 2229636","84 queen road amritsar, Amritsar - 143001, hotel suncity"
"M Hospital","+ 91  183 2222920",""
"Devgan Rice & Gen.Mills","+ 91  9356122756",""
"Government Medical College, Am...","+ 91  183 2421977","Circular Road, Amritsar, Punjab, Amritsar - 143001"
"Amritsar Swadeshi Textile Corp...","+ 91  183 2220782","Ram Tirath Road, Amritsar - 143001"
"Amritsar Care","+ 91  7355633836",""
"Well wishers Amritsar Tourist ...","+ 91  9814180754",""
"State Bank Of India Karmon Deo...","+ 91  183 2294496","Amritsar - 143002"
"Amritsar holiday Travels","+ 91  183 6845161","Anad Avenue, 101-c,old jail road,opp providend fund building Amritsar, Ranjit Avenue, Amritsar - 143001, Nr.gurdwara"
"Shiv Shakti Rice Mill","+ 91  183 2482262",""
"A.D.C .(G)Amritsar.","+ 91  183 2226363",""
"Ramada Amritsar","+ 91  8566831722","Ramada, goal hatti chowk, Amritsar - 143006, Amritsar"
"Amritsar Aviation Club","+ 91  183 2214044",""
"Amritsar Commercial Press","+ 91  9988099498",""
"Amritsar HDFC Bank Ltd","+ 91  183 3018603",""
"State Bank Of India Gopal Naga...","+ 91  183 2570182","Majitha Road, Gopal Nagar, Amritsar - 143001"
"Amritsar Traders","+ 91  183 2272393",""
"Amritsar Computer Care","+ 91  9464750065",""
"Amritsar Sewa Samiti","+ 91  183 2531048",""
"Amritsar Printing Press","+ 91  183 2224520","31, Circular Road, Amritsar - 143001"
"Virdi Ind Suttles Pvt Ltd","+ 91  183 2583900",""
"Gamco Mechanical Tools Ind.","+ 91  183 5006712","203-B, East Mohan Nagar,, Amritsar - 143001"
"Amritsar Electronic House","+ 91  9779922009",""
"Ferozpuria Turban Training Cen...","+ 91  9027400004","38-A, 100 FEET RD,, Amritsar - 143006"
"New Amritsar Delhi Goods Carriers","+ 91  183 2557085",""
"Amritsar Education Society And...","+ 91  183 2507622","72 Sector 4 Amritsar, Amritsar - 143001"
"Amritsar Airport Cabs","+ 91  9988370123","Sco-32, Deep Complex, Coourt Road, Amritsar - 143001, Opposite Dwaba Automobile"
"Corporation Bank Amritsar","+ 91  183 2532284","LIC Of India,Jeevan Udyog Bldg, Amritsar - 143001, City Centre"
"taxi service amritsar","+ 91  9855028504",""
"Bhagwati Rice & Gen. Mills","+ 91  9888035136","Amritsar - 143001"
"Amritsar Taxi Stand tour & Travel","+ 91  9988314811","Shop Number-3, Goal bagh, Amritsar - 143001, Opp.railway station"
"State Bank Of India Tarn Taran...","+ 91  1859 278446","Fatehbad (Tarn Taran), Amritsar - 143407"
"Amritsar Tour Guides","+ 91  8528497302",""
"ASHISH H ARORA & ASSOCIATES","+ 91  183 2220108",""
"Global Computers Amritsar","+ 91  9216350546","Amritsar - 143001"
"Hotel M Star","+ 91  183 5002459","Amritsar - 143001, Old Lakkar Mandi Bazar, Near Jalianwala Bagh"
"Asia Steel Ind","+ 91  183 2587019",""
"Amritsar Motor Agency","+ 91  9417020308","Pink Plaza Market, G T Road, Amritsar - 143001"
"Amritsar Eye Hospital","+ 91  183 2256361","G N D U Shopping Complex, G T Road, Guru Nanak DEV University, Amritsar - 143005"
"Amritsar Clinic And Nursing","+ 91  183 2572848","Gurdwara Lane , , ,200*A ,Gali No.5, ,Gurdwara Lane ,Majitha Road ,Amritsar-,"
