"Name","Phone","Address"

"khurana book store","+ 91  9780749025","main road, MAJITHA ROAD, Amritsar - 143001, NEAR GHALLA MALLA CHOWNK"
"KUMAR HARDWARE MILLS STORE","+ 91  183 2543330",""
"Mahajan Mobile Hut","+ 91  9803586042",""
"Mahajan bakery","+ 91  9855618615","Shop no :34, Amritsar - 143001, Krishna square"
"Marwaha Timbers Store","+ 91  183 2546841","Cheel Mandi, Amritsar - 143001, Nr Akash Finance Company"
"Kangan Designer Jewellery Store","+ 91  183 5099700",""
"MAHAJAN FRUIT SHOP & Juice bar","+ 91  9915590625",""
"Mahajan electronics","+ 91  9803566666","Hall bazar, Chowk bijli wala, Amritsar - 143001, Near R S towers"
"Agarwal H/W Store","+ 91  9888336689","Queens Road, Amritsar - 143001"
"Hotel Mahajan International","+ 91  9646010056",""
"Mahajan cosmetic & jewellery c...","+ 91  8566002264",""
"Mahajan Telecom","+ 91  183 5022809","Amritsar - 143001, Joshan Mkt,Hall Bzr"
"Sharma general store","+ 91  9780375001",""
"MUKAL SANITARY STORe","+ 91  9417233442",""
"MAHAJAN FOOTWEAR","+ 91  9855367046",""
"Mahajan garments","+ 91  9803558592","Sh no 7, Railway road, Amritsar - 143001"
"Raj general store","+ 91  9646571363","Shop no :4, Amritsar - 143001, Bus stand"
"only store","+ 91  183 6600513",""
"MAHAJAN READY MADE GARMESNTS","+ 91  9876301079",""
"Mahajan motors","+ 91  9888997922","Sh No 19, Queens Road, Amritsar - 143001"
"Rai general store","+ 91  8054182580","Shop no : 55, Amritsar - 143001, Bus stand"
"Mahajan sound & system","+ 91  7814346576",""
"Woodland store","+ 91  9888715075",""
"Mahajan Contractor for Residen...","+ 91  9872836286","67-a, kennedy avenue, Amritsar - 143001, Kumar Hotel"
"Sanjit karyana store","+ 91  8146779482",""
"Inch 5 store","+ 91  8872051105",""
"mahajan collection","+ 91  8195849326",""
"Mahajan telecom","+ 91  9876814390","Shop no 12, Liberty market, Amritsar - 143001, Railway link road"
"Vicky Bartan Store","+ 91  9814911155",""
"Mahajan Di Hatti","+ 91  183 2543221",""
"Cheap General Stores","+ 91  183 3240094",""
"MAHAJAN COMPUTERS","+ 91  183 5063797","SHOP NO. 76, GOAL BAGH ROAD, Amritsar - 143001, opp.chhatwal petrol pump"
"Rahul paint store","+ 91  8427377271",""
"Dr Mukul Mahajan","+ 91  183 2505038",""
"Mahajan STD PCO","+ 91  183 2402228","Queen Road,, Amritsar - 143001"
"Taran Taran Cloth Store","+ 91  183 2556498",""
"Zodiac Store","+ 91  183 6451042",""
"Mahajan Collection","+ 91  9876993042","9, Liberty Market, Amritsar - 143001"
"MAHAJAN STEEL CENTER","+ 91  9569099690",""
"Khehra Kheti Store","+ 91  9803714931",""
"Red Tape Shoe Store","+ 91  183 2210524",""
"Mahajan Clinic","+ 91  9815242914","210, Jail Gali, Amritsar - 143001, Hall Bazar"
"Harman Book Store","+ 91  183 2570936",""
"Mahajan Digital Studio","",""
"Karan Kheti Store","+ 91  9888250057","Railway Road, Rayya, Amritsar - 143112, Near Bus Stand"
"Mahajan Sand Supplier","+ 91  183 2292671","Amritsar - 143001"
"Manpreet Karyana Store","+ 91  9781310641",""
"MahajanS","+ 91  9915737553",""
"Sony Store","+ 91  9814050406",""
"Mahajan","+ 91  9814536310","Katra Baghian, Amritsar - 143001"
"Mahajan Confectionary","+ 91  7837645355",""
"Chhabra General Store","+ 91  183 2530942",""
"Preet Photo Store","+ 91  183 5026108","Sco, 84,First Floor City Centre, G T Road, Amritsar - 143002"
"Mahajan Mobile Shop","+ 91  9988633732","Shop No 4, New Baba Deep Singh Market, Amritsar - 143001, Josan Market, Hall Bazar"
"Guru Nanak Khad Store","+ 91  9914112425",""
"Mahajan photography","+ 91  8569007557",""
"Bombay Motors Store","+ 91  9888808194",""
"Mahajan Vegetable & Fruit Supp...","+ 91  9501014088","House No-75, 9, Batala Road, Amritsar - 143001, Pawan Nagar"
"Power Nutrition Store","+ 91  9988281670",""
"Mahajan handloom","+ 91  9216857072",""
"Tata Docomo Exclusive Store","+ 91  9033002275",""
"Mahajan Electronics","+ 91  183 5050698","Amritsar - 143001, Hall Bazar"
"Harish General Store","+ 91  183 2548151",""
"Mahajan collection","+ 91  9988898628",""
"Khalsa Sanitary Store","+ 91  9872741025",""
"Mahajan Light And Tent House","+ 91  9855549271","Shop no. 2, Fatehgarh Churian Road, Amritsar - 143001, Aksha avunue"
"Aniket Bartan Store","+ 91  8427131244",""
"MAHAJAN COLLECTION","+ 91  7837341413",""
"MAHA LAXMI AMUL STORE","+ 91  8727911170","A- Block market, On road side, Ranjit Avenue, Amritsar - 143001, Near parvati devi hospital"
"Mahajan Electronics","+ 91  9417855051","Bd Mahajan Market, Opp Congress Bhawan, Amritsar - 143001, Hall Bazar"
"Lahoria Kheti Store","+ 91  9781510665",""
"Prince Moulding Store","+ 91  9803489541",""
"Mahajan Fashion Point (Closed ...","","b/s celebration mall, Near Gurudwara, Krishna Square, Amritsar - 143001"
"Mahajan Furniture House","+ 91  183 2432683","Opp Jainhigh School, Jandiala Guru, Amritsar - 143001"
"Guru Nanak DEV Motor Store","+ 91  9465132124",""
"Gulati General Store","+ 91  7087937272",""
"Mahajan property dealer","+ 91  7508971002",""
"Mahajan & Co.","+ 91  183 2559349","Amritsar - 143001, Dhab Wasti Ram"
"RAI Kheti Store","+ 91  9815769302",""
"Delhi Cycle Store","+ 91  183 2225230",""
"Mahajan Property Dealer","+ 91  9815182400",""
"Mahajan Textiles Limited","+ 91  183 2271064","Gali No 8,Judge Nagarjaura Fatak, Khanna Nagar,Head Water Works Road, Amritsar - 143001"
"Gulshan Departmental Store","+ 91  183 2423446",""
"Mahajan kids corner","+ 91  8283823730",""
"Mahajan Anand And Associates","+ 91  183 2533775","1076/VI, Gali Iccharam, Swank Mandi,, Amritsar - 143001"
"Shri Guru Arjun DEV Ji Sanitar...","+ 91  1853 242693",""
"Sukh Medical Store","+ 91  183 5542512",""
"Mahajan Hospital A Multispecia...","+ 91  183 2520339",""
"Mahajan Marriage Bureau","+ 91  9888386521","H. No. 50, Gali No.18, New Pawan Nagar, Amritsar - 143001, Batala Road"
"Sony Store","+ 91  183 2562542",""
"Mehta Automobile Store","+ 91  183 2456215",""
"Mahajan bread agency","+ 91  9780142421",""
"Mahajan Garments","+ 91  183 2402745","No.12,, Landa Bazar,, Amritsar - 143001"
"Hari om store","+ 91  8968683263",""
"Gurmit Kheti Store","+ 91  9417388662",""
"Mahajan Stores","+ 91  183 2541219",""
"Mahajan Hosiery","+ 91  183 2531949","Guru Nanak Market,, Amritsar - 143001"
"Car Shingar store","+ 91  183 2565500",""
"Mahajan Readymade Garments","+ 91  9417357383",""
"Mahajan ENT","+ 91  183 2535248","Shop No-2, Amritsar - 143001, Hall Bzr"
"shines garments","+ 91  183 2226940",""
"MAHAJAN READYMADE","+ 91  8568909632",""
"Mahajan Trunk House","+ 91  183 2551031","Dhapi Road, Link Chabbal Road, Amritsar - 143001, Opp. Peer Baba Mandir"
"Venus Telecom & Departmental S...","+ 91  9872262785",""
"Manjinder Motor Store","+ 91  183 2543180",""
"Mahajan Shoe Palace","+ 91  9872696460",""
"Mahajan Selection","+ 91  9888168789","Shop No:1, Guru Nanak Market, Amritsar - 143001, Opp New Bharat Hotel, Near Railway Station"
"Bawa Karyana Store","+ 91  9501344841",""
"Gupta sanitary store","+ 91  9915385005",""
"Mahajan sweets","+ 91  8146858675",""
"Mahajan Electronics","+ 91  183 3205470","Mata Ji Market, Hall Bazar, Amritsar - 143001, I/S Josan Market"
"Arora Store","+ 91  9779300163",""
"Mahajan Collection","+ 91  9855861463",""
"Brightway Store","+ 91  183 2559531",""
"Mahajan Enterprises","+ 91  9988507378","Amritsar - 143001, Near Indera Palace Road, Opposite Civil Hospital Emergency Gate & City Medical Store"
"HR Bag Store","+ 91  9815705075",""
"Mahajan Collection","+ 91  7087078585",""
"Jwala jeans store","+ 91  183 5003344",""
"Mahajan Property","+ 91  183 2700791","Amritsar - 143001, Main Punj Chowk"
"Guru Nanaj Steel & Tiles Store","+ 91  9876184957",""
"Spykar Store","+ 91  8054163738",""
"Mahajan Exclusive","+ 91  9780153425",""
"Mahajan Collection","+ 91  9988174789","Shop No: 120, New Idh Market, Amritsar - 143001"
"Sachin Sanitary Store","+ 91  9799749511","Sandhu Colony, 88ft. Road, Main Bazar, Amritsar - 143001, Majitha Road"
"Kamal Raj Karyna Store","+ 91  183 6548121",""
"mahajan coldrinks","+ 91  8054354747",""
"MAHAJAN GIFT GALLARY","+ 91  8567087564","Main road, Mcleod Road, Rani Ka Bagh, Amritsar - 143001, NEAR MODEL TOWN"
"Baba Mehma Paint & Sanitary Store","+ 91  9417128406",""
"Baldev Karyana Store","+ 91  183 2547391",""
"Mahajan Tyre House","+ 91  9888640394",""
"Mahajan Sanware","+ 91  183 6540305","Kalyan singh road, Amritsar - 143001, Near subash juice bar"
"Venus Store","+ 91  183 6578503",""
"SUPREME STORE","+ 91  9915595428",""
"Mahajan Gas Agency","+ 91  8054402707",""
"Mahajan Pharmaceuticals","+ 91  183 2532065","Katra Sher Singh, Amritsar - 143006, Bazar Kucha Dai Khana"
"New Kamboj Kheti Store","+ 91  9876801229",""
"Jabong HYBRID store","+ 91  7837074014",""
"Mahajan Brothers","+ 91  183 2542282",""
"Mahajan karyana stire","+ 91  9781288513","Shop no :42, Amritsar - 143001, Sunder nagar"
"Latawa Steel & Mill Store","+ 91  9814011951",""
"Bata Shoe Store","+ 91  9478223080",""
"MAHAJAN REFRESHMENT HOUSE","+ 91  183 2541857",""
"Mahajan bakery","+ 91  7307698987","1, Amritsar - 143001, Shivala road"
"Joshi Grocery Store","+ 91  9876338693",""
"P K International Pharmaceutic...","+ 91  9988345747",""
"Mahajan Associates","+ 91  183 5056785","M K Mkt, Kucha Dai Khana, Katra Sher Singh, Amritsar - 143006"
"Mahajan garments","+ 91  9855611557",""
"Bhatia general store","+ 91  8054977101",""
"Behl Medical & Surgical Store","+ 91  183 5004813",""
"Mahajan Gift House","+ 91  183 2553496",""
"Mahajan Shawl Depot","+ 91  183 2546667","Shop Number 27, AMRITSAR - 143104, Shastri Market"
"Bharti Dream Store","+ 91  9814549614",""
"Shree Guru Nanak Hardware Store","+ 91  183 2530491",""
"Mahajan Medico","+ 91  183 2540091",""
"Mahajan Dry Fruit House","+ 91  9915481839","main road, Lawerence Road, Amritsar - 143001, Near Dav Public School"
"Sainik Super Store","+ 91  183 2403450",""
"Ganesh Iron Store","+ 91  183 2542108",""
"Mahajan Kids Corner","+ 91  9316053696",""
"mahajan steel furniture","+ 91  9780203136","katra sher singh, opp. galaxy tailore, Amritsar - 143001"
"Appu General Store","+ 91  9872218699",""
"Dr. Kamal Mahajan Children Hos...","+ 91  183 2557449",""
"Mahajan cloths","+ 91  9855135903",""
"Mahajan Sales","","Bus Stand, Amritsar Bus Stand, Amritsar - 143001"
"Khanna Cloth Store","+ 91  183 2551504",""
"Goyal Hardware Store","+ 91  183 2546673",""
"MAHAJAN FASHION POINT","+ 91  9814400162",""
"mahajan sweets shops","+ 91  7837184159","Shop 1, fategarh churian road, Amritsar - 143001, nai abadi"
"Harish Medical Store","+ 91  183 2534234",""
"bajaj store","+ 91  9876746600",""
"MAHAJAN TRADING COMPANY","+ 91  183 2270716",""
"Mahajan Electric And Hardwear ...","+ 91  9988290290","shop no 2, Loharka Road, Amritsar - 143001, Near Hdfc Bank"
"Yog Madaan Medical Store","+ 91  9780204348",""
"Mahajan Chinese Hut","+ 91  9888206369",""
"billa Hardware Paints And Sani...","+ 91  9419157942",""
"Mahajan vegatables","+ 91  9988442108","shop no 29, sabzi mandi, Ram Bagh, Amritsar - 143001, chowk ram bagh"
"Gurwinder Khad Store","+ 91  9815598004",""
"Mahajan fruit shop","+ 91  9417275076",""
"Super Shopper Departmental Store","+ 91  183 2507274",""
"Mahajan Steel & Gift Shops","+ 91  9988702823","Chhehatra Main, Partap Bazar, backside kartar nagar, Amritsar - 143001, Amritsar"
"Sharma General Store","+ 91  9888318396",""
"Mahajan Bros","+ 91  9876316114",""
"amritsar Hardware Store","+ 91  183 2545216",""
"Mahajan Traders","+ 91  9779407202","Hussainpura, Gali No 4, Amritsar Bus Stand, Amritsar - 143001, Kot Atma Singh road nr bus stand"
"Kuldeep Provision Store","+ 91  183 2586273",""
"Mahajan ENTERPRISES","+ 91  9417417659",""
"SUNIL KUMAR MAHAJAN","+ 91  9356127912",""
"MAHAJAN SANWARE SANITARY GOODS","+ 91  9915209354","kalyan Singh Road, Kalyan singh road, Amritsar - 143001, I/s hall gate"
"Lali General Store","+ 91  183 2551711",""
"Mahajan Enterprises","+ 91  183 6533109",""
"Hari Om Store","+ 91  183 2221687",""
"Mahajan Store","+ 91  183 2222292","4, lawrence road, Lawrence Road, Amritsar - 143001, Bijli Pehalwan Temple Mkt"
"Eh 9 Stores","+ 91  7837390009",""
"Mahajan Enterprises","+ 91  9872130521",""
"Lotto Shoe Store","+ 91  183 5064481",""
"MAHAJAN TEA STALL","+ 91  9015557645","Shop no. 6b, TWINS ROAD, Amritsar - 143001, GOLDEN PLAZA"
"Singh Rumala Store","+ 91  9876631047",""
"Mahajan garments","+ 91  9464778880",""
"Swami Stores","+ 91  183 2543906",""
"Mahajan STD","+ 91  9569111333","Main Bazaar, Sardar avenue,majitha road, Amritsar - 143001, Inside tung bala gate"
"Guru Nanak General Store","+ 91  9815340244",""
"Mahajan Medico","+ 91  9814344011",""
"Rattan stores","+ 91  9815980767",""
"Mahajan Confectionary","+ 91  9815578261","25/13, Shirifpura, Amritsar Bus Stand, Amritsar - 143001, Main market"
"Raja Hardware Store","+ 91  183 2591920",""
"Mahajan Tools","+ 91  9988073981",""
"SHARMA DEPARTMENTAL STORE","+ 91  183 2220908",""
"Mahajan Gift House","+ 91  9501556784","Shop no. 5, Friends colony,majitha road, Amritsar - 143001, Near water tank"
"Aman Medical Store","+ 91  183 2558027",""
"Mahajan Agencies","+ 91  183 2542306",""
"SHELKA STORE","+ 91  183 2547030",""
"mahajan telecom","+ 91  9815268152","shop mo. 12, railway link road, Amritsar - 143001, Liberty market,opp. hotel chinar"
"Gursharan Kheti Store","+ 91  9814920217",""
"MAHAJAN SEAT COVER","+ 91  9888930506",""
"Wimple departmental store","+ 91  8872785869",""
"Mahajan Supplier","+ 91  9888875169","House 2460, Majitha Road,Gali No1, Amritsar - 143001, Near Papa High School"
"Guru Nanak DEV Motor Store","+ 91  9465132124",""
"Mahajan telecom","+ 91  8725823672",""
"Mufti Exclusive Store","+ 91  183 5018097",""
"MAHAJAN ASSOCIATES","+ 91  9646951212","U/S PARTAP SHOES,, MAIN HALL BAZAR, Hall Bazar, Amritsar - 143001, NEAR CONGRESS BHAWAN"
"Sarah karyana store","+ 91  9872493710",""
"Mahajan Children Hospital","+ 91  183 2557449",""
"Chatha Iron Store","+ 91  183 2582545",""
"mahajan garments","+ 91  9780813618","shakti nagar chowk, Shakti Nagar, Amritsar - 143006, near obc bank"
"Bhatia General Store","+ 91  9888844367",""
"MAHAJAN DRAWING MATERIAL","+ 91  183 2544847",""
"Arora Store","+ 91  183 2551728",""
"Mahajan Jewellers","+ 91  183 6418191","plot no-1, majitha road, Amritsar - 143001, opp ent hospital"
"Gill Kheti Store","+ 91  9988186690",""
"Mahajan Sweets","+ 91  183 2541078",""
"Ample Departmental Store","+ 91  9914421105",""
"Mahajan & Company","+ 91  183 2291173","Shop Number-8, Bazar Tahli Sahib, Gandhi Bazar, Amritsar - 143006, Near Brawa Da Dhabha"
"Amritsar Motor Store","+ 91  183 2541046",""
"Mahajan Food Products","+ 91  183 2543123",""
"Narang Bakery And Departmental...","+ 91  183 2452344",""
"Mahajan furniture","+ 91  9023362128","Sh no 5, Krishna sqaure, Amritsar - 143001"
"Hindustan Plywood Stores","+ 91  183 2271384",""
"Mahajan Sales Corporation","+ 91  9888088361",""
"Popular Kitchen Club And Egg S...","+ 91  9256066839",""
"MAHAJAN CHICKEN HOUSE","+ 91  8054255933","Batala road, Amritsar - 143001, Near celebration mall"
"Billa Bearing Store","+ 91  183 5021381",""
"Mahajan ice cream parlour","+ 91  9914428372",""
"Prabhat Hosiery Store","+ 91  183 2542520",""
"Mahajan Gift & Repair Centre","+ 91  8198881116","Cemetary Road, Amritsar - 143001, Putligarh Chowk"
"S K Iron Store","+ 91  9217284885",""
"Mahajan Curtain Shop","+ 91  183 2540866",""
"Narendra Departmental Stores","+ 91  183 2272091",""
"Mahajan Traders","+ 91  183 2556196","Mahan S.gt.,,"
"John Players Exclusive Store","+ 91  183 2402738",""
"Mahajan Departmental Store","",""
"Vodafone Mini Store","+ 91  9780379700",""
"Mahajan Cold Drinks","+ 91  183 2534347","6, Maqboolpura,,"
"Blackberrys Store","+ 91  183 5034431",""
"MAHAJAN DISPOSABLE STORE","+ 91  7837692089",""
"Sanjay Provision & Departmenta...","+ 91  183 5050005",""
"Mahajan Sweet Shop","+ 91  183 2291115","Kt Baghian,,"
"BHATIA GENERAL STORE","+ 91  183 2292572",""
"Mahajan plastic store","+ 91  9780528286",""
"Clarks store","+ 91  183 6600353",""
"Mahajan Bag House","+ 91  183 2292728","Nr. Bus Stand,,"
"Anand Cement STORE","+ 91  8872778896",""
"Bata store","+ 91  8054718365",""
"Mahajan general store","+ 91  183 5059975",""
"Mahajan International","+ 91  183 2422409","Majitha Road,,"
"Guru Nanak Furniture & Timber ...","+ 91  183 2765925",""
"Jockey Exclusive Store","+ 91  183 5008531",""
"mahajan general store","+ 91  9888577959",""
"amrik agriculture store","+ 91  9811368022","Amritsar - 143001"
"Bombay Motor Store","+ 91  183 2571783",""
"MAHAJAN HARDWARE &SANITARY STORE","+ 91  9888309281",""
"GANT READY MADE STORE","+ 91  183 6600505",""
"J Mahajan Print Store","+ 91  183 2533771","Shop Number 77, Katra Jaimal Singh, Amritsar - 143006, Near Golden Temple"
"Docomo Store","+ 91  9216709233",""
"Dr Anurag Mahajan Skin Clinic","+ 91  183 2582500",""
"Mahajan sanitary store","+ 91  9876632732",""
"Vijay mahajan general store","+ 91  9501404343","Shop no 6, Shivala road, Amritsar - 143001, Near shivala mandir"
"BOMBAY CYCLE STORE","+ 91  9878941276","SHOP NO 1, RAILWAY ROAD, Amritsar - 143001, OPPOSITE RAILWAY STATION"
"Blackberrys Store","+ 91  183 5070001",""
"Mahajan departmental store","+ 91  9888129730",""
"vijay mahajan karyana store","+ 91  9417319886","shop no. 4, ram bagh, Amritsar - 143001, opp. nandan parking"
"Charanji Lal Subash Chander Ma...","+ 91  9417382819",""
"Mahajan Iron Store","+ 91  9915454061",""
"Vero Moda Store","+ 91  183 5030498",""
"BRAHAM JYOTI MAHAJAN HARDWARE ...","+ 91  9814842306","Shop no. 7, Kashmir plaza, batala rd, Amritsar - 143001, Nr. OBC bank"
"Vishal Mahajan","+ 91  9357175726",""
"mahajan general store","+ 91  8894393367",""
"BEING HUMAN STORE","+ 91  183 5062889",""
"Amrik Agriculture Store","+ 91  9888461165","Inside Sultanwind Gate, Amritsar - 143002"
"BOBBY CYCLE STORE","+ 91  9256206392",""
"Mahajan CLOTH STORE","+ 91  9888210801",""
"Louis Philippe Exclusive Store","+ 91  183 5034470",""
"TILAK RAJ MAHAJAN GENERAL STORE","+ 91  9914721965","MAIN BAZAAR, Hakima Gate, Amritsar - 143006, INSIDE GATE HAKIMA"
"G S Cycle Store","+ 91  9643225436",""
"Gulati General Store","+ 91  183 2549798",""
"MAHAJAN ELECTRONIC STORE","+ 91  9780165498",""
"Chhina Agriculture Store","+ 91  9780440100","Raja Sansi, Amritsar - 143101"
"GURU NANAK CYCLE STORE","+ 91  9814675819",""
"Red Tape Exclusive Store","+ 91  183 2580212",""
"Mahajan shoe store","+ 91  9815681942",""
"Kissan Agriculture Store","+ 91  9815128739","Majitha, Amritsar - 143601"
"Janta Cycle Store","+ 91  9779119100",""
"Arrow exclusive store","+ 91  183 5064511",""
"Mahajan hardware store","+ 91  7837615324",""
"Tata And Sarmansan Agriculture...","+ 91  9888012138","Jandiala Guru, Amritsar - 143115"
"JYOTI HOMOEOPATHIC STORE","+ 91  9888861579",""
"Vodafone Mini Store","+ 91  9825098250",""
"Mahajan Paint Store","+ 91  183 2589981",""
"SS Agriculture Store","+ 91  9815597936","Rayya, Amritsar - 143112"
"Vikki Cloth Store","+ 91  9646465844",""
"Blackberrys Store","+ 91  9878942061",""
"Mahajan Hard Ware Store","+ 91  9876096036",""
"B Gurmukh Singh & Sons","+ 91  183 2545454","Hall Bazar, Amritsar - 143001"
"Punjab Motor Stores","+ 91  9417649021",""
"Yellow Light Store","+ 91  183 2221133",""
"Mahajan Seed Store","+ 91  9888241261",""
"Ramesh Seed Store","+ 91  9779773163","Old Sabji Mandi, Hall Bazar, Amritsar - 143001, Opposite Hall Bazar"
"Sangeeta Store","+ 91  183 2220769","Amritsar, Punjab, Queens Road, Amritsar - 143001"
"Kamal Mahajan Children Hospital","+ 91  183 2557449",""
"Kamal Mahajan Children Hosp...","+ 91  183 2557449","Katra Sher Singh, Katra Sher Singh, Amritsar - 143006, Near Regent Cinema & Dav Clg For Boys"
"Mahajan General Store","+ 91  183 2555064",""
"R S Motor Store","+ 91  9988656201",""
"Woodland store","+ 91  9463353219",""
"Delhi Chappal Store","+ 91  8284920111",""
"Mahajan Tool Centre","+ 91  9463180930","Main Bazar Ram Bagh Bazar, Amritsar - 143001, Near Gol Hatti Chowk Opposite Sharma Paint"
"Robin gernal& provision store","+ 91  9023334700",""
"Puma store","+ 91  9779548903",""
"Gupta Pipe Store","+ 91  183 5066151",""
"Mahajan Tour & Travels","+ 91  183 5095549","1910 S Gurditmal Building, Putligarh, Amritsar - 143002, Near Mahajan Cement Store"
"Calcutta Hardware Stores","+ 91  9878851511",""
"Allen solly store","+ 91  9988784462",""
"Walia motor store","+ 91  9814097997",""
"Mahajan Tour & Travel","+ 91  8872763999","Putlighar Chowk, Putligarh, Amritsar - 143002, Near Mahajan Cement Store"
"Freelook Exclusive Brand Stores","+ 91  183 2401579",""
"Rado switzerland store","+ 91  8054030200",""
"Saini Paint Store","+ 91  183 2423736",""
"Mahajan Multispecility Hospital","+ 91  183 2521890","Amritsar - 143001, Inside Khazana Gate"
"Shakti Motors Stores","+ 91  7696536367","Amritsar - 143001, Goal Bagh"
"Chawla Cloth Store","+ 91  9888669262",""
"Kahlon Chicken & Meat Store","+ 91  9988764646",""
"Mahajan Cloth House","+ 91  183 5069530","883, Mahajan Market, Hathi Gate, Amritsar - 143001, Near Mata Mandir"
"Joginder Motor Store","+ 91  9780000932","Pink Plaza Market, Amritsar, Court Road, Amritsar - 143001"
"Red Tape Exclusive Store","+ 91  183 5012111",""
"Gktc Building Material And ...","+ 91  7508311111",""
"Mahajan Brothers","+ 91  183 2551209","Shop Number 44,Hide Market, Gt Road, Amritsar - 143001, Near Bus Stand, Opposite IBP Petrol Pump"
"Dhawan Tyer Store","+ 91  183 2556181","Opp.petrol Pump Goal Bagh, Amritsar - 143001, goal"
"Amritsar Sanitary And Hardw...","+ 91  9988877782",""
"Bata Shoe Store","+ 91  183 2552215",""
"Mahajan Exports","+ 91  9872753836","Shop No 81, Gandhi Bazar, Amritsar - 143006, Katra Jaimal Singh"
"MALHOTRA RUBBER STORE","+ 91  183 2554414","COURT ROAD, Amritsar - 143001, SANJAY GANDHI MARKET"
"R K S Daily Needs Store","+ 91  9888103612",""
"Dr Aman Mahajan Prop M S Ashok...","+ 91  183 2426181",""
"Mahajan Tour & Travels","+ 91  9988065861","Shop No.2, Idh Corp. Market, Nr. Akhara Ganda Singh Pehalwan, Amritsar - 143001, Opp. Anand Hotel, Bus Stand"
"Majha Kheti Store","+ 91  9872000540","Amritsar - 143001"
"Currents Technology Retail Ind...","+ 91  183 5096005",""
"Vodafone Mini Store","+ 91  9888102337",""
"Mahajan Book Binder","+ 91  7837707505","Gali No:12, H.No 8, Pawan Nagar, Amritsar - 143001, Celebration Mall"
"Anika Mahajan","+ 91  9316464508","26 A,Sant Avenue,Behind Ssp Residence, Amritsar - 143001"
"Airtel Store","+ 91  9815012345",""
"Ashok Mahajan And Sons","+ 91  9417508901",""
"Mahajan aam papad vala","+ 91  8528871029","Shop no. 13, Main bazar, sundar nagar, Amritsar - 143001, Nr. Hlvaaiii"
"Sai general store","+ 91  8557876794","Shop no :66, Opp bus stand, Amritsar - 143001, Bus stand"
"Vodafone Store","111",""
"Ravi Mahajan","+ 91  9876117569",""
"Mahajan papad wale","+ 91  9988366433","Opp bus stand, Amritsar - 143001, Near bus stand"
"Hardip general store","+ 91  8872376185","Shop no :11, Amritsar - 143001, Shivala road"
"PLAY STATION STORE","+ 91  9988434847",""
"Tata Docomo Brand Store","+ 91  183 6540221",""
"Mahajan Sprit Wala","+ 91  183 2532065","Nawi Gali, Katra Sher Singh, Amritsar - 143006, near park side hotel"
"Dr.Rajni Mahajan","+ 91  183 2557479","Rajni Mahajan No 44,, Street No 19,New Pawan Nagar, Batala Road, Amritsar - 143001"
"CHAND STORE","+ 91  183 2556977",""
"Airtel Store - KHK Mart","+ 91  183 5005353",""
"Mahajan Sweets","+ 91  183 2583189","Sultanwind Road, Amritsar , Opposite Shiv Mandir, Govind Nagar"
"Sahib Timber Store & Interiors","+ 91  9876332163","cheel mandi, main market, Amritsar - 143001, near jagatjyot school"
"Lifestyle Store Pvt Ltd","+ 91  183 6600100",""
"Mahajan transport co.","+ 91  9888170495",""
"Mahajan Agriculture Store","+ 91  183 2557832","Shop Number- 32-A, Amritsar - 143001, I/S Ram Bagh Bazar"
"Arora Electric store","+ 91  9815788535",""
"samsung store","+ 91  9872595866",""
"Mahajan lace corner","+ 91  8437299786",""
"Mahajan medical store","+ 91  183 2222292","Bijli pehalwan mandir, Lawrence Road, Amritsar - 143001, Near bbk dav college"
"Guru Kirpa Departmental Store","+ 91  183 2546712",""
"Nike Store","+ 91  183 5070957",""
"Mahajan Dress Centre","+ 91  9780206277",""
"Mahajan Ports & General Stores","+ 91  183 2544242","Chowk Bijli Hall Bazar, Amritsar, O/S Hall Gate, Amritsar - 143001, Opp Kairon Market"
"SATGURU HARDWARE STORE","+ 91  9872988389","main bazar, gali no 3, Amritsar - 143001, AKASH AVENUE"
"Reliance Mobile Store","+ 91  9317888880",""
"Mahajan electric","+ 91  8968888845",""
"MAHAJAN GENERAL STORE","+ 91  9815687007","Shop no.5,basant nagar, KASHMIR AVENUE CHOWNK, Gopal Nagar, Amritsar - 143001, NEAR GOPAL MANDIR"
"Gupta Print Store","+ 91  183 2226927","Shop Number- 817, Cementry Road, Amritsar - 143001, Putlighar Chowk, Main Bazar"
"anil store","+ 91  9779548726",""
"Mahajan Trading Co.","+ 91  9888404072",""
"Mahajan Cloth Store","+ 91  183 2210168","Shop Number 100, Landaa Bazar, Amritsar - 143001, Opposite Railway Station"
"Ratnaklar Store","+ 91  183 2548939",""
"RELIANCE DIGITAL STORE","+ 91  9779856452",""
"Mahajan Properties","+ 91  9316016291",""
"Mahajan Departmental Store","+ 91  183 2424479","Majitha Road,, Amritsar - 143001"
"Modern store","+ 91  9465477270",""
"Best Price Modern Wholesale Store","+ 91  9646006991",""
"Mahajan Metal Industries","+ 91  9815888056",""
"Mahajan general store","+ 91  9914950641","Main bazar, Amritsar - 143001, Sunder nagar"
"Varun Ayurvedic Store","","Katra Sher Singh, Hall Bazar, Katra Sher Singh, Amritsar - 143006"
"Nike Store","+ 91  183 5093200",""
"Mahajan computerise key service","+ 91  8054343515",""
"mahajan general store","+ 91  9876605598","gali No. 3, Gt Road, Amritsar - 143001, Model town"
"Raju Bakery & Departmental Store","+ 91  183 2564034","Pultighar, Amritsar, G T Road, Amritsar - 143001"
"Sony Exclusive Stores","18001037799",""
"Mahajan Sweets","+ 91  9780234297",""
"Mahajan general store","+ 91  9915694786","Ram Bagh Chownk, Amritsar Bus Stand, Amritsar - 143001, Opp. Church"
"Ample Department Store","+ 91  183 5094260","105,Dsc Ranjit Avenue, Amritsar - 143001"
"Dell Exclusive Store","+ 91  183 5014053",""
"MAHAJAN SCRAP BUYER","+ 91  9417394622",""
"Mahajan general store","+ 91  7508905197","Main bazar, Pawan nagar, Amritsar - 143001, Near billu cable"
"Tata Docomo Brand Store","18602665555","Plot Number 332,Preet Tower,, G T Road, Putligarh, Amritsar - 143002, Near Honda Two Wheeler Showroom"
"Samsung store","+ 91  9650335183",""
"MAHAJAN MEDICOS","+ 91  9872580951",""
"mahajan medical store","+ 91  183 2562938","main Bazaar, Mcleod Road, Amritsar - 143001, near mata lal devi mandir"
"PAL MEDICAL STORE","+ 91  9781380077","islamabad, Amritsar - 143001, near thana"
"Tommy Hilfiger Store","+ 91  183 5034409",""
"MAHAJAN MOTORS","+ 91  9417272251",""
"Mahajan hardware store","+ 91  9781531555","Shop no 36 ram bagh, Kot atma Singh road, Amritsar - 143001, Near bus stand"
"SACHDEVA CLOTH STORE","+ 91  9988708922","Main bazar, Gali no 2, Amritsar Bus Stand, AMRITSAR - 143001, chowk Baba Sahib"
"Mask fashion store","+ 91  183 5052400",""
"Mahajan auto dealer","+ 91  183 2276221",""
"Mahajan General Store","+ 91  9988315866","F.G.C Road, Amritsar - 143001"
"Guru Nanak Hardware Stores","+ 91  8568048188",""
"The Mobile Store","","8, G R Complex, Queen Road, Amritsar - 143001, Near Popular Bakery"
"Mahajan Property Advisor","+ 91  9888343448",""
"Mahajan sanitary &hardware store","+ 91  9417469796","11-12,b/s water tank, Kot atma singh, Amritsar - 143001, Near bus stand"
"Tresmode store","+ 91  183 6600359",""
"dhir General store","+ 91  8427452625","shop no :4, Main bazar, Amritsar Bus Stand, Amritsar - 143001, Near Bus stand"
"MAHAJAN PAGRI HOUSE","+ 91  9463725868",""
"Mahajan medical store","+ 91  9023278981","Shop no 4, Lawrence road, Lawrence Road, Amritsar - 143001, Opposite avaas hotel,near bijli pehlwan mandir"
"Carlton store","+ 91  9814528743",""
"Woodland Store","+ 91  183 5067707","Shop Number 4a, Lawrance Road, Amritsar - 143001, Opposite Pizza Hut"
"Mahajan Property Dealer","+ 91  9988311912",""
"Mahajan medical store","+ 91  7307004604","Shop no 4, Lawrence road, Amritsar - 143001, Opp hotel Avaas"
"DANISH DEPARTMENTAL & KARYANA ...","+ 91  183 2279877",""
"Mac Store","+ 91  183 6611921","C/O Shoppers Stop, Alpha One Mall, G t Road, Amritsar - 143001, Near Ista Hotel"
"Mahajan Collections","+ 91  9815430235",""
"Mahajan Silk Store","+ 91  183 2291462","Plot Number-90, Katra Jaimal Singh, Amritsar - 143006, Near Brothers Restaurant, Main Bazar"
"CHAWLA KARYANA STORE","+ 91  7837066193",""
"A M cement store","+ 91  9810914930","shop 10, gate bhagtanwala, Amritsar - 143002, near railway station"
"Mahajan Telecom","+ 91  9988345001",""
"Mahajan Paint Store","+ 91  9041767228","Katra Baggian, Amritsar - 143001, Near Bank Of India"
"Indian Paint Store Modern Coat...","+ 91  183 2270840",""
"Puma Store","+ 91  183 5034412","Shop No. 26, G T Rd, Amritsar - 143001, Alpha one mall"
"Mahajan chemist","+ 91  9915511000",""
"Mahajan kites & general store","+ 91  9217881433","48/2, New I.D.H Market, Amritsar Bus Stand, Amritsar - 143001, Bus stand"
"Indian Paint Store","+ 91  9653243549",""
"Reebok Store","+ 91  183 5092000","3 A,, Lawrence Road,, Lawrence Road, Amritsar - 143001"
"Mahajan Heart & Diabetic Clinic","+ 91  9814274009",""
"Mahajan karyana store","+ 91  8196060834","3, Shiwala road, Amritsar - 143001, Tilak Nagar"
"Radhika Glass & Plywood Store","+ 91  183 2545641",""
"Nautica store","+ 91  183 6600507","Sh no 15,16 a wing, Trilium mall, Amritsar - 143001"
"Mahajan Tiffinn Services","+ 91  9888973462",""
"Mahajan general store","+ 91  9814733415","mahen singh gate, Amritsar - 143001, opp jagat jyoti school"
"Yogesh botique cloth store","+ 91  7837802288",""
"Calvin Klein Jeans Exclusive S...","+ 91  8558812040","48 B, Mall Road, AMRITSAR - 143002, Opposite Khurana Jewellers"
"Mahajan Pehalwan","+ 91  183 6450878",""
"Mahajan General Store","+ 91  9988423945","Shop no. 2, Mahan singh road, Amritsar - 143001, Near bus stand"
"Arora Paint & Hardware Store","+ 91  183 5066490",""
"Biba Store","+ 91  183 5031761","Shop Number- 11, Ground Floor, Alpha One Mall, G T Road, Amritsar - 143001"
"Mahajan Di Hatti","+ 91  183 2557177",""
"mahajan general store","+ 91  9888401047","shop No .-4, gali debran, Amritsar - 143001, mahan singh gate"
"GAURAV MARBLE Store","+ 91  9876746642",""
"Lotto Shoe Store","+ 91  183 2558844","Hall Bazar, Amritsar, Main Road, Amritsar - 143001, Near National Watch Company"
"Mahajan Sanitary & Plywood SHOP","+ 91  183 2263116",""
"Mahajan General store","+ 91  9888575963","Na, Racekas store, Amritsar - 143001, OPP trillium"
"Rohit Sanitary Store","+ 91  9872851782",""
"skechers store","+ 91  9780063418","shop no. 24-25, Amritsar - 143001, near trillum mall"
"Mahajan Store","+ 91  183 2222298",""
"Mahajan Provision Store","+ 91  7508985842","Main Bazaar, Cementary Road, Amritsar - 143001, Putlighar"
"Vodafone mini store","+ 91  9988197859",""
"Lilliput Store","+ 91  183 5070405","Atrium Grd Flr, Celebration Mall, Batala Rd, Amritsar"
"Mahajan Trading Company","+ 91  9872215626",""
"mahajan General Store","+ 91  9779339118","Shop no 23, Tahli wali gali, Amritsar - 143001, Near vaishnow mandir"
"G S MEDICAL STORE","+ 91  9814459092",""
"Rohit Sanitary StorE","+ 91  183 2551782","NA, main road, Amritsar - 143001, Near subash nagar"
"Mahajan Traders","+ 91  9872545896",""
"mahajan departmental store","+ 91  9815397626","shop no. 8, ali baksh road, Amritsar - 143001, near nandan cinema,hide market"
"Jan Aushadhi Generic Drug Store","18001808080",""
"Nike Store","+ 91  183 5060111","Shop No 27 F.F,Nehru Shopping Complex, Lawrence Road, Lawrence Road, Amritsar - 143001, Near Ritu Wear"
"Mahajan Scrap Trading Co","+ 91  9501023363",""
"Mahajan Departmental Store","+ 91  183 3254415","495, Amritsar - 143001, Main Market, Sehja Enclave"
"Mufti Exclusive Store","+ 91  183 6660102",""
"Thapars store","+ 91  9888499773","Shop no 7, Lawrence road, Lawrence Road, Amritsar - 143001, Near dav public school"
"Mahajan Hand Works","+ 91  9888321653",""
"Mahajan Provision Store","+ 91  183 2562709","Pultighar, Amritsar, G T Road, Amritsar - 143001"
"Metro Shoes Store","+ 91  183 2702068",""
"Lilliput Store","+ 91  183 5011406","Plot No 4 Khasra No 1208, Lower Grd Flr, Lawrence Road, Amritsar - 143001"
"Mahajan Store","+ 91  9988354284",""
"Mahajan general store","+ 91  8557847419","Sunder nagar, Amritsar - 143001"
"Flying Machine Store","+ 91  9814574344",""
"Woodland store","+ 91  9216734734","Batala road, Amritsar - 143001, Celebration mall"
"Mahajan Property Advisor","+ 91  9876105907",""
"Mahajan Departmental Store","+ 91  9815934996","Shop Number- 495, Majitha Road, Amritsar - 143001, Kashmir Avenue, Near Shani Mandir, Basant Nagar"
