"Name","Phone","Address"

"National India Bullion Refinery","+ 91  22 25795390","Shop No 5-6, 78/A, Zaveri Bazar-Kalbadevi, Mumbai - 400002, Near Mumbadevi Temple"
"National Starch & Chemicals","+ 91  9246584554","C/O. Laxmi Marketing, M B N Reddy Estate Plassy Line, Kopar Khairane, Navi Mumbai - 400709"
"National Tours And Travels","+ 91  22 28420136","Shop No.A3/11 BMC Colony, Off Flimcity Road, Goregaon East, Mumbai - 400065, Hanuman Nagar"
"NHPC Limited","+ 91  22 26592330","203-204, Keshava Building, Bandra East, Mumbai - 400051, Bandra Kurla Complex"
"National Restaurant","+ 91  22 24076066","I G C Chawl, Main Rd, Dharavi, Mumbai - 400017, Next T Abhyudhaya Co Op Bank"
"National Pharmacy shop","+ 91  22 24711622","A78, Khatri Building, Dr,B.A. Road, Parel, Mumbai - 400012, Next to Dena Bank"
"National Chemist","+ 91  22 28880765","Shop No 3, Omkar Jaymalhar Chsl, Liberty Garden Road No.2,, Malad West, Mumbai - 400064, Turel Pakhadi Road,Liberty Garden"
"National Service Centre","+ 91  9869041554","Room No 2, Ground Floor, Madhav Bhavan, N M Joshi Marg, Lower Parel, Mumbai - 400013, Opposite Western Railway Workshop"
"National English High School","+ 91  22 28899481","Gate No 6, Malwani Colony, Malad West, Mumbai - 400095"
"National Service centre","+ 91  22 65258464","Gala No 4,Plot No.27, Mhada colony Road, Mulund East, Mumbai - 400081, Near to MSCB Office"
"The National Sodality Centre S...","+ 91  9422482687","Sir J J Road, Byculla, Mumbai - 400027"
"National Chemist & General Store","+ 91  22 28609007","B-Suraj Building, Shop No.05, Charkop Village, Kandivali West, Mumbai - 400067, Near-New India Bank"
"National Travels & Carriers","+ 91  22 23480623","Godown#1 80/84, Nandulal Jain Rd, Chinch Bandar, Mumbai - 400009, Prabhut Mention Delhi Street"
"National Hospital","+ 91  7506067464","Agra Road, Shahjanand Chowk, Kalyan, Thane - 421304, Near Kala Talav"
"National Oilwell Varco Pte LTD","+ 91  22 61403200","B Wing,Akruti Trade Centre,1st Floor, Road No 7, Andheri East, Mumbai - 400093, MIDC"
"National Science Classes","+ 91  22 25147496","Office No 12, 1st Floor, Sagar Plaza, M G Road, Ghatkopar West, Mumbai - 400086, Near Bank Of Baroda, Opposite Central Store & Milan Shopping Centre"
"National English Medium School","+ 91  22 25745424","Group No 1, Thakurdwar Road, Vikhroli East, Mumbai - 400083, Near Saraswat Co Operative Bank, Tagore Nagar"
"National Textile Corpn South M...","+ 91  22 24939418","Podar Mills Process House, Ganpatrao Kadam Marg, Lower Parel, Mumbai - 400013"
"National Cooperative Consumers...","+ 91  22 23085007","Office No 65, 67 & 68, Sitaram Mills Compound, N M Joshi Marg, Mahalaxmi, Mumbai - 400011, Near Apollo Mills"
"National Jewellers","+ 91  22 65100825","F/3 Type, Shop No 11, Rainbow Building, Vashi, Navi Mumbai - 400703, Next To Vijaya Bank, Sector No 10"
"National Garage Pvt. Ltd. (Clo...","","Bhulabai Desai Road, Haji Ali, Mumbai - 400034"
"National Student Congress","+ 91  9870727671","Padmalaya Chs, Shimpoli Road, Borivali West, Mumbai - 400092"
"National Institute of Fire Eng...","+ 91  7208073976","House No 11, Ramnath Dubey Chawl, 7th Carter Road, Borivali East, Mumbai - 400066, Opposite Amba Bhavan"
"National Insurance Company Lim...","","Divison No 10, 6th Floor Resham Bhavan, 78, Veer Narmin Road, Churchgate, Mumbai - 400020"
"National Iranian Oil Company","","27/3, 27th Floor, World Trade Centre No 1, Cuffe Parade-Colaba, Mumbai - 400005"
"National Light House","+ 91  22 28124774","Shop No 7/8/9/B/24, Station Road, Mira Road, Thane - 401107, Opposite New India Bank,Sector 11, Shanti Nagar"
"National Motors","+ 91  9823421321","anand palace manor mahimmanor opp khanpada, Palghar, Thane - 401404"
"National Security Guard","+ 91  9920426914",""
"National Food Products India P...","+ 91  22 66976894","Unit 1, 2 & 3 Tax Center, HDFC Compound, Saki Vihar Road, Andheri East, Mumbai - 400072, Near Chandivali Studio,Chandivali"
"National Security Service","+ 91  9820154147","R/4, B/12, Ashtavinayak Chs, Mmrda Building, Mahakali Caves Road, Andheri East, Mumbai - 400093, Near Poonam Nagar"
"National Addiction Research Ce...","+ 91  22 26798332","5th Floor, Bhardavadi Municipal Hospital, Bhardavadi Road, Andheri West, Mumbai - 400058, Behind Filmalaya Studio"
"National School Of Design","+ 91  9819569673","3rd Floor, Shivai School Building, M D Keni Marg, Nahur, Mumbai - 400080, Opposite Nahur Railway Station, Nahur East"
"National Human Rights Council ...","","Charai-Thane West, Thane - 400601, Near Ganesh Talkies Charai"
"National Plywood","+ 91  251 2448420","4 Gyanprasad Building, Manpada Road, Dombivli Industrial Area-Dombivli East, Thane - 421203"
"National Carriers Corporation ...","+ 91  2522 312117","Godown No 3, Gopinath Compound, Bhiwandi, Thane - 421302, Purna Village"
"National Jewellers","+ 91  2525 252292","Shop N O.1 Manor Road, Manor Road, Palghar, Thane - 401404, Near Railway Station"
"National Intelligent Bureau Se...","+ 91  22 28520279",""
"National Federation Of The Blind","+ 91  22 28082987","Shop No 6, Cancer Pisces, Malad West, Mumbai - 400095, Jankalyan Nagar, Near Divya Park, Off Marve Road"
"National Drilling Company","","Mumbai"
"NATIONAL TRAVELS","+ 91  9820994919","Room No 107, Jos Nagar Chawl No:A, Khairani Road, Sakinaka, Mumbai - 400072, Mary matha church"
"National Logistics Pvt Ltd","+ 91  22 26817515","20 Kamla Bhavan, Andheri East, Mumbai - 400069, Opposite Sahar Road & Garware, Near Muncipal School"
"National Travels","+ 91  8888276813","B 10, 3rd Floor, Karimi Park Building, S V Road, Jogeshwari West, Mumbai - 400102, Near Oshiwara Garden"
"NATIONAL DAIRY","+ 91  9322660111","Shop No.57 ,Panchsheel Garden Buliding, Mahavir Nagar Road, Kandivali West, Mumbai - 400067, Near-HDFC Bank"
"National Small Industries Corp...","+ 91  22 27620865","P 104, TTC Industrial Area, Kopar Khairane, Navi Mumbai - 400709, Khairane MIDC"
"National Computers & Services","+ 91  9820143818","Shop No 37, Sunrays Shopping Mall, Sector No 5, Kandivali West, Mumbai - 400067, Near Apna Bazar & Charkop Market"
"National & Co Jaliwala","+ 91  22 23407350","109 Abdul Rehman Street, Masjid, Mumbai - 400003, Mandvi"
"National Dairy","+ 91  22 23819857","Shop No 1 Kishor Bhavan, V p road, Cawasji Patel Tank, Mumbai - 400004, Near c p tank circle"
"NATIONAL INSURANCE","+ 91  22 65680040","Office no-B-49, Shanti shopping center, Mira Road, Thane - 401107, Opp Railway station"
"National Tours & Travels","+ 91  251 26953879","5, Crystal Plaza, Poona Link Road, Kalyan, Thane - 421304"
"National Toy Products","+ 91  2528 222462","265 V R Pajvani Building, Dahanu, Thane - 401601"
"National Traders","+ 91  22 29963789","Shop No 249, Palrecha Bhavan, Marve Road,, Malad West, Mumbai - 400095, Near Malwani Church,"
"National Insurance Company Ltd","+ 91  22 25168283","Vidhyavihar Business Center, 302, Bhaveshwar Complex, Vidya Vihar West, Mumbai - 400086, Near BEST Bus Depot, Kirol"
"National Federation Of The Blind","+ 91  9323530057","Babu Rewla Chawl, Jijamata Road, Andheri East, Mumbai - 400093, Pumphouse"
"National Holidays","+ 91  22 26471563","Off No. 2253 Su-Prabhat Bldg. No. 46, Gandhi Nagar, Bandra East, Mumbai - 400051, Opp Mhada Office"
"National Sweets & Farsan Mart","+ 91  9833011216","Shop No.. 7 , MUMTAZ HOUSE, Off Link Road, Jogeshwari West, Mumbai - 400102, Opposite Anupama School, Behram Baug, Kajupada"
"National Footwear","+ 91  22 24014787","Shop No.26/C, Baldota House, Bhandarkar Road, Matunga East, Mumbai - 400019, Near Bridge"
"National Chemist","+ 91  22 24144581","Shop No.8, LBS Market, L N Road, Matunga East, Mumbai - 400019, Near Railway Station"
"National Home Appliances","+ 91  9892171097","Shop No 14/A,Twinkle Arcade, Off-New Link Road, Andheri West, Mumbai - 400053, Near Kamats Club, Lokhandwala Complex"
"National Tours & Travels","+ 91  9930876375","Laxmi Nagar Link Road , mahakali rd , shop no. 3 , vikas society ,, Goregaon West, Mumbai - 400090, Nr Vasant Galaxy, Opp Bedrodk Tyre Co"
"National Collection Services","+ 91  8879122075","20/A, Venus House, Lower Parel, Mumbai - 400013, Opposite Blue Dart Courier & Dena Bank, New Sun Mill Compound"
"National Packers & Movers","+ 91  22 38551341","B-107, Agarwal Chambers, Plot No 12, Sector 19/C, Vashi, Navi Mumbai - 400703"
"National Chemist","+ 91  22 27897108","Shop No. 09, Tulip CHS, Sector - 28, Vashi, Navi Mumbai - 400703, Tilak School & College Of Science & Commerce"
"National Transport","+ 91  22 27664878","APMC Market, Navi Mumbai - 400705"
"National Plastic Emporium","+ 91  22 65807803","Borish Compound, Ajit Glass Lane, S V Road, Jogeshwari West, Mumbai - 400102, Off Oshiwara Garden, Behind HDFC House, Mhada Colony"
"National Dairy","",""
"The National Mobile","+ 91  22 64466866","Shop No - 18, S V Road, Dahisar, Mumbai - 400068, Opposite Canara Bank"
"National Electronics H O","+ 91  22 22817954","120 Wadia House, Wodehouse Rd, Colaba, Mumbai - 400005, Nr Lucky Bar"
"National Aluminium","+ 91  22 26123400","Shop No 7, Natraj Premises Co-operate Housing Society, Vallabhbhai Road, Vile Parle West, Mumbai - 400056, Near Railway Crossing"
"National Varat & Tours Travels","+ 91  22 26336992","2ND Floor, Shoppers Point, Andheri West, Mumbai - 400058, Near Station"
"National Cooling Towers","+ 91  22 26765010","26, Amarpali Industrial Estate, Ram Mandir Road, Goregaon West, Mumbai - 400104"
"National Chemist Medical & Gen...","+ 91  22 24319325","Shop no.6,Laxmi Narayan Chs ltd., Sayani Road-Prabhadevi., Prabhadevi, Mumbai - 400025, opposite,Darbar Hotel."
"National Punjab","+ 91  22 25409426","Ajit Darshan Building, Old Agra Road, Naupada-thane West, Thane - 400602, Teen Petrol Pump"
"National Small Industries Corp...","+ 91  22 23740268","1st Floor, Prestige Chambers, Kalyan Street, Masjid, Mumbai - 400003, Near Sea Mens Hostel"
"National Agricultural Cooperat...","+ 91  22 22856781","3rd Floor, Raj Mahal, 84 Veer Nariman Road, Churchgate, Mumbai - 400020"
"National Chikki","+ 91  22 25108651","Nari Sava Sadan Road, Ghatkopar West, Mumbai - 400084, Aslpha Village, Opposite Masjid, Near Jaoli Bank"
"National Service Centre","+ 91  22 28370527","Shop No 15, New Malinee Apts, Mahakali Caves Road, Andheri East, Mumbai - 400093, Opp canossa high school"
"National Refrigeration","+ 91  9967414244","S.v Road, Santacruz West, Mumbai - 400054, Opp Khira Nagar"
"National Dairy","","Ruby Tower, Shankar Road, Jogeshwari West, Mumbai - 400102"
"National Dairy Development Board","+ 91  22 26856678","Unit No 12, Western Express Highway, Goregaon East, Mumbai - 400063, Near Mahanand Dairy, Aarey Milk Colony, Post Box No 9074"
"National Academy","+ 91  22 42956253","40, Ground Floor, Asmita Jyoti Shopping Complex, Marve Road, Kharodi-Malad West, Mumbai - 400095, Next To Veer Bhagat Singh High School, Charkopnaka"
"National Motor Training School","+ 91  22 65168916",""
"National High School","+ 91  22 28176595","Raigad Building, B P X Road No 4, Bhayandar East, Thane - 401105"
"National Urdu High School & Ju...","+ 91  251 2204314","Agra Road, Kalyan, Thane - 421304, Opposite Durgadi Killa"
"National Peroxide Ltd","+ 91  251 2270675","Village Vadavali, Nrc Road, Kalyan, Thane - 421304, Mohone"
"National Technical Institute","+ 91  22 26504998","Sahakar Building, 1st Floor, Akash Cinema Lane, Station Road, Kurla West, Mumbai - 400070, Above Bata Showroom"
"National Book House","+ 91  9920221221","C/O K J Somaiya College, Ground Floor, Sion, Mumbai - 400022"
"National Academy Of Customs Ex...","+ 91  22 25666778","Post Office Lane, Bhandup East, Mumbai - 400042, Near Station"
"National Pen & Plastic Industries","+ 91  22 28726235","Plot No 2, Shed No 1, S V Road, Goregaon West, Mumbai - 400062, Udyog Nagar, Opposite Kamath Club"
"National Education Management ...","+ 91  9820937619","108, Anant Laxmi Chambers, B Cabin, Naupada-Thane West, Thane - 400602, Opposite Vaman Hari Pethe, Near Station"
"National Transport Corporation","+ 91  22 40052095","115, Sterling Chambers, 1st Floor, 57/59 Poona Street, Chinch Bandar, Mumbai - 400009"
"National Steel And Agro Indust...","+ 91  22 22025098","621, Tulsiani Chambers, Nariman Point, Mumbai - 400021, Near Mantralaya"
"National Students Union Of India","18604254357",""
"National Medical","+ 91  22 28225825","shop no.3, anand vihar, plot no 39, 40, sher e punjab soc, Mahakali Caves Road, Mahakali-Andheri East, Mumbai - 400093, Opposite Gurudwara"
"National English Language Test...","+ 91  9833488793","Office No 22, Ground Floor, Meghal Industrail Estate, Lala Devidayal Road, Mulund West, Mumbai - 400080, Behind Royal Printers, Near Mulund Fire Brigade"
"ADAPT","+ 91  22 25209413","Sion Trombay Road, Chembur, Mumbai - 400071, Near Diamond Garden"
"National Commodity & Derivativ...","+ 91  22 66406753","954, Gayathri Towers, Appasaheb Marathe Marg, Prabhadevi, Mumbai - 400025, Next To Saraswat Bank Bhavan, Near Bajaj Allianz And Chaitanya Tower"
"National Collateral Management...","+ 91  22 40419191",""
"National Institute Of Construc...","+ 91  22 23530847","Ground Floor, Walchand Terraces, Tardeo Road, Tardeo, Mumbai - 400034, Opposite AC Market"
"National Academy","+ 91  22 65065285","Ground Floor, Shringarpure House, Ram Maruti Road, Thane West, Thane - 400601, Opposite Titan Showroom, Next to Jain Traders"
"National Motor Training School...","+ 91  22 23863995","43/D, Forjett Street, Grant Road, Mumbai - 400007, Opp Saibab Temple"
"National Medical & Super Market","+ 91  22 26001040","Shop No 1/2 , JAI Niketan Building, 16th Road, Khar West, Mumbai - 400052, Opposite Maharashtra Bank, Next To Nike Showroom"
"National Soap Bazar","+ 91  22 23013686","Shop No 3, Ahmedbhai Bldg, Dr Ambedkar Road, Byculla, Mumbai - 400027, Opp Gloria Church Near Railway Stationn"
"National Oilwell Varco Pvt Ltd","+ 91  22 39169700","R-619, TTC Industrial Area, Rabale, Navi Mumbai - 400701, MIDC"
"National Investigation Agency","+ 91  22 23550650","7th Floor, MTNL Telephone Exchange Building, Pedder Road, Mumbai - 400026, Cumballa Hill"
"National Garage","+ 91  9869353492","Ghodbunder Road, Thane West, Thane - 400601, Near Ramnath Tabela, Patil Pada"
"National Travels","+ 91  22 22658386","Shop No 21, ST Jose Hospital Road, Fort, Mumbai - 400001, Near V T Main Gate"
"National Peroxide Ltd (Head Of...","+ 91  22 22615636","Neville House, J N Heredia Marg, Ballard Estate, Mumbai - 400001"
"National Ok Tyres","+ 91  22 32066248","Palaspa Phata, Post ONGC, Mumbai Pune Road, Panvel, Navi Mumbai - 410206, Near HP Petrol Pump"
"National Roadways","+ 91  22 28525973","Shop No 6, John Sheth Chawl, 90 Feet Road, Sakinaka, Mumbai - 400072, Opposite Ganesh Nagar"
"National Stationery & Xerox","+ 91  22 26152515","Shop No -3, Sharda Bhavan Co-Operative Society, Vishnu Vihar Building, Nehru Road, Vile Parle East, Mumbai - 400057, Opposite Adarsh Petrol Pump"
"National Insurance Company Ltd","+ 91  22 22614022","Ntc Hse, N M Marg, Ballard Estate, Mumbai - 400001"
"National Caterers","+ 91  9323826719","Shop No 10 Asmita Regency II, Mira Road, Thane - 401107, Opposite Asmita Club Naya Nagar"
"National Travels","+ 91  9004167899","Plot No.18 Shashtri Nagar, Saki Vihar Road, Vile Parle East, Mumbai - 400099, Opp Central Bank Of India"
"National Transport","+ 91  9323043608","Room No 6 Vakratund Society Grd Floor, Nr Panchganga Scty 2nd Rabodi, Thane West, Thane - 400601, Shivaji Ngr"
"National Travels & Carriers","+ 91  22 22618603","5 Anees Chambers, L T Marg, Carnac Road, Crawford Market, Mumbai - 400001, Musafir Khana"
"National Dresses","+ 91  22 25612697","Sadashiv Bhavan, Shop No 8, R R T Road, Mulund West, Mumbai - 400080, Near Bhaji Market"
"National Aluminium","+ 91  22 27659560","Shop No 6, Midland Building, Sector 9, Vashi, Navi Mumbai - 400703, Opposite Fire Brigade"
"The National Co-Operative Bank...","+ 91  22 27481527","Plot No.8-C, Sector-13, Khanda Colony, New Panvel, Navi Mumbai - 410206"
"National Electronics","+ 91  250 2505956","Shop No 8/9/10, SAI Baba Complex, Agashi Road, Virar West, Thane - 401303, Behind Vitthal Mandir"
"National Library","+ 91  22 26591963","Mhada Bldg, Kala Nagar, Bandra East, Mumbai - 400051, Opp Gate No 5"
"National Book Depot","","A 66, A K Marg, Bandra East, Mumbai - 400051, Madni Complex"
"National Egg Co-ordination Com...","+ 91  22 22843839","153, C Wing, 15th Floor, Mittal Tower, Nariman Point, Mumbai - 400021, Opposite Vidhan Bhavan"
"Nasscom Association","+ 91  22 28234851","No 14-15 Ground Floor Samruddhi Venture Park, Central MIDC Road, Andheri East, Mumbai - 400093"
"National Ayurvedic Dispensary","+ 91  22 24022030","2, Gokul,, Bhaudaji Road,, Kings Circle, Mumbai - 400019"
"National novelty","+ 91  9920555000","Shop no 182 adarsh nagar, New Link Road, Andheri West, Mumbai - 400053, Opp mattresswala"
"National Hospital & Iccu","+ 91  22 66430743","Vikas Paradise, 1st Floor, Lbs Marg, Mulund West, Mumbai - 400080, Near Balrajeshwar Temple, Opposite Bhakti Marg"
"National Payments Corporation ...","+ 91  22 40009100","The Capital, 1001A, 10th Floor, B Wing, Bandra East, Mumbai - 400051, Bandra Kurla Complex, Behind ICICI Bank ,Bharat Nagar"
"National Film Development Corp...","+ 91  22 24949856","6th Floor, Discovery Of India Building, Dr Annie Besant Road, Worli, Mumbai - 400018, Opposite Nehru Centre"
"The National Co Operative Bank...","+ 91  22 27727302","Rajiv Gandhi Bridge Branch, Phase 2, Nerul, Navi Mumbai - 400706, Sector 2"
"National Safety Council (Head ...","+ 91  22 27579924","Hqs & Institute Building ,Plot No 98 A, Institutional Area, Cbd Belapur, Navi Mumbai - 400614, Sector 15,Opposite Ccrt Office"
"National Color Chem Corporation","+ 91  22 23412811","133, Gurukrupa Building, Ground Floor, Kazi Sayed Street, Masjid, Mumbai - 400003, Near Bank Of Baroda"
"National Insurance Company Ltd","18001201430","1st Floor, Parekh Market, Office No 101/102, M G Road, Ghatkopar West, Mumbai - 400084"
"National Electronics","+ 91  22 24145671","Shop No 2/3/4, Lbs Market, Matunga East, Mumbai - 400019, Near Railway Station Matunga"
"National Commodity & Derivativ...","+ 91  22 66406789","Akruti Corporate Park, 1st Floor, Lbs Marg, Kanjurmarg West, Mumbai - 400078, Near G E Garden"
"National Bar & Restaurant","+ 91  22 26110926","Shop Num 1, 2 & 3, Rameshwar Society, S V Road, Santacruz West, Mumbai - 400054, Opposite Khira Nagar"
"National Insurance Company Ltd","+ 91  22 24227278","Rajeshwar Bhavan First Floor, 51 Ranade Road, Dadar West, Mumbai - 400028, Above Axis Bank"
"National Payment Corporation O...","+ 91  22 40508500","13th Floor, R Tech 2, South Side, Goregaon East, Mumbai - 400063, Nirlon Knowledge Park, Off Western Express Highway"
"National Stock Exchange Of Ind...","+ 91  22 25045211","6th Floor, Kohinoor City, Tower 1, Kirol Road, Kurla West, Mumbai - 400070, Commercial II, Off Lbs Marg"
"National Library","+ 91  22 26425093","S V Road, Bandra West, Mumbai - 400050, Near Jari Mari Mandir, Opposite Bandra Talao"
"National Insurance Co Ltd","18002007710","34/1092, Pokhran Road 2, Thane West, Thane - 400606, Opposite Raymond, Near Cadbury Company, Off Eastern Express Highway"
"National Travels & carriers","+ 91  22 23442623","F-Block. Sitaram Building, Palton Road, Fort, Mumbai - 400001, Opposite Police Station"
"National Survodaya High School...","+ 91  22 25201853","Chembur Colony, Chembur Colony-Chembur East, Mumbai - 400074, Nr To Golf Club"
"National Institute Of Industri...","+ 91  22 28573371","p o box no 87, Vihar Lake Road, Nitie, Mumbai - 400087, Near L & T ,Near Renainnace Hotel"
"National Institute Of Fire Eng...","+ 91  9930663888","4th Floor, B-Wing, Goragandhi Complex, S V Road, Borivali West, Mumbai - 400092, Opposite Borivali West Railway Station"
"National Insurance Company LTD","+ 91  22 27898186","Shiv Centre,Office No.302/303,3rd Floor,Plot No.72,Sector 17, Vashi, Navi Mumbai - 400703, Opp S S C Board"
"National Cadet Corps Directorate","+ 91  22 22069268","Afi Building, Bombay Hospital Lane, Marine Lines, Mumbai - 400020"
"National Gallery Of Modern Art","+ 91  22 22881969","Sir Cowasji Jehangir Public Hall, Mahatma Gandhi Road, Fort, Mumbai - 400001, Near Regal Cinema, Opposite Prince Of Wales Museum"
"National Transport","+ 91  22 24143589","1/57, Shramsadhana, Road No 1, Dadar East, Mumbai - 400014, Hindu Colony"
"National Hindu Hotel","+ 91  22 22691624","P Dmello Road, Shahid Bhagat Singh Road, Fort, Mumbai - 400001, Near Kabutar Khana"
"National Transport Company","+ 91  2522 320020","Gala 4/5, Bhiwandi, Thane - 421302, Gopal Nagar"
"National Kannada Education Soc...","+ 91  22 24184924","Indulal D Bhuva Marg, Wadala West, Mumbai - 400031"
"National Refinery Pvt Ltd","+ 91  22 23535263","87 Milan Building, Tardeo Road J Dadajee Road, Tardeo, Mumbai - 400034, Opposite A C Market"
"National Securities Depository...","+ 91  22 24972964","S Bapat Marg, Mumbai Central, Mumbai - 400008, Lower Parel"
"National Union Of Seafarers Of...","+ 91  22 22618368","Nusi Bhavan, 4 Goa Street, Ballard Estate, Mumbai - 400001"
"National Travels","+ 91  22 23411607","Patel Bldg, Mohammed Ali Rd, Masjid, Mumbai - 400003, Opp Mandvi Telephone Exchange & Star Petrol Pump"
"National Auto Bike Bazaar","+ 91  9920842903","Shop No 2, Blossom Park, S V Road, Jogeshwari West, Mumbai - 400102, Opposite High School"
"National Institute Of Securiti...","+ 91  8080806476","Plot No 82, Nism Bhavan, Vashi Sector 17, Navi Mumbai - 400703, Near Vashi Plaza"
"National Hospital","+ 91  22 28610098","M G Road, Borivali East, Mumbai - 400066, Swagat Hotel National Park"
"National School Of Banking","+ 91  22 28932752","1st Floor, Surya Darshan Apartment, Borivali West, Mumbai - 400092, Off Ganjhawala Lane, Near Central Bank, PAI Nagar"
"State Health Society","+ 91  22 22651026","Procurement Cell Directorate Of Health Services Aroygya Bhavan 1st & 2nd & 3rd Floor, P D Mello Road, Fort, Mumbai - 400001, Near CST Station & St George Hospital Compound"
"National Institute Of Open Sch...","+ 91  22 22813020",""
"Nes Ratnam College Of Arts Sci...","+ 91  22 25951381","National High School Marg, Bhattipada Cross Road, Bhandup West, Mumbai - 400078, Nes Complex"
"National Burns Centre","+ 91  22 27796660","Plot No 1, Samarth Ramdas Swami Marg, Airoli, Navi Mumbai - 400708, Sector No 13"
"National Education Society Int...","+ 91  22 66415555","Swapna Nagari, Malabar Hill Road, Mulund West, Mumbai - 400082, Opposite Vasant Garden"
"National Insurance Company Ltd","18002007710","First Floor, Satguru Darshan, Malad West, Mumbai - 400064, Liberty Garden"
"National Chemist","+ 91  22 65151608","206, Gala No 4, 5, 6, Citizen Society, S V S Road, Cadel Road, Mahim, Mumbai - 400016, Next To Hinduja Hospital"
"National Refinery Pvt Ltd","+ 91  22 23422144","28 Khara Kuwa, 1st Agiary Lane, Zaveri Bazar-kalbadevi, Mumbai - 400002, Zaveri Bazar,"
"National Book House","+ 91  22 23778597","8 Princess Building, Ebrahim Rahmatulla Rd, Byculla, Mumbai - 400027, Nr J J Hospital Signal"
"National Medical Book House","+ 91  22 27719539","Twinsland apartment ,shop number:5, Opposite-D Y Patil College, Nerul, Navi Mumbai - 400706, Sector-1"
"National Insurance Company Ltd","+ 91  22 22019747","Sterling Cinema Bldg, Marzabaan Street, Fort, Mumbai - 400001"
"National Insurance Company Lim...","+ 91  22 28998409","Shraddha Shopping Arcade, 1st Floor, S V Road, Borivali West, Mumbai - 400092, Opposite Indraprastha Mall"
"National Insurance Company Lim...","+ 91  22 28214599","104/105, Shubham Centre No 2, Andheri East, Mumbai - 400069, Opposite Holy Family Church, Chakala"
"National Restaurant","+ 91  22 22617086","319, Mitha Mansion, Shahid Bhagat Singh Road, Fort, Mumbai - 400001, Opposite Fort Market"
"National Highways Authority Of...","","Pwd Campus, Ghodbunder Road, Kashimira Road, Mira Road, Thane - 401107, Junction Of National Highway-8, In Front Of Hotel Fountain"
"National Do Not Call Registry ...","1909","C/O Telecom Regulatory Authority Of India, Mumbai"
"National English High School","","402, National School Building, 167, Virar West, Thane - 401303, Virat Nagar"
"National College","+ 91  9272235980","307, Orion Business Park, Ghodbander Road, Kapurbawdi-Thane West, Thane - 400607, Next To Cine Wonder Mall, Near Kapurbawdi Bus Stop"
"National Cadet Corps","+ 91  22 22044255",""
"Central Depository Services In...","+ 91  22 22723333","16th & 17th Floor, Phiroze Jeejeebhoy Towers, Dalal Street, Fort, Mumbai - 400001"
"National Travels & Carriers","+ 91  22 27662066","C-4 , Mafco Market, Sanpada Railway Station Road, Vashi, Navi Mumbai - 400703, Sector 18, Opposite Hotel Yogi Executive"
"NTPC Ltd (Regional Office)","+ 91  22 28310213","Samruddhi Venture Floor, 2nd Foor, MIDC, Marol, Andheri East, Mumbai - 400093"
"National Institute Of Fashion ...","+ 91  22 22080850","Textile Commissioner Officer, New Central Government Office Building, 4th Floor, B Wing, Nishtha Bha, Marine Lines, Mumbai - 400020, Near Sndt Women University"
"National Education Society Hig...","+ 91  22 66450000",""
"National School Of Banking","+ 91  22 25422262","Ground Floor, B/2, Poornima Building, Naupada-Thane West, Thane - 400602, Opposite Railway Platform No 1"
"Vikrant Ship Museum","","Ballerd Piar Tiger Gate, Colaba, Mumbai - 400005, Gateway Of India"
"National Decorators","+ 91  22 26183411","2, Kuber Bhavan, Bajaj Road, Vile Parle West, Mumbai - 400056, Opposite Pragee Shopping Centre"
"National Travels","+ 91  22 25273389","Shop No.4, Maska Chawl, V N Purav Marg, Sion Trombay Road, Chembur East, Mumbai - 400071, Near Yogi Restaurant"
"National Small Industries Corp...","+ 91  22 23738275","3rd Floor, C/O R & C Ltd Building, Sir J J Road, Nagpada-Mumbai Central, Mumbai - 400008, Byculla"
"National Co Operative Bank LTD","+ 91  22 27812801","Shop No 11/12, Plot No 22/23, Saikala Apartment, Sanpada, Navi Mumbai - 400705, Near Sanpada Railway Station, Sector 30"
"National Insurance Company Ltd","+ 91  22 28663130","115, Balaji Arcade, S V Road, Kandivali West, Mumbai - 400067, Opposite Parekh Galli And Jain Upashray"
"National Tours & Travels","+ 91  22 20334931","Hari Krupa Building, Cabin Road,, Bhayandar East, Thane - 401105, Near Railway Bridge,"
"National Human Rights Centre","+ 91  9323188269","30/492 Happy Homes Saihendra Nagar, Dahisar, Mumbai - 400068, Near DCB Office"
"National Co Operative Bank Ltd","+ 91  22 22824410","Raheja Centre Ground Floor, Free Press Journal Marg, Nariman Point, Mumbai - 400021"
"National Tours & Travels","+ 91  9322516607","Azad Chawl, Vadar Pada Road No 2, Kandivali East, Mumbai - 400101, Hanuman Nagar, Opp Police Station, Near Kabristan"
"National Electric & Electronic","+ 91  9833544639","916/917, Adarsh Nagar, New Link Road, Andheri West, Mumbai - 400053, opp Gujrati Marriage Hall"
"National Aircon","+ 91  22 30486078","Shop No 11, Plot No 646, Old Kolsawadi Road, Mahim, Mumbai - 400016, Opposite Al Sabah Building & Paradise Cinema, Old Kolsawadi"
"National Institute Of Oceanogr...","+ 91  22 26359605","Lokhandwala Road, Four Bunglows-Andheri West, Mumbai - 400053"
"National Tours & Travels","+ 91  22 28805800","F 2/35 2nd Floor The Mall Shopping Center, Station Road, Malad West, Mumbai - 400064, Oppsite Kasturba Talkies"
"National Builders (Corporate O...","+ 91  22 27890465","107, Chadda Crescent, Vashi, Navi Mumbai - 400703, Sector No 17"
"The National Co Op Bank Ltd","+ 91  22 27703082","E 12-15, Nerul, Navi Mumbai - 400706, Nerul Station Branch, Cum Commercial Complex"
"National Electric & Hardware","+ 91  22 25702533","Shop No-2, Daffodil Building, Hiranandani Gardens, Powai, Mumbai - 400076, Near D Mart, Opp Apna Sahakari Bank"
"Nis Sparta","+ 91  22 30313596","4th Floor, B-Wing, Gundecha Onclave, Kherani Road, Andheri East, Mumbai - 400059, Saki Naka"
"National Medical Centre","+ 91  22 24017541","3/3 New Sion Co Operative Housing Society, 24th Road, Sion, Mumbai - 400022, Opposite Guru Krupa Hotel"
"National Aluminium Company Lim...","+ 91  22 24939288","No. 215, T V Industrial Estate, S K Ahire Marg, Worli New, Mumbai - 400030"
"The National Co Op Bank Ltd","+ 91  22 28703611","Grd Flr Lilam Premises Co-Op Soct, Datta Pada Road, Borivali East, Mumbai - 400066, Rajendra Nagar"
"National Academy","+ 91  22 65065284","1st Floor, Rushabh Apartment, Girgaon, Mumbai - 400004, Opposite Sir H.N Reliance Foundation Hospital"
"National Spot Exchange Limited","+ 91  22 67619900","Cts No 256 & 257, 4th Floor, Ft Towers, Suren Road, Andheri East, Mumbai - 400093, Chakala"
"National Academy","+ 91  22 28168023","Mukesh Apartment, 2nd Floor, Navghar Road, Bhayandar East, Thane - 401105, Near Railway Station, Next to DG1 Snehanjai Electronics Showroom,"
"National Insurance Company Lim...","+ 91  22 26108050","4 Andrea Apartment, Off Azad Road, Vile Parle East, Mumbai - 400057, Near Fire Bigrade"
"National Highway Trucking Centre","+ 91  22 25221759","76/77, Ghatkopar Mahul Road, Chembur West, Mumbai - 400089, Near Amar Mahal Opposite Sahakar Plaza"
"National Ceramics","+ 91  22 25790303","B Kumar Compound, L B S Mg Vikhroli, Vikhroli West, Mumbai - 400079, Near Vasant Rubber Factory & Imperial Plaza"
"National Chemist","+ 91  8422033285","Shop No 1, Luminos Apartment, Sefal Road, Bandra West, Mumbai - 400050, Near Lilavati Hospital"
"National insurance company","+ 91  9920357140","Hash shree, N.M. Joshi marg, Lower Parel, Mumbai - 400013, Opp PODAR mill"
"National Motors Training School","+ 91  22 65115165","Shop No 6, My Nest Shopping Centre, Vashi, Navi Mumbai - 400703, Meghraj Multiplex, Sector 2"
"National Institute Of Distance...","+ 91  250 2502814","Ground Floor Ashirwad Building No 2, Off Raja Chhatrapati Shivaji Marg, Virar West, Thane - 401303, Behind Woodland Cinema In Lane Opp Petrol Pump"
"National Anti Ragging Helpline","18001805522","Mumbai"
"National Federation Of The Bli...","+ 91  22 26140916","C/O R K Samiti Gandhi Chawk, Vile Parle West, Mumbai - 400056"
"National Environmental Enginee...","+ 91  22 24973521","89 B, Dr Annie Besant Road, Worli, Mumbai - 400018"
"National Kidney Foundation","+ 91  22 22814892","Kalbadevi, Mumbai - 400002, Under Marine Drive Flyover"
"National Tourist","+ 91  22 24185445","Shop No 14 SAI Kunj Building, Dr B A Road, Dadar East, Mumbai - 400014, Opposite Asiad Bus Stand, Near Waman Hari Pethe Jewellers"
"National Institute Of Management","+ 91  22 32155011","201, Nirman Industrial Estate, Link Road, Malad West, Mumbai - 400064, Near Chincholi Fire Brigade"
"National Book Trust","+ 91  22 24320380","1st Floor, Ravindra Natya Mandir, Prabhadevi, Mumbai - 400025, P L Deshpande Maharashtra Kala Academy"
"National Anti Corruption & Cri...","+ 91  22 40037249","Building No B 3, Flat No 1, D P Road, Malad East, Mumbai - 400097, Opposite Mahindra School, Near Govindnagar Municipal Hospital, Mahindra Nagar"
"National Plastic Industries","+ 91  22 28311555",""
"National Marbles","+ 91  22 25773578","Near Sun City Complex, IIT Powai Road, Gandhinagar, Powai, Mumbai - 400076, Near MTNL Exchange"
"The National Co Operative Bank...","+ 91  22 28147491","8-9 Balda Bhavan, Dr Babasaheb Ambedkar Road & 90 Feet Road, Bhayandar West, Thane - 401101"
"National Insurance Company Ltd","+ 91  251 2318480","Divisional Xxi, 2nd Floor, Jasraj Commercial Complex, Valipeer Road, Kalyan City, Thane - 421301, Chitroda Nagar"
"National Restaurant","+ 91  9819814949","A-21, Turner Road, Bandra West, Mumbai - 400050, Near Sahakari Bhandar"
"Mumbai Jnpt Port Road Company Ltd","+ 91  22 65140560","Survey No. 63 D Point On NH-4B, Chinchpada Kalamboli Bypass Road, New Panvel, Navi Mumbai - 410206, Near Khandeshwar Railway Station"
"Rashtriya Mahila Bachatgat Fed...","+ 91  9270360348","131, Master Mind Building No 1, Goregaon East, Mumbai - 400065, Near Mayur Nagar, Aarey Milk Colony, IT Park, Royal Palms"
"National Junior College Of Edu...","+ 91  251 2532108","Block No A 230, Ulhasnagar No 4, Thane - 421004, Sambhaji Chowk"
"National Small Industries Corp...","+ 91  22 28582020","318, 2nd Floor, Msmedi Building, Andheri Kurla Road, Andheri East, Mumbai - 400059, Opposite Logistic Park, Sakinaka"
"National Academy","+ 91  22 65065286","C/O Pinges Tuition Classes, Ground Floor, Samadhan Bhavan, Senapati Bapat Marg, Dadar West, Mumbai - 400028, Near Tilak Bridge"
"National Co Op Bank Ltd (H O)","+ 91  22 22872306","12,Vatsa House, Janmabhoomi Marg, Fort, Mumbai - 400001"
"National Insurance Company Ltd","+ 91  22 27575426","Plot No 1 ,5th Floor Vindhya Complex, Cbd Belapur, Navi Mumbai - 400614, Sector 11 Cbd"
"National College","+ 91  2525 253232","Mahim Road, Palghar, Thane - 401404"
"National Gas Service","+ 91  22 24153683","196, Station Road, Wadala West, Mumbai - 400031, Gurusevak Kutir"
"National Test House","+ 91  22 28327276","Plot F/10, MIDC, Andheri East, Mumbai - 400093, Marol"
"National Bakery Fast Food & Ch...","+ 91  22 26419299","118 Bazaar Road, Bandra West, Mumbai - 400050, Near Variety Furnishing"
"National Insurance Company Ltd","+ 91  22 21663050","Shop No. 346, Upper ground flore , Drems Mall, Bhandup West, Mumbai - 400078, L.B.S Road"
"National Buildings Constructio...","+ 91  22 23512016","406, Arun Chambers, Tardeo Main Road, Tardeo, Mumbai - 400034"
"National Informatics Centre","+ 91  22 22046934","11th Floor, New Administrative Building, Madam Cama Road, Mantralaya, Mumbai - 400032, Opposite Mantralaya"
"National Hindu Hotel","+ 91  22 22841142","J K Mehta Chawl, N A Sawant Marg, Colaba, Mumbai - 400005, Opposite Fire Brigade, Sassoon Dock"
"National Girls High School & J...","+ 91  22 26474019","26, Professor A K Marg, Bandra East, Mumbai - 400051, Behram Nagar, Near Bandra Court"
"National Couriers","+ 91  9004029224","Shop No 5, Prince Plaza, Mira Road, Thane - 401107, Near Kanakia Police Station"
"The National Co Operative Bank...","+ 91  251 2365989","Shop No 1 To 3 & 7 To 9, Sheetal Complex, Pune Link Road, Kalyan East, Thane - 421306, Sheetal Nagar"
"National Express Courier Service","+ 91  22 66926521",""
"Nocil Ltd","+ 91  22 66364062","3th Flr, Mafatlal House, H T Parekh Road, Churchgate, Mumbai - 400020, Backbay Reclamation"
"The National Co-Operative Bank...","+ 91  22 24369482","Shop No. 1 & 2, Rachana House, Mahim, Mumbai - 400016, Nr Subway Restaurant Bhandar Lane"
"The National Co Operative Bank...","+ 91  22 25113534","Giri Vihar Building, Shop No 5 & 6, Ground Floor, Jeevdaya Lane, Ghatkopar West, Mumbai - 400086"
"National Travels","+ 91  22 38520316","Garodia Estate, Plot No 52, Santacruz West, Mumbai - 400054, Near Millan Mall, C S T No 1649"
"National Aircon","+ 91  22 38522563","Shop No 16, Gaondevi Building, Marve Road, Malad West, Mumbai - 400095"
"National Institute Of Inter...","+ 91  9321111523","Ramanand Society, 1st Floor, 9 A, Gokhale Road, Thane West, Thane - 400602, Opp Mango Showroom"
"National Homeopathic Pharmacy","+ 91  22 38571532","Shop No 5, Rajkotwala Building 98, Pipe Road, Kurla West, Mumbai - 400070, Behind Dr Adhye Clinic"
"National The Music People","+ 91  22 38543164","306/8, Moreshwar Building, L N Road, Matunga East, Mumbai - 400019, Opp Matunga Railway Staion"
"National Auto Accessories","+ 91  22 24456925","S/1, Shivam Building, Gopi Tank Marg, Mahim, Mumbai - 400016, Besides Union Bank"
"National Pest Control","+ 91  22 25418834","Shop No 4 , Nilesh Apartment, Old Belapur Road, Kalwa, Thane - 400605, Near Bharti Chamber"
"Niifd","+ 91  22 38520822","2nd Floor, 203, B Wing, Rkb Education Academy, C J Joshi Complex, Kalyan City, Thane - 421301, Opposite Railway Station, Above Vodafone Gallery"
"National Typing & Online Se...","+ 91  22 39935862","Shop No.5, CST Road, Kurla West, Mumbai - 400070, Opposite Arpan Hospital"
"National Portable Cabin","+ 91  22 38558430","Survey No 69, Mumbra Panvel Road, Mumbra, Thane - 400612, Near Mangal Murti Petrol Pump, Daisar Mori"
"National Carriers Corporation","+ 91  22 38559583","Shop No 305, Bharat Chamber, Baroda Street, Carnac Bunder, Mumbai - 400009, Masjid Bunder"
"National Security Systems","+ 91  22 38593807","Room No 2, Dinababu Chawl, Radhakrishna Nagar, Kurla Andheri Road, Kurla West, Mumbai - 400070, Jarimari"
"National Services","+ 91  22 38580633","656, Oshiwara Adarsh Nagar, No 3,New Link Road, Near Pushpa, Jogeshwari West, Mumbai - 400102, Laxmi Wines"
"National Security Services","+ 91  22 38595203","Unit No G 57, Plot No 47, Haware Fantasia Business Park, Sector 30 A, Vashi, Navi Mumbai - 400703, Near Inorbit Mall"
"National Laundry","+ 91  22 38598681","Shop No 10, Hakkani Estate, CST Road, Kurla West, Mumbai - 400070, Near Royal Sweets"
"National Fabrication Works","+ 91  22 38514198","Gala No 1, Clipwala Compound, Saki Vihar Road, Andheri East, Mumbai - 400072, Near R T Mehta Company, Powai"
"National Packing Services","+ 91  22 38593137","Gala No 124, Mbk Compound, Kherani Road, Sakinaka, Mumbai - 400072, Opposite Church Lane, Near Sangam Hotel"
"National Sales Services","+ 91  22 38577718","14/ B, Thatta Nagar, 3rd Road, Chembur West, Mumbai - 400089, Near Pestom Sagar"
"National Sanitation","+ 91  22 38546701","Shop No 1 And 2, Ground Floor, Audumber Building, Saigadwadi Road, Powai, Mumbai - 400076, Opposite IIT Main Gate"
"National Battery Service","+ 91  22 38546573","Shop No 08, Agarwal Chambers Vii, Plot No 44, Sector 19C, Vashi, Navi Mumbai - 400703, Near Sanjay Motors"
"National Ceramics","+ 91  22 25339710","Shop No 2, Jai Shankar Co Operative Housing Society, Hariniwas, LBS Marg, Naupada-Thane West, Thane - 400602, Opposite Axis Bank"
"National Travels","+ 91  22 38527763","Doke Chawl,Santoshi Mata Marg, Shivaji Nagar,2ND Rabodi, Thane West, Thane - 400601"
"National Packaging & Traders","+ 91  22 38563469","Plot No L-124, Taloja Industrial Estate, Taloja MIDC, Raigad-Maharashtra - 410208, Opp Juliet Products"
"National Glass","+ 91  22 39647891","B1, Sai Vinayak Building, Kalyan City, Thane - 421301, Opposite Hotel Gurudev Nx, Khadakpada"
"National Cycle","+ 91  22 38571095","A3, Satyam Complex, Nalasapora Station Road, Nalasopara West, Thane - 401203, Opposite Axis Bank, Near Pakwan Hotel"
"National Travels","+ 91  22 38547099","D/12 M N Dsouza Compound, Khairani Road, Sakinaka, Mumbai - 400072, Near Sakinaka Junction"
"National Car Key Maker","+ 91  22 39862445","Purana Lakda Market, VST Road, Asalfa-Ghatkopar West, Mumbai - 400084, Behind Gausiya Masjid, Opposite Disha Hospital"
"National Uniforms","+ 91  22 38565898","Shop No 1, Pant Nagar, Ghatkopar East, Mumbai - 400075, Opposite Building No 20"
"National Aircon","+ 91  22 39149819","Linking Road, Santacruz West, Mumbai - 400054, Near UCB Showroom"
"National Facilities","+ 91  22 38540833","Shop No 20, Poonam Vihar, Off Mahakali Caves Road, Andheri East, Mumbai - 400093, Near St Xaviers School, Poonam Nagar"
"National Fire Safety","+ 91  22 25967287","1060 1st Floor Bhandup Industrial East Panala Compound, LBS Road, Bhandup West, Mumbai - 400078, Nerar Jainam Hall"
"National Furnitures & Inter...","+ 91  22 38557810","Shop No 1, Silver Avenue, S V Road, Kandivali West, Mumbai - 400067, Next To Poisar Masjid"
"National Steel Industries","+ 91  22 38520740","Plot No 15, Magazine Street, Mazgaon, Mumbai - 400010, Near OZA Market, Daru Khana"
"National Trading Corporation","+ 91  22 38528500","H Wing, Flat No 831, Govardhan Nagar, Borsa Pada Road, Kandivali West, Mumbai - 400067, Opposite Poisar Gym Khana And Near Raghuleela Mall"
"National Telesystem","+ 91  22 39934409","Shop No 16, Ground Floor, Dharma Veer Market, Ghantali Road, Thane East, Thane - 400603, Behind 3 Petrol Pump"
"The National Pest Managemen...","+ 91  22 38527901","Office No 5 Prathamesh Apartment Plot No D 6/7, Sector 9, Airoli, Navi Mumbai - 400708, Near D Mart And Opposite Siddhivinayak Apartment"
"The National Pest Managemen...","+ 91  22 38538998","Plot No D 6/7, Sector 9, Airoli, Navi Mumbai - 400708, Near D Mart"
"National Electric & Hardwar...","+ 91  22 38526045","Shop No 23, Koyna Building, Nancy Road, Shantivan-borivali East, Mumbai - 400066, Near National Park"
"National Solution","+ 91  22 38542126","Office No 317, 3rd Floor Regal Diamond Centre, Mama Parmanand Marg, Charni Road, Mumbai - 400004, Opera House"
"National Grill Works","+ 91  22 38534368","Shop No 3, Building No 36, Road No 4, CS Road, Dahisar, Mumbai - 400068, Near Vitthal Mandir, Shakti Nagar"
"National Wooden Packing","+ 91  9821106993","Shop No 78/9, Dahisar More Village, Walawli, Old Mumbai Pune Road, Mumbra, Thane - 400612"
"National Care","+ 91  22 38526097","A 001 Queen Castle Apartment, Castle Road, Mira Road, Thane - 401107, Near Sai Baba Mandir"
"National Cool Service","+ 91  22 38526177","Shop No 5, C Wing, Shraddha Sneh Building, Uran Road, Panvel, Navi Mumbai - 410206, Near Uran Naka"
"National Steel Traders","+ 91  22 39933770","Vakil Building, Vaghela Nagar, Station Road, Ulhasnagar No 3, Thane - 421002, Near Masjid"
"National Electronics & Cont...","+ 91  22 38549715","Gala No 14, N J Industrial Estate, Vasai East, Thane - 401208, Near Chinch Pada"
"National Aluminium & Hardware","+ 91  250 2506975","Shop No 9, Maitree Park Buildingg No 2, Bypass Road, Virar West, Thane - 401303, Opposite Banjara Hotel"
"National Electrical And Ele...","+ 91  22 38538464","Shop No 2, Manav Mandir Co Oporative Housing Society, Badlapur Midc Road, Badlapur, Thane - 421503, Opposite Minatai Thakre Garden Kulgaon"
"National Engineering Co","+ 91  22 38547437",""
"P D Hinduja Hospital & Medical...","+ 91  22 24451515","Veer Savarkar Marg, Cadel Road, Mahim, Mumbai - 400016, Near Bombay Scottish School"
"The National Sports Club Of India","+ 91  22 24938813","V Patel Road & Lala Lajpatrai Marg, Worli, Mumbai - 400018, Near Race Course, Opposite Haji Ali"
"Star India Pvt Ltd (Registered...","+ 91  22 66305555","No 95, Star House Urmi Estate, Ganpatrao Kadam Marg, Lower Parel, Mumbai - 400013, Near Railway Station"
"R D National College","+ 91  22 26483544","Bandra West, Mumbai - 400050, Off Linking Road, Opposite Old Pamposh Hotel, Near Patwardhan Natya Gruha"
"National Securities Depository...","+ 91  22 24994200","4th & 5th Floor, A Wing, Tradeworld, Senapati Bapat Marg, Lower Parel, Mumbai - 400013, Kamla Mills Compound"
"National Chemist","+ 91  22 40680745","Shop 2,3,4 & 5, Laher Bros Mansion, Dr E Bros Marg, Parel, Mumbai - 400012, Opposite KEM, Tata & Wadia Hospital"
"Pension Fund Regulatory & Deve...","1800110708","Mumbai"
"National Institute Of Open Sch...","18001809393","Mumbai"
"National Travels","+ 91  22 24084830","Shop No 10, Rupam Building, Sion, Mumbai - 400022, Sion Circle"
"National Insurance Company Ltd...","+ 91  22 22821963","12, Royal Insurance Building, 14, Jamshedji Tata Road, Churchgate, Mumbai - 400020"
"National Stock Exchange Of Ind...","+ 91  22 66418100","Plot No C 1, Block G, Exchange Plaza Building, Bandra East, Mumbai - 400051, Near Wockhardt Ltd, Bandra Kurla Complex"
"National Institute Of Fashion ...","+ 91  22 27747000","Plot No 15, Nift Campus, Kharghar Sector 4, Navi Mumbai - 410210, Near Yerala Medical Trust"
"Regal Enclave Hotel","+ 91  22 67261111","Plot 17, 4th Road, Khar West, Mumbai - 400052"
"National Book Depot","+ 91  22 24131362","11/1, Rakhangi Mahal, Acharya Dhonde Marg, Parel, Mumbai - 400012, Opposite Wadia Childrens Hospital"
"National Tours & Travels","+ 91  22 23076576","Shop No 07, Dr Nair Road, Mumbai Central, Mumbai - 400008, Opposite Reserve Bank Of India, Near Maratha Mandir"
"National Education Society For...","+ 91  22 24189061","8/8 Shraddha Chs, G D Ambedkar Road, Kala Chowki, Mumbai - 400033, Ambewadi"
"National Electronics Watch Sal...","+ 91  22 24716569","Shop No 2 Modi Seth Chawl, G D Ambekar Marg, Kala Chowki, Mumbai - 400033, Ambewadi"
"NATIONAL INSTITUTE OF INFORMAT...","+ 91  7039062738","Address: Opp. Bata Showroom, Swami Vivekanand Rd, Kandivali West, Mumbai, Maharashtra 400067, Swami Vivekanand Rd, Kandivali West, Mumbai - 400067, Bata Showroom"
"National Centre For Radio Astr...","+ 91  22 25554712",""
"NATIONAL CONSULTANCY CHAMBERS ...","+ 91  9833370497","601, CHARKOP ANIRUDDHA C.H.S., PLOT NO. 103, SECTOR 1, CHARKOP ,KANDIVILI(WEST), Mumbai - 400067, OPP. SHIVAM HOSPITAL"
"NATIONAL INSTITTUTE OF INFORMA...","+ 91  22 25781577","THAKUR NIWAS, TAHANE STATION ROAD, NEAR KUNJVIAHAR ABOVE TIP TOP SWEETS, THANE STATION ROAD, Thane West, Thane - 400601, TIP TOP SWEETS"
"National Group For Technical S...","+ 91  22 25438255",""
"National Institute For Competi...","+ 91  251 6506510","First Floor, Nehete Niwas Building, Dr Rajendra Prasad Road, Dombivli East, Thane - 421201, Opposite Parsik Bank"
"National institute of technica...","+ 91  9260009000","Joy hub 303 3rd floor, Kalyan Badlapur road, Ambernath, Thane - 421501, Opp. Ambernath nagar parisad"
"Fortis Hiranandani Hospital","+ 91  22 39862093","Fortis Hiranandani Building, Mini Seashore Road, Vashi, Navi Mumbai - 400703, Sector 10/A"
"National School Of Banking","+ 91  22 38580082","Modern English School, Indian Education Society Campus, Babrekar Marg, Ash Lane, Off Gokhale Road North, Dadar West, Mumbai - 400028, Behind Shivaji Park Telephone Exhange"
"Inifd","+ 91  22 38585915",""
"National Institute Of Event...","+ 91  22 39864134","Ground Floor, Nandanvan Building, Ansari Road, Vile Parle West, Mumbai - 400056, Corner Of Vallabhbhai Road, Near Vile Parle Station"
"National Institute Of Photo...","+ 91  22 38584048","2nd Floor, 11/2, Ghamat Terrace, S B Road, Dadar West, Mumbai - 400028, Opposite Railway Station"
"National Motor Driving School","+ 91  22 38565043","Pathare House Shop No 02, J Nehru Road, Santacruz East, Mumbai - 400055, Near Highway Signal"
"National Academy","+ 91  22 38553433","Dattani Centre, Office No 26, Station Road, Kandivali East, Mumbai - 400101, Above Sandeep Hotel"
"National Tours & Travels","+ 91  22 66738937","Shop No 76, Vashi Plaza, Plot No 80-81, Sector 17, Vashi, Navi Mumbai - 400703, Near Vashi Highway"
"National Hiring","+ 91  22 38571786","Unit No 62/A, Shop No 22, Anjir Wadi, Champsi Bhimji Road, Mazgaon, Mumbai - 400010, Opposite Mazgaon New Post Office"
"National Academy Of Event M...","+ 91  22 38511120","NAEMD- Mumbai, Lords Universal College, GCSI, Goregaon West, Mumbai - 400062, Off S V Road, Near Ratna Hotel"
"National Collection","+ 91  22 66779296","Shop No 17 C, Twinkle Apartment, Ground Floor, New Link Road, Andheri West, Mumbai - 400053, Near Flags Restaurant"
"National Carriers Corporation","+ 91  22 49109999","305, Bharat Chambers, 52c, Baroda Street, Masjid, Mumbai - 400003, Near Railway Station"
"National Traders","+ 91  22 38573081","Shop No 3/4, 276/278, Janjikar Street, Kalbadevi, Mumbai - 400002, Near Juma Masjid"
"National Ply & Laminates","+ 91  22 38583159","Oswal Bhawan, N Bharucha Marg, Grant Road, Mumbai - 400007, Nana Chowk, Near Krishna Palace Residency Hotel"
"National Eco Fuel Services","+ 91  9322515333","Shop No 36, Gokul Building, Western Express Highway, Kandivali East, Mumbai - 400101, Opposite Gokul Concorde Tower"
"National Aircondition","+ 91  22 38565423","Shop No 1, New Link Road, Jogeshwari West, Mumbai - 400102, Anand Nagar, Near Mega Mall"
"National Academy Of Sports ...","+ 91  22 39370296","National Academy Campus, Filka Building, Daftary Road, Malad East, Mumbai - 400097, Near Railway Station"
"National School Of Governme...","+ 91  22 38531455","Mangala Chambers, 2nd Floor, Ashok Talkies, Thane West, Thane - 400601, Opposite Railway Station"
"National Eye Centre","+ 91  22 39930337","3rd Floor Ajit Darshan Building, Thane West, Thane - 400601, Near Teen Petrol Pump"
"National Medical Book House","+ 91  22 38555818","Ground Floor, Princess Building, 8 E R Road, Masjid, Mumbai - 400003, Near J J Hospital Signal"
"National Aircon","+ 91  22 38551177","Shop No 6, Gaondevi Co OPerative Housing Society, New Link Road, Andheri West, Mumbai - 400053, Opposite Dheeraj Gaurav Heights, Near Infinity Mall"
"National Cad Cam Centre","+ 91  22 38523034","Shop No 7 Anubhav Society, Zaver Road, Mulund West, Mumbai - 400080, Behind Cafe Coffe Day"
"Nabard (Head Office)","+ 91  22 26539895","Plot No C 24 Post Box No 8121 G Block Bandra Kurla Complex, Bandra East, Mumbai - 400051"
"National Bank Of Agriculture &...","+ 91  22 24926808","Worli, Mumbai - 400018"
"National Organization For Soft...","+ 91  9022130587","D/4, Ram Tanu Co-Operative Housing Society, Nerul, Navi Mumbai - 400706, Sector No 17"
"National Centre For Performing...","+ 91  22 66223737","Ncpa Centre, Sir Dorabji Tata Road, Ncpa Marg, Nariman Point, Mumbai - 400021, Near Trident Hotel"
"National Association For The B...","+ 91  22 66838686","11/12, Khan Abdul Gaffar Khan Road, Worli New, Mumbai - 400030, Worli Seaface"
"National Bank Of Abu Dhabi","+ 91  22 33311111","Unit Nos 1101 & 1201,C 59, G Block Platina Building, Bandra East, Mumbai - 400051, Bandra Kurla Complex"
"National Society For Equal Opp...","+ 91  22 25220225","Postal Colony Road, Chembur East, Mumbai - 400071, Postal Colony, Opposite Vijaya Bank"
"National Association For The B...","+ 91  22 22045482","51, Mulla House, M G Road, Fort, Mumbai - 400001, Flora Fountain"
"National Association For The B...","+ 91  22 23721681","Rustom Alpaiwalla Complex,124-127, Reay Road, Mumbai - 400033, Near Reay Road Railway Station, Cotton Green Depot"
"National Association For The B...","+ 91  22 24945108","C/O King George V Memorial Anand Niketan, Dr E Moses Road, Mahalaxmi, Mumbai - 400011, Next To Famous Cine Studio"
"National Institute For Researc...","+ 91  22 24192000","National Institute For Research In Reproductive Health, Jehangir Merwanji Street, Parel, Mumbai - 400012, Opposite Kem Hospital"
"National Housing Bank (Regiona...","+ 91  22 22851560","3rd Floor, Bombay Life Building, 45, Veer Nariman Road, Fort, Mumbai - 400001"
"National Institute For Mentall...","","Plot No 13/14, 1/B/2 Vasundhara Co Operative Society, Kharghar, Navi Mumbai - 410210, Near Anmol Plaza, Sector No 8"
"National Australia Bank","+ 91  22 61988200","901, 9th Floor, Nariman Bhavan, Nariman Point, Mumbai - 400021, 227 Backbay Reclamation"
"National Institute Of Hospital...","+ 91  7738358007","202/B, 2nd Floor, Gods Gift Tower, S V Road, Bandra West, Mumbai - 400050, Next To Lucky Restaurant"
"National Institute For Mentall...","+ 91  22 27564727","Plot No 24, Ground Floor, Maruti Mount View, Cbd Belapur, Navi Mumbai - 400614, Near Apna Bazar, Sector No 8b"
"National Society For Clean Cit...","+ 91  22 26478941","590, Childrens Complex, Ali Yavar Jung Marg, Bandra East, Mumbai - 400051, Kherwadi"
"National Institute For Human D...","+ 91  22 25328937","Om SAI Building, Ground Floor, Thane East, Thane - 400603, Kumbhar Wada, Near Mangla High School"
"National Institute Of Technolo...","+ 91  250 28575595","Nitie Campus, Navghar Vasai East, Thane - 401208, Near Vihar Lake"
"National Institute Of Manageme...","+ 91  22 38528043","109, 1st Floor, Vardhaman Shopping Centre, Navghar Road, Vasai Road West, Thane - 401202, Above Tungareshwar Sweets"
"National Company For Electricals","+ 91  8087170091",""
"National College Of Education ...","+ 91  22 26541910","S G Barve Marg, Kurla West, Mumbai - 400070, Opposite BMC L Ward, Near Kurla Station, Behind White House"
"National Centre For Software T...","+ 91  22 27560013","Raintree Marg, Kharghar, Navi Mumbai - 410210, Opposite Kharghar Station, Nr Bharti Vidyapeeth, Sector No 7"
"National Centre For Rural Deve...","+ 91  9423685842",""
"National Centre For Business E...","+ 91  22 32189771","1st Floor Gulmohar Co Operative Housing Society, P L Kale Guruji Marg, Dadar West, Mumbai - 400028, Off Ranade Road Near Waman Hari Pethe Jewellers Shop"
"National Centre For Quality Ma...","+ 91  22 25170483",""
"National Council For Senior Ci...","+ 91  22 26862191","303/A, Rajkamal Apartments, CST Road, Santacruz East, Mumbai - 400029, Kalina"
"National Associates For Develo...","+ 91  9320117709","1 Narmada 73/A, Santacruz East, Mumbai - 400029, Kalina Near State Bank Of Hyderabad"
"National Association For Manag...","+ 91  22 26454172","Bandra, Mumbai - 400050"
"The National Centre for Photov...","+ 91  22 25767895","Department of Energy Science & Engineering Room No. 311A, Mechanical Engg. Indian Institute of Tec, Powai, Mumbai - 400076"
"National Co Op Agri & Rural De...","+ 91  22 24147954","Takshshila, M P Road, Dadar East, Mumbai - 400014"
"National Technical Institute","+ 91  22 69999299","Unit No B/1, 5 Acre, Kothari Compound, Ghodbunder Road, Sandoz Baug, Thane - 400607, Near Manpada Telephone Exchange"
"National Service Centre","+ 91  22 22813876","Shalimar, Colaba, Mumbai - 400005, Lala Nigam, Near MTNL"
"National Banking Academy","+ 91  9820279866","Galaxy Appartment ,A-502, Sector-35, Kharghar, Navi Mumbai - 410210, Near Ganesh Temple"
"National Jewellers","+ 91  22 28125688","Shop No-2 Building No-A/59-60, Mira Road, Thane - 401107, Sector No.3 Near Jain Mandir"
"National Dairy","+ 91  22 28173099","Shop No 7, SAI Satyam Building, Cabin Road, Bhayandar East, Thane - 401105, Opposite Railway Station"
"The national chemist","+ 91  251 2449933","Shop No.7, Kamala Shankar Apartment, Tilak Road, Dombivli East, Thane - 421201, Near HDFC Bank"
"National Book Depot","+ 91  7208772149","S G Barve Marg, Kurla East, Mumbai - 400024, Near Aryan Hospital"
"National telecom & gift","+ 91  9819641731","gokuldham market, Gen A K Vaidya Marg, Malad East, Mumbai - 400097, opp.gokuldham police chowki"
"National Restaurant & Bar","+ 91  22 23619242","38, Pandit Ramabai Road, Girgaon Chowpatty, Mumbai - 400007, Opposite Bhartiya Vidya Bhavan"
"The National Co-Operative Bank...","+ 91  8828016121","Kuber Laxmi Co-Operative Housing Society, Shop No 1 And 2, Groound Floor, Plot No 156, Ulwe, Navi Mumbai - 410206, Sector No 19"
"National Plastic","+ 91  9702138262","Vasai East, Thane - 401208"
"National Slum Dwellers Federation","+ 91  22 23096730","Municipal Dispensary, Meghraj Sethi Marg, Mumbai Central, Mumbai - 400008"
"National Flask Industries","+ 91  22 28310005","22, Interlink Ind Estate Caves Road, Mumbai Central, Mumbai - 400008"
"National Pest Control","+ 91  22 26671501","Shop No 5, Aasra Building, St.Anthony Street, Santacruz East, Mumbai - 400055, Next To St.Charles Girls High School, Vakola Masjid"
"National Hardware & Paint Mart","+ 91  22 26162975","Shop No 6 Air View Apartments, Nehru Road, Santacruz East, Mumbai - 400055, Vakola Bridge"
"National Steel Emporium","+ 91  22 29254804","Shop No -9, Mahavir Chawl, Marol Maroshi Road, Andheri East, Mumbai - 400059, Opposite Bhavani Nagar,Near Ribbons & Balloons"
"National Lamination Industries...","+ 91  22 25111181","C/23 C/24 Satyam Shopping Centre, M G Road, Ghatkopar East, Mumbai - 400077"
"National Property Consultant","+ 91  22 28366447","37 Gokul Arcade, Sahar Rd, Andheri East, Mumbai - 400059, Opp HSBC Bank Nr Garware House"
"National Travel Agent N Tour O...","+ 91  22 25250248","Amar Mahal, R C Marg, Chembur East, Mumbai - 400071, Near SAI Baba Mandir New Flyover Bridge"
"National Mineral Development C...","+ 91  22 66777946","Mmtc House, 4th Floor, C 22, E Block, Bandra East, Mumbai - 400051, Bandra Kurla Complex"
"National Insurance Co. Agent","+ 91  22 25270515","Ambedkar Nagar,Room No. 98,Shelke Chwal, P.l. Lokhande Marg, Chembur West, Mumbai - 400089, Chembur"
"National Tours & Travels","+ 91  22 24045701","Shop No B/11, C S Traders, Dharavi Main Road, Dharavi, Mumbai - 400017, Sunni Jama Masjid"
"National travels & carriers","+ 91  22 22936261","Room No5/1, B M C Chawl, Sion Koliwada Road, Sion, Mumbai - 400022, Near Cine Max"
"National Plywood","+ 91  9821107838","Shop No 5, Akruti Arcade, J P Road, Andheri West, Mumbai - 400053, Opposite A H Wadia High School"
"National Printing Press","+ 91  22 28202387","25/B Satyam Industrial Estate, Subhash Road, Jogeshwari East, Mumbai - 400060"
"National Dye Chem Industries","+ 91  22 23400956","A/22 Gr Floor, Ghanshamdas Industrial Estate, Andheri West, Mumbai - 400053, Off Virai Desai Road"
"National Electronics","+ 91  22 24024016","468, Shop 6b, Kalyan Bhuvanmaheshwari Udyan, Dr B A Road, Matunga East, Mumbai - 400019, maheshwari udyan"
"National Education Management","+ 91  9833958191","Bunglow No 164, Andheri West, Mumbai - 400053, Svp Nagar, Four Bunglows, Mhada"
"National Aircondition","+ 91  22 25548206","Nine Star Shopping Centre, Mahul Road, Chembur East, Mumbai - 400074"
"National Plastic Emporium","+ 91  22 24363917","301 Miranda Chawl, N.c Kelkar Road, Dadar West, Mumbai - 400028, Near Plaza Cinema"
"National Petrol Company","+ 91  22 24224449","Gokhale Road North, Dadar West, Mumbai - 400028"
"National Glass Centre","","B/3 Ishwar Ngr, L B S Marg, Bhandup West, Mumbai - 400078"
"National Alliance Of Peoples M...","+ 91  9969363065","29/30, 1st Floor, A Wing, Haji Habib Building, Naigaon Cross Road, Dadar East, Mumbai - 400014"
"National Salon","+ 91  9821047557","Rochiram Narayandas Chawl Shop-2, J B Wadia Road, Parel Bhoiwada, Mumbai - 400012, Wadia Hospital"
"National Medical & General Stores","","Shop No 5 Arab Bldg Gate No 7, Sewri Cross Road, Sewri, Mumbai - 400015"
"National Waterproofing Company","+ 91  22 66791986","208 Nirman Indl Estate, Link Road, Malad West, Mumbai - 400064, Chincholi Bunder"
"National Medical Stores","+ 91  22 28891898","Shop No .4/5.Pd Somaya Building, Station Road Ishwarlal Parekh Marg, Malad West, Mumbai - 400064, Near Kasturba Cinema And Railway Station"
"National Dairy","+ 91  22 28827518","Shop No-20, Shakti Niwas, Evershine Nagar,, Malad West, Mumbai - 400064, Opposite Satguru Madical Store,"
"National Ply & Wood","+ 91  22 25646004","19 A Shop no-3, R R T Road, Mulund West, Mumbai - 400080, Near Chetna Hospital"
"National Finance Corporation","+ 91  22 65222729","501 B Wing, Jyoti Plaza, S V Road, Kandivali West, Mumbai - 400067, Above Om SAI Tata Motors"
"National School Of Events","","Vashi Sector 15, Navi Mumbai - 400703"
"National Federation Of State C...","+ 91  22 27892741","Plot No 76, 5th Floor, J K Chambers, Vashi, Navi Mumbai - 400703, Sector 17"
"National Fedration Co Op Bank","+ 91  22 27892738","Plot 176, 5th Floor, JK Chambers, Vashi, Navi Mumbai - 400703, Sec 17"
"National Tours & Travels","+ 91  7738277279","Society No 120, Shop No 22, Malvani Gate No 8, Malad West, Mumbai - 400095, Near Malvani Bus Depot"
"National Tours & Travels","+ 91  22 29676626","Shop No. 124, Masjid Road, Charkop, Mumbai - 400067, Near Raimat Masjid, Ganesh Nagar"
"National Horticulture Board","+ 91  22 27830107","Room No 317, 4th Floor Central Facility Building, Vashi, Navi Mumbai - 400703, Apmc Fruit Market Complex, Sector 19"
"National Domestic Workers","+ 91  22 23702498","A-104, St Mary's Apartment, Nesbit Road, Mazgaon, Mumbai - 400010"
"National Transport","","Plot No 138 Agrawal Chambers, Sanpada, Navi Mumbai - 400705, Opposite SAI Geust House Road,Sector 19 C"
"National Leather","+ 91  22 56079873","Kala Killa, Sion Bandra Link Road Dharavi, Mumbai Central, Mumbai - 400008"
"National Refrigeration Thane","+ 91  22 25883951","Shop No 27, Rd No 33 Kamgar Hospital Rd, Wagle Industrial Estate-Thane West, Thane - 400604"
"National Steel Traders","+ 91  22 25820856","Indira Nagar, Road No 22, Wagle Industrial Estate-Thane West, Thane - 400604"
"National Fedration Of Blind","+ 91  9322012096","485/2/A/3 Prapti Cooperative Housing Society Ltd, Borivali West, Mumbai - 400092, Chiku Wadi"
"National Liver Foundation","+ 91  22 23516591","303, Doctor House, Pedder Road, Mumbai - 400026, Opposite Jaslok Hospital"
"National Engineeering Corporation","+ 91  22 23098412","2,Saibaba Shopping Centre, Keshavrao Kadam Marg, Mumbai Central, Mumbai - 400008, Opp Navjeevan Post Office"
"National Fire Safety & Tech Se...","+ 91  22 25416446","101 1st Floor Khorshed Villa, Lbs Marg, Thane West, Thane - 400601, Above New Jyoti Store"
"National Colour Image","+ 91  22 28649486","02, Saidham, Ground Floor, Kasturba Road No 3, Borivali East, Mumbai - 400066, Behind Shiv Cleaners"
"National Medical","+ 91  7498063921","41 49, Dongri, Mumbai - 400009, Near Chinch Bander Road"
"National Chemist","+ 91  22 23432551","6,7/11, Chunawala Bldg, Ebrahim Merchant Road, Pydhonie, Mumbai - 400003, Opp Hamidia Masjid"
"National Hindu Lodge","+ 91  22 23827402","1st Floor, Raja Rammohan Roy Road, Prarthana Samaj, Mumbai - 400004, Opposite Harkishandas Hospital"
"National Enterprise","+ 91  22 66357396","Shop No 3, Ground Floor, Badshah Building, 152, Narayan Dhuru Street, Masjid, Mumbai - 400003"
"National Medical & General Store","+ 91  9967404208","3 Rakhi Apartment, Plot No-143, Nerul, Navi Mumbai - 400706, Seawood, Sector-44"
"National Electrical Stores","+ 91  9867133252","29, Sardar Griha Building, Lohar Chawl, Mumbai - 400002, Oop Cpo Office"
"National Ex Servicemen Co-oper...","+ 91  22 22028306","141/B, Madam Cama Road, Churchgate, Mumbai - 400020, Next To Mantralaya, Opposite Dena Bank"
"National Dairy Farm","+ 91  9967881792","Shop No 2,Gulab Khan Estate, Shiv Shakti Nagar,Saki Vihar Road, Andheri East, Mumbai - 400072, Behind Solaris Bldg, Powai"
"National Chicken & Mutton Shop","+ 91  22 25225982","S.T.Road, Chembur West, Mumbai - 400089, Opp.Dena Bank"
"National Ladders","+ 91  22 26798568","Shop No 3, Plot No 56, S V Road, Andheri West, Mumbai - 400058, Amboli Naka"
"National Carrier (Closed Down)","","Office No 1, Andrulai Sadan,, S N Road, Sion, Mumbai - 400022"
"National Heat Pumps Pvt Ltd","+ 91  22 25792580","Unit No 17, Shiv Krupa Industrial Estate, Lbs Marg, Vikhroli West, Mumbai - 400083, Opposite Raj Legacy"
"National Dairy","+ 91  22 28350354","Gala No. 8, Prem Industrial Estate, Subhash Road, Jogeshwari East, Mumbai - 400060, Subhash Nagar"
"National Aluminium & Glass","+ 91  9987247021","Rizvi Chamber Shop No 3, Hill Road, Bandra West, Mumbai - 400050, Near Shivsena Office"
"National Rubber Udyog","+ 91  22 26860481","101, 1st Floor, Sant Bhavan, Walbhat Road, Goregaon East, Mumbai - 400063, Sharma Estate"
"National Cleaners","+ 91  22 26322677","Shop No B/4, Mangal Orchid, Yari Road, Yari Road-Versova, Mumbai - 400061, Next To Bank Of India, Opposite D Mart"
"National Dairy","+ 91  9819954546","Matoshri Building, M G Road, Goregaon West, Mumbai - 400062, Opposite Shabari Hotel"
"National Textile","+ 91  22 24111923","Shop No 29, Dr Ambedkar Road, Dadar East, Mumbai - 400014, Hindmata Cloth Market"
"National Institute Of Immunoha...","+ 91  22 24138518","Indian Council Of Medical Research, 13th Floor, New Multistoryed Building, Parel, Mumbai - 400012, Kem Hospital Campus"
"National Jewellers","+ 91  22 21632649","Shop No 5, Yugant Building, L T Road, Mulund East, Mumbai - 400081, Station Road"
"National Tours & Travel","+ 91  22 29650818","Sarvodaya Shejar Samiti, Kandivali East, Mumbai - 400101, Hanuman Nagar, Near Pal School"
"National insurance","+ 91  22 27642225","Shop No. 7, Manas CHS, Sector-6, Airoli, Navi Mumbai - 400708, Near Bank of Baroda"
"The National Consumer Co.Op.So...","+ 91  22 23005815","T.N.Medical College, Dr. A.L. Nair Road, Mumbai Central, Mumbai - 400008"
"National Safety Council","+ 91  22 24953351","48, Tardeo A C Market5th Floor Tardeo,, Mumbai Central, Mumbai - 400008"
"National Starch & Chemical","","Plot 1/1, Thane Belapur Road, Thane East, Thane - 400603, Koparkhairane"
"National Oil & Soap Centre","+ 91  9833897201","Shop no 233, Maulana Azad Road, Do Taki, Mumbai - 400008, Near Honda Service Centre"
"Nocil LTD Thane ( Plant)","+ 91  22 27672735","C/37 T T C Industrial Area, Turbhe, Navi Mumbai - 400705, Pawane Village, Off Thane Belapur Road"
"National Electronics Corporation","","11 5 Madan Mansion, Shamrao Vithal Marg, Lamington Road, Mumbai - 400004"
"National Ceramics","+ 91  9821465086","285/289, Duncan Road, Masjid, Mumbai - 400003, Near Two Tank Police Station"
"National Goods Carrier","+ 91  22 23413521","22, Narayan Dhuru Street, Masjid, Mumbai - 400003, Pydhonie Police Station"
"National Radio Corporation","+ 91  22 23441036","77 E, Lehri Building, Mohammad Ali Road, Masjid, Mumbai - 400003, Opposite Bhaji Pala Lane Post Office"
"National Dyechem Industries","+ 91  22 22413588","265, 1st Floor, Kalbadevi Road, Kalbadevi, Mumbai - 400002, Opposite Hotel Adarsh"
"Shree National Umbrella Mart","+ 91  22 22050393","Shop No.12, B/13, Anand Bhavan, 17, Babu Genu Road, Princess Street,, Princess Street, Mumbai - 400002, New Hanuman Lane"
"National Travels","+ 91  22 23442623","F Block 11/12, Sitaram Building, Palton Road, Fort, Mumbai - 400001, Opposite Haj House"
"National Institute Of Fire Eng...","+ 91  9821090027","Plot-6 Hill View, Gesshira Vane Sector No 1 JUI Nagar, New Bombay, Thane - 400706, Near Gati Cargo"
"National Dairy Farm","+ 91  22 28930199","Shop No.4 , New Aashiana Co-Operative Housing Society, IC Colony-Borivali West, Mumbai - 400103"
"National Hindu Restaurant","+ 91  22 22615159","18, Vakils House, J N, Shiv Sagar Ram Gulam Marg & Heredia Marg, Ballard Estate, Mumbai - 400001"
"National Cricket Club","","Plot No 9, M G Road, Churchgate, Mumbai - 400020, Cross Maidan, Behind Fashion Street"
"National Travels","+ 91  22 25337267","Shop No 9 Shiv Sankalp, Naupada-thane West, Thane - 400602, Vishnu Nagar Sambhaji Path"
"National Trading Corporation","+ 91  22 27837583","Plot No 21, Turbhe, Navi Mumbai - 400705, Janta Market, Sector 23"
"National Service Centre","","Pedder Road, Warden Road, Mumbai - 400026"
"National Tools & Hardware Agency","+ 91  22 23112350","109, Abdul Rehman Street, Pydhonie, Mumbai - 400003"
"National Co Op Bank Ltd","+ 91  22 22870202","3rd Flr Janmabhoomi Bhavan, Janmabhoomi Marg, Fort, Mumbai - 400001"
"National Dish Antenna Services","+ 91  22 25352169","Darul Sanah Colony Building No 2 Shop No 678, Mumbra, Thane - 400612, Mumbra Kausa"
"National Hardware","+ 91  22 22880440","18/22, Aziz Mansion, S B S Road, Colaba, Mumbai - 400005, Near Kailash Prabhat Hotel"
"National Insurance Company Ltd","","Faten Ali Road, Dombivli East, Thane - 421201"
"National Travels","+ 91  8652536279","Shop No.1, Old Pune Highway, Opposite Panvel S T Depot, Panvel, Navi Mumbai - 410206, Near Subhas Punjab Hotel"
"National Academy","+ 91  250 6554942","Office No 220,Building No 2, B Wing, Bhaskar Commercial Complex, Virar West, Thane - 401303, Adjacent To Platform No 8"
"Naip Education Pvt","+ 91  9167047041","256, Second Floor, Satra Plaza, Vashi, Navi Mumbai - 400703, Sector No 19d"
"National Institute Of Bank Man...","+ 91  22 23534782","Darya Mhl,, ,L Jagmohandas Marg,, Malabar Hill, Mumbai - 400006"
"National Institute Of Hospital...","+ 91  7738358007","Office Number 501, Saint Angelo Towers, Thane West, Thane - 400601, Opposite Thane Bus Stand"
"NATIONAL CHEMIST","+ 91  250 2461480","Shop No 1-A, Dewan Enclave, Evershine City Road, Vasai East, Thane - 401208, Behind Holly Family School"
"National Thermal & Aquistics","+ 91  22 26663904","2 Rohit Apt 82, Kalina Village Road, Santacruz East, Mumbai - 400029, Kalina"
"National Steel","+ 91  22 26500360","Shop No 3, UP Compound, LBS Marg, Kurla West, Mumbai - 400070, Near Kurla Depot"
"National Electronic","+ 91  8383948224","Shop-14/C , Twinkle Appartment, Milat road Road, Andheri West, Mumbai - 400053, Near- Infinity mall"
"National Furniture Works","+ 91  22 24465937","Dadar West, Mumbai, Ranade Road, Dadar West, Mumbai - 400028"
"National Association Of Fisherman","+ 91  22 26362333","Padam Kishan, Andheri West, Mumbai - 400061, Near Versova Church, Shiv Galli"
"National Institute Of Management","","Mumbai Central, Mumbai - 400008"
"National Plastic","+ 91  22 23464119","122,Dhabu Street, Masjid, Mumbai - 400003"
"National Textile","+ 91  9860672819","Shop No.5,Guru Prasad Bldg, Veer Sawrkar Nagar, Vasai Road West, Thane - 401202, Anand Nagar"
"National Chemical Laboratory","+ 91  2114 336451","Dr Homi Bhabha Road, Pune - 410506"
"National Tours & Travels","+ 91  22 28197937","Shop 4 Hari Krupa bldg, Cabin Road, Bhayandar East, Thane - 401105"
"National Cable & Internet","+ 91  22 25352169","Shop 6, 7, 8, Darulealah Building 2, Mumbra, Thane - 400612, Near Darul Qula Masjid, Opposite Kismat Colony"
"Nba.com","","Mumbai"
"National Hindu Restaurant","+ 91  22 26664719","9, Agarwal Building, Kalina, Mumbai - 400098, Opposite Reliance Energy"
"National Residency","+ 91  22 28508525","Andheri Kurla Road, Andheri East, Mumbai - 400059, Marol Sag Baug Near Municipal School Behind Mahesh Lunch Home Saki Naka"
"National Publication","+ 91  22 25149918","Anil Appt, Ghatkopar West, Mumbai - 400084"
"National Finance","+ 91  9821963009","Pratap Nagar Chs, Poonam Nagar, Andheri East, Mumbai - 400093, Near Lallu Singh Thakur Chawl"
"National Medical & General Store","+ 91  22 27589969","Building No 12, Shop No 04, Sangharsh Nagar, Chandivali-Andheri East, Mumbai - 400072, Near D-Mart, Mhada"
