"Name","Phone","Address"

"G S Cycle Store","+ 91  9643225436","Shop no:, Railway Station, Amritsar - 143001, Cycle Market"
"GURU NANAK CYCLE STORE","+ 91  9814675819","Amritsar, Punjab, Railway Road, Amritsar - 143001, Near Billa auto mobile"
"Janta Cycle Store","+ 91  9779119100","Amritsar Gpo, Amritsar, Railway Road, Amritsar - 143001"
"JYOTI HOMOEOPATHIC STORE","+ 91  9888861579","GT road, Amritsar Kutchery, Amritsar - 143001, opp raiway station ner taxi stand"
"MANGAL SAIN AND SONS","+ 91  9814609986","RAILWAY ROAD, Amritsar - 143001, Near foot bridge"
"BRIGHT BEAUTY AND DISEASE CARE...","+ 91  8054611760","Albert road, Rani Ka Bagh, Amritsar - 143001, Rani ka bagh"
"HARDYAL SINGH AND SONS","+ 91  9592319522","Court Road, Amritsar - 143001, near shimla printing press"
"JASWANT AUTOGAS AND ELECTRIC W...","+ 91  9417656037","104, Cooper road, Amritsar - 143001, near railway station"
"Vikki Cloth Store","+ 91  9646465844","Railway Link Road, Amritsar - 143001, Near Railway Station"
"Raja And Co","+ 91  9872658499","Hall Bazar, Amritsar - 143001"
"Raja And Co.","+ 91  183 2508399","299 Xiii-3, Queens Road, Amritsar - 143001"
"Naresh general store","+ 91  183 2227902","shop Number- 22/6, G T Road, Amritsar - 143001, opposite Railway Station"
"Punjab Motor Stores","+ 91  9417649021","out side Hall Gate, Amritsar - 143001, near adjoining petrol pump"
"Sangeeta Store","+ 91  183 2220769","Amritsar, Punjab, Queens Road, Amritsar - 143001"
"Friends REFRIGENRATION and con...","+ 91  9803157086","9, Queens road, Amritsar - 143001, Opp hotel victoria"
"R S Motor Store","+ 91  9988656201","Pultighar, Amritsar, G T Road, Amritsar - 143001"
"Robin gernal& provision store","+ 91  9023334700","queens road, Amritsar - 143001, opp obc bank"
"Calcutta Hardware Stores","+ 91  9878851511","Pultighar, Amritsar, G T Road, Amritsar - 143001"
"Freelook Exclusive Brand Stores","+ 91  183 2401579","1,The Mall, Amritsar - 143001, Novelty Chowk"
"Shakti Motors Stores","+ 91  7696536367","Amritsar - 143001, Goal Bagh"
"sai saloon and botique","+ 91  183 3240003","Shop No 379, mm malvia road, Lawrence Road, Amritsar - 143001, nr company bagh"
"Joginder Motor Store","+ 91  9780000932","Pink Plaza Market, Amritsar, Court Road, Amritsar - 143001"
"Dhawan Tyer Store","+ 91  183 2556181","Opp.petrol Pump Goal Bagh, Amritsar - 143001, goal"
"MALHOTRA RUBBER STORE","+ 91  183 2554414","COURT ROAD, Amritsar - 143001, SANJAY GANDHI MARKET"
"khurana karyana store","+ 91  9780899830","shop no. 1, golden avenue, Amritsar - 143001, near mapple salon"
"Khanna Cloth Store","+ 91  183 2551504","Main Road, Amritsar - 143001, Near Chowk Goal Hatti"
"Bansal Store","+ 91  183 2533858","Amritsar - 143001, Ram Bagh Bazar"
"Chawla Electrical Store","+ 91  183 2584225","0/S, New Octroi, Tt Road, Amritsar - 143001"
"R L Sunil Kumar And Co","+ 91  183 2589133","2,, Banke Bihari Market, Cash Dhara Bazar, Partap Nagar,, Amritsar - 143001"
"Nishan Agro And Milkfood","+ 91  9872378006","Amritsar - 143001, Near Holy Heart Public School, Ranjit Vihar"
"Lajpat Medical Store","+ 91  7508756770","Shop no. 3, Indra colony,majitha road, Amritsar - 143001, Gulmohar avenue"
"Kangan Designer Jewellery Store","+ 91  183 5099700","Lawrence Road, Amritsar - 143001, Opposite Bansal Sweets"
"Mahajan medical store","+ 91  183 2222292","Bijli pehalwan mandir, Lawrence Road, Amritsar - 143001, Near bbk dav college"
"MUKAL SANITARY STORe","+ 91  9417233442","sHop no. 4, Anand avenue, Amritsar - 143001, Near Maqbool chownk"
"Amritsar College Of Engineerin...","+ 91  183 5069532","12 Km. Stone, G.t.road, Amritsar - 143001, Amritsar - Jalandhar"
"GMC Heart Care And Multispecia...","+ 91  9814941055","Polytechnic Road Purani Chungi, G.t. Road, Amritsar - 143001, Nr University"
"Punjab And Sindh Bank","+ 91  183 5057541","Lawrence Road, Amritsar - 143001, Civil Lines"
"R. K. Surgical And Scientific","+ 91  183 5052253","69, Katra Sher Singh, Katra Sher Singh, Amritsar - 143006, Near Kumar Market"
"BKE And I Girls High School","+ 91  183 2532301","Chaurasi Attari, Lohgarh Gate, Amritsar - 143001, Near Allahabad Bank"
"only store","+ 91  183 6600513","sh no 20 21, near trillium, Amritsar - 143001, near circular road"
"Woodland store","+ 91  9888715075","Sh no 20, 21 1st floor B wing, A wing trillium mall , circullar road, Amritsar - 143001, Trillium mall"
"Inch 5 store","+ 91  8872051105","Sh no 9 first floor b wing, Trilium mall, Amritsar - 143001"
"Cheap General Stores","+ 91  183 3240094","Pultighar, main bazar, Amritsar - 143002, Inside bazar"
"Khanna And Company","+ 91  183 2542940","Na, Main bazar, Hall Bazar, Amritsar - 143002, gole Hatti Chowk"
"Arogya Panchkarma Centre And C...","+ 91  7508333196","Shop no 33,, Amritsar - 143002, Tarn Taran Road, Opp. Bolaria Park,"
"Zodiac Store","+ 91  183 6451042","Alpha One Mall, Shop No. Gf 22, Main Gt Road, Amritsar - 143001, Mbm Farms, Sultan Wind Sub Urban"
"Red Tape Shoe Store","+ 91  183 2210524","Mall Rd, Amritsar - 143001"
"Karan Kheti Store","+ 91  9888250057","Railway Road, Rayya, Amritsar - 143112, Near Bus Stand"
"Punjab And Sindh Bank","+ 91  183 256060","Mehta Chowk, Amritsar - 143114, Village Mehta Chowktehsil Baba Bakaladistt Amritsar"
"Sony Store","+ 91  9814050406","Lawrence Road, Amritsar - 143001"
"Preet Photo Store","+ 91  183 5026108","Sco, 84,First Floor City Centre, G T Road, Amritsar - 143002"
"Bombay Motors Store","+ 91  9888808194","Bypass Majitha Road, Amritsar - 143001"
"Khalsa Sanitary Store","+ 91  9872741025","Khemkarn Road, Singhpur Market, Bhikhiwind, Amritsar - 143303"
"MAHA LAXMI AMUL STORE","+ 91  8727911170","A- Block market, On road side, Ranjit Avenue, Amritsar - 143001, Near parvati devi hospital"
"Prince Moulding Store","+ 91  9803489541","Amritsar - 143001, Cheel Mandi, Mahan Singh Gate"
"Gulati General Store","+ 91  7087937272","Hall Bazar, Amritsar - 143001"
"Vir Radio Comapny And Vir TV C...","+ 91  183 2556284","143, Lawrence Road, Amritsar - 143001, Chowk Phuullan Wala, Vijay Kandari, Near Hindu College, katra Bhai Sant Singh"
"Shri Harivansh Dyes And Chemicals","+ 91  183 2551026","4,, Krishna Market,, Amritsar - 143002"
"Delhi Cycle Store","+ 91  183 2225230","shop no 37, Railway Road, Amritsar - 143002, cyle market"
"Bharat Radios And Electric Com...","+ 91  9814120345","Amritsar - 143002"
"Gulshan Departmental Store","+ 91  183 2423446","F C Road,, Amritsar - 143001"
"Shri Guru Arjun DEV Ji Sanitar...","+ 91  1853 242693","Near Purana Adda, Butala, Amritsar - 143203"
"Gulati General Store","+ 91  183 2549798","1st Floor, Hall Bazar, Amritsar - 143001, Opposite Sanyo Showroom, Near Mahajan Kulfi Wala, Hall Bazar"
"Red Tape Exclusive Store","+ 91  183 2580212","27A, First Floor, Alpha One Mall, Main G T Road, Amritsar - 143006, Mbm Farms, Sultan Wind"
"Jasvir And Sons Engineering Works","+ 91  9815121828","23, Sudarshan Nagar, 100 Feet Road, Amritsar - 143002, Near Hanuman Temple"
"Kuts And Curlz","+ 91  183 6510008","Shop no-21, 1st Floor,B Block, New Amritsar, Amritsar - 143002"
"Arrow exclusive store","+ 91  183 5064511","Amritsar - 143104"
"Vodafone Mini Store","+ 91  9825098250","Amritsar - 143002"
"Blackberrys Store","+ 91  9878942061","C/O Kapsons Fashion Pvt Ltd, 48, Mall Road, Amritsar - 143001"
"Yellow Light Store","+ 91  183 2221133","117-A The Mall, Amritsar - 143001, Inside Dr Om Parkash Eye Institute"
"Star Health And Allied Insuran...","+ 91  9878667200","Sco.25(Ff), District Shoppingcomplex, Ranjit Avenue, Amritsar - 143001"
"Punjab And Sindh Bank","+ 91  183 5020101","G T Road, Amritsar - 143001, Adjoining Sohalhotel"
"Punjab And Sindh Bank","+ 91  183 5025501","Golden Temple, Amritsar - 143006, Clock Tower"
"Woodland store","+ 91  9463353219","Sh no 1&2, Celebration mall, Amritsar - 143001, Batala road"
"Puma store","+ 91  9779548903","Sh no 13 a wing first floor, Trilium mall, Amritsar - 143001"
"Allen solly store","+ 91  9988784462","Sh no 5,6 a wing first floor, Trilium mall, Amritsar - 143001"
"Rado switzerland store","+ 91  8054030200","Sh no 24 a wing, Trillium mall, Amritsar - 143001"
"Chawla Cloth Store","+ 91  9888669262","Opp. D.a.v. College, Lawrence Road, Amritsar - 143001"
"Red Tape Exclusive Store","+ 91  183 5012111","Shop Number- 4, 5, 6, 7, Ground Floor, G T Road, Amritsar - 143002, Opposite Khalsa College"
"Radhe Radhe Traditional Rasoi ...","+ 91  183 5050703","Rs Tower Hall Bazaar, Amritsar - 143002, Opposite Hotel Ramada"
"Bata Shoe Store","+ 91  183 2552215","40/11, Amritsar - 143002, Hall Bzr"
"Everest And Sant Engineers Pri...","+ 91  1859 2711005","Village Muradpura, Fatehgarh Churian Road, Fatehbad (Tarn Taran), Amritsar - 143407"
"Vodafone Mini Store","+ 91  9888102337","Chowk Ram Talayi Chowk, Golden Avenue, Amritsar - 143001, Near Mapple Saloon"
"Gurdial Singh And Sons","+ 91  183 2555419","Amritsar - 143002, Chowk Gol Hatti ,Hall Bazar"
"Ashok Mahajan And Sons","+ 91  9417508901","Shop No-4, Amritsar - 143006, Near Post Office, Opposite Union Bank Chowk Phawara"
"National Builders And Developers","+ 91  183 2226000","Amritsar - 143001"
"Sood And Co","+ 91  183 2400811","G.T Road, Amritsar - 143001, Opp.railway station"
"PRINCE DRY CLEANER AND DRY","+ 91  9780267697","SHOP NO 1, main bazar, Amritsar - 143001, SHIVALA COLONY"
"Subhash VEG Rest And Fast Food","+ 91  183 6537393","A 5 A Blk Mkt, Amritsar - 143001"
"PLAY STATION STORE","+ 91  9988434847","Shah Complex, Ground Floor, Katra Sher Singh, Amritsar - 143006, Near DAV College"
"TRILOK CHAND AND SONS","+ 91  183 2558565","Hall bazar, Hall Bazar, Amritsar - 143001, Near yes bank"
"CHAND STORE","+ 91  183 2556977","Near State bank of india, Amritsar - 143001, Chowk Farid"
"KUMAR HARDWARE MILLS STORE","+ 91  183 2543330","113, Hall bazar, Hall Bazar, Amritsar - 143001, Near ramada hotel"
"Swami Stores","+ 91  183 2543906","near Katra Kanhian shop na 48, Chowk Amrit Cinema, Amritsar - 143001, amrit cinema"
"Mahajan Ports & General Stores","+ 91  183 2544242","Chowk Bijli Hall Bazar, Amritsar, O/S Hall Gate, Amritsar - 143001, Opp Kairon Market"
"Rattan stores","+ 91  9815980767","Hall bazar, Hall Bazar, Amritsar - 143001, Near R S TOWER"
"NEW MAHAJAN STORE","+ 91  183 5052000","Main bazar, Katra Jaimal Singh, Amritsar - 143001, opposite Aryasamaj School,"
"Gokal Chand And Company","+ 91  183 5091217","Lawrence Road, Amritsar - 143001"
"SHANU REFRIGENRATIONS AND AC","+ 91  9855270542","Shop no 3, Hussainpura road, Amritsar - 143001, Near shivala phatak"
"SHARMA DEPARTMENTAL STORE","+ 91  183 2220908","MAIN BAZAAR, LAWERENCE Road, Amritsar - 143001, NEAR GANPATI TOWER"
"SHELKA STORE","+ 91  183 2547030","125, Amritsar - 143001, Near Bus Stand IDH market"
"new india lubricants and company","+ 91  9501617807","Shop no. 2745-1, Mahan singh gate, Amritsar - 143001, near bus stand"
"Dr Komal Skin And Cosmetology ...","+ 91  183 2500900","129 Puda Colony, Amritsar - 143001, Near Anand Avenue"
"Alankar D And S Palace","+ 91  183 2547197","Guru Bazar, Amritsar - 143006"
"Wimple departmental store","+ 91  8872785869","Shop no 51, A block ranjit avenue, Amritsar - 143001, Near parvati devi hospital"
"Chatha Iron Store","+ 91  183 2582545","A-93, Amritsar - 143001, Outside Ghee Mandi,Adjoining Gt Rd"
"Ahluwalia And Associates","+ 91  183 2213149","16 A, Rose Avenue, Amritsar - 143001, Opp Income Tax Office"
"Arora Store","+ 91  183 2551728","Amritsar - 143001"
"Dhillon Builders And Land Deve...","+ 91  183 5026847","85 Gf Nehru Shopp Cmplx, Lawrence Road, Amritsar - 143001"
"Narang Bakery And Departmental...","+ 91  183 2452344","G.t. Road, Amritsar - 143001, Nr Khandwala"
"Ample Departmental Store","+ 91  9914421105","Srp Mall 14, Mall Rd, Amritsar - 143001"
"Anand College Of Nursing And C...","+ 91  183 2101050","Batala Road, Amritsar - 143001"
"Mufti Exclusive Store","+ 91  183 5018097","M.m. Malviya Rod, Amritsar - 143001, Nr Ctc Mall"
"Orthopaedic Research Centre An...","+ 91  183 6534262","16 Doctors Ave, Amritsar - 143001"
"Sujan Singh And Sons","+ 91  9988772663","Pratap Bazar, Pratap Gali,Gali Nikasha, Amritsar - 143001, Nr Golden temple"
"Gumber Eye And Dental Care Centre","+ 91  183 6050020","Gt Road, Near Ganga Building, Amritsar - 143001, Putlighar"
"Guru Kirpa Departmental Store","+ 91  183 2546712","Church Manna Singhn Main Bazar, Amritsar - 143001"
"Ratnaklar Store","+ 91  183 2548939","74, Nai Sarak, Amritsar - 143001"
"Punjab And Sindh Bank","+ 91  183 5025506","Amritsar - 143001, Guru Harkrishan Public School, Basant Avenue"
"Prabhat Hosiery Store","+ 91  183 2542520","Batti Hattan Market,, Amritsar - 143001"
"Punjab And Sindh Bank","+ 91  183 5057539","Amritsar - 143001, Sultanwind Road"
"Gupta Print Store","+ 91  183 2226927","Shop Number- 817, Cementry Road, Amritsar - 143001, Putlighar Chowk, Main Bazar"
"Narendra Departmental Stores","+ 91  183 2272091","Main Road,, Amritsar - 143001"
"Sahib Timber Store & Interiors","+ 91  9876332163","cheel mandi, main market, Amritsar - 143001, near jagatjyot school"
"Arora Electric store","+ 91  9815788535","144, Opp bus stand, Amritsar - 143001, City centre"
"Sony Store","+ 91  183 2562542","Amritsar - 143002"
"Hari om store","+ 91  8968683263","hari, main street, Model Town, Amritsar - 143002, near mata mandir"
"Delhi auto works and service c...","+ 91  8146994022","Near guru gangasar marg, Main bazar, Amritsar - 143002, Main chownk"
"Car Shingar store","+ 91  183 2565500","shop no 9, queeens road, Amritsar - 143001, near Alexandra school"
"shines garments","+ 91  183 2226940","Shop No 29, Queens Road, Lawrence Road, Amritsar - 143001, nr. country in and suits"
"Manjinder Motor Store","+ 91  183 2543180","GOAL BAGH, Amritsar - 143001, PORIAN WALA PULL"
"Gupta sanitary store","+ 91  9915385005","main bazaar, kot atma singh, Amritsar - 143001, Nearbus stand"
"Brightway Store","+ 91  183 2559531","Amritsar - 143001, Near Ramda Hotel, Opposite Karon Market, Hall Bazar"
"Jwala jeans store","+ 91  183 5003344","Shop no 21, malviya road, Lawrence Road, Amritsar - 143001, opp company bagh"
"Spykar Store","+ 91  8054163738","Mall road, Lawrence Road, Amritsar - 143001, Opp. ritz plaza"
"Kamal Raj Karyna Store","+ 91  183 6548121","Amritsar Gpo, Amritsar, Court Road, Amritsar - 143001"
"Baldev Karyana Store","+ 91  183 2547391","Katra Jaimal Singh, Amritsar - 143006, Ram Bagh Chowk"
"SUPREME STORE","+ 91  9915595428","Kata sher singh, Amritsar - 143001, Opp.subash juice bar"
"Jabong HYBRID store","+ 91  7837074014","ShoP NO 53, main bazar, Hall Bazar, Amritsar - 143001, Near Mahajan KulfI"
"dr mohan lal sharma and sons","+ 91  183 2291700","shop no 11, hall bazar road, Amritsar - 143001, hall bazar"
"Lawrence Computers And Stationers","+ 91  9888840306","Nehru Shopping Cmplx, Lawrence Road, Amritsar - 143001"
"NATIONAL OPTICAL CENTRE AND WA...","+ 91  9356801516","235/4, Golden Temple road, Hall Bazar, Amritsar - 143001, Opp Ahuja lab"
"Bata Shoe Store","+ 91  9478223080","No.3-4, Dilawari Market, Lawrence Road, Amritsar - 143001"
"Shree Guru Nanak Hardware Store","+ 91  183 2530491","Katra Sher Singh, Amritsar - 143006, Main Chowk"
"P K International Pharmaceutic...","+ 91  9988345747","Katra Sher Singh, Amritsar - 143006, Medicine Market"
"Behl Medical & Surgical Store","+ 91  183 5004813","Shop Number- 6, Gali Dai Wali, Katra Sher Singh, Amritsar - 143006, Guru Ram Dass Market"
"Ganesh Iron Store","+ 91  183 2542108","Old Mewa Mandi, Mewa Mandi, Amritsar - 143001, Near Fish Market And Inside Hall Gate"
"JAWALA JI TOUR AND TRAVELS","+ 91  183 2546730","Shop No-5, MAIN ROAD, Hathi Gate, Amritsar - 143001, NEAR DURGIANA MANDIR"
"Goyal Hardware Store","+ 91  183 2546673","Amritsar Road, Katra Sher Singh, Amritsar - 143006, Near Khera College"
"bajaj store","+ 91  9876746600","Main bazar, Lawrence road, Lawrence Road, Amritsar - 143001, opp.dominos"
"billa Hardware Paints And Sani...","+ 91  9419157942","main RoaD, Amritsar - 143001, gt road"
"Super Shopper Departmental Store","+ 91  183 2507274","A-4, Amritsar - 143001, Court Road Chowk, Near Bikaner Sweets, New Market"
"amritsar Hardware Store","+ 91  183 2545216","shop No 94, Ram bag, Amritsar - 143001, near goll hathi chownk"
"Hari Om Store","+ 91  183 2221687","Lawrence Road, Amritsar - 143001, Near Arya Smaj Mandir"
"Lotto Shoe Store","+ 91  183 5064481","Shop no 27 A, Lawrence Rd, Amritsar - 143001, Near ccd"
"Dr Shakeens Eye And Dental Hos...","+ 91  183 2500026","391, Kacheri Rd, Green Avenue, Amritsar - 143001"
"Amritsar Sanitary And Hardw...","+ 91  9988877782","Guru Nanak Colony, Sultanwind Road, Amritsar - 143001, Near Gobind Nagar Gate Opposite Allahabad Bank"
"Rain Drop Marketing And Events","+ 91  8558835302","Plot Number 6 Pratap Avenue, 1, Amritsar - 143001, Opposite Alpha 1"
"R K S Daily Needs Store","+ 91  9888103612","635 Lane Number 8 Greenfield, 27 Feet Road Majitha Road, Amritsar - 143001, Near Sarpal Gym"
"Shwetas Waves Hair Beauty S...","+ 91  183 5007772","Navrang Collage Building Shakti Nagar, Amritsar - 143006, Near. Kali Mata Mandir"
"Currents Technology Retail Ind...","+ 91  183 5096005","Shop No-15, Groud Floor, Alpha One Mall, Main G T Road, Amritsar - 143001"
"Airtel Store","+ 91  9815012345","1, Court Road, Amritsar - 143001, Kacheri Chowk"
"Vodafone Store","111","Kharsa No-1028, Lawrence Road, Amritsar - 143001, Urban Circle No-10,Nr Lawrence Hotel"
"Avtar Singh And Company","+ 91  9915567645","74, Near Golden Temple, Amritsar - 143002, City Amritsar"
"Suncity Amusement And Water Parks","+ 91  9417223216","Batala Road, Amritsar - 143001"
"Airtel Store - KHK Mart","+ 91  183 5005353","Main Chownk Maqboolpura, Mehta Road, Amritsar - 143001, Opp Elevated road"
"Lifestyle Store Pvt Ltd","+ 91  183 6600100","Plot No-C-4, Trilium Mall, Circular Road, Amritsar - 143001, Opposite Basant Avenue"
"Amritsar College Of Engineerin...","+ 91  183 5069536","G.t. Road, Amritsar - 143001"
"samsung store","+ 91  9872595866","cementry road, putlighar, Amritsar - 143001"
"Harbhajan Tailors And Draper","+ 91  8591772212","Shop no-378, Madan Mohan Malviya Road,Lawerrence Road, Amritsar - 143002, Opp Company bagh"
"Nike Store","+ 91  183 5070957","Shop No 24 23, 1st Floor, Trilium Mall, Wing A, Amritsar - 143001"
"Reliance Mobile Store","+ 91  9317888880","Shop No. 90, First Floor, Lawrence Road, Amritsar - 143001, Inside Nehru Shopping Complex,Opposite Novelty Sweets"
"anil store","+ 91  9779548726","57 pink plaza, opp hall gate, Pink Plaza Market, Amritsar - 143001, nr subhash juice bar"
"RELIANCE DIGITAL STORE","+ 91  9779856452","Hall bazar, Amritsar - 143001, near sardar pagri house"
"Best Price Modern Wholesale Store","+ 91  9646006991","75/26 - 75/14, Gt Jalandhar Highway Road, Amritsar - 143001, Aipl , Ambuja Dream City, Village Manawala"
"Nike Store","+ 91  183 5093200","Alfa One, Shop No Ff-38, 1st Floor, Mbm Farms, Sultan Wind G T Road, Amritsar - 143006"
"State Bank Of Bikaner And Jaipur","+ 91  183 2566102","6, Lawrence Road, Amritsar - 143001"
"Sony Exclusive Stores","18001037799","29, Queen Road, Amritsar - 143001"
"Samsung store","+ 91  9650335183","maqbool road, Amritsar - 143001, near chungi"
"Tommy Hilfiger Store","+ 91  183 5034409","Shop no 9 G.F, G T Road, Amritsar - 143001, Alpha one mall"
"Dr Badri Nath And Sons","+ 91  183 2401575","Cooper Road CRISTAL CHOWNK, Amritsar - 143001, Opposite Sgtb Hospital"
"agarwal packers and movers","+ 91  9824986473","ratan singh road, Basant Avenue, Amritsar - 143001, Radcliffe School"
"Mask fashion store","+ 91  183 5052400","Shop no 23,first floor, alpha one mall, Amritsar - 143002, gt road"
"Inderpuri Foods And Guest House","+ 91  183 2224513","Number 196 Ameena Bazar, Cooper Road, Amritsar - 143001, Near Bhandari Pull"
"The Mobile Store","","8, G R Complex, Queen Road, Amritsar - 143001, Near Popular Bakery"
"Jack and jones","+ 91  183 5030498","Shop no 1&2 ground floor, G T Rd, Amritsar - 143001, alpha one mall"
"dhir General store","+ 91  8427452625","shop no :4, Main bazar, Amritsar Bus Stand, Amritsar - 143001, Near Bus stand"
"Woodland Store","+ 91  183 5067707","Shop Number 4a, Lawrance Road, Amritsar - 143001, Opposite Pizza Hut"
"Mac Store","+ 91  183 6611921","C/O Shoppers Stop, Alpha One Mall, G t Road, Amritsar - 143001, Near Ista Hotel"
"Good Luck Courier and Cargo So...","+ 91  183 2531369","shop no-9,gali jarau.Gampati market, Katra Ahluwalia,Amritsar, Amritsar - 143002, Nr Raghunath mandir"
"A M cement store","+ 91  9810914930","shop 10, gate bhagtanwala, Amritsar - 143002, near railway station"
"Cholamandalam Investment and F...","+ 91  183 3220799","Sco 85, City Centre, G.T Road, Amritsar - 143001, Adjoining Sangam Cinema,"
"Chawlas veg and non veg","+ 91  183 2582640","Main road, SULTANWIND ROAD, Sultant Wind Gate, Amritsar - 143006, NEAR BIJLI GHAR"
"Puma Store","+ 91  183 5034412","Shop No. 26, G T Rd, Amritsar - 143001, Alpha one mall"
"Reebok Store","+ 91  183 5092000","3 A,, Lawrence Road,, Lawrence Road, Amritsar - 143001"
"Reliance jewels","+ 91  183 2400250","Shop No-1 & 2, Upper Ground Floor, Srk Mall, Plot No-14, Mall Road, Amritsar - 143001, Near Passport Office"
"Nautica store","+ 91  183 6600507","Sh no 15,16 a wing, Trilium mall, Amritsar - 143001"
"Calvin Klein Jeans Exclusive S...","+ 91  8558812040","48 B, Mall Road, AMRITSAR - 143002, Opposite Khurana Jewellers"
"Biba Store","+ 91  183 5031761","Shop Number- 11, Ground Floor, Alpha One Mall, G T Road, Amritsar - 143001"
"Lotto Shoe Store","+ 91  183 2558844","Hall Bazar, Amritsar, Main Road, Amritsar - 143001, Near National Watch Company"
"skechers store","+ 91  9780063418","shop no. 24-25, Amritsar - 143001, near trillum mall"
"Lilliput Store","+ 91  183 5070405","Atrium Grd Flr, Celebration Mall, Batala Rd, Amritsar"
"CKD INSTITUTE OF MANAGEMENT AN...","+ 91  183 2560148","G t road, G t road, Amritsar - 143001, Opp. Model town"
"Rohit Sanitary StorE","+ 91  183 2551782","NA, main road, Amritsar - 143001, Near subash nagar"
"Nike Store","+ 91  183 5060111","Shop No 27 F.F,Nehru Shopping Complex, Lawrence Road, Lawrence Road, Amritsar - 143001, Near Ritu Wear"
"Thapars store","+ 91  9888499773","Shop no 7, Lawrence road, Lawrence Road, Amritsar - 143001, Near dav public school"
"Modern X Ray And Diagnostic Ce...","+ 91  183 2272165","shop n0-25, street no-2, Hukum Singh Road, Amritsar - 143001, Near Ricky Hotel"
"Lilliput Store","+ 91  183 5011406","Plot No 4 Khasra No 1208, Lower Grd Flr, Lawrence Road, Amritsar - 143001"
"Woodland store","+ 91  9216734734","Batala road, Amritsar - 143001, Celebration mall"
"Vodafone Mini Store","+ 91  9780379700","Shop No. 7, 4S Complex, Batala Road, Vijay Nagar, Amritsar - 143001, Opposite Randhawa International Hotel"
"Sanjay Provision & Departmenta...","+ 91  183 5050005","Scf 27-28, Ranjit Avenue, Amritsar - 143001, C-Block Market, Below Royal Arms"
"Clarks store","+ 91  183 6600353","Shop No 7, 8, A Wing, Trilium mall, Amritsar - 143001, Near rattan singh chowk"
"Bata store","+ 91  8054718365","Sh no 15,16,17, Trillium mall, Amritsar - 143001"
"Jockey Exclusive Store","+ 91  183 5008531","Shop No- 21, First Floor, 91 - 9814714056, Amritsar - 143001, B Wing, Trilium Mall , Medical Enclave"
"GANT READY MADE STORE","+ 91  183 6600505","shop no 17,18, Amritsar - 143001, inside trillium mall"
"Gumber Eye And Dental Care Centre","+ 91  183 2565600","G T Road, Putligarh, Amritsar - 143002, Near Ganga Building"
"Blackberrys Store","+ 91  183 5070001","Lower Ground, Aventura Mall, Amritsar - 143001"
"BEING HUMAN STORE","+ 91  183 5062889","shop no.35 Ground floor, Amritsar - 143001, Alpha one mall"
"Louis Philippe Exclusive Store","+ 91  183 5034470","Shop # 35/B Aventure Mall ,#36/13 Tung Bala Urban, Abadi Mall Rd, Sector 17c, Amritsar - 160017"
"SS Agriculture Store","+ 91  9815597936","Rayya, Amritsar - 143112"
"Hobibs Unisex Hair And Beau...","+ 91  9876360089","17/10, Kennedy Avenue, Amritsar - 143001, Near Customs Chowk"
"B Gurmukh Singh & Sons","+ 91  183 2545454","Hall Bazar, Amritsar - 143001"
"The Secret Day Spa & Salon ...","+ 91  9814216646","Scf 41 B Block Market New Amritsar, Amritsar - 143001, Upstairs Bank Of Baroda"
"Namita astrologer and marri...","+ 91  7508878910","Shop no 67 A, Kennedy avenue, Amritsar - 143002, Near advance lab"
"Shape And Size","+ 91  9888010901","Main Bazar, Majitha Road, Amritsar - 143001, Opposite Power Colony"
"Gopalsons Dyers And Dry Cle...","+ 91  183 2566114","Crystal Chowk, M M Malviya Road, Amritsar - 143001, Near Harsha Petrol Pump"
"Modern Cuts Hair And Beauty...","+ 91  183 5061212","Number 63 Dayanand Nagar, Lawrence Road, Amritsar - 143001, Near Bansal Sweets"
"Deevya Ayurveda And Panchka...","+ 91  7307792522","Sco F7 Mata Kola Marg, Batala Road, Kashmir Avenue, Amritsar - 143001, Near Celebration Mall"
"Orient Exchange And Financi...","+ 91  183 2402950","Shop No 74,Lower Ground Floor, Railway Link Road, Amritsar - 143001, Near Liberty Market"
"Safe And Fast Logistics Pac...","+ 91  9356114504","116 New Azad Nagar, Amritsar - 143001"
"Life Link Ambulance And Hea...","+ 91  9888877730","Amritsar - 143001, Near Fortis Hospital"
"Dhanvi Tour And Travels","+ 91  8146522944","Vikas Nagar Khandwala, Amritsar - 143001, Near S M High School"
"Ramesh Seed Store","+ 91  9779773163","Old Sabji Mandi, Hall Bazar, Amritsar - 143001, Opposite Hall Bazar"
"lawrence Computers And Stat...","+ 91  183 2403068","shop No 89, First Floor, nehru Shopping Complex, Lawrence Road, Amritsar - 143001, opposite Novelty Sweets"
"Arora Pg And Guest House","+ 91  8198821111","34-B East Mohan Nagar, 100 Feet Road, Amritsar - 143001, Near Hanuman Mandir"
"Delhi Chappal Store","+ 91  8284920111","Shop Number 9 New Ldh Market, Amritsar Bus Stand, Amritsar - 143001, Near Bus Stand"
"Gupta Pipe Store","+ 91  183 5066151","Mahan Singh Gate, Amritsar Bus Stand, Amritsar - 143001, Opposite Jagat Jyoti School"
"Ayurvedic Care And Cure","+ 91  9356025455","Clinic Number 560/10 Bazaar Katra Sufaid, Dhab, Amritsar - 143001, Hindu Sabha Senior Secondary School"
"Shiv Om Packers And Movers","+ 91  9780932838","565, Gail no. 2, East Mohan nagar, Amritsar - 143001, Near Pathaka market"
"Krishna Madhur Mishthan Bha...","+ 91  183 5067474","Main Batala Road, Amritsar - 143001, Near Navjot School"
"CACMS Center For Advanced C...","+ 91  8288040281","Sco Number 88, Ranjit Avenue, Amritsar - 143001, Near Oriental Bank Of Commerce"
"Dr Jasleens Skin And Laser ...","+ 91  183 2560451","451 A Guru Arjan Dev Nagar, Amritsar - 143001, Near Khalsa College"
"Walia motor store","+ 91  9814097997","shop no. 143 A, Truck stand, Amritsar - 143001, G.t. Road"
"Saini Paint Store","+ 91  183 2423736","Shop Number 1, Fatehgarh Churian Road, Amritsar - 143001, Near Nirankari Colony And Lifecare Hospital"
"Janhvi Packers And Movers","+ 91  9915141906","Plot Number 7, 100 Feet Road, Amritsar - 143001, Near State Bank Of Patiala"
"Kahlon Chicken & Meat Store","+ 91  9988764646","Shop Number 7, Loharka Road, Amritsar - 143001, Near State Bank Of India"
"NIFS INSTITUTE OF FIRE ENGI...","+ 91  9780034977","Sco 55 f, 2nd floor, City centre, gt road, Amritsar - 143002, Near webberz"
"New Life Rehabilitation And...","+ 91  9646780832","Village Chichowal, Nawanshahar Road Phillaur, Amritsar - 143002, Near Radha Swami Satsang Bhawan"
"Punjab Printing And Packing...","+ 91  9988880614","Amritsar - 143002"
"Gktc Building Material And ...","+ 91  7508311111","Shop Number 4 Circular Road,Near Anand Hospital Chattiwind Gate Transport Area Jahaj Garh, Amritsar - 143002, Near Bamrah Pump"
"Tata And Sarmansan Agriculture...","+ 91  9888012138","Jandiala Guru, Amritsar - 143115"
"Tata Docomo Brand Store","+ 91  183 6540221","Shop No-19, Deep Cplx, Court Rd, Amritsar - 143001, Opp Duaba Bajaj & Bank Of Punjab"
"Tata Docomo (Customer Care)","18602665555","Amritsar - 143001"
"Tata Photon (Customer Care)","1800266121","Amritsar - 143001"
"Tata Motors Finance Limited","18002090188","32, Central Mall, Second Floor Unit No 3, Mal Road, Amritsar - 143001"
"Tata Aia Life Insurance Compan...","+ 91  183 5018055","3rd Floor, Sco 25, Ranjit Avenue, Amritsar - 143001, Near Cafe Coffee Day"
"Tata-Indicom-Coco","+ 91  9216709960","Shop No 3936, Hemkunth Radiosc, Amristar, Amritsar - 143001, Hall Bazar"
"Tata Docomo Exclusive Store","+ 91  9033002275","Amritsar - 143002"
"Tata Indicom Exclusive Store","+ 91  183 6531605","Majitha Road, Medical Enclave, Amritsar - 143001"
"Tata Mutual Fund","+ 91  183 5011181","Ranjit Avenue, Amritsar - 143001, District Shopping Complex"
"Tata Teleservices Ltd","+ 91  183 5550002","Dsc Ranjit Avenue, Amritsar - 143001"
"Tata Docomo Brand Store","18602665555","Plot Number 332,Preet Tower,, G T Road, Putligarh, Amritsar - 143002, Near Honda Two Wheeler Showroom"
"TATA DOCOMO","+ 91  8699799406","19,deep complex, Court Road, Amritsar - 143001, Opp Doaba automobile"
"Tata AIG Life","+ 91  183 5018028","Amritsar - 143001, Ranjit Avenue"
"Tata Indicom","+ 91  9216709950","Hall Bazar, Amritsar - 143001"
"Tata Docomo Exclusive Store","+ 91  9033002272","Hall Bazar, Amritsar - 143001"
"Tata Fabrics","+ 91  183 2551523","Shastri Nagar, Amritsar - 143001, Shastri Market , Near Jammu & Kashmir Bank"
"Tata-Indicom-Coco","+ 91  9216709430","Shop No 19, Deep Complex, Court Road, Amiritsar, Amritsar - 143001, Oppostie Bank Of Punjab"
"Tata Machines & Services","+ 91  9855052400","180-A, Shivala Road, Amritsar Bus Stand, Amritsar - 143001, Gramin Bank"
"Tata Capital Financial Service...","18002096060","Sco No 114, Ground Floor, Ranjit Avenue, Amritsar - 143001, Dsc, Near Barista Cafe"
"Tata AIG","+ 91  9888233977","Amritsar - 143002"
"amrik agriculture store","+ 91  9811368022","Amritsar - 143001"
"Hind Iron Store","+ 91  183 2541425","hall bazar,, Amritsar - 143001, Old Mewa Mandi, Fish Market"
"Mahajan Agriculture Store","+ 91  183 2557832","Shop Number- 32-A, Amritsar - 143001, I/S Ram Bagh Bazar"
"Vicky Bartan Store","+ 91  9814911155","Shop No 630 Near Gori Shankar Mandir Bazar Lachmansar Chowk Mon, Amritsar - 143001"
"HARBHAJAN SINGH CHAWLA AND SON...","+ 91  9888468892","Shop no. 4, Putlighar market, Putlighar Bazaar, Amritsar - 143002, NEAR PIPLI SAHIB GURUDWARA"
"New Josan Kheti Store","+ 91  9888270830","Amritsar - 143001"
"Amrik Agriculture Store","+ 91  9888461165","Inside Sultanwind Gate, Amritsar - 143002"
"Eh 9 Stores","+ 91  7837390009","Shop No.2, G.T Road, Amritsar - 143001, Near PNB Bank"
"move and pick departmental store","+ 91  183 2507985","shop no. 87, ranjit avenue,c-block, Amritsar - 143002, near Eldorado Reataurant"
"Mahajan Anand And Associates","+ 91  9417269476","22/7, Albert Road, Opp. Canal Office, Amritsar, Punjab, Amritsar - 143001"
"Sunny and vicky karyana store","+ 91  9876587962","main bazaar, Gt Road, Amritsar - 143001, near main chowk"
"Aniket Shashi Property Dealer ...","+ 91  9815047913","Gali No 6, Main Bazar, Amritsar - 143001, Prem Nagar, Batala Road"
"Chhina Agriculture Store","+ 91  9780440100","Raja Sansi, Amritsar - 143101"
"Arora General Store","+ 91  9988809306","Shop no. 1, Guru nanak avenue, Amritsar - 143001, Ooposite Gurudwara"
"Kisan Agriculture Store","+ 91  9815128731","Majitha, Amritsar - 143601"
"Chogawan Hardware Store","+ 91  183 2542329","103, Chaudhary Plaza, Amritsar - 143001, Ghas Mandi, Near PNB Bank"
"Aman And Bao Karyana Store","+ 91  9417580560","1, Aman And Bao Karyana Store, Ajnala, Amritsar - 143102, Bankr Bihari Wali Gali"
"Shri Ram Tour And Travel","+ 91  9815432296","Adda Saran, Kandhala Jattan Shop, Amritsar - 143001"
"Laksh And Aksh Karyana Store","+ 91  9988084064","1, Laksh And Aksh Karyana Store, Ajnala, Amritsar - 143102, Sandhu Colony Batala Road"
"Hindustan Plywood Stores","+ 91  183 2271384","Batala Road,, Amritsar - 143001"
"Amritsar Education Society And...","+ 91  183 2507622","72 Sector 4 Amritsar, Amritsar - 143001"
"Amritsar Timber Store","+ 91  9872249191","Cheel Mandi, Amritsar - 143001"
"Anil Dog Trainer and Handler","+ 91  9815355680","House Number- 3/18, Amritsar - 143001, Near Dera Baba Ayodhya dass,offside Gilwali Gate"
"Guru Nanak Iron Store","+ 91  183 2584156","4 Field New Asr, Amritsar - 143001"
"Guru Ram Dass Timber Store","+ 91  9780920700","Near Bijli Ghar, Chowk Chheharta, Amritsar - 143001"
"Thind And Sons","+ 91  183 5090532","37, Kapoor Nagar, Amritsar - 143001, Gali No 2, Opp Petrol Pump, Sultanwind Road"
"Zaildar Tour And Travels","+ 91  9217500402","Sharma Taxi Stand, Amritsar - 143001, Near Railway Station"
"Kirti Bottle Store","+ 91  183 2544330","54,, New Misri Bazar Shastri Market ,Joshipura,, Amritsar - 143001, Near Post Office"
"Rajni Pushap And Party","+ 91  9463739399","62, St No 2, Amritsar - 143001, Shaheed Udham Singh Nagar"
"Subhash Builders And Architects","+ 91  183 2504326","Ranjit Avenue, Amritsar - 143001"
"Khan General Store & Reena Bea...","+ 91  9781140010","Wahla Bazar, Amritsar - 143001, Near Kanwal Jewellers, Ramdass"
"Abhi General store","+ 91  9653869493","Shop no :11, Amritsar - 143001, Sunder nagar"
"Dashmesh Kheti Store","+ 91  9872388512","Amritsar - 143001"
"Dhillon Medical Store","+ 91  183 2422640","Rathen Sigh Chowk, Amritsar - 143001"
"Harish Medical Store","+ 91  183 2534234","Shop Number 1540,, Amritsar - 143001, Katra Baghian, Near Mahajan Hall And Golden Temple"
"Rajesh Karyana Store","+ 91  9878576373","Amritsar - 143001, Ram Bagh Bazar"
"Shankar Paint & Hardware Store","+ 91  9988300573","Amritsar - 143001, Focal Point"
"BDS Solar And LED Lights","+ 91  9803272558","Khem Singh Saluja Market, Opp Baba Deep Singh Colony, Amritsar - 143001"
"Agarwal H/W Store","+ 91  9888336689","Queens Road, Amritsar - 143001"
"Sharma Kariyana Store","+ 91  9988316616","Amritsar - 143001, Ram Bagh Bazar"
"Guru Ram DAS Kheti Store","+ 91  9914048580","Amritsar - 143001"
"Brothers Kheti Store","+ 91  9465670008","Amritsar - 143001"
"Sharma Tour And Travels","+ 91  9876293129","Vpo Raja Sansi, Amritsar - 143001"
"Surinder Timber Store","+ 91  9814852123","Shop No 4500, Near Samrala Chowk, Amritsar - 143001, Shingar Theatre Road"
"New Punjab Hardware & Sant. Store","+ 91  183 2501036","A-14, Ranjit Avenue, Amritsar - 143001"
"Avtar Karyana Store","+ 91  183 2403075","Sole Prop Avtar Singh, Putligarh, Cementary Road, Main Bazar,, Amritsar - 143001"
"Manpreet Hardware Store","+ 91  183 2554459","Amritsar - 143001, Bazar Kathian"
"Vicky General Store","+ 91  9988193526","Shop No 1, Railway Road, Amritsar - 143001, Near Grp Thana"
"Kashmir Stationery & Paper Store","+ 91  183 2548088","24/7, Amritsar - 143001, City Centre, Near Guru Nanak Bhawan"
"Sharma Departmental Store","+ 91  9876858548","building no. LIG 687, housing board colony, Amritsar - 143001, c-blick,ranjit avenue"
"Sharma general store","+ 91  9780375001","Shop ko :45, Amritsar - 143001, Hussainpura,bus stand"
"Shiva Store","+ 91  183 5006985","Azadnagar, Amritsar - 143001"
"Palwinder Auto Tour And Travels","+ 91  8146029344","100 Ft Road, Gokul Ka Bagh, Amritsar - 143001, Near Daimond Palace"
"TEJ Store","+ 91  9814398611","Amritsar - 143001"
"Milan Paint Store","+ 91  9855299833","Amritsar - 143001, Nr. Gagan Cinema"
"Ghansham Bartan Store","+ 91  9876282798","Varpal Pind, Taran Tarn Road, Amritsar - 143001, Near Water Tank"
"Mohinder Pal And Sons","+ 91  9501018989","Idh Market, Amritsar - 143001"
"Mufti Exclusive Store","+ 91  183 6660102",""
"Swaran Singh And Sons","+ 91  9356003621","Focal Point, Amritsar - 143001"
"BHULLAR COMMUNICATION AND CYBE...","+ 91  9780882930","Plot no. 12-13, Batala Road, Amritsar - 143001, Near sikka gas service"
"Metro Shoes Store","+ 91  183 2702068",""
"Rai general store","+ 91  8054182580","Shop no : 55, Amritsar - 143001, Bus stand"
"Chawla Hardware & Plint Store","+ 91  9876092816","Airport Road, Amritsar - 143001, Opp Central Jail"
"Flying Machine Store","+ 91  9814574344",""
"Gagan Medical Store","+ 91  183 5091185","Model Town, Amritsar,, Amritsar - 143001"
"Anand Kheti Store","+ 91  9781311666","Amritsar - 143001"
"John Players Exclusive Store","+ 91  183 2402738",""
"Sai general store","+ 91  8557876794","Shop no :66, Opp bus stand, Amritsar - 143001, Bus stand"
"Chhabra General Store","+ 91  183 2530942","I D H Market,, Amritsar - 143001"
"Sonu And Monu","+ 91  9646098693",""
"Blackberrys Store","+ 91  183 5034431","Shop No-7, Ground Floor, G T Road, Amritsar - 143001, Alpha One Mall"
"D K Departmental Stores","+ 91  183 2421689","Majitha Road,, Amritsar - 143001"
"Kamal Tour And Travels","+ 91  9888297073",""
"BHATIA GENERAL STORE","+ 91  183 2292572","Shop no 161, new Clock Tower Market, Golden Temple, Amritsar - 143006, opp. Shani Mandir"
"Chamkor Ret And Bajari Supply","+ 91  9814308584","Chamrang Road, Mall Mandi Opp. Kanda, Amritsar - 143001"
"Sajan Tour And Travels","+ 91  9876392450",""
"waves hair and beauty saloon","+ 91  9217577177","waves, chownk shakti nagar, Chowk Darbar Sahib, Amritsar - 143006, near oriental bank of commerce"
"Dynamic Homoeopathic Store","+ 91  9814180233","Hussain Pura Chowk, Amritsar - 143001"
"Passi Kariyana Store","+ 91  9781038001",""
"Anand Cement STORE","+ 91  8872778896","bY pass road majitha, Majitha ROAD, Majitha, Amritsar - 143601, near Banquet Hall, Ganda Singh Wala"
"Manish Furnishers And Decorators","+ 91  9356132681","Shop No 5, Gali No2, Gopal Nagar, Amritsar - 143001, Majitha Road"
"Bal Khad Store","+ 91  9815179487",""
"Guru Nanak Furniture & Timber ...","+ 91  183 2765925","Chawinda Devi, Amritsar - 143504, Near Mandir Mata Da"
"Sanjit karyana store","+ 91  8146779482","Shop no :4, Near guru Nanak dairy, Amritsar - 143001, Tilak Nagar market"
"Raja Refrigeration And Air Con...","+ 91  8567038074","Tung PAI, Batala Road, Amritsar - 143001"
"China Property Delaer And Buil...","+ 91  9988070350","shoti link road 5km, Khairabad Road, Meera Kot, Amritsar - 143103, airport road,"
"Sukh Medical Store","+ 91  183 5542512","Batala Road-Amritsar Gpo, Amritsar - 143001"
"Venus Store","+ 91  183 6578503","No 8a, , Lawrence Road,, Amritsar - 143001"
"Bombay Motor Store","+ 91  183 2571783","Majitha Rd.,,"
"manpreet ciment store","+ 91  9592280023","Amritsar - 143001"
"Parkash Iron Store","+ 91  183 2700235",""
"Amritsar Clinic And Nursing","+ 91  183 2572848","Gurdwara Lane , , ,200*A ,Gali No.5, ,Gurdwara Lane ,Majitha Road ,Amritsar-,"
"Sandhu Khad Store","+ 91  9815165811","Amritsar - 143001"
"Rahul paint store","+ 91  8427377271",""
"Shri sai bike and electric centre","+ 91  9216583833","shop no 6, green plaza market, Amritsar - 143001, court road"
"Anand Harware Store","+ 91  183 2481146","Tarn Taran Road, Amritsar - 143001"
"balbir singh and company","",""
"Laxmi Silk Store","+ 91  183 2546541","Katra Ahluwalia, Amritsar - 143001, Near Lalan Wali Gali"
"Sukhpreet Kirana Store","+ 91  9465282562","Amritsar - 143001, Village Dehriwal"
"Best Tour And Travel","+ 91  183 5016848",""
"Baba Budha Kirana Store","+ 91  8825964065","Amritsar - 143001, Rangdas Bahar Ali Kothi"
"Mahajan Light And Tent House","+ 91  9855549271","Shop no. 2, Fatehgarh Churian Road, Amritsar - 143001, Aksha avunue"
"suriender and sons","+ 91  9911119236",""
"Docomo Store","+ 91  9216709233","Amritsar, Punjab, Court Road, Amritsar - 143001"
"Arora Store","+ 91  9779300163","T-7/2112, Gali Gulan Hussain, Inside Mahan Singh Gate, Amritsar - 143001"
"National Studio And Colour Lab","+ 91  9872308652",""
"Sardar motorcycle and scooter ...","+ 91  9876066279","53, Court Road, Amritsar - 143001, opp. Post office"
"Sunshine Tour And Travels","+ 91  9814380540","Amritsar - 143001, Choura Bazar, Jandiala Guru"
"Bhatia general store","+ 91  8054977101",""
"BABRA ELECTRIC AND AUTO PARTS","+ 91  9915839416","Shop no 53 court road, Court road, Amritsar - 143001, OPP Head post office"
"Bombay Cycle Store","+ 91  183 2211040","1-Rly Road, Amritsar - 143001"
"Aniket Bartan Store","+ 91  8427131244",""
"R K TOYS and Gift shops","+ 91  9814112665","Shop no 34, Liberty market, Amritsar - 143001, Opp CHINAR hotel"
"Guru Nanaj Steel & Tiles Store","+ 91  9876184957","G.T Road, Amritsar - 143001, Tangra"
"Gauri Shanker And Sons","+ 91  9464118266",""
"Satguru Karyana Store","+ 91  9988772707","263/10, New Jawahar Nagar, Amritsar - 143001, B/S Johar Wala Shivala, Batala Road"
"Dudhrai Khad Store","+ 91  9878600453","Amritsar - 143001"
"SURESH MOTOR CYCLE AND ACTIVA ...","+ 91  9417093086",""
"Bhola Towel Store","+ 91  183 2540571","Amritsar - 143001, Opposite Goyal Arts,Partap Bazar"
"Jeevan Tour And Travels","+ 91  9814378435","Gawal Enclave, Near Gurdwara Shahdeedan Sahib, Amritsar - 143001"
"RAJA DENTING AND PAINTING WORKS","+ 91  9115784363","Amritsar - 143001, OPP. GOL BAGHDAD"
"Shiva Crystal And Electric House","+ 91  183 5010779",""
"Bharat Store","+ 91  183 2540068","Opp-Amrit Takie, Amritsar - 143001, Katra Kanhiyan"
"Mahajan Cloth Store","+ 91  183 2210168",""
"Rinku Bhai Tour And Travels","+ 91  8968568553","Golden Temple, Jallianwala Bagh, Amritsar - 143001"
"Karan Jewellery & General Store","+ 91  9872624142","Shop No 14 15, Amritsar - 143001, New I D H Market Opp Bus Stop"
"POJA KARYANA STORE","+ 91  8054403366",""
"soni packers and movers","+ 91  9990904282","121 main road,, subash chowk, Amritsar - 143001, NEW RIALTO CINEMA"
"Sethi Bartan & Crockery Store","+ 91  9814019147","Shop Number-256, Amritsar - 143001, Chattiwind Gate, Anteryami Colony"
"BOMBAY CYCLE STORE","+ 91  9878941276","SHOP NO 1, RAILWAY ROAD, Amritsar - 143001, OPPOSITE RAILWAY STATION"
"Kuldeep Provision Store","+ 91  183 2586273","shop no. 159, Amritsar - 143001, Main Market, New Partap Nagar"
"Dogra Parcel Packer and Courie...","+ 91  9417997865",""
"Adarsh Medical Store","+ 91  183 2581912","S W Road, Amritsar,, Amritsar - 143001"
"Pardeep Karyanaa Store","+ 91  8054903443","Shop no. 18, Fatehgarh Churian Road, Amritsar - 143001, Near Church and petrol pump"
"All car accessaries fiting and...","+ 91  7837818931",""
"Basant Medicare Store","+ 91  183 5094298","Basant Avenue Road,, Amritsar - 143001"
"Khalsa Cement & Sainitary Store","+ 91  183 2421543","Amritsar - 143001, Bye Pass Chk, Majitha Road"
"Goyal Kapoor and Company","+ 91  9592296833",""
"Sainik Super Store","+ 91  183 2403450","Race Course Road,, Amritsar - 143001"
"Narinder General Store","+ 91  9888275731",""
"BOBBY CYCLE STORE","+ 91  9256206392",""
"Saggu Fridge And AC Repair Centre","+ 91  9814914517","Adda Guru Ka Bagh, Amritsar - 143001"
"M J Mechanical & Agriculture C...","+ 91  183 2491169",""
"NATIONAL AUTO MOBILE AND ENGIN...","+ 91  9815380601",""
"Mohali Packers And Movers Priv...","+ 91  9216111657","Shop No-3356 Near Reliance Fresh, Amritsar - 143001"
"Deep Battery And Invertors","+ 91  9888450132",""
"Cool Care Air Conditioning And...","+ 91  183 2211767",""
"Sg Tour And Travels","+ 91  9988942563","Hall Gate, Amritsar - 143001"
"Modren Store","+ 91  183 2541538",""
"Popular Kitchen Club And Egg S...","+ 91  9256066839",""
"Harman Book Store","+ 91  183 2570936","Majitha Road,, Amritsar - 143001"
"Manpreet Karyana Store","+ 91  9781310641",""
"SATGURU HARDWARE STORE","+ 91  9872988389",""
"Deep Light And Sound DJ System","+ 91  9592804078","Patti Road, Adda Diyal And Sahab Pur, Amritsar - 143001"
"Bubby Chappel Store","+ 91  183 2545282",""
"Modern store","+ 91  9465477270",""
"Tangi Sanitary & Electric Store","+ 91  9872408763","Amritsar - 143001, Vpo Tangra"
"Ashish general store","+ 91  9888140557",""
"Varun Ayurvedic Store","",""
"Janta Handloom Store","+ 91  183 6571718","Green Market, Near Mandir, Amritsar - 143001, Sultanwind Road"
"Taran Taran Cloth Store","+ 91  183 2556498",""
"Prince Radio And Electronics","+ 91  183 2291121","Ravi Dass Road, Hall Bazar, Gandhi Bazar, Amritsar - 143006"
"Gill Iron Store","+ 91  9814338108",""
"Sethi Insurance And Investmen...","+ 91  9872222551","497-C, Basant Avenue, Amritsar - 143001, Near PNB, Near Lawrence Road"
"Raj general store","+ 91  9646571363",""
"Raju Bakery & Departmental Store","+ 91  183 2564034","Pultighar, Amritsar, G T Road, Amritsar - 143001"
"Singh Steel Shuttering Store","+ 91  9464908113",""
"DEEP TAILOR AND DESIGN","+ 91  9872144281","shop no 1, SK Photo state wali gali, Amritsar - 143001, OPP esma showroom"
"Amrit General Store","+ 91  9815033400",""
"MAHAJAN GENERAL STORE","+ 91  9815687007","Shop no.5,basant nagar, KASHMIR AVENUE CHOWNK, Gopal Nagar, Amritsar - 143001, NEAR GOPAL MANDIR"
"Dashmesh Medical Store","+ 91  9814718142",""
"Blue City Township And Coloniz...","+ 91  183 6545156","Scf-18-I,, C-Block,, Amritsar - 143001, Ranjeet Avenue"
"Jolly Marbles & Sanitary Store","+ 91  183 2403434",""
"Ample Department Store","+ 91  183 5094260","105,Dsc Ranjit Avenue, Amritsar - 143001"
"Sarah karyana store","+ 91  9872493710",""
"PAL MEDICAL STORE","+ 91  9781380077","islamabad, Amritsar - 143001, near thana"
"Sukhmani Institute Of Manageme...","+ 91  183 5016849",""
"SACHDEVA CLOTH STORE","+ 91  9988708922","Main bazar, Gali no 2, Amritsar Bus Stand, AMRITSAR - 143001, chowk Baba Sahib"
"Aman karyana store","+ 91  9591912006",""
"Guru Nanak Hardware Stores","+ 91  8568048188","Amritsar Gpo, Amritsar, Baba Deep Singh Market, Amritsar - 143001"
"Harman general store","+ 91  8427277210","Shop no :5, Amritsar - 143001, Sarifpura"
"Bhajan Di Hatti And Embroiders","+ 91  183 5066284","Street No-2, Batala Road, Amritsar - 143001, Vijay Nagar, Opposite Police Chowki"
"Gandhi Bakery Store","+ 91  9915727664","Amritsar - 143001, Adda Amarkot, Valtoha Road"
"Tresmode store","+ 91  183 6600359","Sh no 28 A WING, I/s trilium mall, Amritsar - 143001, Near rattan singh chowk"
"Om Prakash Iron Store","+ 91  9855330178","Amritsar - 143001, Fish Mkt Hall Gate"
"Carlton store","+ 91  9814528743","Sh no 18 b wing, Trilium mall, Amritsar - 143001"
"Arora Electric Store","+ 91  183 2548306","168, Idh Mkt, Amritsar - 143001"
"DANISH DEPARTMENTAL & KARYANA ...","+ 91  183 2279877","Gali No-4, Batala Road, Vijay Nagar, Amritsar - 143001, Vijay Nagar"
"Peter England Stores","+ 91  9991520648","1, Jain Nagar,, Amritsar - 143001"
"CHAWLA KARYANA STORE","+ 91  7837066193","shop no 2709, main bazar, Amritsar - 143001, Near krishna nagar"
"Punjab Iron Store","+ 91  183 2547521","Old Fruit Mkt Hall Bazar, Amritsar - 143001"
"Indian Paint Store Modern Coat...","+ 91  183 2270840","Gali No-4-A, Vijay Nagar,, Batala Road, Amritsar - 143001, Opp. Honda Agency,"
"M. H. Rice & Agriculture Ind.","+ 91  9814132146","D-179, Mehta Road, Amritsar - 143001, New Focal Point"
"Indian Paint Store","+ 91  9653243549","Sh. No. 1, Vijay Nagar, Amritsar - 143001, Batala road"
"Ramesh Karyana Store","+ 91  9803893345","#72, Majitha road, Amritsar - 143001, Near Bye Pass Chownk"
"Radhika Glass & Plywood Store","+ 91  183 2545641","Katra Sher Singh, Amritsar - 143002, Near Regend Talkies"
"China Kahd Store","+ 91  9872598609","Amritsar - 143001"
"Yogesh botique cloth store","+ 91  7837802288","Bank avenue, Amritsar - 143001, B/s sacred heart school"
"Punjabi Jutti Store","+ 91  9417382575","Cooper Road, Amritsar - 143001"
"PARDUMAN SINGH AND SONS","+ 91  8146888374","GALI NO-6, vijay nagar . Batala road, Amritsar - 143001, Nr. Auto piston"
"Shri Krishna General Store","+ 91  9914315639","#92, Janta colony,ranjit avenue, Amritsar - 143001, Near shiv mandir"
"Arora Paint & Hardware Store","+ 91  183 5066490","Main 88 Feet Road,, near gora mkt, Amritsar Bus Stand, Amritsar - 143001, Near Majitha Road, Near Chowk Tungbala,"
"Rajat DJ Light And Musical Group","+ 91  9815324098","Nadala Road, Begowal, Amritsar - 143001, Near Avrest Walia"
"GAURAV MARBLE Store","+ 91  9876746642","NA, Batala Road, Amritsar - 143001, OPP PUNJAB & SIND BANK"
"New Singla Electric Store","+ 91  9815736985","363 ,, Railway Road ,Sunam, Amritsar,, Amritsar - 143001, Near Bus Stand"
"Rohit Sanitary Store","+ 91  9872851782","8 / XII-1, Kalyan Singh Rd, Amritsar - 143001, Near subash juice bar"
"Guru Nanak Combine And Tractor...","+ 91  9465990857","Amritsar - 143001"
"Vodafone mini store","+ 91  9988197859","majitha road, Amritsar - 143002, Opposite ENT Hospital"
"Gurmit Kheti Store","+ 91  9417388662","Amritsar - 143001"
"G S MEDICAL STORE","+ 91  9814459092","Dr.surta singh road, Amritsar - 143001, Opp.khalsa college"
"Ranjit medical store","+ 91  9646631966","Shop no :53, Amritsar - 143001, Sehaj enclave"
"Jan Aushadhi Generic Drug Store","18001808080","C/O Jbmm Civil Hospital, Amritsar - 143002"
"Sethi Karyana Store","+ 91  9814896600",""
"Mystic rose jobs and career","+ 91  9988501999","akash aveneu, Fatehgarh Churian Road, Amritsar - 143001"
"Chopra Cement Store","+ 91  183 2277230","Amritsar - 143001, Nr. Boi Batala Road"
"Sukhchain Kariyana Store","+ 91  9814499896","Pind Dairywal, Amritsar - 143001"
"B R Sanitary Store","+ 91  183 2580995","Main Road,, Amritsar - 143001"
"Mahajan general store","+ 91  9914950641","Main bazar, Amritsar - 143001, Sunder nagar"
"Kapil Karyana Store","+ 91  9988410836","Guru Nanak Nagar Main Bazar, Amritsar - 143001"
"B.Pritam Singh And Sons","+ 91  9815008800","Scf 24, D Block Market Amritsar, Amritsar - 143001"
"Pyara Singh And Sons","+ 91  9855049226","Gurunanak Pura Road, Kot Khalsa, Amritsar - 143001"
"Naresh Battery Store","+ 91  183 5095783","Amritsar - 143001, Toba Bhai Salo"
"S.K.Bopari Tour And Travels","+ 91  9216666676","Amritsar - 143001"
"Guru Nanak Khad Store","+ 91  9872329084","Amritsar - 143001"
"Raja Hardware Store","+ 91  183 2591920","Airport Road, Amritsar - 143001"
"Sehgal Sanitary & Cement Store","+ 91  9417028862","Amritsar - 143001, Gagan Colony, Batala Road"
"Amritsar provisional store","+ 91  9872618117","Shop no 297, Fatehgarh Churian Road, Amritsar - 143001, Near Akash avenue"
"Shubh Electronics And Telecom","+ 91  9888547239","Amritsar ,, Fc Road, Amritsar - 143001"
