"Name","Phone","Address"

"Gulati building material supplier","+ 91  9855751549",""
"Chach Taya","+ 91  9780790192",""
"Jay Pee Cement Store","+ 91  9592860010",""
"DIAMOND BRICK SUPPLIER","+ 91  9988109700",""
"Kalsi Cement Store","+ 91  183 256025",""
"Anand Cement STORE","+ 91  8872778896",""
"Ram Rattan & Sons","+ 91  183 2263033",""
"ACC AUTHORISED DEALER","+ 91  183 2564632",""
"Exports First Pakistani Cemen...","+ 91  183 5008943",""
"Sandhu Building Material","+ 91  9872799027",""
"Bhagwan DAS Ramesh Kumar","+ 91  183 2560525",""
"R.K. Building Material","+ 91  9646468644",""
"gupta Building Material","+ 91  9815342680",""
"K D Enterprises","+ 91  183 2589230",""
"Ganesh Iron Store","+ 91  183 2542108",""
"V.K Trading Co.","+ 91  183 2227402",""
"Vidhya Dhar & Sons","+ 91  183 2542084",""
"Dev Raj Ashok Kumar","+ 91  183 2523550",""
"Guru NANAK cement store","+ 91  9878141106",""
"Mahajan Sand Supplier","+ 91  183 2292671",""
"A.K & RAJU BUILDING MATERIAL","+ 91  9988201414",""
"New lord footwear","+ 91  9888863005",""
"Gokal Chand & Co","+ 91  183 2225674",""
"Nirmal Enterprises","+ 91  9988670068",""
"GS & sonS","+ 91  8558991708",""
"Ravindra Enterprises","+ 91  9888290398",""
"Arora Iron Store","+ 91  9814008155",""
"Arora cement store","+ 91  9023535555",""
"Zandu Building Material","+ 91  9464296758",""
"Sharda trader","+ 91  8146591465",""
"MOHINDER SINGH & CO","+ 91  9815858529",""
"Davinder pal singh & sons","+ 91  9653412770",""
"Guru Amar Dass Trading Company","+ 91  9888759600",""
"Chand Ciment store","+ 91  9855076857",""
"Ravinder enterprises","+ 91  9888290398",""
"Bharat traders","+ 91  9915047140",""
"D K Trading Co Pakistani Cemen...","+ 91  183 5008126",""
"WADALA CEMENT STORE","+ 91  8146283005",""
"Gosal Cement Store","+ 91  9855203619",""
"gupta building MATERIAL","+ 91  9888631958",""
"Ganesh iron store","+ 91  9216856510",""
"Guru nanak iron store","+ 91  9803060000",""
"JADISH CHANDRA MOHAN LAL","+ 91  9815833144",""
"SHIV SHANKER BUILDING MATERIAL","+ 91  183 2521474",""
"Dhillon Traders","+ 91  9872251884",""
"SHIV SHAKTI BUILDING MATERIAL","+ 91  9888601981",""
"APS Cement Store","+ 91  9814859095",""
"R . D traders","+ 91  9915101435",""
"davinder pal singh & sons","+ 91  183 5070985",""
"Dhan Dhan Baba Deep Singh Ji","+ 91  7508777877",""
"Paramjit enterprises","+ 91  9914300995",""
