"Name","Phone","Address"

"Chach Taya","+ 91  9780790192",""
"MOHINDER SINGH & CO","+ 91  9815858529",""
"Guru Nanak Cement And Shuttrin...","+ 91  9914113338",""
"GKTC BUILDING MATERIAL AND GUR...","+ 91  183 2525187",""
"Guru Amar Dass Trading Company","+ 91  9888759600",""
"Jay Pee Cement Store","+ 91  9592860010",""
"sandhu building material","+ 91  8872671961",""
"Davinder pal singh & sons","+ 91  9653412770",""
"Ganesh Trading Co","+ 91  9888199777",""
"Arora cement store","+ 91  9023535555",""
"WADALA CEMENT STORE","+ 91  8146283005",""
"GAGAN BUILDING MATERIAL","+ 91  9356049004",""
"kalesh chan sharma","+ 91  9815810364",""
"DIAMOND BRICK SUPPLIER","+ 91  9988109700",""
"Charanjit Singh & bro.","+ 91  9815267696",""
"Dhan Dhan Baba Deep Singh Ji","+ 91  7508777877",""
"Shri Labh Trading Co Hamirpuri","+ 91  183 2223430",""
"R . D traders","+ 91  9915101435",""
"D K Trading Co Pakistani Cemen...","+ 91  183 5008126",""
"Paramjit enterprises","+ 91  9914300995",""
"SHIV SHAKTI BUILDING MATERIAL","+ 91  9888601981",""
"Gosal Cement Store","+ 91  9855203619",""
"Anand Cement STORE","+ 91  8872778896",""
"SHIV SHANKER BUILDING MATERIAL","+ 91  183 2521474",""
"Gulati building material supplier","+ 91  9855751549",""
"GS & sonS","+ 91  8558991708",""
"Lucky Building Material","+ 91  8591938166",""
"Mal cement centre","+ 91  9878272827",""
"J K LIME FACTORY","+ 91  9814798770",""
"Arora Iron Store","+ 91  9814008155",""
"manpreet ciment store","+ 91  9592280023",""
"Satguru cement store","+ 91  9815318047",""
"Gokal Chand & Co","+ 91  183 2225674",""
"JADISH CHANDRA MOHAN LAL","+ 91  9815833144",""
"gupta Building Material","+ 91  9815342680",""
"Exports First Pakistani Cemen...","+ 91  183 5008943",""
"ARORA ENTERPRISES","+ 91  183 2553237",""
"Dev Raj Ashok Kumar","+ 91  183 2523550",""
"J S ARORA & CO.","+ 91  183 5061615",""
"R.K. Building Material","+ 91  9646468644",""
"Gktc Building Material And ...","+ 91  7508311111",""
"Raj Building Material","+ 91  9888285269",""
