"Name","Phone","Address"

"davinder pal singh & sons","+ 91  183 5070985",""
"Bharat traders","+ 91  9915047140",""
"GS & sonS","+ 91  8558991708",""
"Guru Nanak Cement And Shuttrin...","+ 91  9914113338",""
"SHIV SHAKTI BUILDING MATERIAL","+ 91  9888601981",""
"Dhan Dhan Baba Deep Singh Ji","+ 91  7508777877",""
"D K Trading Co Pakistani Cemen...","+ 91  183 5008126",""
"Jaypee Cement","+ 91  9872634232",""
"Satguru partap paint hardware ...","+ 91  9592009536",""
"Parvati Trading Co","+ 91  9872540448",""
"Gosal Cement Store","+ 91  9855203619",""
"Nirmal Enterprises","+ 91  9988670068",""
"J K LIME FACTORY","+ 91  9814798770",""
"GAGAN BUILDING MATERIAL","+ 91  9356049004",""
"Guru nanak iron store","+ 91  9803060000",""
"Exports First Pakistani Cemen...","+ 91  183 5008943",""
"Chand Ciment store","+ 91  9855076857",""
"Raj Building Material","+ 91  9888285269",""
"SHIV SHANKER BUILDING MATERIAL","+ 91  183 2521474",""
"Parmjit Singh & Co.","+ 91  183 5058732",""
"Nirlep singh and co","+ 91  183 2584123",""
"Jay Pee Cement Store","+ 91  9592860010",""
"A.K & RAJU BUILDING MATERIAL","+ 91  9988201414",""
"Satguru cement store","+ 91  9815318047",""
"R . D traders","+ 91  9915101435",""
