"Name","Phone","Address"

"SHIV SHANKER BUILDING MATERIAL","+ 91  183 2521474",""
"J S ARORA & CO.","+ 91  183 5061615",""
"Bhagwan DAS Ramesh Kumar","+ 91  183 2560525",""
"J K LIME FACTORY","+ 91  9814798770",""
"vinayak Traders","+ 91  183 5050101",""
"manpreet ciment store","+ 91  9592280023",""
"MOHINDER SINGH & CO","+ 91  9815858529",""
"Ravindra Enterprises","+ 91  9888290398",""
"Gurmeet Singh & co","+ 91  9356005098",""
"Ultratech","+ 91  183 5021397",""
"WADALA CEMENT STORE","+ 91  8146283005",""
"NARESH KUMAR HAMIRPURI","+ 91  183 2227572",""
"Dhan Dhan Baba Deep Singh Ji","+ 91  7508777877",""
"D K Trading Co Pakistani Cemen...","+ 91  183 5008126",""
"DIAMOND BRICK SUPPLIER","+ 91  9988109700",""
"Davinder pal singh & sons","+ 91  9653412770",""
"Gosal Cement Store","+ 91  9855203619",""
"gupta Building Material","+ 91  9815342680",""
"Satkartar Building Material","+ 91  9417146088",""
"davinder pal singh & sons","+ 91  183 5070985",""
"Exports First Pakistani Cemen...","+ 91  183 5008943",""
"Dev Raj Ashok Kumar","+ 91  183 2523550",""
"JADISH CHANDRA MOHAN LAL","+ 91  9815833144",""
"Shri banke behari infratech","+ 91  9888546242",""
"Naresh Kumar Hamirpuri","+ 91  8427241000",""
"SHIV SHAKTI BUILDING MATERIAL","+ 91  9888601981",""
"Mal cement centre","+ 91  9878272827",""
"GS & sonS","+ 91  8558991708",""
