"Name","Phone","Address"

"Shree Ganesh Plywood & Cons...","+ 91  9610962222","khasra no. 328, alwar byepass road, Bhiwadi - 301019, near hariram hospital"
"A M cement store","+ 91  9810914930",""
"Everest Cement Pipes","+ 91  44 22761145",""
"Datta Steel Mart","+ 91  233 2375842","18/2/A, Karnal Road, Sangli - 416416, Opposite Vasant Petrol Pump"
"Materials Boss Infratech Pv...","+ 91  591 2452299","Harthala , Kanth Road, Civil Lines, Moradabad - 244001, Near Harthala Railway Station"
"Simranjit Singh","+ 91  183 5021397",""
"Exports First Pakistani Cemen...","+ 91  183 5008943",""
"Naresh Kumar Hamirpuri","+ 91  8427241000","Putligarh, Amritsar - 143002, Opposite Railway Workshop. Near Oriental Bank Of Commerce"
"D K Trading Co Pakistani Cemen...","+ 91  183 5008126","G.T Road, Chheharta, Amritsar - 143105, Nr . SBI And Opp. HDFC Bank"
