"Name","Phone","Address"

"Aryan Suzuki","+ 91  80 30805682",""
"Om Samarth Automobiles And ...","+ 91  80 41488828",""
"Apple Auto Agency Pvt Ltd","+ 91  80 26698080",""
"Amba Bajaj","+ 91  80 42195491",""
"Anant Cars Auto Pvt Ltd","+ 91  80 30666555",""
"Sanjay Automobiles","+ 91  80 41249215",""
"Mahindra Retail Pvt Ltd","+ 91  80 42666314",""
"R N Shetty & Co","",""
"Wecool","+ 91  80 25363147",""
"Chawla Motors","+ 91  80 26708097",""
"Bimal Auto Agency","+ 91  80 30583383",""
"Um Cars","+ 91  80 41698001",""
"Swagath Motors","+ 91  9886766666",""
"Swasticks Automobiles","+ 91  80 42195051",""
"Ape Motors","+ 91  9243444723",""
"Maghaji Automobiles House","+ 91  80 41249765",""
"Amba Auto Sales & Service Pvt Ltd","+ 91  80 41100382",""
"Piaggio Vehicles Pvt Ltd","+ 91  80 25559068",""
"Srinivasa Automobiles","+ 91  80 22236736",""
"Shri Sai Automobiles","+ 91  80 65703710",""
"Smart automobile","+ 91  80 42177093",""
"Pagaria Car Automobiles","+ 91  80 26706642",""
"Mahalakshmi Automobiles","+ 91  80 25983431",""
"Zen Engineering Works","+ 91  9342215424",""
"Shri Gayathri Automobile","+ 91  80 42057311",""
"Benz Automobiles","+ 91  80 22244392",""
"Star Automobile","+ 91  80 41426403",""
"Sagar Automobiles","+ 91  80 41503900",""
"R K Automobiles","+ 91  80 41119350",""
"Reliance Auto Agency","+ 91  80 22114089",""
"Jindal Motors","+ 91  80 22233176",""
"Sri Venkateshwara Motors & Ser...","+ 91  80 27840850",""
"Moto ware Customizing Car","+ 91  80 41123233",""
"24/7 Motors","+ 91  9886719247",""
"Balaji Automobiles","+ 91  80 23645773",""
"Ambika Automobiles","+ 91  9739153308",""
"Friends Motors","+ 91  80 26764903",""
"Surya Automobiles","+ 91  80 22443217",""
"ROYAL AUTOMOBILEES","+ 91  9741774786",""
"Sudaram Motors","+ 91  80 41535444",""
"Durga Motors","+ 91  9845982063",""
"Trans Broad Ways","+ 91  80 22290213",""
"Arjun Motors","+ 91  80 41158525",""
"Prime Automobiles","+ 91  80 26706800",""
"Supreme Automobiles","+ 91  80 41659702",""
"Honda Motors","",""
"L V Automobiles","+ 91  80 23508974",""
"Man mandir automobile","+ 91  9448523198",""
"Mahaveer Automobiles","+ 91  80 41328796",""
"Sri Balaji Automobile And Lubr...","+ 91  80 22902154",""
"Laxmi Automobiles","+ 91  9448151842",""
"S B Motors","+ 91  9980755385",""
"SRI Maruthi Automobiles","+ 91  9480518787",""
"Rajalaxmi Automobiles","",""
"C V M Precision Products Pvt Ltd","+ 91  80 41157925",""
"Ganesh Motors","+ 91  9845208863",""
"MARVEL AUTOMOBILES","+ 91  80 65334555",""
"Standard Automobile Consultants","+ 91  9844078655",""
"Encee Audio","+ 91  9845291813",""
"Sawhey Agency","+ 91  80 42249430",""
"Pavithra Automobiles","+ 91  80 41249454",""
"Superwheel India","+ 91  80 22237122",""
"Matrix Kitchen Makers","+ 91  9448827925",""
"HIND MOTORS","+ 91  9342203507",""
"Shubham Automobiles","+ 91  80 41210833",""
"Canara Automotive Co Pvt Ltd","+ 91  80 22224163",""
"Shiv Shakti Agency","+ 91  80 41324860",""
"Baldev Motors","+ 91  80 22224594",""
"Devi Enterprises","+ 91  80 41143285",""
"Tatra Vectra Motors Ltd.","+ 91  8022207736",""
"Anees Auto Consultants","+ 91  9880350786",""
"Dars Automobiles Incorporation","+ 91  8041148338",""
"Auto Paradise","+ 91  80 26611390",""
"Shakthi Automobiles","+ 91  8553995541",""
"Mahalakshmi Automobiles","+ 91  80 25702330",""
"Aswani Associates","+ 91  80 51205461",""
"Gopi Auto Consultants","+ 91  80 25286355",""
"Ramdev Automobiles","+ 91  9036146219",""
"Golden Hills Shri Balaji Travels","+ 91  80 23420982",""
"Vck Automobiles","+ 91  80 26682366",""
"Mamtha Automobiles","+ 91  80 41202923",""
"EaziCar","+ 91  9916000785",""
"Rana Motors","",""
"Royal Auto Centre","+ 91  9019445587",""
"H.M Motor Works","+ 91  9945978282",""
"Varun Automobiles","+ 91  80 25560437",""
"PAM Automobiles","+ 91  80 23412958",""
"Triveni Auto Spares","",""
"Optimus Auto Care","+ 91  9739733661",""
"National Car AC works","+ 91  9945701774",""
"R K Auto Electricals Parts","+ 91  9916935249",""
"Jupitar Enterprises","+ 91  80 28374185",""
"Harish Automobiles","+ 91  9538979721",""
"Radha Krishna Automobiles","+ 91  8123565850",""
"Balaji Automobiles","+ 91  80 28374113",""
"K.H Motors","+ 91  9060177021",""
"SRI AMBIKA MOTORS AND AUTOMOBILES","+ 91  9343544367",""
"National Auto Consultants","+ 91  80 22902313",""
"Windstar Cars","+ 91  9845069000",""
"Abhishek Time Equipments","+ 91  80 22229628",""
"Indiawheels.Com","+ 91  9845319991",""
"Phoenix Auto Agency","+ 91  80 22227358",""
"Raj Chematics","+ 91  80 26520062",""
"Avinash Automobiles","+ 91  80 41140474",""
"Amarjyoth Motors","+ 91  80 22367147",""
"Arihanth Auto Centre","+ 91  80 41243394",""
"Planet Motors","+ 91  9343564936",""
"Gridconet Powerline Communicat...","+ 91  9845409528",""
"Karanataka Automobiles","+ 91  9486071007",""
"Hajeesons Automobiles","+ 91  80 22214445",""
"Meiban Engineering Technologie...","+ 91  9880671347",""
"Indian Automobiles","+ 91  80 41575244",""
"SS Enterprises","+ 91  9448543073",""
"N A Auto Engineering Works","+ 91  80 22294666",""
"J K Power Krafts Automobile","+ 91  8553315812",""
"Vikram Automobiles","+ 91  80 41327188",""
"Arham Auto Agency","+ 91  80 26700035",""
"Venus Auto Agencies","+ 91  80 41135518",""
"JSONS AUTO HOUSE","+ 91  80 41533650",""
"Sriganesh Autoprecision Engine...","+ 91  80 26702594",""
"City Automobiles","+ 91  80 26706619",""
"N S Automobiles","+ 91  80 26701786",""
"Motor Cycle Shringar","+ 91  80 41426206",""
"Sln Auto Traders","+ 91  80 26801264",""
"MotoCross","+ 91  80 41249813",""
"Aman Automobiles","+ 91  80 22270065",""
"Nethra Auto Consultants","",""
"Ganapathi Automobiles","+ 91  8041205774",""
"Qaswa Automobiles","+ 91  80 41234494",""
"Siddhi Vinayaka Distributors","+ 91  80 41243344",""
"Lunkar Automobiles","+ 91  80 41247674",""
"A.M Motors","+ 91  9900100787",""
"Vardhaman Automobiles","+ 91  80 22219499",""
"K P Automobiles","+ 91  80 41247915",""
"Ganga Automobiles","+ 91  8025309151",""
"Sushil Automobiles","+ 91  80 41323363",""
"Hi Tech Auto Distributors","+ 91  80 41243953",""
"Rithu Cars","+ 91  80 25922978",""
"Aman Sales Agency","+ 91  80 22226780",""
"GANGA AUTOMOBILES","+ 91  80 42048770",""
"C R Ananda Ram","+ 91  80 26573633",""
"A R Automobiles","+ 91  9945423291",""
"Sriee Enterprises","+ 91  80 28360421",""
"Drive Well Motors","+ 91  80 25720149",""
"Akbar Motor","+ 91  9902968244",""
"Indian Motor","+ 91  80 26560821",""
"Diamond Motor","+ 91  9945475880",""
"Arjun Motors","+ 91  80 22385522",""
"India Auto Mobile","+ 91  80 23997009",""
"SKS Automobiles","+ 91  9686670423",""
"Ecosphere Energy","+ 91  80 41204883",""
"Harini Enterprises","+ 91  80 23424600",""
"Mohsin Automobiles","+ 91  80 26707979",""
"H.S.G Motor Bikes Work","+ 91  9341781960",""
"Sri Nikhil Auto Parts","+ 91  9242486490",""
"Am Motor Zone","+ 91  9945809972",""
"D.R Motors","+ 91  80 26577767",""
"Weston Associates","+ 91  9886783990",""
"New Star Auto consultant","+ 91  9844053740",""
"Integrated Automobiles","+ 91  80 28384335",""
"Sri Manjunatha Two Wheelers","+ 91  9880964324",""
"A. Auto Mobile","+ 91  9886172339",""
"Mahesh Automobiles","+ 91  9945469945",""
"Sunil automobiles","+ 91  80 41611032",""
"Edwindas Automobile","+ 91  80 32985093",""
"Sri Aai Jee Spares","+ 91  9886994997",""
"L N Enterprieses","+ 91  8884208189",""
"Bridge Technologies","+ 91  9035904303",""
"N.B AUTO AGENCY","+ 91  9535017181",""
"Harish M Motor","+ 91  9844706247",""
"Genuine Motor Works","+ 91  80 31842952",""
"Shyam Sundar Automobiles","+ 91  9986036986",""
"Star Automobiles","+ 91  9902952409",""
"Arpit Motors","",""
"New Kine Care Centre","+ 91  9845578164",""
"Vijay Motors","+ 91  9341259756",""
"Friends Motors","+ 91  80 26614908",""
"United Business Pagesctro Tech...","+ 91  80 23548225",""
"S S D Automobile","+ 91  8147508152",""
"Hennur automobiles","+ 91  80 28925537",""
"Karnataka Tuff Triding","",""
"A.F Automobiles Super Motors","+ 91  9980640660",""
"A.K Old Motor Parts","+ 91  9845271807",""
"Indian Motors","+ 91  9886313615",""
"Janardhan Automobiles","+ 91  80 26728782",""
"Mahesh Automobiles","+ 91  9739072271",""
"Iqbal Bullet Garage","+ 91  9886486093",""
"Syed Automobiles","+ 91  9740197863",""
"Mahaveer Automobiles","+ 91  80 23230382",""
"Add In Car Accessories","+ 91  80 25986009",""
"Roop Automobiles","+ 91  80 25462895",""
"M Z Auto Consultant","+ 91  9916393949",""
"Oil Farm","+ 91  9740404594",""
"Eshwar Motors","+ 91  80 41177826",""
"Adhishakthi kemppamma auto parts","+ 91  8710097006",""
"Indian Electronics","+ 91  80 40946628",""
"Babu Bike zone","+ 91  9902105068",""
"V N Motors","+ 91  9448506216",""
"Emee Industries","+ 91  9448354622",""
"A.R Motors","+ 91  9845340105",""
"Unique Auto Spares","+ 91  80 41275551",""
"Shine Automobiles","+ 91  8951281116",""
"Am Auto Mobile","+ 91  9448879503",""
"ANS Motors","+ 91  9880977486",""
"sri sai Lakshmi Lubs & Space","+ 91  8553389945",""
"Karthikcarz","+ 91  9035520939",""
"Deviprasad Car Centre & Garage","+ 91  9341561277",""
"S J Scooter Works","",""
"Car & Trends","+ 91  9900904322",""
"Feeari Motors","+ 91  80 23538859",""
"AMBEY AUTO SPEARS","+ 91  9036956085",""
"MS Automobiles","+ 91  9886670482",""
"Raj automobiles","+ 91  80 42117312",""
"Exide Ne","+ 91  80 24127616",""
"H.K.G.N Motors","+ 91  9341045321",""
"Sultan Automobiles","+ 91  8197325379",""
"Sri Lakshmi Enterprises","+ 91  80 25467031",""
"Balaji Automobile & Helmets","+ 91  7204930498",""
"S K Automobile","",""
"Kiran Automobiles","+ 91  8023390680",""
"Hello Motors","+ 91  80 69596711",""
"Srinivasa Service Station","+ 91  80 22905282",""
"Saheb Automobiles","",""
"Bharath automobiles","+ 91  8722399488",""
"SARAVANA AUTO SPARE PARTS","+ 91  9448739657",""
"Kashi Enterprises","+ 91  9448243738",""
"AKS Motors","+ 91  80 25981421",""
"Rahul automobile","+ 91  7829543568",""
"Fortune Motors","+ 91  9845399983",""
"Guru M Motor","+ 91  9342232734",""
"Egale Groups","+ 91  9986848502",""
"Vinayaka Scientific Company","",""
"Bethel Exim","+ 91  80 25422122",""
"SUNIDHI AUTOMOBILES","+ 91  9845316575",""
"Bhavani Automobiles","+ 91  80 33644594",""
"PRIYA AUTOMOBILES","+ 91  9900693766",""
"Venkateshwar Auto Consultancy","+ 91  9980562484",""
"Vigneshwara Motors","+ 91  9845395243",""
"Bhavani Automobiles","+ 91  8892894008",""
"Shyam Auto Mobiles","+ 91  8105731271",""
"Gurudev traders","+ 91  9620838688",""
"Bhv Car Garage","+ 91  9900222281",""
"Amanath Motor Owners Co-Operet...","+ 91  80 28364335",""
"RAJENDRA AUTOMOBILES & SERVICE...","+ 91  7676930330",""
"Kavitha Automobiles","+ 91  8095165174",""
"SRI RENUKAMBA AUTOMOBILES","+ 91  9148142114",""
"Adya Marketing","+ 91  80 65973079",""
"Shiva Automobiles","+ 91  9483659694",""
"Sri veerabhadra swamy automobiles","+ 91  9980339134",""
"GNR AUTOMOBILES","+ 91  80 40934064",""
"G K Motors","+ 91  9901949108",""
"National Radiators","+ 91  9845378631",""
"Saravana Automobiles","+ 91  80 41172848",""
"SRI VENKATESHWARA AUTOMOBILES","+ 91  9916540820",""
"Durga Automobiles","+ 91  9141751454",""
"OPawan Automobiles","+ 91  9986756854",""
"Krishna Auto Mobiles","+ 91  9036987531",""
"Harini Motors","+ 91  80 41610109",""
"Sri Venkateshwra Automobile","+ 91  80 25927689",""
"Friend Motors","+ 91  9945877150",""
"Friends Motors","+ 91  9945607660",""
"G A AUTOMOBILES","+ 91  7899077911",""
"Surya Automobiles","+ 91  9036197078",""
"MATHAJI AUTO MOBILES","+ 91  9481420770",""
"Mahalakshmi Automobiles","+ 91  9901334070",""
"A.N.S Motors","+ 91  80 32915715",""
"Machadev automobiles","+ 91  8762308901",""
"Himaliya automobiles","+ 91  9060917901",""
"Sri Shyam Automobiles","+ 91  9066143453",""
"Classic Motors","+ 91  9343917386",""
"A.R Automobile","+ 91  9845271097",""
"India Motors","+ 91  80 54678678",""
"Yashasvi Cars","+ 91  9845432424",""
"NSP auto mobiles","+ 91  9945858709",""
"Chetan Fabrictors","+ 91  9902488186",""
"Thirumala Motors","+ 91  80 27841881",""
"Krishna Automobiles & Agencies","+ 91  9880781211",""
"ANR Automobiles","",""
"Manju Industries","",""
"Shivkumar (Fre Lancer)","+ 91  9880982237",""
"Pioneer Motors","",""
