"Name","Phone","Address"

"Android Motors Pvt Ltd","+ 91  80 22222263",""
"Eicher Motors","+ 91  80 33674013",""
"Eicher School Buses","+ 91  80 33092259",""
"PSN Automotive Marketing Pv...","+ 91  80 33511950",""
"Eicher Motors Ltd (Regional Of...","+ 91  80 49062699",""
"Sri Lakshmi Motor Service Pvt Ltd","+ 91  80 23574450",""
"SRS TRAVELS VIDYARANYAPURA","+ 91  80 42086694",""
"KHT Agencies Pvt Ltd","+ 91  80 41120222",""
"sri lakshmi motors","+ 91  80 23574452",""
"SML Isuzu","+ 91  80 39559981",""
"Ashok Leyland Ltd","+ 91  80 26671500",""
"Rajalakshmi Automobiles Pvt Ltd","+ 91  9480015205",""
"SML Isuzu Ltd","+ 91  80 26646969",""
"Sri Lakshmi Motors Service Pvt...","+ 91  80 27680808",""
"Lakshmi Narayan Truck Dealers","+ 91  9482359392",""
"Speed Governor And Eicher Seco...","+ 91  9980509008",""
"Harsha Wheel Movers Pvt Ltd","+ 91  80 28410179",""
"S K International Motors Pvt ltd","+ 91  80 22234433",""
"Suresh Travels","26547162",""
"Trans Broad Ways","+ 91  80 41508699",""
"Deepak S","+ 91  80 33082037",""
"Sri Lakshmi Motor Service Pvt Ltd","+ 91  8553610280",""
"abc","+ 91  9686607156",""
"Tvs Limited","+ 91  7022494843",""
