"Name","Phone","Address"

"Srushti Associates","+ 91  80 33792445",""
"Santhosh And Co","+ 91  80 33910984",""
"Saai Tqm Solutions","+ 91  80 33059921",""
"Amity Financial Advisory An...","+ 91  80 39558431",""
"Value Line HR Solutions","+ 91  80 33673942",""
"Vinayak Associates","+ 91  80 39827167",""
"DreamCity Management India ...","+ 91  80 33674505",""
"Thomas Cook India Ltd (Travel ...","+ 91  80 26644446",""
"Ernst & Young","+ 91  80 40275000",""
"Jones Lang Lasalle","+ 91  80 41182900",""
"Brillio","+ 91  80 40136100",""
"Art of Living HR","+ 91  80 67262602",""
"idea info solution","+ 91  80 40934137",""
"Invensis Technologies Pvt Ltd","+ 91  80 26572306",""
"People One Consulting Pvt. Ltd","+ 91  80 25506020",""
"Primus Global Technologies Pvt...","+ 91  8033466500",""
"Excutive Committee Member BJP","+ 91  9945037157",""
"Atelier Architects Pvt Ltd","+ 91  80 41320202",""
"Orange Business Services","+ 91  80 40208500",""
"Appsource Services Pvt Ltd","+ 91  80 41280490",""
"SacredTrees Advisors Pvt Ltd","+ 91  80 26480595",""
"Strada Architects & Consultant...","+ 91  80 42042190",""
"Tata Consulting Engineers Ltd","+ 91  80 66384300",""
"Centre Of Indian Trade Union","+ 91  80 22111239",""
"Centrum Direct Limited","+ 91  9686028575",""
"J R Associtates","+ 91  80 26716171",""
"Rites Ltd","+ 91  80 22280268",""
"Realbridge Consulting PVT.LTD","+ 91  80 41217608",""
"Syslog Technologies","+ 91  80 23110775",""
"RR Investor Capital Services P...","+ 91  80 42477177",""
"Schnabel DC Consultants India ...","+ 91  80 42471000",""
"Sharekhan Business Partner","+ 91  80 41657016",""
"Alliance Infrastructure Projec...","+ 91  80 41530593",""
"Login Infotech Pvt Ltd","+ 91  80 23563500",""
"Yo A To Z Solutions","+ 91  9164850440",""
"Checkmate Services PVT LTD","+ 91  9740060008",""
"Karvy Consultants Ltd","",""
"Invest In Nest","+ 91  9686755887",""
"Jain Consultancy","+ 91  80 23149752",""
"Wilbur Smith Associates India ...","+ 91  80 23543408",""
"Quinnox Consultancy Services Ltd.","+ 91  80 51255200",""
"Zenopsys IT Consulting-Outsour...","+ 91  80 42043594",""
"R & M Associates","+ 91  80 25502304",""
"SMS Software Pvt Ltd","+ 91  80 41201512",""
"Logos enterprises","+ 91  8495904067",""
"Cosmic Industrial Laboratories...","+ 91  80 28520541",""
"Dawn Consulting","+ 91  80 41142626",""
"Ethiraj Associates","+ 91  80 40805353",""
"Irclass Systems And Solutions ...","+ 91  80 22208659",""
"Reach Management Consultants P...","+ 91  80 23439970",""
"A 2 HR Consultants Pvt Ltd","+ 91  80 40433722",""
"Accord Consultants Pvt Ltd","+ 91  80 25254149",""
"Ravi pan card consultant","+ 91  8867479976",""
"Srinivasa .L Bjp President","+ 91  80 28468319",""
"Questnet","+ 91  80 42553666",""
"Zen Garden","+ 91  9986943281",""
"5 M Consultants","+ 91  80 26648860",""
"Retail Biz Pvt Ltd","+ 91  80 32982309",""
"Search Engine Consultants","+ 91  80 41539222",""
"Twb Building","+ 91  9901189163",""
"Stup Consultants Private Limited","+ 91  80 25298085",""
"Ravi pan card service","+ 91  9036325409",""
"Chola Turbo Machinery Internat...","+ 91  80 25585257",""
"Doddamani And Associates","+ 91  9008170170",""
"Shell Transource Pvt Ltd","",""
"Hijazi Architects & Consultants","+ 91  80 41132599",""
"AOC","+ 91  80 30231007",""
"Myriad","+ 91  80 ",""
"N S Consultancy","+ 91  9986982323",""
"Pani Associates","+ 91  9845074981",""
"Future Consultancy Services","+ 91  9611805323",""
"Sangam Finance Consultancy","+ 91  7899988766",""
"Aussie Migration & Visa Consul...","+ 91  9845031673",""
"Axis Bank Ltd","+ 91  80 27282345",""
"Pa Consulting Group","+ 91  80 25073243",""
"Blossom Consultants","+ 91  80 65833370",""
"Unique Technocrats","+ 91  80 28536302",""
"India International Infrastruc...","+ 91  80 25583188",""
"Matromonial Consultants","+ 91  9845215012",""
"Phoenix Event","+ 91  80 41684913",""
"Urja Investment Pvt Ltd","+ 91  80 26562339",""
"Silicon Study Center","+ 91  9916166657",""
"G C Marlecha & Co","+ 91  80 22264131",""
"D E Catlayst Consultancy","+ 91  80 22206224",""
"EXL Public Relations","+ 91  80 25550445",""
"OM Sri SMR Iyer Astrological C...","+ 91  80 56681823",""
"Astitva","+ 91  80 40129959",""
"ms srinath n company","+ 91  80 26619594",""
"Enterprise Five c","+ 91  80 41521800",""
"Netbusiness Solutions","+ 91  80 23327305",""
"Monotype India Ltd","",""
"Solara Infotech Pvt Ltd","+ 91  80 65744168",""
"Succeed Consultant Group","+ 91  9741718014",""
"Business & Industrial Consultants","+ 91  9448379300",""
"Glow Networks Private Limited","+ 91  80 26676797",""
"Kris Cooper Project Consultant...","+ 91  80 41643779",""
"Melborne Consulting","+ 91  80 23116316",""
"Sri Sai Groups","+ 91  80 23320358",""
"Cartel Infosystems PVT LTD","+ 91  80 26727959",""
"DAS Consultancy","+ 91  9448617929",""
"Impact Management Services","+ 91  80 26789790",""
"Talent Infotech Solutions","+ 91  9886161398",""
"Sunair Power Private Limited","+ 91  80 22256895",""
"Benaka Management Consultants","+ 91  80 23305974",""
"Mm Management Services","+ 91  80 56965325",""
"Zoom Pay India Pvt Ltd","+ 91  80 42127317",""
"Elite Services","+ 91  9743334575",""
"Chethan HR Services","+ 91  9341212650",""
"Sun Motors","",""
"International Manpower Resourc...","+ 91  11 41085108",""
"Great Scope Consultancy","+ 91  80 23537694",""
"Gopichand Rohra & Associates P...","+ 91  9844023685",""
"UL MSS India PVT LTD","+ 91  80 66616500",""
"Sri Mahalasa Consultants","+ 91  9591309279",""
"Sunrays Consulting","+ 91  80 26843782",""
"HARI Consultancy Services","+ 91  9886743456",""
"Kros Chek","+ 91  80 42150828",""
"Unity Services","+ 91  80 25422591",""
"RR Consultancy","",""
"Business Behaviour Management","+ 91  80 25431061",""
"SMR Builders P LTD","+ 91  9845041514",""
"Biscon","+ 91  80 65456336",""
"Stratburg Market Research & Co...","+ 91  80 42778000",""
"Strategium","",""
"Zuriel","+ 91  8050044611",""
"Total Solutions Group","+ 91  9341058517",""
"Alfara","+ 91  9742897555",""
"Engineering Resource Group","+ 91  80 25364338",""
"Paladion Network","+ 91  9845124318",""
"Spiritec Consultants Pvt Ltd","",""
"Manandi Enterprises","+ 91  80 22216127",""
"Shri Vasudeva Enterprises","",""
"Adnan Properties & Investment","+ 91  9986194824",""
"Brand Finance India Pvt Ltd","+ 91  80 25574735",""
"Maitre Business Solutions","+ 91  80 41692456",""
"Triple a Securities PVT LTD","+ 91  80 23567591",""
"Transition Systems Pvt Ltd","+ 91  80 40365400",""
"Kitchen Solutions","+ 91  9986028595",""
"Value Vision Consultants Priva...","+ 91  80 42043923",""
"Pioneer Business India Pvt Ltd","+ 91  80 23340272",""
"Curalea Management Consultant ...","+ 91  80 25295788",""
"Competency Development Services","+ 91  80 25359352",""
"Vertebrand Management Consulti...","+ 91  80 25210280",""
"Chelms Ford Estates","+ 91  80 41482885",""
"Innovature Technologies","+ 91  8903003000",""
"Java Inxs Technologies Pvt Ltd","+ 91  80 41608989",""
"RS Consultants","",""
"B P Lokesh","+ 91  80 23509465",""
"Shree Impex","+ 91  80 25635531",""
"M & B Associates","+ 91  80 23359125",""
"Trident Technologies","",""
"Joshis Aero Space","+ 91  80 26714984",""
"Global Career Solutions Pvt Ltd","+ 91  80 32419161",""
"Aspire Software Consultancy","+ 91  80 26780972",""
"Shreenatha Conveyancers","+ 91  9448426363",""
"Kiyaah Consultancy Services","+ 91  80 26581993",""
"B T Shetty & Co","+ 91  9845275804",""
"DR Joshi Clinic","+ 91  80 25479930",""
"Mohan V N","+ 91  80 23359443",""
"Bavales Software Solutions PVT...","+ 91  80 40969927",""
"C B Consultant Pvt Ltd","+ 91  80 23534205",""
"Satyam Rennaisance","+ 91  80 23460610",""
"Kalpathru Agriculture & Hortic...","+ 91  80 26729772",""
"Fly Abroad Consulting Pvt Ltd","+ 91  9342247134",""
"Proactive Trainers & Consultants","+ 91  80 23414286",""
"Gangappa Associates","+ 91  80 23513464",""
"4 S Tqm Solution","+ 91  80 65637033",""
"Legal Vaidya IPR Services","+ 91  80 41215781",""
"Questronix Engineers Chamarajpet","+ 91  80 32002526",""
"Sagittus Solutions Pvt Ltd","",""
"Akki Consulting","+ 91  9845055619",""
"Plus Point Consultancy","+ 91  80 65791949",""
"Archangels Consultancy Pvt Ltd","",""
"A to Z Services Pvt Ltd","+ 91  7829534777",""
"SAI Associates","+ 91  9742330825",""
"S N Joshi Consultants Pvt Ltd","+ 91  80 32004669",""
"Bilwa Consulting","+ 91  80 28605996",""
"Genius Consultant Services","",""
"Misha Network HR","+ 91  80 41735309",""
"Pegasus HRD Centre PVT LTD","+ 91  80 23623484",""
"Tscl Group","+ 91  9738655403",""
"Sri Raghavendra Biotechnologie...","+ 91  80 65652220",""
"Tarang Graphics","+ 91  80 65612432",""
"Vikas Consultancy Service","+ 91  80 41728046",""
"Anovaa Engineering Solutions P...","+ 91  9731387296",""
"V R Lakshman Associates","+ 91  80 23661430",""
"Birla Sun Life","",""
"R M V Consultancy","+ 91  80 28379599",""
"Nagaraj Management Services","",""
"Himalaya The Travel","+ 91  9916754001",""
"Sri Vinayaka Enterprises","+ 91  9845081037",""
"Supreme Freight Services","+ 91  80 28467037",""
"Sridhar G & Associates","+ 91  9141629603",""
"Rashavi Management Consultants","+ 91  9845695391",""
"Chethana Associates","+ 91  80 57657368",""
"Al-Fouzaan","+ 91  80 23354084",""
"A E C Infotech","+ 91  80 22746765",""
"Moca Strategic Management","+ 91  80 22215386",""
"Meghana Corporate PVT LTD","",""
"Miebach Consulting India Pvt Ltd","+ 91  80 25533676",""
"Intrad Consultants Pvt Ltd","+ 91  80 25221997",""
"Icons","+ 91  80 26723425",""
"Prosys Software","+ 91  9916296497",""
"Ayyappa Tours &Travels","+ 91  80 41279480",""
"Shri H M Mall","+ 91  80 51122336",""
"Renaissance Accounts & TAX Con...","+ 91  80 25741767",""
"Dakota Consulting Pvt Ltd","+ 91  80 22230496",""
"Mobitec Consultants I Pvt Ltd","+ 91  80 41179999",""
"Intell Soft Tech","+ 91  80 22219490",""
"Greenwich Property Consultants","+ 91  80 41131424",""
"Cybernet Information Services","+ 91  80 22236652",""
"Icube Systems Pvt Ltd","",""
"Realtor Bangalore","+ 91  9845022899",""
"Solanki Consultants","+ 91  80 22211256",""
"Red Maple Consult","",""
"Narayan & Co","+ 91  80 22424160",""
"Prism Associates","+ 91  80 41250087",""
"Southstar Data Consultants PVT...","+ 91  80 26670446",""
"Harish Free Lancer","+ 91  80 25719818",""
"Padmanabha &Co.","+ 91  9880710825",""
"Ssap Consultancy Services","+ 91  80 25352122",""
"Strategic Offshore Consulting ...","+ 91  9901060854",""
"Dolci Hospitaltiy Innovations","+ 91  80 41638532",""
"Upakarana Automation Solutions...","+ 91  8892341978",""
"Sowbhagya Properties PVT LTD","+ 91  80 25352280",""
"Millions Marcons Services PVT ...","+ 91  80 64567888",""
"Cymatric","+ 91  9901942398",""
"Agha Materimonial Consultant","+ 91  9343321063",""
"Zeme Organics Pvt. Ltd.","+ 91  80 23462643",""
"Royal Enterprises","+ 91  80 25520369",""
"Dakshin Bharatya Educational C...","",""
"Nataraj K C","+ 91  80 25260299",""
"Plaza Consulting Services","+ 91  9886051687",""
"Pathi Consultants","+ 91  9901369700",""
"Velocity Consulting Services","+ 91  80 22448811",""
"Master Aerospace Consultants","+ 91  80 41135091",""
"S N Engineering","+ 91  9986002417",""
"Sri Venkateshwara Enterprises","+ 91  80 25630690",""
"Comat Technologies PVT LTD","",""
"Chemtech Consultancy","",""
"Ashwini Enterprises","+ 91  9448314354",""
"I Manage Consulting India PVT LTD","+ 91  80 41281912",""
"Engineering Consultants India","+ 91  80 23341344",""
"H & S Consultants","+ 91  80 23348149",""
"Mindsie Management Consulting","+ 91  80 41289549",""
"Grv Consultancy & Services Pvt...","",""
"WeRwired","+ 91  8197084881",""
"Infosree Ltd","+ 91  80 25252390",""
"B Cube Resolution Centre","+ 91  9886880821",""
"Energy Dynamics Training","",""
"Hkgn Auto Consultant","+ 91  80 23334919",""
"Paradigm Consulting Services","+ 91  80 23330142",""
"Sri Manjunatha Enterprises","+ 91  80 26699742",""
"Hossanna","+ 91  9845121873",""
"Emirate Visa Consultancy","+ 91  80 65593053",""
"Reliable Women Links Pvt Ltd","+ 91  9972629525",""
"Nagesh & Associates","+ 91  80 25745315",""
"Mkay Innovative Solutions","+ 91  80 65703653",""
"R.S Associates","+ 91  80 23410246",""
"Sri Manjunatha Real Estate","+ 91  9036518784",""
"D Vardharaju & Associates","+ 91  80 41311391",""
"Sumuka Designs","+ 91  9844550449",""
"Mymilestogo.com","+ 91  9538882533",""
"Digital Consultancy Services","+ 91  80 28397003",""
"Rao Consultant","+ 91  80 23646006",""
"Vagrecha And Associates","+ 91  9900009025",""
"Yaya Infotech","+ 91  9008024168",""
"Karim","+ 91  7702662521",""
"Raghavendra","+ 91  9880458667",""
"Kusum","+ 91  9980780054",""
"Pramod","+ 91  9898992371",""
"Shaji","+ 91  80 22239844",""
"Sandeep (Freelancer)","+ 91  80 9902308054",""
"Viteos","+ 91  9731333258",""
"S G Marketing","+ 91  9986072093",""
"Jba Infotech Pvt Ltd","+ 91  80 41973800",""
"cibil problem","+ 91  9066250827",""
"Remax TLC","+ 91  9886064757",""
"Jubrawn","+ 91  8884861188",""
"Rosquare","+ 91  80 22993747",""
"Swissnex India","+ 91  8049412004",""
"Shilpa Associates","+ 91  80 22117117",""
"Dehran Trading Fze Saif Zone","",""
"Eden Hi Agritech Pvt Ltd","+ 91  9844219340",""
"Dadapeer & Co","+ 91  9880965875",""
"Infocat Services Pvt Ltd","",""
"Quadrile Management Services P...","+ 91  80 22132222",""
"Addwiser Management Solutions ...","+ 91  8123402465",""
"Icel Software Pvt Ltd","",""
"J S Consultants","+ 91  9900195270",""
"Office Automation Products","+ 91  9902475315",""
"Soumya Consultancy Services","+ 91  80 57611525",""
"Shankar & Associates","+ 91  8026631702",""
"Pjr Certification Pvt. Ltd.","+ 91  8041329000",""
"Indo Placement Service","+ 91  80 22352639",""
"Eicher Consultancy Services Ltd","+ 91  80 22277153",""
"Dewwick Overseas Pvt. Ltd.","+ 91  80 26570193",""
"Corporate Resources Network","+ 91  80 22211957",""
"Marshal","+ 91  9035020480",""
"Niranjan","+ 91  9886090549",""
"Al Khalid International","+ 91  80 25595948",""
"Info Consultants","+ 91  80 25581802",""
"R. G. Estate","",""
"TMC Jobs & Skill","+ 91  8065836259",""
"International Enterprises","+ 91  80 26706954",""
"Nextech Info Solutions Pvt Ltd","",""
"Shadow Consultancy Services Pv...","+ 91  80 22104748",""
"Lexygen","+ 91  80 66310100",""
"JDM Technology","+ 91  7899388601",""
"JAI Hanuman Tarwala","+ 91  8951280854",""
"S S CONSULTANTS","+ 91  9880577206",""
"Rajagopal","+ 91  80 22121057",""
"AD Infotech","+ 91  7483086739",""
"International Trade Management...","",""
"Karthik Interior Decorators","+ 91  9845163321",""
"Solutions Unlimited","+ 91  9900441332",""
"Quadrangle","+ 91  80 25092075",""
"Al-Obaid","+ 91  80 25583711",""
"Career Day","+ 91  9036055538",""
"L K Kejriwal & Co","+ 91  80 40916140",""
"Ramya Land Consultant Pvt Ltd","+ 91  80 23492765",""
"Primades","",""
"Extreme Enterprises","+ 91  80 26569066",""
"Vinayaka Enterprises","+ 91  8867583020",""
"S P enterprises","+ 91  9886730121",""
"The Focus","+ 91  9740401124",""
"Area","+ 91  9742999736",""
"Sairam Agencies","+ 91  80 22371606",""
"Boal Financial Services LTD.","+ 91  9880393743",""
"Terra Consulting","+ 91  80 22372747",""
"Zen Motors","+ 91  9880190405",""
"Mxv Consulting","+ 91  80 41148610",""
"NovateurCorp Services India Pv...","+ 91  9980612817",""
"A B Enterprises","",""
"Macro Equicom","+ 91  80 41517510",""
"Spurthi Group","+ 91  80 23465084",""
"Login India Solutions","+ 91  9738122464",""
"Delphic Consultant","+ 91  80 25719798",""
"Trilok Enterprises","+ 91  9845154781",""
"Teleox Consulting","",""
"G Prithita Enterprises","+ 91  80 25545587",""
"Archana","+ 91  80 25716534",""
"Benoqon Umairayah Global Consu...","+ 91  80 25366786",""
"Vigneshwara Enterprises","+ 91  80 25711500",""
"Vijayalakshmi Auto Consultant","+ 91  9449674795",""
"Shah And Jain","+ 91  80 22258120",""
"Rajesh enterprises","+ 91  80 25911327",""
"Meph Inc","+ 91  9620242143",""
"Sri Venkateshwara Marketing Ag...","",""
"Ontrac","+ 91  9886740284",""
"ProLiant Management Consulting...","+ 91  80 41235846",""
"Murthy Consultants","+ 91  80 23465662",""
"Adithiyaa Associates","+ 91  80 23592855",""
"working mind","",""
"Infinity Infra Consultants","+ 91  9060675791",""
"Annapurneshwari Enterprises","+ 91  80 25983502",""
"Ashoka Kumar","+ 91  80 57574158",""
"Friends Of Children Trust Proj...","+ 91  80 23358057",""
"MAH Consultancy","",""
"Connect To Mgt Consultants","+ 91  80 32914806",""
"Right Management India PVT LTD","+ 91  80 41135765",""
"T Kumar","",""
"Dr Swamy","+ 91  80 26509446",""
"Forcitron Global","+ 91  80 42046313",""
"JT Consultants","+ 91  80 41172884",""
"Venetian Group","+ 91  9241372608",""
"Thematics IT Solutions Pvt Ltd","+ 91  80 26771104",""
"I Five Technologies","",""
"Surlin Consultants Pvt Ltd","+ 91  80 57708480",""
"Aromatic Bangalore Pvt Ltd","",""
"Allied Realtors","+ 91  9980122404",""
"Ikonsult Technologies","+ 91  8861235398",""
"Boswale Consultants","",""
"Haridas and associates","+ 91  80 41156117",""
"Taj Associates","+ 91  80 51251986",""
"Franchise Expert","+ 91  9901455533",""
"Mutual Fund Retail Sales","+ 91  9886935440",""
"A To Z Vaastu Consultants","+ 91  80 45018839",""
"Anna Purneshwery Auto Consulta...","+ 91  9845248188",""
"Accurate Accounting Services","+ 91  80 23447789",""
"Six S Corporate Services","+ 91  80 22446204",""
"Ibo Consultant","",""
"Gupta Consultants","+ 91  80 23312471",""
"Grace Auto Consult","",""
"Idea Brahma","+ 91  80 26581530",""
"Imagequity","+ 91  80 41159401",""
"Structural Solutions","+ 91  80 41504686",""
"Shilo Solutions","+ 91  9845436772",""
"Evolution Corporate Solutions","+ 91  80 22429540",""
"Mediauniv","+ 91  80 51283952",""
"Philistine Enterprises","+ 91  9845362296",""
"Sri Ram Enterprises","",""
"Janalaksmi","+ 91  9902585774",""
"Vinayaka Enterprises","+ 91  9686371088",""
"Raj Kumar & Co","+ 91  80 65342142",""
"Maskk Security Services","",""
"Gipfel & Schnell Consultings P...","+ 91  80 26677804",""
"OM Shakthi Real Estate","+ 91  9945030680",""
"Sharanya Marathalli","+ 91  9972598667",""
"366seo","+ 91  80 41488430",""
"Nitesh Agarwal & Associates","+ 91  8197799007",""
"People Smart Leadership Consu...","+ 91  80 40689200",""
"Pragmatic Consultancy Services","+ 91  80 25353906",""
"Jhanavi Project & Consultant","",""
"Edument","",""
"omkar sollution","+ 91  9844125759",""
"Arunachala Consultants","+ 91  80 23326540",""
"G P Engineering Works","",""
"Proteaus","+ 91  9845945085",""
"Misramam","+ 91  9886540376",""
"Bangalore Skin Consultant","+ 91  80 25201176",""
"Cool Craft","+ 91  9900033314",""
"LMT CONSULTANCY","+ 91  9600335301",""
"Manjunatha R","+ 91  9900899414",""
"Girish pan card consultant","+ 91  9845028463",""
"Ananth Raman","+ 91  9986007747",""
"Shashi Marketing","+ 91  80 23304321",""
"Minerals Guru","+ 91  9765452397",""
"Raaju Associates","+ 91  80 56961306",""
"Ant Force","+ 91  80 41672171",""
"Isha Priya Singh","",""
"nirmala enterprises","+ 91  9945377556",""
"Qualinit Consultancy","+ 91  80 26629948",""
"Features","+ 91  9845174407",""
"Mappa","+ 91  80 25530943",""
"Greenearth","",""
"Genxt Information Technologies...","+ 91  80 26727049",""
"Centrologic Solutions","+ 91  8971965468",""
"G K Engineering Consultant","+ 91  80 25475779",""
"Dharanis Manpower Solutions","+ 91  9986021290",""
"muqaddar solutions","+ 91  9986832189",""
"S K Associates","+ 91  80 23145844",""
"ISAP Applications Pvt Ltd","+ 91  80 65555767",""
"Spatial Data Infotech","+ 91  80 25284345",""
"Excel Engineers","+ 91  80 25232246",""
"S n S Associates, Corporate Ad...","+ 91  80 26687178",""
"Ayappa Real Estate","+ 91  9880270618",""
"V Force Securitas","+ 91  80 25290979",""
"Vishwatma Business Consultants","+ 91  9945487777",""
"Sri Ganapathi Consultants","+ 91  9845139751",""
"Nest Associates","+ 91  7899501462",""
"VRIDHI CONSULTANCY SERVICES","+ 91  9743995022",""
"Naresh Consultant","+ 91  80 23341378",""
"Amalgam Investments Pvt Ltd","+ 91  80 25932127",""
"Intrigo Systems India Private ...","+ 91  9986792789",""
"Nisarga Hr Solutions","+ 91  9686254764",""
"Filefast Solutions","+ 91  9620449696",""
"A.K.M. Auto Cosultants","+ 91  9448040071",""
"Sk Consultants","+ 91  9845376687",""
"Technodyne","+ 91  80 26762598",""
"Samyukta Health Care","+ 91  80 26681999",""
"Akshay Hegde & Co","+ 91  9901967118",""
"Xprotean Data Solutions PVT LTD","+ 91  80 43345555",""
"Dart Consulting","",""
"One Tree Consulting","+ 91  9427374739",""
"Pyramid Associates","+ 91  9481811982",""
"New Classic Consultants","+ 91  80 23332099",""
"R R Associates Banashankari","+ 91  80 26638920",""
"Prasad Consultancy Services","+ 91  80 26696243",""
"Anjaneya Enterprises","",""
"MITHUN COUNSULTANT","+ 91  9036816076",""
"Advocate Akshay Gowda","",""
"C M Krishnappa","+ 91  80 26683259",""
"KSS Consulting","+ 91  9945252007",""
"Simple Logic","+ 91  9845587839",""
"Balakrishna","+ 91  80 26593899",""
"Petro Communications","+ 91  9886785910",""
"Sri Lakshminarashima Joythysha...","+ 91  9900551050",""
"Ahmed Agency","+ 91  80 26595363",""
"The Smarttechie","+ 91  9900965557",""
"I&F Cosultants","+ 91  9980425495",""
"Vee Consultancy Services","+ 91  9916991234",""
"Help on call","+ 91  9620722958",""
"Structure H&R Solution","+ 91  9342056362",""
"TrueNature Learning & Development","+ 91  7760596873",""
"Karnataka Overseas","+ 91  80 22240441",""
"Rain Tree Consultant","+ 91  80 26592705",""
"Thara Advocate Office","+ 91  9880485235",""
"T V Rao Learning Systems PVT LTD","+ 91  80 65975191",""
"Dawn Manpower Solutions","+ 91  80 41714943",""
"TS Associates","+ 91  9742386012",""
"Balaji enterprises","+ 91  9342959029",""
"G P & Associates","+ 91  80 26491169",""
"Bangalore International Groups","",""
"Avicon","+ 91  80 26494812",""
"H L Narendra Bhatta","+ 91  9448085810",""
"G S Hegde","+ 91  80 23302609",""
"Nostrum Management Consulting","+ 91  80 41519668",""
"Kmc Professional","+ 91  9886001051",""
"Gunn N Moor","+ 91  9448146737",""
"Faiz Ahmed","+ 91  80 23438289",""
"S G S Coach","",""
"Hileap Consultant","+ 91  80 23434748",""
"Advocate Shobha Srinivas","+ 91  80 23338053",""
"Goodhope Educational Consultancy","",""
"Precious Auto Consult","",""
"Orangeteam Consulting","+ 91  8892161725",""
"Om Consultants","+ 91  80 26699992",""
"Fantastic Destination","+ 91  80 26694809",""
"Lakshmi Engineering Consultant...","+ 91  80 25220872",""
