"Name","Phone","Address"

"Wellness Family Pvt Ltd","+ 91  80 33092395",""
"Spandana Foundation","+ 91  80 33762909",""
"V R V Enterprises","+ 91  80 33092454",""
"C Cube Placements","+ 91  80 33051557",""
"Aloft Source India Pvt Ltd","+ 91  80 39559208",""
"Mass Business Lines","+ 91  80 41523311",""
"Perfect Times","+ 91  80 33292468",""
"V Assist Solutions","+ 91  80 33100660",""
"Accrue Hr India Pvt Ltd","+ 91  80 33539880",""
"Alfa Health Solution","+ 91  80 33568550",""
"Stellarslog Technovation Pv...","+ 91  80 42350606",""
"Shivani Infotech","+ 91  80 33673356",""
"Jobsfree Placement Services","+ 91  80 41230908",""
"Employment Centre","+ 91  80 23484237",""
"Kens Communication","+ 91  80 33641405",""
"Young India","+ 91  80 33091952",""
"Saicore Solutions","+ 91  8123348748",""
"Mancraft Management Solutions","+ 91  80 22267799",""
"Sri Consultancy","+ 91  80 33562776",""
"Global Infotech","+ 91  80 33619226",""
"Maxine consulting services","+ 91  80 33083969",""
"Paramount Consultancy Services","+ 91  80 33563817",""
"Evision Solutions","+ 91  80 39557114",""
"Regal Manpower Services","+ 91  80 33057525",""
"Jobskaro.com","+ 91  80 33763157",""
"Babajob Services Private Limited","+ 91  8880466111",""
"Team Lease Services Limited","+ 91  80 33002345",""
"Cars24.com","+ 91  9972177733",""
"Adecco India","+ 91  80 30087200",""
"Shine.Com","+ 91  8463989643",""
"Cernobia Technologies","+ 91  80 41160488",""
"Spn Communications","+ 91  80 26394747",""
"Employment Bureau","+ 91  80 22423137",""
"everest consultancy","+ 91  80 65799969",""
"Straightway Innovations","+ 91  80 40964694",""
"Leverage Business Solutions","+ 91  80 65608777",""
"Abhilekha Information Pvt Ltd","+ 91  80 23400510",""
"Reddot Manpower","+ 91  80 41204963",""
"Bangalore Udyog.com","+ 91  80 41132956",""
"Ad Astra Consultants Pvt Ltd","+ 91  80 40700603",""
"Global Consultancy Services","+ 91  80 22834445",""
"Zeal Manpower","+ 91  80 65359566",""
"ANZ Career Consultants","+ 91  80 23443555",""
"Canara HRD Consultants","+ 91  80 23460066",""
"Wisdomjobs.com","18004202222",""
"PLANET CONSULTANCY SERVICES","+ 91  80 65667866",""
"R K Associates","+ 91  80 33090986",""
"Global Innovsource","+ 91  80 42993100",""
"Reliance Life Insurance Co Ltd","180030008181",""
"Sunrise Enterprises","+ 91  80 41666599",""
"Enrich Solutions","+ 91  80 25505858",""
"S S A N Consultancy Services","+ 91  80 41150241",""
"HIRE EDGE CONSULTANCY","+ 91  80 40962543",""
"Hi Centrix Placement Services","+ 91  9986049860",""
"Part time or Work from home jobs","+ 91  8892108121",""
"Havana Yukta Solutions","+ 91  7406054499",""
"Isee Staffing Solution Consult...","+ 91  80 28528128",""
"The Famous Infotech","+ 91  9035792926",""
"Rightway HR Solutions","+ 91  9886908261",""
"VEE Techologies","+ 91  80 22266677",""
"Yoma multinational solutions","+ 91  80 49198211",""
"Shiva it hr consultancy","+ 91  9880818211",""
"Zawd Global Consultancy","",""
"Sannidhi Solutions","+ 91  7022246272",""
"Mysha Consultants & Recruitments","+ 91  9916324443",""
"Forde Search India Pvt Ltd","+ 91  7760749382",""
"Leadership Stage Kalaanantarup...","+ 91  80 23658283",""
"Jobsinfinit","+ 91  9502651721",""
"Ladder Consultancy Services Pv...","+ 91  80 23568520",""
"New Vision","+ 91  9591233090",""
"Ultimate Solutions Empowering ...","+ 91  9066490004",""
"Crystal source manpower","+ 91  9036843684",""
"P N Venugopal & Associates","+ 91  80 22213452",""
"Bank of India & Union Bank Life","+ 91  80 22220641",""
"Pro Higher","+ 91  9900055599",""
"Hiranmayi Softech Solutions","+ 91  80 26392357",""
"A Tech Ray","+ 91  9663368918",""
"Asha Job Consultancy","+ 91  9880076048",""
"Step Ahead","+ 91  8904440101",""
"Srushti Outsourcing Private Li...","+ 91  80 41222699",""
"JDM Technologies","+ 91  8549945449",""
"Kinglight Consultancy Solutions","+ 91  80 25562424",""
"A1 Hr Consultancy","+ 91  9141060655",""
"Aarch Solutions","+ 91  80 40872999",""
"Bravescape Infotech","+ 91  8553846233",""
"GLOBAL JOB CONSULTANTS","+ 91  8553713993",""
"Just Call Jobs India Pvt Ltd","+ 91  9341103151",""
"InOrbit Hr Solutions","+ 91  80 50809089",""
"Karnataka Education & Jobs Inf...","+ 91  80 41512522",""
"Avenue Job Solutions","+ 91  80 41287636",""
"V V Detective & Security Servi...","+ 91  80 26392100",""
"Ultimate Solutions","+ 91  9844615558",""
"Ideas Inc Management Pvt Ltd","+ 91  9425502295",""
"Yakhsha Global Life","+ 91  80 42033269",""
"Ascensive Consulting Firm","+ 91  80 41411622",""
"Sri Datta Guru Associates","+ 91  80 42228182",""
"Cube Infotech","+ 91  80 28612146",""
"Brighthouse Consulting Services","+ 91  80 41479900",""
"Sristi Facility Management Ser...","+ 91  9845042481",""
"Novo IT Consultants & Solution...","+ 91  80 40951060",""
"Soft Edge It Solutions","+ 91  8050569992",""
"India Calling","+ 91  9886309430",""
"Candor Management Services Pvt...","+ 91  80 64536160",""
"Asrah Technologies","+ 91  80 42854777",""
"Boyden Global Executive Search","+ 91  80 25535825",""
"Enhance Solutions","+ 91  80 25633649",""
"Best Dial India Management Ser...","+ 91  8095177021",""
"Sridevi Business Solutions Pvt...","+ 91  80 41277677",""
"Win Management Service","+ 91  9845892436",""
"On Job Llp","+ 91  9739230648",""
"Bright Links India","+ 91  80 41694056",""
"B S Talent Solutions Pvt Ltd","+ 91  9845007450",""
"Coralbridge HR consultancy LLP","+ 91  9535571770",""
"3D India Staffing Research & C...","+ 91  80 65698091",""
"GOLDEN ERA RECRUITMENT SOLUTIONS","+ 91  80 41101607",""
"Brain Tree HR Consulting PVT LTD","+ 91  80 32213096",""
"Bharath Services","+ 91  80 41476878",""
"Job 2 Shine Consultancy","+ 91  8722111125",""
"Brain & Skills","+ 91  80 25327877",""
"The Times","+ 91  8041526968",""
"Talent Mappers Consulting Ind...","+ 91  80 42951011",""
"Notes Writing","+ 91  8866649677",""
"Krisvin Personnel Solution","+ 91  9845061716",""
"Ultimate Jobs Solutions","",""
"Succeed Consultant Group","+ 91  9741718014",""
"Head Source & Services","+ 91  9620820192",""
"Bluechip HR Consultants Pvt Ltd","",""
"A1 Hr Solutions India Pvt Ltd","+ 91  80 23128091",""
"Immaculate H R Solutions","+ 91  9743852045",""
"Starnet Placement Consultency","+ 91  9611990209",""
"futurebright facilities manage...","+ 91  80 25489416",""
"Samanyu Management Services","+ 91  8867145221",""
"Ideal Teaching Jobs","+ 91  7829350617",""
"Target International Recruitme...","",""
"V Connect Recruitment Srevices","+ 91  9141884137",""
"Sky Group","+ 91  9900861165",""
"Evershine Infotech Solution","+ 91  9738135733",""
"A S A Consultancy Services","+ 91  80 30622356",""
"Lakshmi Group Of Association","+ 91  9844491600",""
"golden leaf","+ 91  9916963666",""
"Job Revolutions","+ 91  9743159696",""
"Globe Info Systems","+ 91  9611117800",""
"Carrier Point Solutions","+ 91  9047768564",""
"Bangalore jobs hub","+ 91  80 56282558",""
"Creative Groups","",""
"Raj Inc","+ 91  80 40920670",""
"Jeyam Groups","+ 91  9042394255",""
"World Of Oppurtunities","+ 91  9483501875",""
"Abella Technologies","+ 91  80 65300902",""
"Smart Careers","+ 91  8123646123",""
"Browse Consulting India P Ltd","+ 91  80 25327620",""
"Commandos Detectives","",""
"Career Solutions","+ 91  9341303913",""
"ShrinivasBalajiCharitableTrust...","+ 91  9972294477",""
"Akash Placement Service","+ 91  9945223805",""
"HR At Bangalore","+ 91  80 65353351",""
"Sansri HR Placements","+ 91  8050897879",""
"Innovative Door Step Services","+ 91  9164030400",""
"Payal Part Time Jobs Network","+ 91  8880799950",""
"Career Link Systems","+ 91  80 23451552",""
"Aad On Consultants","+ 91  80 45424344",""
"Corpplacements","+ 91  80 41574841",""
"We Care Job Consultance","+ 91  9019525552",""
"Dolphin Solution","+ 91  9611145211",""
"All employment solutions","+ 91  9663368766",""
"Key Resources Group","",""
"Source One India","+ 91  9611702337",""
"National Consultancy","+ 91  80 41114455",""
"Global Infotech","+ 91  9035888188",""
"Jls Empolyment Bureau","+ 91  9448101782",""
"Nithyananda Employment Service...","+ 91  9845876007",""
"Vignesh Associates","+ 91  80 23448991",""
"Cegon Soft","+ 91  80 57661884",""
"V V Consultancy","+ 91  9030656053",""
"Ixxam.com","+ 91  9986128021",""
"Dhiraj Ramjam","+ 91  9341991844",""
"HR Tree Outsourcing Solution P...","+ 91  80 23498509",""
"Alfaa Services","+ 91  80 23124952",""
"Career Reach","+ 91  80 25225712",""
"Career Resources Pvt Ltd","",""
"Arise Consultants","",""
"Akshay Man Power Consultancy","+ 91  9738463668",""
"Aigan Data Conversions","+ 91  80 99866789",""
"Global Infotech","+ 91  80 26710480",""
"Axel Management Consultant Pvt...","+ 91  80 43472100",""
"Super Skills Services","+ 91  80 23470749",""
"Sgs Technology And Services","+ 91  8892734650",""
"Patsy","",""
"Statute Point Management Consu...","",""
"Sipronsoft","+ 91  8023431287",""
"Sri Sai Solution","+ 91  9066738738",""
"Bharadwaja Multi Service Centre","+ 91  8453478164",""
"Refer India","+ 91  9980567876",""
"Jobs 4 Sure","+ 91  8105388000",""
"Athlos Solution Pvt Ltd","+ 91  9986696644",""
"Purple Square","+ 91  9741997799",""
"Apex group activities","+ 91  9449513693",""
"Sri Bhagavathi Enterprises","+ 91  9611765270",""
"R J Placements & Consultancy","+ 91  80 41172694",""
"GRIP CONSULTANT INDIA","+ 91  80 65362945",""
"Alfa Facility Management Services","+ 91  8951151122",""
"Faheem Cunsultancy","+ 91  9740119000",""
"Ecash 4 All","+ 91  9900296629",""
"Regional Placement Service","+ 91  80 23465593",""
"Master Trader","+ 91  9620616616",""
"Sri Sanjeeva Enterprises","+ 91  9611066991",""
"The Hub","+ 91  8892596258",""
"Reliable Links","+ 91  80 31924455",""
"Call A Job India","+ 91  80 23514227",""
"Job Free","+ 91  9916786589",""
"Project Guru","+ 91  80 26487782",""
"Time & Space","+ 91  8022124117",""
"Suraksha Facility Management S...","+ 91  7760584621",""
"Smk consultancy","+ 91  9945459956",""
"Career Convergence","+ 91  80 22127629",""
"Reliant Global Corporation","+ 91  80 41245876",""
"BROGYAN SOLUTIONS AND SERVICES","+ 91  80 41461666",""
"Calibehr","+ 91  80 46648000",""
"Expedite Consultancy Services","+ 91  8095698892",""
"Recruitment Manager","+ 91  9845908855",""
"ZS Biz Solutions","+ 91  80 41676433",""
"Thy Begining","+ 91  9060110660",""
"Deepak M S","+ 91  9945526764",""
"Dd Networks","+ 91  80 32544592",""
"Starnet Placement Consultancy","+ 91  9986514488",""
"Jobs Bangalore","+ 91  7846872806",""
"Robotix Technologies","+ 91  9949528007",""
"Gerard","+ 91  9845108538",""
"Crystal source manpower","+ 91  9844869346",""
"Job Square","+ 91  80 40316267",""
"Sun Management Services","+ 91  9886425985",""
"Abbscissa HR Services","",""
"Bangalore Time Centre","+ 91  8022203523",""
"Teckies Business Solutions Pvt...","+ 91  80 22211101",""
"Intech Career Solutions","+ 91  9844077001",""
"SLV Groups","+ 91  7411991849",""
"Jobs & Employes","+ 91  80 41149356",""
"Advantage Placements Services","+ 91  80 25582231",""
"JDM Technology","+ 91  8553738205",""
"Unique Vision","+ 91  8123757595",""
"Namagiri Capital Services","+ 91  80 25551090",""
"Arogotic tech private limited","+ 91  9986276613",""
"Super bag","+ 91  80 22283659",""
"Esource Consultancy","+ 91  80 40987580",""
"Fast Track Services","+ 91  9986244244",""
"Capres Consultant","",""
"Bharath Services","",""
"Shrinivas Balaji Charitable Tr...","+ 91  9972294477",""
"Career Consulting Services","+ 91  80 42091430",""
"Netcare Academy","+ 91  8892020217",""
"Bangalore Phaments","+ 91  80 51132956",""
"Call Centre School","+ 91  80 55307616",""
"clicxa","+ 91  7773942911",""
"The Partimers","+ 91  9743770612",""
"Astrix Consultants","+ 91  9845155766",""
"ADVAITHA career surge","+ 91  9035003388",""
"Rapid Consultancy","+ 91  80 40977117",""
"FAG Bearings India Limited","+ 91  8026575120",""
"mars consultancy","+ 91  7204134928",""
"Synthesys Inc","+ 91  80 25553681",""
"Prosper Consultant","+ 91  8095611285",""
"Stering Jobs Private Limited","+ 91  80 51122940",""
"RAKSHAGHA Aadmi Seva Kendra","+ 91  9940786131",""
"Riyadh Enterprises","+ 91  9739420838",""
"Vertex Enterprises","+ 91  9448561321",""
"Jobsforfreshers","+ 91  8689814287",""
"Caiman Career","+ 91  80 51191880",""
"Thanaga Business Solutions Pvt...","+ 91  9743661888",""
"Prism Consultant","+ 91  9538211400",""
"Manpower Consultancy in Bangalore","+ 91  8520905622",""
"Immanuael Info Solution","+ 91  9206951590",""
"Jobspan","",""
"Hurray","+ 91  80 40915045",""
"Future Technology Foundation Inc","+ 91  9880367168",""
"Amboseli Professional Associates","+ 91  80 25534924",""
"J B Events & Promotions","+ 91  9986182245",""
"The jobs peoples","+ 91  7411105590",""
"Active World Solution","+ 91  80 57707205",""
"MGS HR Consultancy","+ 91  80 41566788",""
"Armour Consultancy Services","+ 91  80 40728016",""
"Anutham Shankar Urs","+ 91  9880301736",""
"Muzammil Ahmed B","+ 91  80 41888027",""
"Sri Guru Enterprises","+ 91  80 42063329",""
"Effulgence Business Services P...","+ 91  80 60660030",""
"R.M.S. Time Shop","+ 91  8069918411",""
"Joseph (ICICI Prulife)","+ 91  9342675581",""
"Evission Enterprises Solutions","+ 91  9916744299",""
"Job Anchors Business Solutions","+ 91  9243493456",""
"Look Beyond Resumes","",""
"Shilo Solutions","+ 91  9845436772",""
"Bims Mastermind India","+ 91  80 23448968",""
"Abel Infotech","+ 91  80 31903000",""
"IQ PROFICIENT","+ 91  9886610785",""
"Dialjust.com","+ 91  80 65393333",""
"Subax Infotech","+ 91  80 32020524",""
"Toon media","+ 91  80 40903178",""
"Nandi Manpower Consultants","+ 91  9945307334",""
"Urge consultanacy","+ 91  9743032550",""
"Alchagam coatings solutions","",""
"International Management Consu...","+ 91  80 25285223",""
"Best Tech Jobs","",""
"Latestjobz","+ 91  8826935057",""
"Foresight Consultancy Services","+ 91  80 23442232",""
"Anil","",""
"Sudipto Placements","+ 91  9242130392",""
"Shaffi","+ 91  9886239393",""
"Prajwal Management Service","+ 91  80 23119044",""
"VFT Group","+ 91  9886023459",""
"Pearl solutions","+ 91  9886218313",""
"Maranatha Enterprises","+ 91  8050236040",""
"Dream world info solutions","+ 91  7090993083",""
"Abopl","+ 91  80 26689058",""
"Ram son serveice consultantcy","+ 91  9535558559",""
"Inspire Info Solution","+ 91  8095232852",""
"Just Call Management services","+ 91  9164046255",""
"DREAM WORLD INFO SOLUTIONS","+ 91  7090993083",""
"SHR Consultancy Services Pvt Ltd","+ 91  9740092220",""
"CareerForce HR Solution","+ 91  80 66600615",""
"Gajanana Employment Services","+ 91  80 60505811",""
"Search Head HR Solution Pvt Ltd","+ 91  9686116232",""
"Sunshine Management Services","+ 91  9036349402",""
"Ontology Solutions Pvt Ltd","+ 91  80 65585555",""
"Arant Business Process Service...","+ 91  80 51154715",""
"Aruna IT Udyog","+ 91  80 26609043",""
"Mohna Kumari","+ 91  9066215658",""
"Arise Consultant","+ 91  9844410272",""
"JobSpot Manpower Services","+ 91  9538066224",""
"MAA Consultancy","+ 91  9844430531",""
"Bharat Headhunters Pvt Ltd","+ 91  80 41230122",""
"sabjob consultancy","+ 91  80 00000000",""
"Netindia Innovation","",""
"Orange Antelops","+ 91  9036093630",""
"Career Plaza","+ 91  8892119730",""
"Shabana","+ 91  9844587470",""
"Triados Managment Services","+ 91  80 41306591",""
"TIS Consultants","+ 91  9900000242",""
"Sagar","",""
"New Way Consultancy & Placement","+ 91  9902967289",""
"Girish M","",""
"JR SOFT SOLUTIONS","+ 91  80 41179599",""
"Nakshatra Consulting","+ 91  80 40905834",""
"New Associates","+ 91  9845488112",""
"Credo Management Solution","+ 91  9743127555",""
"Yash","+ 91  9535095160",""
"Genxt Consulting","",""
"S M Solutions","+ 91  8904336656",""
"RISING MOON JOB CONSULTANT","+ 91  9535030866",""
"India Survey Network","+ 91  9986838205",""
"Placement centre","+ 91  9739382082",""
"Cna Global","+ 91  80 25249952",""
"Dream Career","+ 91  80 30509779",""
"Sree Durga Industrial & Allied...","+ 91  80 23200164",""
"4m Systematics","+ 91  9480594098",""
"Sanchith Info Solutions","+ 91  80 40914375",""
"HSA Business Line","+ 91  8150921805",""
"Career Gro Solutions","+ 91  9035547756",""
"S P Placement Services","+ 91  9986708824",""
"Kiran","+ 91  9986030671",""
"Venkateshwara Flower Shop","",""
"SN Placement Services","+ 91  9880776957",""
"Varma Associates","+ 91  9741115773",""
"Spectra Light Consultants","+ 91  8904501411",""
"Fusion Xperts","+ 91  9741470365",""
"Iware Solutions","+ 91  8971028275",""
"Angel Resources Acquisitions P...","+ 91  80 65301154",""
"Dyuvan HR","+ 91  9108356648",""
"Rockon Placement Services","+ 91  80 42230697",""
"EXCELLENT PLACEMENTS SERVICES","+ 91  9742686011",""
"Job Mania","+ 91  9343225516",""
"Trimurthy Technologies","+ 91  9686207003",""
"Karuna IT Services Pvt Ltd","+ 91  7026253004",""
"Top Hire","+ 91  80 41260245",""
"Eline Solution","+ 91  9008001116",""
"Fire Bird Consultancy","",""
"Mary Management Services","+ 91  9663069037",""
"9G Consultancy","+ 91  80 25452801",""
"Spirit H R 1","+ 91  8123349543",""
"Avenue Consulting Inc","+ 91  80 56969474",""
"Job2Shine.com","+ 91  8722111123",""
"Shashi Placement Services","+ 91  9535924553",""
"The Best Flying Service","+ 91  8880123366",""
"URS CONSULTANCY JOB PLACEMENT...","+ 91  7411806019",""
"HR AKSHAY INC","+ 91  80 42107846",""
"BMH ENTERPRISES","+ 91  9060056698",""
"Yash Jobs Solutions","+ 91  9060863079",""
"professional Jobs placement Se...","+ 91  9845909344",""
"Smart Technologies","+ 91  9526334544",""
"BMS Communication","+ 91  80 51275576",""
"Drona IT Consultant LLP","+ 91  80 68888059",""
"VRV ENTERPRISES","+ 91  9036080998",""
"Classic Enterprises","+ 91  80 23470799",""
"Hanuman staffing solution","+ 91  9535868077",""
"V K Tek Staffing Services","+ 91  9741648840",""
"Prashanth","+ 91  7829234589",""
"DG Consultants","+ 91  9880381252",""
"Mitask","+ 91  80 65992999",""
"Arvind Associates","+ 91  80 32491987",""
"Anjanadri consultantcy","+ 91  8892838101",""
"UNION BANK LIFE","+ 91  9738443727",""
"Search Good Jobs","+ 91  9008657376",""
"Mohan Associates","+ 91  80 40981986",""
"Tarun Kumar","+ 91  9590336978",""
"Peoplevallly Manpower Consultancy","+ 91  9620572972",""
"ANT Techonologies","+ 91  80 42107601",""
"YourOneSlideCV","+ 91  9035001146",""
"Atmosphere Recruitment Company","+ 91  9741548055",""
"Sanjeeva Enterprises","+ 91  9066130530",""
"SKY ORBIT","+ 91  8971274204",""
"Adpostinc","",""
"Vedaanga Consultancy Services","",""
"Cruise Consulting","+ 91  80 41711234",""
"Ss Infotec","+ 91  8892005057",""
"Joinus Corporate Solutions","+ 91  80 65790859",""
"Zaheer","+ 91  9945246661",""
"Sai Krupa Bpo Service","+ 91  8147314398",""
"Exide Life Insurance","+ 91  9663177191",""
"Udaya Udyog","",""
"Vasanta Facility And Managemen...","+ 91  9742939429",""
"over all consulting servicess ...","+ 91  8892948042",""
"S M S Info Solutions","+ 91  9538985544",""
"H R Plus Consultancy","+ 91  80 28463106",""
"N S INFO Solutions","+ 91  7022272843",""
"Maiestatiis Consulting Llp","+ 91  80 41903733",""
"Dilip Job Consultant","+ 91  9916532431",""
"Solution Group","+ 91  9538838899",""
"SAPTHAGIRI PLACEMENT SERVICES","+ 91  9066765983",""
"Milestone Consultancy Services","+ 91  80 23647666",""
"Job Solutions","+ 91  9742221233",""
"khandelwal enterprises","+ 91  7205723009",""
"crystal hr services","+ 91  9019404037",""
"A1 Property","+ 91  9739500444",""
"Sharp Communications","+ 91  8971871774",""
"VSP(P)LTD","+ 91  8971336647",""
"Job Jatra Career Management","+ 91  9986854666",""
"Business365","+ 91  9538220373",""
"Archana Service","+ 91  80 25917594",""
"9KriWala.com","+ 91  8884039477",""
"Make Ur Career","+ 91  9590089085",""
"Success Consulting Services","+ 91  9035709827",""
"Right Fit Consultants","+ 91  9900217729",""
"Feed My Pockets","+ 91  80 42350606",""
"Future Glory","+ 91  9980262640",""
"SAI Sree Solutions","+ 91  9844245497",""
"PrimeCall Consultants","+ 91  9108660705",""
"Sameir","+ 91  9886149281",""
"Diamond Club","+ 91  80 25292980",""
"Ghar se naukri","+ 91  8802360360",""
"Business Infotech","+ 91  9589044555",""
"Tds Placements & Services P...","+ 91  172 5214647",""
"Ya-Rabb Travels","+ 91  9655557687",""
"D.V Consultancy","+ 91  712 6960267",""
"Work At Home Sales Business...","+ 91  7798390290",""
"gCO of Agriculture departme...","+ 91  7379021104",""
"Ganesh Indian Groups","+ 91  9164157857",""
"Asia Pacific","+ 91  484 4064431",""
"ORISSA DOOT CONSULTANTS","+ 91  674 6557773",""
"Apex India Manpower Service...","+ 91  8523949968",""
"Sks Consultancy","+ 91  471 3199100",""
"King Consultancy","+ 91  9206704898",""
"Bhagyawan associates","+ 91  836 4253339",""
"Hsr Career Academy","+ 91  9092354904",""
