"Name","Phone","Address"

"Via .Com","+ 91  80 41431000","Corporate Office, Manyata Embassy Business Park, Outer Ring Road, Nagawara, Bangalore - 560045"
"Flight Raj Travels PVT LTD","+ 91  9900274161","Magnolia, Manyatha Embassy Business Park, 3rd Floor,Outer Ring Road, Hebal Bang Kar 560027 In, Outer Ring Road, Hebbal, Bangalore - 560024, Main Road"
"Flight shop","+ 91  80 45338800","2003/1-1, Arihant, 100 Feet Road, Hal 2nd Stage, Indira Nagar 1st Stage, Bangalore - 560038, Opposite To Reliance Digital"
"Flight way","+ 91  9632049110","Shop number 25, sharada lodge building, Kg road, Gandhi Nagar, Bangalore - 560009, Near geeta complex"
"Flight Carriers Of India","+ 91  80 28473988","Venkateshwara Rice Mill, Katamnallur Gate, Virgonagar, Bangalore - 560049, Virgo Nagar"
"Skylark Express Couriers","+ 91  80 33083655","No: 4, 1ST Main, 7TH Cross, Sampangiramnagar, Bangalore - 560027, Behind Ramanashree Hotel"
"Flight 4 Fantasy","+ 91  80 22067977","No.21, The Forum Mall, 4th Floor, Hosur Road, Koramangala, Bangalore - 560095"
"Flight Shop","+ 91  80 40471700","No.8/12, Honnam Complex, South Cross Road, Basavanagudi, Bangalore - 560004, Near South Indies Hotel"
"Flight Pnr Tours & Travels","+ 91  80 27803050","No.203, Hb-5, Khb Surya City, Chandapura, Hosur Road, Bangalore - 560068, Near Anekal Road"
"Flight Carriers India","+ 91  80 23712182","C-36, Cmda Truck Terminal, Madavara, Bangalore - 562123, Complex"
"Flight Career Of India","0811329889",""
"First Flight Couriers Ltd","+ 91  80 32010242","No.135/1, 1st Floor, SVN Complex, Thanisandra Main Road, Nagawara, Bangalore - 560045, Next To Indian Oil Petrol Bunk"
"Babitha Tours & Travels","+ 91  9632220726","Kalyan Nagar Post, Hbr Layout, Bangalore - 560043, Near Nagawara Keb Office"
"Nithin Tours & Travels","+ 91  80 25456827","No.6, 3rd Cross, 2nd Block, Kammanahalli, Hbr Layout, Bangalore - 560043"
"A R S tours and travels","+ 91  80 65651201","152, Nagawara main road, Nagawara, Bangalore - 560045, Near fly over"
"M. Tours and Travels","+ 91  80 65650074","No.9/B, Nagwara Main Road, Nagawara, Bangalore - 560045, Near to Nagawara fly Over, Opp to Tata Docomo Office"
"Leo Tours & Travels","+ 91  9900859798","No.52, Anjanappa, Amarjyothi Layout, Thanisandra Main Road, Nagawara, Bangalore - 560045, Manyata Embassy, Nagwara Signal"
"Sathya Tours And Travels","+ 91  80 25438833","NO,76/1,, Veeranna Palya, Nagawara, Bangalore - 560045, Near To Manyatha Tech Park,Opposite To Manpo"
"Supreme Travels","+ 91  80 25473332","No.738, 9th Main, 3rd Stage, Arabic College, Bangalore - 560045, Nr.Pillanna Garden"
"Vishal Tours & Travels","+ 91  8904005007","Ashwath Nagar, Bangalore, Main Road, Ashwath Nagar, Bangalore - 560045"
"ss travel world","+ 91  80 41178605","next toi axis bank atm, near ganapathi temple, Nagawara, Bangalore - 560045, nagawara back gate"
"Bismilla Zeeba Travels","+ 91  9360642870","Shop No 50,, Nagavara Main Road, Arabic College, Bangalore - 560045, P&T Bus Stop"
"Om SAI Ram Tours and Travels","+ 91  80 40998519","Shop No.103, Sanjay nagar main road, Ashwath Nagar, Bangalore - 560045, Universal mobile"
"Book Ur Travel","+ 91  80 40964501","No. 9/B, Nagawara Main Road, Nagawara, Bangalore - 560045, Near Signal, Philominas Hospital"
"Annapurneshwari Tour & Travels","","St Philomina Hospital Road, Nagawara, Bangalore - 560045, Opposite Manyata Tech Park, Near Bescom office"
"Arjun Travel Service","+ 91  80 25437922","No.02, Veeranapalya,Hebbal,Nagawara Ring Rd, Arabic College, Bangalore - 560045, Opp Bharat Electronics Corporate Office"
"S K Tours And Travels","+ 91  9591983006","No.81/6, Outer Ring Road, Nagawara, Bangalore - 560045, Opposite Manytha Tech Park"
"Prasanna Tours & Travels Pvt. ...","+ 91  80 26740198","Plot No. 42, 1st Main , Markandeshwar Nagar, Silver Jubilee Park Road, Bangalore - 560045, Near HDFC Bank"
"STT Tours & Travels & Water Su...","+ 91  9901334110","No 794 4th Cross, Kuppaswamy Layout, Nagawara, Bangalore - 560045, Arabic College"
"H Khwaja Traders","+ 91  9916019386","Nagawara, Bangalore, Nagawara Main Road, Nagawara, Bangalore - 560045"
"Syed Khan Travels","+ 91  9663328330","No.1051, 4th Cross,Tannery Road, Nagawara, Bangalore - 560045"
"Car Travels","+ 91  7259896503","Chunalane, Bangalore - 560045, Near Auto Gas"
"Abm Tours & Travels","+ 91  9845137733","Nagawara, Bangalore - 560045"
"Al Habeebi Travels (Closed Down)","","No.137/1, Dr Ambedkar College Road, Basavanagar, Shamapur Main Road, Nagawara, Bangalore - 560045"
"N S Tours & Travels","+ 91  9900111910","Nagawara, Bangalore - 560045, Near Nagawara Bus Stand"
"Ajbj Tours & Travels","+ 91  8032437434","Shop No. 19, Opp. Umar Bin Khatab Complex,, Nagawara Main Rd,, Govindapura, Bangalore - 560045, Arabic College Post,"
"Travel Port","+ 91  80 40941653","No.50/1, 2nd Cross, Ashwath Nagar, Bangalore - 560045"
"Nethra Tours & Travels","+ 91  80 23418392","55,2nd Cross,, Rmv 2nd Stage,, Ashwath Nagar, Bangalore - 560045, Near Canara Bank,"
"Raja Models","+ 91  9980506630","No 36, bharath nagar 2nd main ,, Nagawara, Bangalore - 560045, near abubukar masjid"
"KITABUN TRAVELS","+ 91  80 25461267","# 154/1, Nagavara main road, Nagawara, Bangalore - 560045, Near Nagavara signal"
"KITABUN TRAVELS","+ 91  80 24232419","No. 154/1, Nagawara Main Road, Arabic College Post, Nagawara, Bangalore - 560045, Near Ring Road, A D Plasters"
"Regal Tours And Travels","+ 91  9880635269","#2, 9th Cross, Govindapura, Bangalore - 560045, Near HKBK Engineering College"
"Qasar Travels","+ 91  80 41270228","No.7,Shop no.05, 2nd cross , Rashad Nagar, Govindapura, Bangalore - 560045, AC post, Arabic college main road"
"J D Enterprises Real Estate & ...","+ 91  9845976515","5th Main Road, 2nd Stage, West Of Chord Road, Modi Road, Bangalore - 560045, Opp. Modi Eye Hospital"
"Lakumi Tours & Travels","+ 91  80 40908585","No.1/7, Nanda Gokula Cmplx, Coffe Board Lyt, Hebbal Kempapura, Bangalore - 560045, Nr M K Ahmed Mart"
"Samarth Travels","+ 91  9880106170","No.147, Kasturi Nivas Road, Thanisandra, Bangalore - 560045, Near Bus Stop"
"M. Tour And Travels","+ 91  80 40291331","No. 9/B, Nagavara Main Road, Arabic College, Bangalore - 560045, Near to Fly Over"
"ReddyExpress Tours & Travels","+ 91  9618365999","Arabic College, Bangalore - 560045"
"Umar Travels","+ 91  9035948891","#1, Nagavara Main Road, Arabic College, Bangalore - 560045, Tannery Road Railway Gate"
"Limra Tours And Travels","+ 91  80 32088552","#6, 7th Cross, Sawood Masjid Street,, A.p.j Abdul Kalam Road Govindpura Main Road, Arabic College, Bangalore - 560045, Near Masjid E Sawood"
"Anjaneya Auto Tempo Travels","+ 91  9845432073","No.1, S V Service Station, Shampur Main Road, Arabic College, Bangalore - 560045, Near Ambedkar College"
"Yash Tours And Travels","+ 91  80 25660487","No.22, 1st Mn, 2nd Crs, Nagawar Outer Ring Rd, Byraveshwara Lyt, Nagawara, Bangalore - 560045, Nr Prithvi Theater"
"The Travel Point","+ 91  8971749140","Govindpura road, Arabic College, Bangalore - 560045, Opp S. K. Traders"
"Raja Bar & Restaurant","+ 91  9964522690","No.1, Vidya Sagar Stop, Thanisandra, Bangalore - 560045, Near Bus Stop"
"SAHASARA TOURS AND TRAVELS","+ 91  9632155904","No.2/4, 1st B main road, Ashwath Nagar, Bangalore - 560045, Near Ashwath nagar bus stop"
"Arfah Tours & Travels","+ 91  9972021433","No.2363, 4th Cross,13th Main,KG Halli, Kushalnagar, Bangalore - 560045"
"Travel Services & Guide","+ 91  8550033883","No.104 A, 15th Cross, Govindapura, Bangalore - 560045, Near Tajuddin Mosque"
"Sumukha Tours & Travels","+ 91  80 23412671","Shop No. 134/135, 80 Feet Road, Rmv 2nd Stage, Ashwath Nagar, Bangalore - 560045, Opposite To Canara Bank"
"Raja Bar & Restaurant","+ 91  9060741001","No.1/1,Kempanna Complex, Vidya Sagara, Nagawara, Bangalore - 560045"
"S And S Tours Travels","+ 91  9945922869","No 14, 1st Mn, 2nd Crs, Ashwath Nagar, Bangalore - 560045, Rmv Ext,1st Blk Aswath Ngr"
"Easy Tours And Travels","+ 91  9481949838","1st main, 2nd cross, nagawara main road, Arabic College, Bangalore - 560045, near amir function hall"
"F.B.Tours & Travels","+ 91  9740615700","No.14, Opp.Dominic School Road, Govindapura, Bangalore - 560045, A.C. Post"
"SLV Tour & Travels","+ 91  9620695766","No. 77,Settapa Vilaya, 2nd Cross Vidyasagara, changasandra layout, Nagawara, Bangalore - 560045, Nagawara."
"B S Tours & Travels","+ 91  80 25865715","No.104, Nagawara Main Road, Venkateshapuram, Bangalore - 560045, Near Gas Petrol Bunk"
"FIRST FLIGHT COURIER","+ 91  80 65694466","nO 10,1ST FLOOR,1ST CROSS, 2ND MAIN,ASHWATH NAGAR, Ashwath Nagar, Bangalore - 560045, OPP TO SAFAL MARKET"
"royal tours and travels","+ 91  9945763467","no:30, 1st main road,, doddana lane, Venkateshapuram, Bangalore - 560045, Near Total gas Bunk"
"AMT Travels","+ 91  9900299900","No.44, 8th Cross, Kuppuswamy Layout, Nagawara, Bangalore - 560045, Behind HKBK Engineering College"
"Elite Travel & Telecommunications","+ 91  80 25440453","No.598, 4th Block, Hbr Layout, Bangalore - 560043, Opp To Noorani Masjid"
"Raja Enterprises","+ 91  9980598381","No. 30, Hidayat Street, Arabic College, Bangalore - 560045, Opposite To Arabic College Post"
"Luxus Tours & Travels","+ 91  80 25440675","No.328/16,, 13th Crs 5th Blk, Hbr Layout, Bangalore - 560043, Nxt To Eshwara Temple"
"Shs Travels","+ 91  9980834096","751 Bda 1st Stage 3rd Block, Hbr Layout, Bangalore - 560043"
"sahara travel agency","+ 91  9620269988","HBR Layout, Bangalore - 560043"
"Swastik Tours And Travels","+ 91  80 25421437","Kalyanngrbabushbply, Hbr Layout, Bangalore - 560043"
"Rk Tours And Travels","+ 91  80 33561022","No.295/1, 14 Cross, Govinpura Main Road, Arabic College, Bangalore - 560045, Near Hbr Bda Complex, Narendra Tent"
"Geo Travels","+ 91  80 25455216","8, Maruthi Complex, Kammana Halli, Banaswadi, Bangalore - 560043, Opposite Jal Vayu Vihar"
"Ksrtc Travel House","+ 91  80 42008612","No. 3, 1st Floor, Gangamma Compound, Bellary Main Road, Hebbal, Bangalore - 560024, Near Baptist Hospital"
"Muskaan Tours And Travels","+ 91  9845451577","#9, Thanisandra Main Road, Thanisandra, Bangalore - 560045, Near Maruthi Samuel"
"ROYAL TRAVELS","+ 91  9611555173","1st Floor, BDA COMPLEX, 80ft Road, Hbr Layout, Bangalore - 560043, BDA COMPLEX"
"Kerala Tours & Travels","+ 91  80 23658663","No.38, Khb Main Road, R T Nagar, Bangalore - 560032"
"Hello City Taxi Tours & Travels","+ 91  9242985871","No.43, 4th D Cross, B Channasandra, Kalyanagar Post, Hennur Main Road, Bangalore - 560043, Near Ramamurthy Nagar Ring Road"
"J J Travels","+ 91  80 65662483","No.29/64, 8th Cross,9th Main,Marudhi Layout, Hennur Main Road, Bangalore - 560043, Behind Hennur Cross Reliance Fresh"
"Fly Dot Travel And Holidays Pv...","+ 91  80 32321132","No.819/H,1st Floor, 80ft Road,3rd Block, HBR Layout, Bangalore - 560043, Near Bda Complex"
"Falcon Travels And Holidays","+ 91  80 41668203","No 102,2nd Floor, 3rd Block,1st Stage, HBR Layout, Bangalore - 560043, Opposite BSNL Telephone Exchange Office"
"Car Zone Travel House","+ 91  80 65959575","No 8, Dr SRK Post, Saraipalya, Thanisandra, Bangalore - 560045, Opposite To Icici Bank"
"Arsalan Tour and Travels","+ 91  8095213602","#36,shop no 9, Bellary main Road, Ganganagar, Bangalore - 560032, Near Shell Petrol Bunk"
"City Taxi Tours & Travels","+ 91  80 40988988","No.38, 2nd Crs,Hbr Lyt,3rd Blk, Kalyan Nagar, Bangalore - 560043, Nr Hennur Tenth Bus Depo,Opp Bata Show Room"
"Ganga Tours And Travels","+ 91  9738037788","No142, Chikkanayya Layout, Hennur Main Road, Bangalore - 560043, Nr Manjunatha Cable Office"
"SRINIDHI TOUR & travels","+ 91  9241277777","#595,Sree Ganga Complex, Hennur Cross, Kalyan Nagar, Bangalore - 560043, Opp to JAIN HEIGHTS APARTMENT"
"Classic tours and travels","+ 91  80 42056489","No,1, Naganahalli main road, Sultan Palya, Bangalore - 560032"
"Sri Sai Tour & Travels","+ 91  9738206997","No.39/5, Mariyamma Temple Street, Nagavara Main Road, Kadugondanahalli, Bangalore - 560045, Near KG Halli Police Station"
"Mayur Tours And Travels","+ 91  9845842299","No.9, Ashwathamma Munisonappa Cmplx, Nanda Gokula Lyt, Shampura Mn Rd, Arabic College, Bangalore - 560045, Opp Power Station"
"SAYYIDAH TRAVELS","+ 91  80 25440676","#6, 1st Floor ,Opp to Maruthi Saw Mil, Thanisandra, Bangalore - 560045, Near Saripalya Bus Stop"
"Travel Link","+ 91  80 32016757","No.3, Shawny Cmplx, Shampur Mn Rd, Arabic College, Bangalore - 560045, Nr Ambedkar Medical College"
"Yr Travel","+ 91  80 25480203","K.G.Halli,Dr.B.R.Ambedkar Medical College Rd, Kushalnagar, Bangalore - 560045, Nr Nobel Saint School"
"A L Tours And Travels","+ 91  9880990709","No.155, 2nd Cross, 2nd Main, R T Nagar, Bangalore - 560032, Bhuvaeshwarinagar Sultanpalya Main Road"
"Angel Tours And Travels","+ 91  9448619667","No.846, 11th Crs,1st STG, H B R Layout 3rd Block, Bangalore - 560084, Nr Brindavan Telephone Exchange"
"Al Baith Tours And Travels","+ 91  9845090829","No.76, 3rd Block, 80Feet Road, 10th Cross, HBR Layout, Bangalore - 560043, Near To Al Hilal Masjid"
"Shine Travel & Cargo Pvt Ltd","+ 91  80 25437447","Govindapuram Mn Rd,Outer Ring Rd, Venkatapuram Post Main Road, Bangalore - 560045"
"Globalsights Travels & Holiday...","+ 91  80 40930372","733, Tulsi Nilaya, I Floor, Shani Mahatma Temple Road, Hennur Main Road, Bangalore - 560043, Behind Canara Bank, Hennur Cross"
"Vs Tours & Travels","+ 91  9066160480","No.9 ,Ground Floor, Byreshwara Layout, Hennur Main Road, Bangalore - 560043, Near HP Gas Agency"
"carmel matha tours and travel","+ 91  9740419952","No 102 chikkana layout shampur main road, Shampura, Bangalore - 560045, OPP TO ST mark school"
"Raja Hair Style","+ 91  9590715912","No. #1, Nagawara main Road, Arabic College, Bangalore - 560045, Near Ameer Shadi Mahal"
"Sinha Easy Travel Pvt Ltd","+ 91  80 41703345","No.226, Kalyan Nagar, Bangalore - 560043, Next To Ganesha Temple, Near Petrol Bunk"
"AMGK Travel Planners","+ 91  80 42161375","No.26, 10th A Cross,Kanaka Nagar, R T Nagar, Bangalore - 560032, Near Sultan Palya Main Road"
"MUSKAAN TELECOM AND TRAVELS","+ 91  9945998886","#4, Saraipalya Main Road, Saraipalya, Bangalore - 560045, Near ICICI BANK"
"Banashree Tours and Travels","+ 91  9886303725","2,Balaji building, Hennur main road, Kacharakanahalli, Bangalore - 560084, Near Hennur depot"
"Indian Tours And Travels","","Nagawara Main Road, Kadugondanahalli, Bangalore - 560045, Near Police Station"
"GMG Tours And Travels","+ 91  80 41472424","No.11/1, Shop No. 6, Chikkagulappa Building, Hennur road, Hennur Main Road, Bangalore - 560043, Hennur bande"
"Raja Ram Gift And Fancy Store","+ 91  9986441162","Shop No 05, Hasnath College Road hennur, Hennur Main Road, Bangalore - 560043, Near Hennur Bande Bus Stop"
"Shyam Tours And Travels","","Vinoba Nagar, Bangalore - 560045"
"S K Cotton City Tours & Travel...","+ 91  80 40964570","No. 5, 4th main road, Sultan Palya, Bangalore - 560032, Near pavitra bar"
"Yaseen Tours & Travels","+ 91  9880024258","#4th D Cross, Rathan Sigh Layout,, 25, K H B Colony Extension-Kaval Byrasandra, Bangalore - 560032"
"Sri Sai tours & travels","+ 91  80 26424242","# 20, AMC Main road, Kaval Byrasandra, Bangalore - 560032, Opp Ambedkar Medical College"
"Shree Chowdeshwari Tours & Tra...","+ 91  7899662399","Nagawara, Bangalore, Karnataka, Nagawara Main Road, Kothanur, Bangalore - 560077"
"M A Tours And Travels","+ 91  9535931085","No.5/1, 2nd C Main,Khushal Nagar,A C Post, Kushalnagar, Bangalore - 560045, Near KG Halli Police Station"
"Sri Maha Ganapathi Real Estate...","+ 91  9902065451","Narayanappa Building, 1st A Cross, Kanakanagar Main Road, R T Nagar Post, Kanaka Nagar-Rt Nagar, Bangalore - 560032, Near St Thomas School"
"Trinity Yathra Travels","+ 91  8025929228","Kanaka Nagar-Rt Nagar, Bangalore - 560032"
"Travel Care","+ 91  9880537006","Kanaka Nagar-Rt Nagar, Bangalore - 560032"
"SS Relaxtion Trip & Travels","+ 91  8861161106","No.32, 4 Th Cross, Kanaka Nagar-Rt Nagar, Bangalore - 560032"
"SHREE CHOWDESWARI TOURS & TRAVELS","+ 91  80 25442999","#1, SHARADAMA COMPLEX, THANISANDRA Main Road,, Ashwath Nagar, Bangalore - 560045, Opp to Sagar Medical"
"Zaara Tours & Travels","+ 91  9902724003","No. 17, AMC Main road, Kadugondanahalli, Bangalore - 560045, Noble Saint High School"
"Travel Advisor","+ 91  80 25457032","No 416, Kammanahalli Main Road, Kammanahalli, Bangalore - 560043, Opposite ICICI Bank"
"KGN Tours And Travels","+ 91  80 23554343","No.23/1, 2nd Crs,Brundavan Lyt, Kaval Byrasandra, Bangalore - 560032, Nr Pushpanjali"
"Volga Travels & Tours","","No.23/1, 2nd Crs,Brindavan Lyt, Kaval Byrasandra, Bangalore - 560032"
"Amanulla Travels (Closed down)","","No.2159,4th cross, Ashwath Nagar,Chikanna Layout, Thanisandra, Bangalore - 560045"
"Savi Tours And Travels","+ 91  80 33294018","#52/2, 2nd cross , ramaiah layout, St Thomas town post, Kammanahalli, Bangalore - 560084"
"Siddeshwara Travels","+ 91  80 33051976","No.32, 3rd Cross,K K Halli, Kammanahalli, Bangalore - 560084, Behind Jal Vayu Vihar"
"Kanaka Tours And Travels","+ 91  80 33092149","No 1058, 3rd E Main,9th Cross, St Thomas Town, Bangalore - 560084, Near Sathya Hospital"
"Snow White Travels","+ 91  80 65356536","No.8 & No.43,Bn Cmplx, Kammanahalli Main Road, Bangalore - 560033"
"Travel Track","+ 91  80 40999763","No 8,1st Floor, Sree Nanjundeshwara Complex, Kammanahalli, Bangalore - 560084, Above Vision Express"
"Praveen Travels","+ 91  80 39629932","No.223,2nd Floor, Ullasappa Road, Kammanahalli, Bangalore - 560084, Behind Royal Inn Apartment"
"Global Travel Solutions","+ 91  80 39629524","No.10,Shop 4,5, Nehru Road, Kammanahalli, Bangalore - 560084, Near Empire Circle"
"Triune Travels And Money Ch...","+ 91  80 33050930","No.156, 2nd Cross,Nilgiris Road, Kammanahalli, Bangalore - 560084, Near Empire Hotel Signal"
"Prakash Travels","+ 91  80 33724744","No 99, Junti Grama,3rd Block, R T Nagar, Bangalore - 560032, Near Ganesha Tempel,Sumangali Asharma"
"Travel Advisors","+ 91  80 25457032","Kammanhalli Main Road, Kammanahalli, Bangalore - 560043, Opposite ICICI Bank"
"Jeevitha Tours And Travels","+ 91  80 25438532","No.42, 3rd Main,6th Cross,Ramaiah Layout, Kammanahalli, Bangalore - 560084, Behind Purchase Point"
"Mani Tours N Travels","+ 91  80 22237046","No.39, Banaswadi Main Road, Banaswadi, Bangalore - 560043, Near Ayyappa Temple"
"Super Travels","+ 91  80 33568935","No.94, G Block, 5th Cross, Lingarajapuram, Bangalore - 560084, Near Amruth Theatre"
"Travel Track Visa Services","+ 91  80 40999763","No.8,1st Floor,Sree Nanjundeshwara Complex, Main Road, Kammanahalli, Bangalore - 560084, Above Vision Express"
"Savi Travels","+ 91  9902908206","No.52/2, 2nd Cross,Ramaih Layout,St Thomas Town Post, Kammanahalli, Bangalore - 560084"
"Sree Sai Tours And Travels","+ 91  80 33566641","No.18, 4th A Cross,Seethappa Layout,Cholanayakanahalli, R T Nagar, Bangalore - 560032, Next Rajiv Gandhi Dental College"
"East Zone Exchange & Travels","+ 91  80 41607332","No. 96/3, Hrbr Layout, Kammanahalli, Bangalore - 560033, Next To Arun Medicals"
"Dinesh Tour And Travels","+ 91  80 33083543","No 336, 4th Cross, Anandagiri Badavane, 4th Main, R T Nagar, Bangalore - 560032, Near Sumangali Seva Ashrama"
"Siddeshwara Travels","+ 91  80 40942222","No 32, 3rd Cross,K K Halli, Kammanahalli, Bangalore - 560084, Behind Jal Vayu Vihar"
"Concorde Tours And Travels","+ 91  80 22126357","No.19/3, Kammanahalli Main Road, Kalyan Nagar, Bangalore - 560043, Opposite Health And Glow"
"P D Tours And Travels","+ 91  80 33292296","No 36,C Cross,VIJAYA Bank Colony,Ram Murthy Nagar Main Road, Doddabanasawadi, Banaswadi, Bangalore - 560043, near to Baldwin School"
"Kallada Tours & Travels","+ 91  80 40942094",""
"Riya Travel & Tours India Pvt Ltd","+ 91  80 61608080","Arya Avenue, 3rd Floor, Kammanahalli Main Road, Bangalore - 560033, Opposite To Jalavayu Vihar"
"KSRTC TRAVEL HOUSE AND SM TOUR...","+ 91  80 32995585","No.31 KPJ ARCADE, Sakkamma Garden, Hennur Main Road, Lingarajapuram, Bangalore - 560084, Near To Axis Bank ATM"
"JAS TRAVELS & HOLIDAYS","+ 91  80 40984501","No 162, KAMMANAHALLI MAIN ROAD, Kammanahalli, Bangalore - 560084"
"Java Travel And Hospitality Pv...","+ 91  80 42180185","No.228, Ground Floor, 10th C Main, 100 Feet Road, HRBR Layout, Kalyan Nagar, Bangalore - 560043, Opposite To State Bank Of Travancore"
"Jagadish Travels","+ 91  80 23657799","No.3,1st Floor,Manjunatha Complex, SSA Road,Off New Airport Road, Hebbal, Bangalore - 560024, Opposite HDFC Bank ATM"
"S R M Tours & Travels","+ 91  80 25790511","St Thomas Town, Hennur Road, Bangalore - 560084, Opp Campus Crusade"
"KSRTC Travel House","+ 91  80 23655005","#4 VG Complex, 8th Cross, SultanPalya Main Road R T Nagar Post, Sultan Palya, Bangalore - 560032, Near SultanPalya Bus Stop"
"Savi Tours And Travels","+ 91  80 23305752","No.52, 2rd Cross,Ramaya Layout, Kammanahalli, Bangalore - 560084, Near St Pauls School"
"Raja Rani Kalyana Mantapa & Pa...","+ 91  7259661016","Satya Hospital Building, Kammanahalli Main Road, Kammanahalli, Bangalore - 560043, Opp. To St Charles High School"
"SEVEN HILL TOURS & TRAVELS","+ 91  8050850500","#215, chikkagangappa layout, hennur cross, Kalyan Nagar, Bangalore - 560043, near freedom foundation"
"Airport Cabs Tours And Travels","+ 91  80 25482741","No.29, 1st Main,M M Layout,Kavalbyrasandra, R T Nagar, Bangalore - 560032, near ambedkar medical college"
"Lakshmi Narayana Travels","+ 91  80 25470510","No.002 , 2/1 S V Heritage, Hennur Main Road, St Thomas Town Post, Lingarajapuram, Bangalore - 560084, Near Shell Petrol Bunk"
"Intersight Tours And Travels","+ 91  80 41235407","No 102 1st Floor 4th Avenue, No 410, CMR Road, Kalyan Nagar, Bangalore - 560043, Hrbr Layout,Second Block"
"S R M Tours And Travels","+ 91  80 41535113","#2, Babusapalya Main Road, Babusapalya, Bangalore - 560043, Opp.Ganesha Temple"
"C M R Tours & Travels","+ 91  80 41736484","#66, Ramachandrappa Road, Kammanahalli, Bangalore - 560084, near jyothi school"
"Lakshmi Tours & Travels","+ 91  80 25804915","No.19/2, Vishnu Plaza, Nehru Main Road, Arvind Nagar, Kammanahalli, Bangalore - 560043, Next To Syndicate Bank"
"Geo Travels","+ 91  80 41687144","Irudaya Shopping Centre, Geddalahalli, Kothanur, Bangalore - 560077, Near South Indian Bank"
"Manju Tours And Travels","+ 91  80 23106976","No.646/B, Kempegowda Main Road,Dasarahalli, Hebbal Agri Farm, Bangalore - 560024, Near Shobha Moonstone Apartment"
"Alpha Travel Aid","+ 91  80 25202704","#934 A Cross, Kalyan Nagar, Bangalore - 560043, Hrbr Layout"
"Alfa Cabs Tours And Travels","+ 91  80 23435997","9/9, 2nd A Cross,, Sultanpalya Main Road,, R T Nagar, Bangalore - 560032"
"Gokul Travels","+ 91  80 50781611","No 6, 1st Cross,Papanna Layout, R T Nagar, Bangalore - 560032, Behind More Supermarket"
"HM Tours & Travels","+ 91  9986624193","No 100/7, Nagwara Main Road, Venkateshapuram, Bangalore - 560045, Near To Billal Masjid"
"Babitha Convience Solution PVT...","+ 91  80 25435561","No.79/3, Hrbr Layout, 1st Main Road, 1st Stage, 5th Block, Kalyan Nagar, Bangalore - 560043, Near Keb Office"
"Raja Rajeshwari Service Station","+ 91  8023331608","26, Bellary Main Road, Near (Ivra), Ganga Nagar,Bangalore-560032, Ganga Nagar Extension, Bangalore - 560032"
"Ghouse Tours And Travels","+ 91  80 23530531","No. 3/1, R T Nagar Main Road, Rahmath Nagar, R T Nagar, Bangalore - 560032, Opp Empire hotel"
"Luxury Tours & Travels","+ 91  80 25461473","No.3, Ramaiah Complex, Nagwara Main Road, Venkateshapuram, Bangalore - 560045, Next to SR Function Hall"
"Lucky Tours & Travels","+ 91  80 25474517","No.932, Hennur Main Road,, Lingarajapuram, Bangalore - 560084, Near Muthoot Finance"
"Raja Rajeshwari Medical Centre","+ 91  80 32210278","#276, Kailash Complex, 1st Floor, Guddadahalli mn rd, R T Nagar, Bangalore - 560032, V.nagena Halli Mn Rd Above mythri bazaar"
"Angel Travels","+ 91  9538214873","No.4, 6th Cross Road, R T Nagar, Bangalore - 560032"
"M S Tours And Travels","+ 91  9844530426","No 6, 2nd Cross, St Thomas Town, Bangalore - 560084, Near Sathya Hospital"
"K M Tours And Travels","+ 91  80 25451055","2nd Cross,Agara Main Road, Horamavu, Bangalore - 560043, Near KBN Apartments"
"Sharaf Forex And Travels","+ 91  80 40999600","No. # 62/2, 2nd Block, CMR College Road, Kalyan Nagar, Bangalore - 560043, Opp. To A2B"
"Karnataka Tours & Travels","+ 91  80 25426821","No.420,1st Flr,Mathrushree, 4th A Crs,2nd Blk, Kalyan Nagar, Bangalore - 560043"
"Harmain Tours & Travels","+ 91  9886196767","No 7/30, Nagwara main road, venateshpuram bus stop, Arabic College, Bangalore - 560045, Near bus stop"
"Deepu Tours And Travels","+ 91  9902965333","No 146/2 New No 487/3, Chellekere Chinnappa Layout, Kalyan Nagar, Bangalore - 560043, Near Bangalore City College"
"Arrow Travels","+ 91  80 41611729","#63/1, Shop No.2, NILGIRIS Road, Kammanahalli, Bangalore - 560084, Near Thulp Restaurant"
"Make Yatra Travels And Holidays","+ 91  80 41499225","No 58, Nehru Road, Kammanahalli, Bangalore - 560043, Near Kullappa Circle"
"Emjay Travels","+ 91  80 25448017","No.3, 3rd Cross, Ramaiah Layout, Kammanahalli, Bangalore - 560084, Near To Sathya Hospital"
"Career Flight Consultants (Clo...","","No.1/2, 6th A Cross, Kauser Nagar, R T Nagar, Bangalore - 560032"
"United Cabs Tours And Travels","+ 91  80 33535921","No 363, 3rd D Cross, B Channasandra, Bangalore - 560043, Near CMR Collage"
"R S Tours And Travels","+ 91  80 65644644","No.937, Muniyappa Road, R S Palya, Kammanahalli Main Road, Bangalore - 560033, Near Muneshwara Temple"
"Skv Tempo Travels","+ 91  80 23435988","M M Medical, Khb Main Road, Sultan Palya, Bangalore - 560032, Nr Kanaka Nagar, Devagowda Mn Rd"
"Global Wings Tours & Travels","+ 91  9008299489","No.3, 3rd Cross, Kammanahalli, Bangalore - 560043, Near Sukh Sagar Hotel"
"Glorious Tours & Travels","+ 91  9743571999","No.635, 2nd Floor, 1st Main Road, R T Nagar Post, Bhuvaneshwari Nagar, Bangalore - 560032, Near To Vijaya Bharathi School"
"Sri Lakshmi Tours & Travels","+ 91  8549867744","43/2, Kalyan Nagar, Bangalore - 560043, Near HP Petrol Bunk Opp 10th Bts Depot"
"Ali Tour & Travels","+ 91  9738517323","********, HBR Layout, Kalyan Nagar, Bangalore - 560043, Nurani masjid"
"Nithin Tours & Travels","+ 91  80 25456829","#6, 3rd Cross, Hrbr Layout, 2nd Block,, Kalyan Nagar, Bangalore - 560043, Nr Cmr College"
"Coresun Travels","+ 91  80 41284420","480, 6th Main, H.m.t. Layout, R T Nagar, Bangalore - 560032, R.t. Nagar"
"Inet Tours & Travels","+ 91  80 23659333","No.15, Ashraya Apartments, Athmananda Colony Main Road, R T Nagar, Bangalore - 560032, Opposite to sbi bank"
"Shaheen tours and travels","+ 91  80 25460038","No 85/1, Anwar layout main road, Anwar Layout, Bangalore - 560045, Opposite To Mother Theresa School"
"Sri Mookambika Tours & Travels","+ 91  80 64546192","No.79, Suprabatha Complex, Nagenahalli, Doddaballapura Main Road, R T Nagar, Bangalore - 560032, Near Railway Gate"
"A B Tours & Travels","+ 91  9945465656","No.1409, Venkatappa Layout, Chamundinagar, R T Nagar, Bangalore - 560032, Near Sri Bar"
"G M R Travels","+ 91  80 23542820","No 23, 6th Cross Athmananda Colony, Rt Nagar Post, R T Nagar, Bangalore - 560032, Near SBI Bank"
"Athithi Tours And Travels","+ 91  80 40943765","No.334/2, Sampige Road, Kammanahalli, Bangalore - 560084, Near Deepa Bakery & Opp Triveni Store"
"Athithi Tours And Travels","+ 91  80 40943765","Shop no. 1 GNR Complex, 60ft Nehru Road, Kullappa Circle, Kammanahalli Main Road, Bangalore - 560033, Opposite To Meenakshi Steel"
"YESKAY TRAVELS","+ 91  80 40912183","#1903/1, 1st Floor, 16th Cross, oil Mill road, Munnireddy Street, Lingarajapuram, Bangalore - 560084, Opp to MURALI CLINIC"
"Yeskay World Travels","+ 91  80 25449338","No. 141, New No. 5,Trinity Building, 3rd Cross, Ganesh Temple Street, Hrbr Layout 3rd B, Kalyan Nagar, Bangalore - 560043, Near Ganesh Temple"
"Hitesh Tours And Travels","+ 91  80 25458455","#3, Kammanahalli Main Road, Kammanahalli, Bangalore - 560084, Near EMPIRE HOTEL"
"Globe Wide Travels","+ 91  80 41100570","No.1/4, Saint Thomas Road,Sampana Layout, Kammanahalli, Bangalore - 560043, Near Sri Sagar Hotel"
"Yuvan Travel House","+ 91  8123412344","No.458, 3rd Floor, 3rd AA Main, East Of NGEF Layout, Kasturi Nagar, Bangalore - 560043, Near Ramamurthy Nagar Junction"
"A R City Taxi Tours & Travels","+ 91  80 32992225","No.45, 1st Main Road,Vinayaka Layout,Kempapura, Hebbal, Bangalore - 560024, Near Sri Vinayaka Temple, Opp To Coffee Board Layout"
"Chaitanya Tours and Travels","+ 91  9845746456","Kalyan Nagar, Bangalore - 560043, Kalyan Nagar"
"Swastik Tours & Travels","+ 91  9845027396","No.929, New Ring Road, Hrbr Layout, Babusapalya, 1st Block, Kalyan Nagar, Bangalore - 560043"
"Jeevitha Tours & Travels","+ 91  9742433342","# 42, Shop No. 2, 3rd Main, 6th Cross, Ramaiah Layout, Kammanahalli, Bangalore - 560084, Near Parivar"
"Lakshmi Travel Point","+ 91  80 9886514140","19/2, Vishnu Plaza, Nehru Mn Rd, Arvind Nagar, Kammanahalli, B-84, Bangalore - 560084"
"R K tours n travels","+ 91  9741414430","25-A, Seethappa layout, Sultan Palya, Bangalore - 560032, Near shalini bar"
"Durga Travel World","+ 91  80 41121252","Hrbr Layout, Bangalore - 560043, Kalyan Nagar"
"Ira Tour & Travels","+ 91  9036098940","16th Cross, Munni Reddy Street, Lingarajapuram, Bangalore - 560084, Opposite Murali Clinic"
"Riya Travels & Tours","+ 91  80 61608080","Bangalore - 560043"
"Sai Baba Travels (Closed down)","","No.34 K-335, Manjunath Nagar, Kalkere, Bangalore - 560043"
"WORLD VIEW TOURS AND TRAVELS","+ 91  80 42115336","#11/1, 6th Cross KEB Road, Kammanahalli, Bangalore - 560084, Near to KULLAPPA CIRCLE"
"Globe Express Travel Pvt Ltd","+ 91  80 65595007","No.12, Idhya Shopping Cmplx,Airport Link Rd, Kothanur, Bangalore - 560077, Opp Sweet Chariot"
"Savera Tours & Travels","","No.323, 8th Crs, Pillana Garden, Bangalore - 560084"
"Kattakayam Travels & Tempo Ser...","+ 91  80 25462024","No.26, 3rd Cross, Lingarajapuram, Bangalore - 560084"
"Shaloom Tours & Travels","+ 91  9880554594","6,Pooja Complex,Nanjappa Garden, 2 Nd Crs,, Babusapalya, Bangalore - 560043"
"Eden Tours & Travels","+ 91  80 65681880","No 1 A,Ashirwad Complex, Agara Main Road, Babusapalya, Bangalore - 560043, Opposite Maruthi Vidyalaya"
"Nagapudi Travel Corporation","+ 91  9945677663","Ff01, Sovereign Park Apartments, Chinnanna Layout 1st Main Road, Kaval Byrasandra, Bangalore - 560032, Near Dr. B.R. Ambedkar Medical College And Hospital"
"S R Tours and travels","+ 91  80 22924895",""
"Travel Inn","+ 91  80 42023115","No. 14, Shop No. 1, V Nagenahalli, Kushalappa Layout, R T Nagar, Bangalore - 560032, Opposite To South Indian Bank ATM"
"First Choice Tours And Travels","+ 91  80 42088739","No.146, V Nagenahalli Main Road, R T Nagar, Bangalore - 560032, Opposite Little Scholars Academy"
"joy tour & travel","+ 91  9972573450","no 45, Kushalnagar, Bangalore - 560045, near mangalakshmi temp"
"Raja Mandi Salt Syndicate","+ 91  9980831183","No.18, 9th Crs, Kushalnagar, Bangalore - 560045, Opp KG Halli Police Stn,AMC Rd,Nxt To Noble Saint English School"
"Raja Store Stationary","+ 91  8050025255","#106, 1st Main Road sultan Palya, Bhuvaneshwari Nagar, R T Nagar, Bangalore - 560032, Near Auto Stand"
"Royal Tours & Travels","+ 91  80 26929856","No. M 27, Shampur main road, Kaval Byrasandra, Bangalore - 560032, Near ashraif masjid"
"Raja rani fashion","+ 91  8502025325","Bhuvaneshwari Nagar, Bangalore - 560032, sultan palya main road"
"Zec Track Travels","","No.277, Oil Mill Rd, Lingarajapuram, Bangalore - 560084, Opp To Ganesha Temple"
"LuckyS Travel Point","+ 91  80 41125425","No.51, shop no 1,14th cross, Manorayanapalya, Sultan Palya, Bangalore - 560032, Near laxmi gold paradise"
"P R TOURS & TRAVELS","+ 91  8904435200","No.05, 2nd Cross, Dinnur Main Road, R T Nagar, Bangalore - 560032, Near White House"
"Kshatriyas Tours & Travels","+ 91  9916513837","No 20/21 Kaval Byrasandra R. T. Nagar Post, R T Nagar, Bangalore - 560032, Near New Bus Stop"
"haysans air travels services","+ 91  8277207174","#10,apoorva complex, dinnur main road, R T Nagar, Bangalore - 560032, behand police station"
"Srishthi Travels","","R T Nagar, Bangalore - 560032"
"Excel Travels","+ 91  80 23333724","11, 2 Flr, 5 Mn Rd, Ganganagar, B-32, Bangalore - 560032"
"Srinivasa Tours & Travels","","R T Nagar, Bangalore - 560032"
"Om Shakthi Tours & Travels","+ 91  9900418338","No.14/72, 5th Cross, Manorayana Palya, R T Nagar, Bangalore - 560032, Near Lakshmi Bar"
"Sree Raja Rajeshwari Engineeri...","+ 91  80 25442616","Hennur Mn Rd,Kacharakanahalli, Hennur Road, Bangalore - 560084, Opp Old Keb Office,Nr Nagadevi Indl Est"
"Travel Gate India.com","+ 91  80 31903399","#11, Lower Ground floor, K H B Colony Main Road, R T Nagar Post, Sultan Palya, Bangalore - 560032, Near KHB QUATERS"
"Raja Rao","+ 91  9945606696","No.69, Hbr Layout Ext, Kadugondanahalli, Bangalore - 560045, Nr Girimaji Rao Cricle"
"Wellcare Travel Services","+ 91  9901954052","#5, 1st Cross, Kadugondanahalli, Bangalore - 560045, Behind Deccan Medicals"
"St anthonys cyber cafe tours &...","+ 91  8553288759","# 12, KHB Main road, Kaval Byrasandra, Bangalore - 560032, Beside Perfect driving school"
"Geetha Roadlines Tours & Travels","+ 91  80 40943764","No111, Munireddy Swamy Road, Chelekare, Bangalore - 560043, Near Royal Concorde School"
"Login Tours And Travels","+ 91  80 25442037","No. 1038, 2nd Cross,Kk Halli, St Thomas Town, Kammanahalli, Bangalore - 560084, Near Joythi School"
"FOREXON TRAVEL","+ 91  9739006382","#62, 1st Floor, 4th Cross, 2nd Block,Kalyan Post, HRBR Layout, Bangalore - 560043, Near to BSNL OFFICE"
"SRI Raja Lakshmi Tele Line","+ 91  9900426284","1, Vasavi Plaza, Kammanahalli, Kammanahalli, Bangalore - 560084, Opposite Jal Vayu Vihar"
"Immannuel Travel Point","+ 91  80 23650577","No 50, 12th Cross (Old 2nd Cross), Ayappa Block, Manorayana Palya, Bangalore - 560032, R T Nagar Post"
"Shiva Travels & Hotel Reservation","","No.18,Shivraj Nilaya, 10th Crs,Hbr Lyt,1st STG,2nd Blk, Kalyan Nagar, Bangalore - 560043"
"Power Tours & Travels","+ 91  9739069286","1st Stage,80ft Rd,Hbr Layout, Kalyan Nagar, Bangalore - 560043, Opp Petrol Bunk"
"Bhavani Tours & Travels","+ 91  80 25457199","No.402, 4th Cross,4th A Main,Hrbr Layout,Kammanahalli Main, Kalyan Nagar, Bangalore - 560043"
"Travel Connect","+ 91  9900604140","No. 305, Hrbr Layout, Nehru Road, 2nd Block, Kalyan Nagar, Bangalore - 560043, Near Empire Hotel"
"Vijay Tours & Travels","","No.353, Hennur Crs, Kalyan Nagar, Bangalore - 560043, Beside Banjara Apt"
"Kari Basaveshwara TRAVELS","+ 91  80 25252525","Kalyan Nagar, Bangalore - 560043"
"St Joseph Tours & Travels","+ 91  8884136555","# 33, 3rd Cross, Ramaiah Layout, St. Thomas Town Post, Kammanahalli, Bangalore - 560084, Behind Sathya Hospital"
"Anushka Tours & Travels (Close...","","No.229/3, AC Complex, Dasarahalli Main Road, Hebbal, Bangalore - 560024"
"Raja Nair","+ 91  9740455988","811, 4th B Cross Kalyan Nagar 9th Main, Hrbr Layout, Bangalore - 560043"
"Sree Raja Rajeshwari Prathap f...","+ 91  9590785338","No.13, Sultanpalya Main Road, R T Nagar, Bangalore - 560032, Near laxmi gold palace"
"Srj Travels","+ 91  9900932214","#168,7th Main,7th Cross,Talakaveri Road, Basava Nagar, Kadugondanahalli, Bangalore - 560045, Basavanagar Bus Stop"
"S R Tours & Travels","+ 91  9663963686","46/6, Manorayanapalya mn rd 6th cross, R T Nagar, Bangalore - 560032, Near harishankar Matt"
"Hoysala Travels","+ 91  9945783443","Bangalore - 560084"
"Sebastine Travels","+ 91  9845135499","No. 24, Karumari Amman Tempel Street, Subbanapalya, MS Nag, Kammanahalli, Bangalore - 560043, Near Kullapa Cricle"
"Sri Shiridi SAI Tours And Travels","","No.44,Golden Homes, 2nd Crs,Oil Mill Rd, Kammanahalli, Bangalore - 560084"
"Dr Raja Ponnambalam","+ 91  80 25440624","Room No. 4, Sathya Hospital, Kammanahalli Main Road, Kammanahalli, Bangalore - 560084"
"Dr Raja Ponnambalam","+ 91  80 25440624","Satya Hospital, Room No.4, Kammanahalli Mn Rd, Kammanahalli, Bangalore - 560043"
"Vardhman Tours And Travels","+ 91  80 25443315","Challekere Main Road, Kalyan Nagar, Bangalore - 560043, Near Bangalore City College"
"Lakshmi Narayana Travels","+ 91  80 25470510","No.2,S V Heritage, Hennur Main Road St Thomas Town Post, Lingarajapuram, Bangalore - 560084, Opposite Shell Petrol Bunk"
"Lakshmi Tours & Travels","+ 91  80 25805289","No 19/2 Vishnu plaza, Nehru Main Road, Kammanahalli, Bangalore - 560084, Near Honest Bakery"
"Sandeep Tours & Travels","","R T Nagar, Sultan Palya, Bangalore - 560032"
"Bhn Travel","+ 91  9663766870","#359, 8th Cross,, Shampura Main Road, Arabic College, Bangalore - 560045, Near Dr Ambedkar Hospital"
"HKGN Tours & Travels","+ 91  9164042426","12, Kavalbyrasandra mn rd, R T Nagar, Bangalore - 560032, Near kavalbyrasandra bus stop"
"Raja Ram Fancy & Gift Center","+ 91  9739416252","No 72/3, Oil Mill Road, St Thomas Town, Bangalore - 560084, Arvind Nagar"
"Bismilla Zeeba Travels","+ 91  80 25482800","19,, Venkateshpuram, P & T Colony, P & T Colony, Bangalore - 560032"
"Enjoy Tour & Travels & ZAC Ent...","+ 91  9743699000","No. 31, D-Nagaraj Layout, R T Nagar Post, Kaval Byrasandra, Bangalore - 560032, Near BMTC Bus Stand"
"TRAVEL ZONE","+ 91  80 24043022","No 53, kammanhalli main road, Kammanahalli, Bangalore - 560084, Opposite to Church"
"Hospitality And Travel Industr...","+ 91  9845466306","1st Floor, HGH Complex5th Main Road, Ganganagar, Bangalore - 560032, No.60"
"Tasmiya Tours & Travels","+ 91  9845944121","No.6, 1st Main Road, R T Nagar, Bangalore - 560032, Opposite Mla Layout, Near Petrol Bunk"
"The River Neel Travels & Tourism","+ 91  80 40905824","No.01, 2nd Main Road, R T Nagar, Bangalore - 560032, near karur vaysya bank"
"Raj Travels","+ 91  9538069059","t.v tower main road, R T Nagar, Bangalore - 560032, opp to fun world"
"Deepak Tours & Travels","+ 91  9741330031","No.6, 1st Cross, Papanna Layout, V Nagenahalli Main Road, Kanaka Nagar-Rt Nagar, Bangalore - 560032, Near Mythri bazar"
"Raju Travel Service Bengaluru","+ 91  9620557008","#, lakshmaiah block,Ganganagar, R T Nagar, Bangalore - 560032, reva collage"
"Jenny Tours And Travels","+ 91  8050081760","No.1109, 4th Cross, Kaval Byrasandra, Bangalore - 560032, Near Kaval Byrasandra Bus Stop"
"Gajalakshmi Tours and Travels","+ 91  9886632009","No. 16, 4th Main Road,, K.H.M. Block,, R T Nagar, Bangalore - 560032, Behind Ujwal Bar & Restuarant,"
"Kiran Tours And Travels","+ 91  9449450265","No.526, 5th Main, 4th Cross, Bhuvaneshwari Nagar, Bangalore - 560032, Near Good Will Public School"
"Travel Outlet","+ 91  80 23335551","No.05, 1st Main Road, Mattadahalli, R T Nagar, Bangalore - 560032, Near Radhakrishna Theatre"
"Trust Tours & Travels","+ 91  9980985472","No. 3/1 1st Main 4th Cross, Muneshwara Layout, Mannorayanapalya, R T Nagar Post, Sultanpalya Hebbal, Bangalore - 560032, Near Kateerama Temple"
"Manjunath S Tours & Travels","+ 91  80 23654711",""
"Silver Wings Tours And Travels","+ 91  80 57657301","8, 80fet, Main Road, R T Nagar, Bangalore - 560032, Opp,Petrol Bunk"
"NN Star Tours And Travels","+ 91  9742830733","No.8, 3rd Cross, Sitathappa Layout , Sholoanayakana Halli, Gayathri Temple Road, Manorayan Palya, R T Nagar, Bangalore - 560032"
"Jai Garuda Travels","+ 91  80 23536669","No.36,, 10th Crs,6th Mn,Vasanthappa Blk, R T Nagar, Bangalore - 560032, Near radhakrishna school road"
"Sky Speed Tours & Travels","+ 91  80 23634447","No.21/8, 5th Main, 5th Cross, Ganganagar, Bangalore - 560032, Opposite To Modern School"
"Barkathul harmain internationa...","+ 91  80 23566111","#21, 4th cross,kausar nagar,, Dinnur Main Road, Bangalore - 560032, Behind city Medicals shop"
"M S Global Travels","+ 91  9538700700","No.8,1st Flr, 1st Mn Rd,Rt Ngr Post, Matadahalli, Bangalore - 560032, Nr Radhakrishna Theathre"
"Sri Surya Tours and Travels","+ 91  9880830578","No 61/1, 2nd cross, 2nd main, Hotel Muniyappa Layout, V. Nagendrahalli, R T Nagar, Bangalore - 560032, Near Hebbal Police Statoin"
"H K Travels","+ 91  7090606764","No.35, Guddadahalli, R T Nagar, Bangalore - 560032, Near Gangamma Temple"
"Zameer Travels","+ 91  9845009047","No.482, 5th Cross, Bhuvaneshwari Nagar, R T Nagar, Bangalore - 560032, Opposite To Lassi Bar"
"Anju Travels","+ 91  9739245484","No.29, 3rd Cross, 3rd Main,Matadahalli, R T Nagar, Bangalore - 560032, Near Radha Krishna Theatre"
"Vidya Travels","+ 91  9538888333","Kanaka Nagar-Rt Nagar, Bangalore - 560032, Near Axis Bank"
"Prashanth Tours And Travels","+ 91  8892285938","No.788, 2nd Cross, Thimmakka Layout, R T Nagar, Bangalore - 560032, Near Acharya Dental College"
"Matz Travels","+ 91  8762918470","Bangalore - 560032"
"S V Travels","+ 91  9591761791","No.9, 2nd Cross, Sitappa Layout, Cholanayakana Halli, R T Nagar, Bangalore - 560032, Near Acharya College"
"Sgp Tours & Travels","+ 91  8553331105","No.32, 5th Cross, Gopalappa Layout, Manorayana Palya, Bangalore - 560032"
"Shanti Travels","+ 91  8139984123","No.24 , Doddamma Layout, 6th Cross , Muneshwara Block, Manorayana Palya, Bangalore - 560032, Near Ganesh Temple"
"Krishnaja Tours & Travels","+ 91  9945569518","No. 19, Chamundeswary Nilayam, St. Thomas Town,, St Thomas Town, Bangalore - 560084"
"Maple Tours & Travels","","St Thomas Town, Bangalore - 560084"
"Sri Lakshmi Tempo Service & Tr...","+ 91  80 23328853","1494, 2nd Cross 3rd Main,, Mariyannapalya, Bangalore - 560024"
"Sri Srinivasa Travels","+ 91  80 42248042","No.241, St Thomas Town, Ullasappa Road, Kammanahalli, Bangalore - 560084, Near Kammanahalli Chruch"
"Mounika Tours & Travels","+ 91  80 42141619","No. 1/2, 1st Main Road, Guddadahalli, V Nagenahalli Main Road, Hebbal, Bangalore - 560024, Opp. More Store, CIL Layout"
"Avanturas Travels","+ 91  9902911288","Kasturi Nagar, Bangalore - 560043"
"Yashika Tours & Travels","+ 91  80 42075331","Shanthamma Bldg,, Hormavu Mn Rd, Opp Govt School,, Banaswadi, Bangalore - 560043, Nr Makuntamma Temple"
"Twinkle Travel Consultant Pvt Ltd","+ 91  7411124166","No.233, Sait Palya, St Thomas Town, Bangalore - 560084, Behind Amruth Theatre"
"Shri Krishna Tours And Travels","+ 91  9448377450","No.130, 4th Cross, Kanakadasa Layout, Lingarajapuram, Bangalore - 560084, Near Sree Balaji Bar"
"Nandi Travel House","+ 91  80 26690892","No.4/2, Oil Mill Road,Kempamma Road,Arvind Nagar, Lingarajapuram, Bangalore - 560084, Near Ganesha Temple"
"guru ladies special enterprice...","+ 91  9964548723","Bangalore - 560084"
"Sri Lakshmi Venkateshwara Tour...","+ 91  8088091320","No.1735, 3rd Cross, Grapes Garden, Kammanahalli, Bangalore - 560084, Near Rajkumar Park"
"Hrithik Tour And Travel","+ 91  9986522363","No 9, 2nd Cross, 3rd Street, Lingarajapuram, Bangalore - 560084, Near Infant Jesus School"
"S S N TRAVELS","+ 91  80 41465800","R K PLAZA, KACHARAKANA HALLI, Kacharakanahalli, Bangalore - 560084, OPP BUS STOP"
"S M Travels","+ 91  9036161315","No.137, B Block, BDA Layout, St Thomas Town, Lingarajapuram, Bangalore - 560084, Near banaswadi railway station"
"Takshit Tours And Travels (Clo...","","No.108, 3rd A Main Road, Kammanahalli, Bangalore - 560084"
"Nisarga Travels","+ 91  9482598123","No 30,2nd Floor, Chowdeshwari Temple Road, Lingarajapuram, Bangalore - 560084, Near Sri Chowdeshwari Temple"
"RVL TRAVELS","+ 91  80 25442525","#8, 7th cross,, Kammanahalli, Bangalore - 560084, henur main road,old kb"
"Judith Travel Services","+ 91  80 25463829","118,, Hennur Road, Bangalore - 560084, Near Jyothi School,"
"Paramathmaa Travel","+ 91  9008107205","No.379, 16th Cross,3rd Main,Agrahara Layout, Yelahanka, Bangalore - 560064, Near Government School"
"Jai Hanuman Tours & Travels","+ 91  7795628234","No.10, 5th main 7th cross, Ganga Nagar Extension, Bangalore - 560032, Near Sai baba Temple"
"Anto Tours & Travels","+ 91  80 25462121","No.M/86, Aravind Nagar, Oil Mill Road, Lingarajapuram, Bangalore - 560084, Near Ganesh Temple"
"S Alamdar Hussain Tours & Travels","+ 91  80 23508336","No.31, Oil Mill Road, 6th Cross, KFC Layout, Arvind Nagar, Lingarajapuram, Bangalore - 560084, near deepa bakery"
"Sri Banashanker K.S.R.T.C Trav...","+ 91  9916432433","Shop No 4, C.K Complex,, Hessragata Main Road,Bhyvaneshwari Nagar,, Dasarahalli, Bangalore - 560024, Widia School Bus Stop,"
"Sri Guruybhava Travels","+ 91  80 23204701","1/1-3, Magadi Main Road,, Dasarahalli, Bangalore - 560024"
"Akshay Tours Travels","+ 91  80 69926340","272/4,, Dasarahalli, Bangalore - 560024, Near Ganesha Saw Mill Road"
"Abreo Travels","+ 91  80 28399587","2825, Dasarahalli, Bangalore - 560024"
"WILSON TRAVELS","+ 91  9035070715","#60/1, Kammanahalli Main Road,Nehru Road,, Kammanahalli, Bangalore - 560084, Opp to STATE BANK OF HYDERABAD"
"Global Nest Travel Solution","+ 91  9901911109","No.330, 3rd Cross, R T Nagar, Bangalore - 560032, Near Bagalagunte Bus Stop"
"Shiva Travels","","No. 01, 1st Main, Geddalahalli, Kothanur, Bangalore - 560077, Next To Mantri Apartment"
"New Unilinks Tours & Travels I...","+ 91  80 40930124","No.4, 1st Floor, Old Police Station Building, 80 Feet Main Road, Kammanahalli, Bangalore - 560084, Near Empire Restaurant, Above Sangeetha Mobile Store"
"Lakshmi Venkateshwara Tours An...","+ 91  9945591298",""
"Waheed Tours & Travels","+ 91  9964199180","Utility, 3 rd, R T Nagar, Bangalore - 560032, Pushpanjali Theatre"
"M S Group Travels","","2nd Flr,, Dinnur Main Rd, R T Nagar, Bangalore - 560032, Above SBM Bank,Opp Pushpanjali Theatre"
"Beuford Travel Solutions Pvt Ltd","+ 91  80 41144768","1st Floor,Old Banaswadi Police Station Building, Nehru Road,Kammanahalli Circle, Kammanahalli, Bangalore - 560043, Next To Bharat Matrimony"
"Hijaz Tours And Travels","+ 91  80 25800290",""
"Rakshit Travels & Enterprises","+ 91  80 23650206","Shop No 12/3, Kavalbyrasandra main road, Kaval Byrasandra, Bangalore - 560032, Near military gate"
"Raja Wood Crafts","+ 91  80 25463621","No.3/94, Hnr Main Road,1st Cross, Hennur Road, Bangalore - 560084, Near Nirmala High School"
"Raja Wood Craft","+ 91  9886725561","No.3, 1st Cross, Hennur Main Road, St Thomas Town, Bangalore - 560084"
"Ascon Travels","+ 91  80 25654185","12,, Nehru Road,, Kammanahalli, Bangalore - 560043"
"R M Tours And Travels","+ 91  9845411309","No.129, Chikannana Layout,3rd And 4th Cross, Kammanahalli, Bangalore - 560043"
"Janakiram Travels","+ 91  9845587723","No.100, Berappa Road , Muneswamyappa Layout, Kullappa Circle, Kammanahalli, Bangalore - 560043"
"B P COMMUNICATION AND TRAVELS","+ 91  7411112500","#35/1, Lingarajapuram Main Road, H M Road, Lingarajapuram, Bangalore - 560084, Near ABINAYA BAKERY"
"A J Tours & Travels","+ 91  80 30558095","4, Chennappa Complex,, Henur Main Road,, Lingarajapuram, Bangalore - 560084"
"Yns Tours And Travels (Closed ...","","No 312, Ground Floor, E Block , Bda Layout, Lingarajapuram, Bangalore - 560084"
"Raja Shoe Company","+ 91  9980070511","No 173/4, 1st Cross Near Government School, Horamavu, Bangalore - 560043, Kalkere"
"Travelite Tours & Travels","+ 91  9738412897","No. 152, Babusapalya Kalyanagar, 1st Main, 3rd Cross , Mallappa layout, Kalyan Nagar, Bangalore - 560043"
"Flywheels tours and travels ( ...","+ 91  9008128790","108, 1st b main , ombr layout, Banaswadi, Bangalore - 560043, near firestation"
"7 Hills Tours & Travels","+ 91  9731125469","No.11, Horamavu Main Road, Sri Krishna Reddy Layout, Dodda Banaswadi, Bangalore - 560043, Near Bhagini Hotel, And Horamavu Signal"
"Sri Balaji Tours & Travel","+ 91  9448021776","80 Feet Road, Banaswadi, Bangalore - 560043, Near Sukh Sagar Hotel"
"Arun Travels","+ 91  9916555660","Chairman Layout, 9th Cross, Banaswadi, Bangalore - 560043, Opposite To Srinidhi Hotel"
"SHA TRAVELS","+ 91  80 28474635","48/1,1st main ,1st cross, N R I LAYOUT, Kalkere, Bangalore - 560043, Near SUNDARA Anjenaya Temple"
"Kvm Travels","+ 91  9036124494","No.25, 2nd Cross, Horamavu Agara, Vijaya Bank Colony Extension, Kalyan Nagar, Bangalore - 560043"
"Shri SAI Tours & Travels","+ 91  80 42172137","No.35, 10th main, 100ft road, Banaswadi, Bangalore - 560043, Opp bridge stone tyres"
"Danta Travel Solution","+ 91  80 25446161","No 210, 80 ft road, HBR Layout, Bangalore - 560043, Near h p petrol bunk"
"Anee Tours And Travels","+ 91  8277626116","NO 2 2ND FLOOR, RAJU REDDY BULIDING, Banaswadi, Bangalore - 560043, NEAR CMR COLLEGE"
"RAMDOOT TRAVELS","+ 91  9980386559","#15, GOWDERA JAYARAM LAYOUT, Horamavu, Bangalore - 560043, HORAMAVU GHANDHI CIRCLE"
"Travel Speed","+ 91  9964507160","No. 25/6, Bellary Road, Hbr Layout, Bangalore - 560043"
"Raja Wood Designer","+ 91  9480225229","No.45, Bagalur road, Kannur, Bangalore - 560043, Near Arc Way"
"RAJA TEA STALL","+ 91  9731811731","No 438, 80 feet road, H R B R Layout-Kalyan Nagar 2nd Block, Bangalore - 560043, Opp sub register office"
"Shree Sai Travels","+ 91  80 23703165","Yellow Building, Tulips Resort Road, Kalkere, Bangalore - 560043, 18th Km Bannerghatta road"
"BKS TOURS AND TRAVELS","+ 91  9980252555","190/3, Ramamurthy Nagar Main Rd, Kalkere, Bangalore - 560043, Near Rajkumar Circle"
"Express Tours And Travels","+ 91  80 42042169","No 63,1st Floor, 1st Cross ,Green Park Layout,R M Nagar, Banaswadi, Bangalore - 560043, Near Mc Donalds"
"Prathana Travels","+ 91  9986716383","Horamavu Main Road, Horamavu Agara, Bangalore - 560043, Near Akr School"
"I R Tours & Travels","+ 91  8884222504","No.650, 7th Cross, 5th Block, Hbr Layout, Bangalore - 560043, Behind Arabic College"
"S V Tours And Travels","+ 91  9741156083","No.24, Nandana Layout, Horamavu Main Road, Banaswadi, Bangalore - 560043, Near Sri Sagar Hotel"
"Prakash Tours And Travels","+ 91  9632027332","No.46, Banasvadi Main Road, Horamavu, Bangalore - 560043, Near Government School"
"Manjunatha Tours And Travels","+ 91  80 23084700","No 351 F, Chikkana Halli,Kalyan Nagar Layout, Hennur Cross, Bangalore - 560043, Near Hasnath College"
"sanjo travels","+ 91  8971153264","jal vay vihar kamanhalli road, Kalyan Nagar, Bangalore - 560043"
"BEST Travels","+ 91  9448444346","Prakruthi Layout, 61 Marys College 8th Cross 1st Block, Babusapalya, Bangalore - 560043"
"JP Travels","+ 91  9740805251","38, PB Layout, Horamavu, Bangalore - 560043, BBMP"
"Uday Tours and travels","+ 91  9845418340","devatha layout, Hennur Main Road, Bangalore - 560043, Near jain heights appts"
"K Raja Auto service centre","+ 91  9535325673","no.208, jayanthi nagar, Horamavu, Bangalore - 560043, near Govt school"
"GMG TOURS & TRAVELS","+ 91  8970942404","Hennur main road, Hennur Cross, Bangalore - 560043, VINAYAKA temple"
"Vatsalya Corporation Tours & T...","+ 91  9036793767","guruji golden meadows flat no 6, 1st floor, Hennur Cross, Bangalore - 560043, opp to axis bank"
"TRAVEL CASTLE PVT LTD","+ 91  80 41519991","UNIT 3-4 GROUND FLOOR, HRBR 2 ND STAGE, Kalyan Nagar, Bangalore - 560043, NEAR AXIS BANK"
"Steves Tours And Travels","+ 91  9035708826","80 Feet Road Hennue Main Road, Hbr Layout, Bangalore - 560043"
"M E Travels","+ 91  80 40930351","No.1/1,Shop No.4,Ground Floor,Ayyappa Complex, Dinnur Main Road, Sultan Palya, Bangalore - 560032, Near State Bank Of Mysore"
"Travel Zion","+ 91  80 40908677","Shop No.325, Mariya Complex, Coffee Board Main Road, Vinayaka Layout, Kempapura, Hebbal, Bangalore - 560024, Next To Corporation Bank"
"Roshini Tours & Travels","+ 91  80 60502828","No 91/2, Mariyappa Layout,Flower Garden, Babusapalya, Bangalore - 560043, Opposite Sai Shree Pride Apartments"
"Mary Travels","+ 91  9880505981","No.287e, Bus Stop Road, Cholanayakanahalli, R T Nagar, Bangalore - 560032, Near State Bank Of India"
"SIMNANI Tours & Travels","+ 91  80 25470290","#3, Nagawara Main Road, Pillana Garden, Bangalore - 560045, Near Mediscope Hospital, Pillana Garden 3rd Stage"
"Mary travels","+ 91  9036882126","1, Cholanayakanahalli mn rd, R T Nagar, Bangalore - 560032, Near bus stop"
"SKS Tours & Travels","+ 91  9591765143","No.1, Oil Mill Road, Lingarajapuram, Bangalore - 560084, Opp Tender Chicken"
"Travel Way","+ 91  9731119349","Peddana Layout, Banaswadi, Bangalore, Banaswadi Main Road, Banaswadi, Bangalore - 560043"
"Sri Sairam Tours & Travels","+ 91  80 41732334","No.7, 3rd Mn,2nd Crs,Ramaiah Lyt, Hennur Road, Bangalore - 560084, Nr Kk Halli"
"Planet T Tours & Travels","","No.19, Flat No.5, Harris House, Harris Rd, Hennur Road, Bangalore - 560084"
"MONAS tours and travels","+ 91  9844300800","#33,first floor, Kempapura Main Road, Hebbal, Bangalore - 560024, Near Central Bank of India"
"KSV Tours and Travels","+ 91  80 25452743","No.726, 4th b Cross 1st Block, Kalyan Nagar, Bangalore - 560043, Near om Shathi Temple, near Specialist hospital and Kevilier Hospital"
"TRAVEL ZONE","+ 91  9035697052","Nehru Road, Kammanahalli, Bangalore - 560084, Near KULLAPPA CIRCLE"
"Axis Tours & Travels","","No.34, 12th Cross,Pillana Garden,3rd Stage, Pillana Garden, Bangalore - 560045, Near Sundar Hospital"
"Srinivasa Tours & Travels","+ 91  9886722006","#12, Near icici bank atm, R T Nagar, Bangalore - 560032, Near shalini bar"
"Roshini Tours & Travels (Close...","","Babusapalya, Bangalore - 560043"
"V K S TOURS AND TRAVELS","+ 91  9035539739","#5, Outer Ring Road, Kalyan Nagar Post, Babusapalya, Bangalore - 560043, Near KRISHNA BHAVAN HOTEL"
"Hira Tours & Travels","+ 91  9342636371","3 8th Cross, 4th Main Bhuvaheshwari Nagar, Bhuvaneshwari Nagar, Bangalore - 560032"
"Travel Zone","+ 91  80 26797485","No.13/15, 80 Ft Rd, Bhuvaneshwari Nagar, Bangalore - 560032"
"BS Raja Alteration Tailor","+ 91  9902557048","#8,1st floor, Kempapura Main Road, Hebbal, Bangalore - 560024, Near sterlings appartment"
"Starzz Travels","+ 91  80 64006662","No.6/4, Khm Block, R T Nagar Main Road, R T Nagar, Bangalore - 560032"
"Travolic Travels","+ 91  80 41723388","No F4,1st Floor, 80 Feet Main Road, R T Nagar, Bangalore - 560032, Opposite FM Silks"
"Uniq Travel Solutions","+ 91  80 41606202","No.70, M M Road, Frazer Town, Bangalore - 560005, Next Anand Sweets"
"Travels Sans Border","+ 91  9590021001","No.50/1, 2nd Main Rd,, R T Nagar, Bangalore - 560032, Near Ak Ashram"
"Sri Venkat Sai Tour And Tra...","+ 91  80 33542413","No.1, Pooja Garden,K Channasandra, Horamavu, Bangalore - 560043, Near Anjaneya Temple"
"Kapildev Tours & Travels","+ 91  80 33511832","234, ankanna reddy layou, 3rd cross, Banaswadi, Bangalore - 560043, opp to banaswadi bus stop"
"T R Suryaprakasam Tours And...","+ 91  80 33568068","No.1, 3rd Cross,Viveka Nanda Nagar,JCOS Colony, Maruthi Sevanagar, Bangalore - 560033, Near Banaswadi Railway Station"
"Sri Manjunatha Tours And Tr...","+ 91  80 23324367","#90, 3rd main, 3rd cross,, anand giri extention, Hebbal, Bangalore - 560024, near hebbal police station"
"Sri Lakshmi Tours And Travels","+ 91  80 28444495","No.9/2,Skanda Arcade, Sri Krishna Nagar,Baglur Main Road, Kothanur, Bangalore - 560077, Near Bharath Petrol Bunk"
"P D Tours And Travels","+ 91  9901726407","36,C Cross,Vijaya Bank Colony,Rammurthy Nagar Main Road, Banaswadi, Bangalore - 560043"
"S G Tourism Travels","+ 91  80 41209809","No 3, Ramurthynagar Main Road, Banaswadi Main Road, Bangalore - 560033, Near Dodda Banswadi Bus Stop"
"First Flight Couriers Ltd","+ 91  80 39444444","No. 581/C, 3rd Main Road, Hebbal, Bangalore - 560024, Near Hebbal Police Station"
"KPN Travels India Pvt Ltd","+ 91  80 41251010","No. 3/7, Coles Road Junction, Wheeler Road, Frazer Town, Bangalore - 560005, Near K C DAS ICIC & Axis bank"
"TejuS Tours & Travels","+ 91  80 23335795","#400/1, 14th Cross,2nd Block R T Nagar, R T Nagar, Bangalore - 560032, Near BDA Complex"
"Deeksha Travels Pvt Ltd","+ 91  80 25452601","No 256, 10th Main Road,1st Block, HRBR Layout, Banaswadi, Bangalore - 560043, Near Horamavu Signal"
"Babita Tours & Travels","+ 91  80 23338394","18,, Dinnur Road,, R T Nagar, Bangalore - 560032"
"Shilpa Tours & Travels","+ 91  80 23436580","# 18, Ganganagar Main Road R T Nagar, Ganganagar, Bangalore - 560032, Opp to 108B Bus Stop"
"Kings Tours & Travels","+ 91  80 23431688","No.108, Dinnur Main Road, R T Nagar, Bangalore - 560032, Opp Dinur Bus Stop"
"Arfa Tours And Travels","+ 91  80 41600497","No.86/3,86/4 1st Floor, Coles Road, Frazer Town, Bangalore - 560005, Above Canara Bank,Next HP Petrol Bank"
"Sri Shakti Travels","+ 91  80 32449351","Vishwas Complex, 4th Crs, Nanjappa Garden, Babusapalya, Banaswadi, Bangalore - 560043"
"Pragathi Tours & Travels","+ 91  9538007337","No. 36, 1st Main, 1st Cross, Coffee Board Layout, Bhuvaneshwari Nagar, Hebbal, Bangalore - 560024, Opp To Bda Park & Near Heritage Fresh"
"DHANUSH TOURS & TRAVELS","+ 91  80 41279107","#72/1 1st Floor, R S Palya Main Road, Kammanahalli Main Road, Bangalore - 560033, Near SBI BANK"
"Maryam Tours And Travels","+ 91  80 23332227","No.15,1st Floor, Jayamahal Road, Jc Nagar, Bangalore - 560006, Opposite Fun World,Near T V Tower"
"Cauvery Tours & Travels","+ 91  80 22755752","No.6,Krishnappa Complex, K Narayanpura Cross,Gedalahalli, Hennur Main Road, Bangalore - 560043, Near Bus Stop"
"Easy Fly Tours And Travels","+ 91  80 40905179","No-17,Patel Complex, 80 Feet Rd,, Banaswadi, Bangalore - 560043, Nr Uttam Sagar Hotel"
"Ayyappa Travels","+ 91  80 25457935","No. 41,P.N.S. Complex, Banasawadi Main Road, Subbana Palya, Banaswadi Main Road, Bangalore - 560033, Near Ayyappa Temple"
"Ksrtc Travel House","+ 91  9741297200","No.171, Arunodaya Nilaya, Bellary Main Road, Byataranyanapura, Bangalore - 560092"
"BGS Tour & Travels","+ 91  9945154150","Shop No.28, Vasudeva Building, 6th Cross, 2nd Main, Manorayanapalya, Sultan Palya, Bangalore - 560032, Opposite Ganesha Temple"
"Travel Terminal","+ 91  80 28443438","No.86, Sri Laxmi Nivas, Mallappa Lyt, Horamavu, Agara Mn Rd, Babusapalya, Kalyan Nagar, Bangalore - 560043, Opp Mythir Dental Clinic"
"Vijayanand Travels","+ 91  80 25902292","No 32, Shop No G-8, Maruthi Complex, Banasawadi Main Rd, Banaswadi Main Road, Bangalore - 560033, Nr Bus Stop, Maruthi Seva Nagar"
"Travel Exotica","+ 91  80 41692255","No 2,First Floor, R T Nagar Main Road,P&T Colony, R T Nagar, Bangalore - 560032, Next McDonalds"
"Spoorthi Tours & Travels","+ 91  80 22924119","No 3, P&T Colony , Balaji Complex,, 80ft Rd,, R T Nagar, Bangalore - 560032, Next To New Shanthi Sagar ,"
"Sri Balaji Tours And Travels","+ 91  80 25460836","No.62, Sanjeevappa Layout, JAI Bharat Nagar, Banasawadi Main Road, Maruthi Sevanagar, Bangalore - 560033, Near Reliance Fresh"
"Flywheels Tours And Travels","+ 91  80 25454104","No-108, 1st B Mn Rd, Ombr Lyt, Banaswadi, Bangalore - 560043"
"Sky Bird Tours And Travels","+ 91  9886177705","9/8, Rs Palya, MS Nagar, Banaswadi, Bangalore - 560043, Near MS Nagar Bus Stop"
"Amrutha Tours And Travels","+ 91  9980202025","Lt Parvathamma Building, K Narayanapura Main Road, Kothanur, Bangalore - 560077, Near Kristu Jayanthi College"
"Fantasy Air Travels","+ 91  80 28914570","No.3, Balaji Cmplx Basement, R T Nagar Mn Rd, R T Nagar, Bangalore - 560032"
"Citi Travels & Tours","+ 91  9844078627","No.02, Main Road, Banaswadi, Bangalore - 560043, Near Federal Bank"
"Air 2 Asia Travel & Tours Pvt...","+ 91  9611011786","No.5, 1st Floor, R T Nagar Main Road, R T Nagar, Bangalore - 560032"
"Unique Travels","+ 91  9980619157","No.7, Pooja garden 5th cross k Chanasandra, Varamau, Banaswadi, Bangalore - 560043"
"M R Travels","+ 91  9845739250","No.207, Ayuthidas Nagar, Sepoy Lane, Devarjeevanahalli, Bangalore - 560045"
"Royal Omania Tours & Travels P...","+ 91  8105877277","#590, 2nd Floor, 7th Main, 80ft Road, Subbaiyapalya Extension, Bangalore - 560043, Near BHARATH PETROL BUNK"
"S.B.M.Tours &Travels","+ 91  9900424274","Hebbal, Bangalore - 560024"
"Patil Travels","+ 91  7899918738","Hebbal, Bangalore - 560024, Hebbal Bmtc"
"Best Visaa Tours & Travels","+ 91  80 23532266","05, 2nd Main Adi Kabir Ashram Extn, 1st Cross, R T Nagar, Bangalore - 560032, Adi Kabir Ashram"
"Haysans Air Travel Services","+ 91  80 41288883","# 492 , 2nd Floor, HMT Layout, CBI Road, R T Nagar, Bangalore - 560032, Opposite HMT ground"
"SLN Tours and Travels","+ 91  9141856660","No.3, Srinivas Complex, 4th Main, 2nd Cross, Hebbal, Bangalore - 560024"
"24/7 Sabari Travels","+ 91  80 41666698","No.94, Kunchigrama,3rd Block,Gudhadahalli, R T Nagar, Bangalore - 560032, Near Hebbal Police Station Or To Ganesh Temple"
"Fantasy Travels","+ 91  80 28914570","No.3, Balaji Complex Basement, R T Nagar, Bangalore - 560032, Nxt To Hotel Shathi Sagar"
"Sra Travels","+ 91  9880158008","No.16, 2nd Cross, R T Nagar, Bangalore - 560032, Near Bank Of India"
"Eclat Tours & Travels","+ 91  80 25478658","No.97/1, Wheeler Road Extension, Cooke Town, Bangalore - 560005"
"Blessing Tours And Travels","+ 91  80 60509888","No.22,1st F Loor, Hennur Bagalur Main Road, Kothanur, Bangalore - 560077, Near Kothanur Bus Stop"
"Jagadish Travels","+ 91  80 23657799","No 13/B, 6th Cross, Ganganagar, Bangalore - 560032, Near CBI Office"
"Panchamukhi Travels","+ 91  80 26521685","512/3,, Roshan Baugh Road,, Vishveshvaraiah Nagar, Bangalore - 560024"
"SB Tours And Travels","+ 91  80 65336662","No.26, 4th Cross, CV Raman Nagar, Banaswadi, Bangalore - 560043, Near Hanuman Temple"
"Ganga Internaitonal Travel Agency","+ 91  9986074261","10/5,Shop No.G-4, Kuber Complex,, Dinnur Main Road,, R T Nagar, Bangalore - 560032"
"Just Travels","+ 91  80 40972197","no.11, 2nd cross, C N Halli, Dinnur Main Road, R T Nagar, Bangalore - 560032, Near Dinnur bus stop"
"Sri Siddeshwara Tours And Travels","+ 91  9663103390","# Opp Ganesha Temple,Kothnur, Kothnur Dinne, Jpngr 8ths., Konthur, Bangalore - 560077"
"S B R Tours & Travels","+ 91  9448975129","No 36, 1st Flr, Kampapura Main, Hebbal Agri Farm, Bangalore - 560024, Opp Presidency College"
"Sterling Tours & Travels Inc","+ 91  80 23621474","No.9 & 10, 1st Main, Pampa Extension, Hebbal, Bangalore - 560024, Near Reliance Fresh"
"VSR Travels","+ 91  8553206632","No.6, Subbanna Palya, Raghavendra Street, Kammanahalli Main Road, Bangalore - 560033, Near Jayalakshmi School"
"Welcome Tours And Travels","","No.70, 7th Main, 80 Feet Road, Banaswadi, Bangalore - 560043, Near Bharat Petrol Bunk"
"Ssb Travels Inc","+ 91  80 23436121","Bohra House,No.45, 7th Crs,8th Mn,HMT Lyt, R T Nagar, Bangalore - 560032"
"Gettz Travels","+ 91  80 23530521","No.34, 5th Main Road, Hebbal, Bangalore - 560024, Near SES School"
"Maruthi Tours And Travels","+ 91  80 65656669","No.42, 11th Cross, 1st Main, Maruthi Layout, Hebbal, Bangalore - 560024"
"HMS Tours & Travels","","No.23/1, Dinnur Mn Rd, R T Nagar, Bangalore - 560032, Opp To SBI ATM"
"Pets Tours & Travels","+ 91  9036464766","No.1398, 4th Crs,Muninagappa Lyt, R T Nagar, Bangalore - 560032, Nr Kaval Bysandra Bus Stop"
"Raja Mansion Apartment","+ 91  80 23439947","Cholanayakanahalli, R T Nagar, Bangalore - 560032"
"Amma Tours & Travels","+ 91  9980896990","No.33, Chamundi Nagar, R T Nagar, Bangalore - 560032, Near Shalini Bar"
"Tindyto Tours & Travels Pvt Ltd","+ 91  80 45455555","No.15, Rk Plazza, 2nd Floor, Banaswadi, Bangalore - 560043, Near Banaswadi Sub Register"
"D G Tours And Travels","+ 91  8861160559","#10, Banaswadi Main Road, Bangalore - 560033, nr. uttam sagar hotel"
"Omega Tours and Travels","+ 91  80 25450346","#8,, Eerappa reddy layout, Banaswadi Main Road, Bangalore - 560033, Near Idea showroom"
"RG Tours & Travels","+ 91  9945075118","No. 479,Nagana Palaya, M S Nagar Post, Maruthi Sevanagar, Bangalore - 560033, Nera Mukunda Theater"
"Soonangi Tours & Travels Pvt Ltd","+ 91  80 41250912","No.14, Venkatappa Corner, 1st Floor, Maruthi Sevanagar Main Road, Jaya Bharat Nagar, Bangalore - 560033, Near HP Petrol Bunk"
"Travel Rishi","+ 91  80 41687777","No.29, Banaswadi Main Road, Bangalore - 560033"
"Sri Balaji Tours And Travels","+ 91  9740772007","No.37, 5th Cross,Chandramma Layout, Dodda Banaswadi, Bangalore - 560043"
"RKM Tours and Travels Pvt Ltd","+ 91  80 22531546","No 6, V M Meadows, Ground Floor, Banaswadi, Bangalore - 560043, Near Haramavu Railway Gate"
"Rainbow Travels","+ 91  9241755510","No.45, Karamchand Layout, Lingarajapuram, Bangalore - 560084"
"Javed Travels","+ 91  9886211269","11th Crs,3rd STG, Pillana Garden, Bangalore - 560045"
"SRK Travels","+ 91  9035202966","No.9m-224, 9th Main Road, 1st Block, Hrbr Layout, Kalyan Nagar, Bangalore - 560043, Near Maxwell Public School"
"ST. Marys Tours & Travels","+ 91  80 32219837","Krishna Complex, Hebbal Kempapura, Hebbal Agri Farm, Bangalore - 560024, Near To Maruthi Medicals"
"Ndvs Travels","+ 91  9900084238","No.67, Soumya, 1st Cross, Cmv Layout, Guddadahalli, R T Nagar Post, Hebbal, Bangalore - 560024, Near To Hebbal Fly Over"
"Manas Travels & Auto Consultants","+ 91  80 23548576","No.18/1, Ganesha Blk,Dinnur Mn Rd, R T Nagar, Bangalore - 560032, Opp Pavithra Hospital"
"Shalom Tours and Travels","+ 91  7204001112","No 65,10th main,Rt Nagar, opp Chaitanya Hospital, R T Nagar, Bangalore - 560032, HMT Layout"
"CBEYOND TRAVEL SOLUTOIONS PVT LTD","+ 91  80 41550996","#12, 2nd Floor, 80ft Road, Subbanna Palya, Banaswadi, Bangalore - 560043, Near to STATE BANK OF MYSORE"
"Sri SAI Jyothi Travels","+ 91  9845454550","No.29, 4th Mn,Sultanpalya, R T Nagar, Bangalore - 560032"
"Globe Wide Travels","+ 91  9902336666","No 1/4 Mothi Nagar Metadahalli, R T Nagar, Bangalore - 560032, Near Radhakrishna Theatre"
"Eshwar Tours & Travels","+ 91  80 22260111","No.2, Girish Complex, 2nd Cross Road, Ganganagar, Bangalore - 560032, Near Syndicate Bank"
"Travel Xpress","+ 91  80 23657801","10th Cross, Opp To CBI Office, R T Nagar, Bangalore - 560032, Ganganagar"
"Payal Travel Agents","+ 91  9980270956","No. 30, Khb Road, Sultanpalya, R T Nagar, Bangalore - 560032, Opp To Anupama Wine Store"
"Best Visaa Travel And Tours","+ 91  80 23335355","No.555, 19th Cross,R T Nagar Post, R T Nagar, Bangalore - 560032, Near V Care Hospital"
"H M C Tours & Travels","+ 91  9945478715","12, Guddadhahalli main rd , Chinnamari layout, Hebbal, Bangalore - 560024, Near New Karnataka Engineering Works"
"Swetha Travels","+ 91  80 23433438","No.146, 10th Cross, 2nd Block,, R T Nagar, R T Nagar, Bangalore - 560032, Behind Bda Complex,"
"Times Tours And Travels","+ 91  80 26707510","No.71, Muniswamappa Road, Jc Nagar, Bangalore - 560006, Near Fun World"
"International Travel Store","+ 91  80 41202774","No.4, R T Plaza, 80feet Road, R T Nagar, Bangalore - 560032, Opp To Fm Silks"
"Sri Chowdeshwari Travels","+ 91  80 25972087","Canara Bank Bus Stop Bellary Main Road Hebbal, Hebbal, Bangalore - 560024"
"Chowdeshwari Tours And Travels","+ 91  9535144243","No.1, Bellary Main Road, Hebbal, Bangalore - 560024, Near Baptist Hospital"
