"Name","Phone","Address"

"Sri Ganesh Diamonds And Jew...","+ 91  80 39628754",""
"Prakash Jewellers","+ 91  80 23328560",""
"Davanam Jewellers Pvt Ltd","+ 91  80 41418181",""
"Swarna Jewellers Pvt Ltd","+ 91  9964300720",""
"Sri Manjunatha Jewellers","+ 91  80 33056403",""
"Prem Jewellers","+ 91  80 33052562",""
"Sri Ganesh Diamonds And Jew...","+ 91  80 33569079",""
"Mahalakshmi Jewellers","+ 91  80 39559846",""
"Padmavathi Jewellers","+ 91  80 39559358",""
"Kanika Jewels","+ 91  80 41159342",""
"Modern Jewellers","+ 91  80 33722269",""
"Raghavendra Jewellers Works","+ 91  80 33092340",""
"Sree Rama Jewels","+ 91  80 33080819",""
"Nakoda Payal","+ 91  80 33561295",""
"Avr Swarna Mahal","+ 91  80 26547007",""
"Triveni Silver Palace","+ 91  80 26547676",""
"Makam Jewellers","+ 91  80 30832530",""
"Sudarshan Jewellers","+ 91  80 22913443",""
"Anand Jewels","+ 91  80 30145044",""
"Jmb Jewels","+ 91  80 39557250",""
"Sri Vishnu Assaying And Hal...","+ 91  80 39827381",""
"Geetha Jewells","+ 91  80 33056977",""
"SR Jewellers","+ 91  80 33055413",""
"C Krishniah Chetty Jewellers","+ 91  80 33563276",""
"Khariwal Jewellers","+ 91  80 39557581",""
"Mangilal Jewellers","+ 91  80 30924421",""
"Sri Devagiri Jewellery Works","+ 91  80 33641520",""
"Tanishq","+ 91  80 33092167",""
"Shri Balaji Jewellers","+ 91  80 33294887",""
"Sri Sai Ram Jewellery Works","+ 91  80 33640270",""
"Shree Menghraj And Brothers","+ 91  80 22229840",""
"SUMAN JEWELLERS & BANKERS","+ 91  80 30145203",""
"Shubh Jewellers","+ 91  80 25226566",""
"Marudhar Jewels","+ 91  80 33762198",""
"Vijayalakshmi Jewel Palace","+ 91  80 33090707",""
"Rajarathnams Jewels","+ 91  80 39557519",""
"Swaran Sankalp Jewels","+ 91  80 42005287",""
"Madhur Jewellers","+ 91  80 39628516",""
"Kannika Bangles","+ 91  80 33674876",""
"Tayi Jewellers","+ 91  80 33056412",""
"Prem Jewellers","+ 91  80 33080682",""
"Aabushan Jewellers","+ 91  80 30805726",""
"Daulath Krishna Jewellers S...","+ 91  80 33761001",""
"Sri Dhanalakshmi Jewellers","+ 91  80 33673024",""
"Savitha Jewels","+ 91  80 23218630",""
"Shiva Jewellers","+ 91  80 33083601",""
"Navarathna Jewellery Works","+ 91  80 33532972",""
"G S Jewellery","+ 91  80 33762159",""
"Suman Jewellery","+ 91  80 33568627",""
"Raj Jewels","+ 91  80 41264538",""
"Raj Silver","+ 91  80 33538374",""
"Lalithaa Jewellery Mart Pvt Ltd","+ 91  80 23561188",""
"Kalyan Jewellers","+ 91  80 26647733",""
"Shree Sai Gold Palace","+ 91  80 43533533",""
"GRT Jewellers","+ 91  80 26651515",""
"Malabar Gold & Diamonds","+ 91  80 41283916",""
"Kalyan Jewellers","+ 91  80 25550533",""
"Joyalukkas India Pvt Ltd","+ 91  80 25589916",""
"GRT Jewellers","+ 91  80 22921515",""
"Joyalukkas India Pvt Ltd","+ 91  80 26634448",""
"Bhima Jewellers","+ 91  80 25587711",""
"Malabar Gold & Diamonds","+ 91  80 49227916",""
"Malabar Gold and Diamonds","+ 91  80 41526916",""
"Bhima Jewellers","+ 91  80 41301761",""
"Tanishq Showroom","+ 91  80 25550907",""
"Joyalukkas India Pvt Ltd","+ 91  80 23466916",""
"Bhima Jewellers","+ 91  80 23527711",""
"Lakshmi Golds Palace","+ 91  80 23560129",""
"Kalyan Jewellers","+ 91  80 25636833",""
"R R Gold Palace","+ 91  80 41137751",""
"Shoppers Stop","18002096648",""
"Khazana Jewellery Pvt Ltd","+ 91  80 41230114",""
"Tanishq Showroom","+ 91  80 65606561",""
"Bhima Jewellers","+ 91  80 25537762",""
"Tanishq Jewellers","+ 91  80 42067160",""
"GRT Jewellers","+ 91  80 25401515",""
"C Krishniah Chetty And Sons","+ 91  80 30145445",""
"Shoppers Stop","+ 91  80 43627636",""
"Jaipur Gems N Jewels","+ 91  80 22449329",""
"Shoppers Stop","+ 91  80 43400400",""
"Khazana Jewellery Pvt Ltd","+ 91  80 41539900",""
"Malabar Gold & Diamonds","+ 91  80 45522916",""
"Bhima Jewellers","+ 91  80 25447711",""
"Lifestyle International Pvt Ltd","+ 91  80 22658934",""
"Navrathan Jewellers Pvt Ltd","+ 91  80 40913168",""
"Sri Krishna Diamonds & Jewellery","+ 91  80 40301111",""
"Shoppers Stop","+ 91  80 40485500",""
"R R Gold Palace","+ 91  80 41527752",""
"Jos Alukkas","+ 91  80 32996916",""
"Shubh Jewellers","+ 91  80 42426666",""
"Tanishq","+ 91  80 43078900",""
"Neelkanth Jewellers","+ 91  80 22278846",""
"Prince Jewellery","+ 91  80 42649999",""
"Ganjam Nagappa & Son Pvt Ltd","+ 91  80 22261233",""
"Kalyan Jewellers","",""
"Sulthan Diamonds And Gold","+ 91  80 25599916",""
"Westside Store","+ 91  80 22067930",""
"Jos Alukkas","+ 91  80 41539801",""
"C Krishniah Chetty And Sons","+ 91  80 30145443",""
"Muliya Jewellery Designer Bout...","+ 91  80 25593916",""
"Josco Jewellers","+ 91  80 41666842",""
"Reliance Jewels","+ 91  80 41681801",""
"Tanishq Showroom","+ 91  80 67266400",""
"Lalitha Jewellers","+ 91  80 25427799",""
"Prathibha Jewellery House","+ 91  80 41145500",""
"Shubh Jewellers","+ 91  80 41307463",""
"Khazana Jewellery Pvt Ltd","+ 91  80 25400009",""
"Shubh Jewellers","+ 91  80 23503108",""
"Sulthan Diamonds and Gold","+ 91  80 26534916",""
"Tanishq Showroom","+ 91  80 45612222",""
"Navarathna Jewellers","+ 91  80 25584346",""
"Shubh Jewellers","+ 91  80 22266735",""
"Malabar Gold & Diamonds","+ 91  80 30163916",""
"Tanishq Showroom","+ 91  80 26691687",""
"Riti Jewellery","+ 91  80 32559411",""
"Chettupuzha Alice Jewellery","+ 91  80 25591378",""
"Kalyan Jewellers","+ 91  80 23573833",""
"Louis Vuitton","+ 91  80 42460000",""
"Navrathan Jewellers Pvt Ltd","+ 91  80 49425550",""
"Riti Jewellery","+ 91  80 32216353",""
"Lakshmi Gold Palace","+ 91  80 42166080",""
"Alice Jewellery","+ 91  80 25441145",""
"Chemmanur Jewellery","+ 91  80 22227389",""
"Shiva Shankars Mahila Bangle S...","+ 91  80 26671013",""
"Kalyan Jewellers","",""
"Kalyan Jewellers","+ 91  80 26697264",""
"Chemmanur Jewellers","+ 91  80 25235810",""
"Sudarshan Jewellers","+ 91  80 40980441",""
"Reliance Jewels","+ 91  80 22225001",""
"My Kalyan","+ 91  80 23560832",""
"Jos Alukkas","+ 91  80 32956916",""
"P C Chandra Jewellers","+ 91  80 49344444",""
"Davanam Jewellers Pvt Ltd","+ 91  80 41416161",""
"Lakshmi Golds Palace","+ 91  80 41216589",""
"Atlas Jewellery India Ltd","+ 91  80 67266607",""
"Reliance Jewels","+ 91  80 41244550",""
"Kp Jewellery & Gems","+ 91  7259955055",""
"Riti Jewellery","+ 91  80 32557853",""
"Shree Sai Jewels Palace","+ 91  80 33724502",""
"K V Krishnaiah Chetty & Son","+ 91  80 25550247",""
"Navarathna Jewellers","",""
"Shri Bhavani Kangan Stores","+ 91  80 26509053",""
"Kandalaa House Of Jewellery","+ 91  80 41527999",""
"Kpj Juellers And Jewellery (P)...","+ 91  8025327847",""
"Panchkesari Badera Jewellers","+ 91  80 41261008",""
"R R Gold Palace","+ 91  80 42151185",""
"Chemmanur Jewellery","+ 91  80 25436372",""
"Lalitha Jewellers","+ 91  80 41243473",""
"Chemmanur Jewellery","+ 91  80 23422322",""
"Bhima Jewellers","+ 91  80 67266618",""
"Riti Jewellery","+ 91  80 32559303",""
"Ambara Heritage Design","+ 91  80 25575196",""
"Reliance Jewels","+ 91  80 22667110",""
"Kirtilals Jewellers","+ 91  80 65316131",""
"Rishab Jewels","+ 91  80 41516350",""
"Senco Gold & Diamonds","+ 91  80 41141179",""
"Apranje Jewellers Pvt Ltd","+ 91  80 22120419",""
"Moti Jewel Palace","+ 91  80 25540660",""
"Shubh Jewellers","+ 91  80 25507555",""
"Shubh Jewellers","+ 91  80 42103140",""
"Nikhaar Jewels Pvt Ltd","+ 91  80 22103266",""
"Chemmanur Jewellers","+ 91  80 25289730",""
"Sunil Jewel Palace","+ 91  80 23343202",""
"Nakoda Jewellers","+ 91  80 22241829",""
"Khazana Jewellery Pvt Ltd","",""
"Gautham Jewellers","+ 91  80 22292549",""
"Arnav Jewellery","+ 91  80 26578778",""
"Kirtilals Jewellers","+ 91  80 22103311",""
"Shubh Jewellers","+ 91  80 25459244",""
"Chemmanur Jewellery","+ 91  80 28391721",""
"Davanam Jewellers Pvt Ltd","+ 91  80 43438383",""
"My Kalyan","+ 91  80 26650632",""
"PC Jeweller Limited","+ 91  80 40902778",""
"Ganesh Jewellers","+ 91  80 23465654",""
"Barton Diamonds","+ 91  80 40851861",""
"Collage Shop India","+ 91  80 25566818",""
"Alice Jewellery","+ 91  80 49544318",""
"M P Swarna Mahal Jewellers","+ 91  80 22218606",""
"Swarovski","+ 91  80 66641088",""
"Reliance Jewels","+ 91  80 26793505",""
"Rajesh Exports Limited","+ 91  80 22266735",""
"ORRA Jewellery","+ 91  80 22450916",""
"ORRA Jewellery","+ 91  80 41130100",""
"Senco Gold & Diamonds","+ 91  8095023500",""
"Pyarejan Jewellers","+ 91  80 25540259",""
"Srishti Gold & Diamond Jewellery","+ 91  80 25202208",""
"Inder Jewellery","+ 91  80 23347590",""
"My Kalyan","+ 91  80 25401103",""
"Joylukas","+ 91  9449018916",""
"Shubh Jewellers","+ 91  80 22444085",""
"Shubh Jewellers","+ 91  9742204292",""
"Pamadi Jewellers & Silver Palace","+ 91  9480611257",""
"Nathella Sampath Jewellery Pvt...","+ 91  80 67266524",""
"My Kalyan","+ 91  80 23150532",""
"Trendsmith India Ltd","+ 91  9886435454",""
"Vitrag Jewels","+ 91  80 41663863",""
"Mangalore Jewellers","+ 91  80 23541447",""
"Bluestone com","+ 91  80 32400000",""
"Gitanjali jewels","+ 91  80 41235727",""
"Davanam Jewellers Pvt Ltd","+ 91  80 42423333",""
"Raj Diamonds","+ 91  80 22445570",""
"Shringar Fancy Centre","+ 91  80 26621879",""
"KGK Entice India Pvt Ltd","+ 91  80 40948644",""
"Mohammed Khan & Sons Jewellers","+ 91  80 25487755",""
"Abharan Jewellery Works","+ 91  80 26721563",""
"Lalith Jewellers","",""
"Shubh Jewellers","+ 91  80 41685555",""
"Praveen Jewellers","+ 91  80 22385528",""
"Gold Palace Signature","+ 91  80 41238175",""
"Creations Jewellery","+ 91  80 25353732",""
"Praveen Jewellers & Diamonds","+ 91  80 23306150",""
"Goutham Jewels Next","+ 91  80 22294296",""
"Chaman Jewellers","+ 91  80 23365274",""
"Jimmy Choo","+ 91  80 41738404",""
"Mogra Boutique","+ 91  80 41152457",""
"Laxmi Chains","+ 91  80 22244612",""
"Kerala Fashion Jewellery","+ 91  80 25716901",""
"Raj Diamonds","+ 91  80 25582550",""
"Sathyam Jewellery Works","+ 91  80 22218491",""
"Pooja Jewels","+ 91  80 25586236",""
"Sri Ram Jewellers","+ 91  80 65710752",""
"Sultana Jewellers","+ 91  80 25547874",""
"Rajesh Exports Ltd (Corporate ...","+ 91  80 40239999",""
"Vajram","+ 91  80 23307558",""
"C Krishniah Chetty & Sons","+ 91  80 40001869",""
"One Gram Gold Jewellery","+ 91  9845217652",""
"Krishna Art Jewellery","+ 91  80 41464567",""
"Surana Silver Craft","+ 91  80 65653306",""
"Vijayalakshmi Jewellers","+ 91  80 41715219",""
"Sri Sai gold works & jewels","+ 91  9742733559",""
"Silver Palace Jewellers","+ 91  80 25597985",""
"Sri SAI Gold Jewelery Works","+ 91  9980594666",""
"Sumathi Jewellers","+ 91  80 41684200",""
"Ganapathi Jewellers","+ 91  80 23308066",""
"Rajathadri Jewellers","+ 91  80 41749165",""
"My Kalyan","+ 91  80 25650532",""
"Shubh Jewellers","+ 91  80 41425576",""
"Manipal Centre","+ 91  80 25582071",""
"Gitanjali Jewels","+ 91  80 25530501",""
"Mangalam Jewellery & Saree","+ 91  80 41654208",""
"Srivari Jewelry Store","",""
"Shoppers Stop","+ 91  80 66783613",""
"Surya Jewels","+ 91  80 22221512",""
"Damas Jewellery","",""
"Raja Lakshmi Jewellers","+ 91  80 26538034",""
"Panchakesari Bandari Jewellers","+ 91  9632145237",""
"Abaharana Jewellers","",""
"Chemmanur Jewellers","+ 91  80 27934747",""
"Gili World","+ 91  80 66641190",""
"My Kalyan","+ 91  80 25260032",""
"D Damas Customer Care","18001024482",""
"Sunrise Gold Palace","+ 91  80 42123666",""
"Neelkanth Jewellers","+ 91  8022278846",""
"Jewellers Association","+ 91  80 22211037",""
"Mangalore Jewels","+ 91  80 26586888",""
"Shubh Jewellers","+ 91  80 41224768",""
"Kanishq Jewels","+ 91  80 23461726",""
"Motis Concept Jewels Palace","+ 91  80 26710724",""
"Navrathan Jewellers Pvt Ltd","",""
"Prakash Bankers & Jewellers","+ 91  80 23370148",""
"Sakshi Jewellers","+ 91  80 28474945",""
"Goldmine Jewellery","",""
"Prosper Jewel Arcade LLP","+ 91  80 23327916",""
"Laxmi Gold Paradise","+ 91  80 33050395",""
"Lakshmi Gold Khazanna","+ 91  80 23560129",""
"Bhuramal Rajmal Surana","+ 91  80 40915550",""
"B Rama Rao & Sons Jewellers Pv...","+ 91  80 26508763",""
"N S Jewells","+ 91  80 41518008",""
"My Kalyan","+ 91  80 25440532",""
"Sri SAI Jewellery","+ 91  80 26601009",""
"V Gurunath & Sons","+ 91  80 23345539",""
"I Love Diamonds","+ 91  80 42225222",""
"Praveen Jewels","+ 91  80 41731009",""
"Sri Manjunatha Jewellers","+ 91  80 23345435",""
"M P Jewellers","+ 91  80 22219339",""
"Dhanalakshmi Jewellers","+ 91  80 25213051",""
"Aakruthi Jewellery","+ 91  80 27934555",""
"Rajalakshmi Jewellery Mart","+ 91  80 22243804",""
"Rishab Jewels","+ 91  80 25652754",""
"Gold Mine Jewellery","+ 91  80 25401033",""
"Mmtc Ltd","+ 91  80 22211647",""
"Saravana Jewellers","",""
"Matheshwari Jewellers And Bankers","+ 91  80 41659999",""
"Sunrise Abharan","+ 91  80 41249584",""
"Kalyan Jewellers","+ 91  9739867926",""
"Praveen Jewels","+ 91  80 40924995",""
"Ajantha Jewellers","+ 91  80 22227808",""
"B N Krishnaiah Setty Sons","+ 91  80 22265570",""
"Silver Palace","+ 91  80 41312309",""
"Meena Jewellers","+ 91  80 25252201",""
"Ridhi Creation","+ 91  80 41663815",""
"Jwalamala Jewellers","+ 91  80 26644667",""
"Sri Ganesh Diamond And Jewellery","+ 91  80 23362355",""
"Aura Jewels","+ 91  80 23321188",""
"ORRA Jewellery","+ 91  80 65982222",""
"Goldmine Jewellery","",""
"Utsav Jewellers","+ 91  80 41236755",""
"Mukesh Jewellers","+ 91  80 41287008",""
"Gems & Jewellery Trading Co","+ 91  80 41228759",""
"Vishwas Jewels Pvt Ltd","+ 91  80 23305307",""
"Ganesh Jewellers & Diamonds","+ 91  80 23423546",""
"Silver Gallery","+ 91  80 41101351",""
"Sumitra Gems Mangalore Jewels ...","+ 91  9986017587",""
"Ananya Jewels","+ 91  80 40950336",""
"Abharana Jewellery Works","+ 91  80 40945167",""
"SLN Jewellers","+ 91  80 25588887",""
"Jewels Garden","+ 91  80 22212666",""
"Swagat Jewellers","+ 91  80 23561301",""
"Goutham Jewellers","+ 91  80 22237771",""
"Mekhala Jewellers","+ 91  80 25525473",""
"Arvind Jewellers","+ 91  80 23332863",""
"Malabar Gold","+ 91  9845088916",""
"Anil Jewel Paradise","+ 91  80 23333409",""
"Shree Bhagyalaxmi jewellers","+ 91  9845487975",""
"Suman Jewellery","+ 91  80 41206378",""
"Marudhar Jewellers","+ 91  80 22903943",""
"Dattatraya Jewellers","+ 91  80 23529356",""
"Josco Jewellery","+ 91  9845835893",""
"Ridhi Sidhi Jewellers","+ 91  80 41409738",""
"H J R Jewels & Diamonds","+ 91  80 22291889",""
"Sudarshan Jewellers","",""
"Chirag Jewellers","+ 91  80 41136012",""
"Navdeep Jewellers","+ 91  80 41282108",""
"Shanthi Jewellers","+ 91  9341213464",""
"Vignesh Jewel Empire","+ 91  80 26595005",""
"Prathibha Jewellery House","+ 91  8041145500",""
"Padmavathi Diamonds And Jewells","+ 91  80 22253455",""
"Gili","+ 91  80 41135655",""
"Jain Jewellers","+ 91  80 41517585",""
"Kashmir Handicrafts Emporium","+ 91  80 25594650",""
"Padmavathi Jewellers","+ 91  80 23500554",""
"Sai Thirumala Jewellers","+ 91  80 41224858",""
"Sampath Jewellers","+ 91  80 22875961",""
"Ganapathy Jewellers","+ 91  9845947502",""
"Suman Jewellers Nagarthpet","+ 91  80 22211258",""
"Suman Shuddha Abharana Pvt Ltd","+ 91  80 23358986",""
"Gujjadi Swarna Jewellers","+ 91  80 26655576",""
"Suman Shudha Abharana Pvt Ltd","+ 91  80 41490501",""
"Ramlal Mohanlal Jewellers","+ 91  80 41672478",""
"Raikars Silver Jewellery","+ 91  80 41211077",""
"Viswas Jewels","+ 91  80 40998108",""
"Bohra Jewellers","+ 91  80 41622916",""
"Gili World","+ 91  80 22667027",""
"Alankruti","+ 91  80 41202495",""
"SIA Art Jewellery","+ 91  80 66641121",""
"Nirmal Jewellers","+ 91  80 23416975",""
"Abira Jewellers Limited","+ 91  7846897549",""
"Gr Thangamaligai Jewellers Pvt...","+ 91  80 22450776",""
"Jevar Jewellers","+ 91  80 25589862",""
"Vaibhav Jewellers","+ 91  80 22218149",""
"Anmol Jewellers","+ 91  80 41733399",""
"Mayur Jewellers","+ 91  80 22211475",""
"Bohra Zaveri","+ 91  80 41307577",""
"Roopam Silver Jewellery","+ 91  80 41480534",""
"Navaras Jewellery","+ 91  80 66470100",""
"Swagath Abharan Jewellers","+ 91  7795836261",""
"Chemmanur Jewellers","+ 91  80 27622990",""
"Pacific Diamonds And Jewellery","+ 91  80 32321080",""
"Razas Jewels","+ 91  80 22237418",""
"Rishabh Jewellers","+ 91  80 32931990",""
"B B Jewellers","+ 91  80 25710981",""
"Hyderabad Pearls","+ 91  80 33080284",""
"Sakala Jewellery House","+ 91  80 22220793",""
"Subh Kiran Jewellers","+ 91  80 25361718",""
"Heera Jewellers","+ 91  80 26624855",""
"Gaurav Jewellers","+ 91  9611667888",""
"Sri Vinayaka Jewellery & Silk ...","+ 91  80 25611889",""
"Shubh Jewellers","+ 91  80 27833182",""
"Om Shree Poojyaya Jewellers Pv...","+ 91  80 25587250",""
"Ranga Jewel Palace","+ 91  80 41144416",""
"LEE Showroom","+ 91  80 41158880",""
"SS Jewells","+ 91  80 41116916",""
"Surabhi Jems & Jewellers","+ 91  80 41307599",""
"Kalakruthi Jewels Pvt Ltd","+ 91  80 42114381",""
"Shubh Jewellers","+ 91  80 27825005",""
"Moti Jewellers","+ 91  80 22244742",""
"Surana Jewellers","",""
"Creative Gems And Jewels","+ 91  8088796994",""
"G R Pancharathan Jewellers","+ 91  80 33531149",""
"Sunrise Jewells","+ 91  9886033669",""
"Santhosh Jewellers","+ 91  80 28463198",""
"Sheetal Jewels","+ 91  9743533903",""
"S K Jewellers","+ 91  80 23372076",""
"Vaibhav Jewellers","+ 91  9916805966",""
"Lalitha Bankers And Jewellers","+ 91  9449180837",""
"S D Gold Jewellery Works","+ 91  80 41245994",""
"Srinivasa Jewellers","+ 91  80 22278077",""
"Navkar Jewellers","+ 91  80 23466520",""
"Ashwatha Lakshmi Jewellers","+ 91  80 26643198",""
"Gautham Jewellers","+ 91  80 25465873",""
"Gaurav Jewellers","+ 91  80 22449908",""
"Mani Jewellers","+ 91  80 7932045",""
"Nakoda Jewellers","+ 91  80 26620308",""
"Baby Prakash Diamonds","+ 91  80 22216347",""
"Vimal Jewellers","+ 91  9886114440",""
"Swarna Jewellers","+ 91  80 26624286",""
"Manpasand Jewellers","+ 91  80 22224250",""
"Pipada Jewellers","+ 91  80 23444333",""
"Anjanadri Jewellery","+ 91  80 23464918",""
"Zaveri Bros Jewellers","+ 91  80 25594422",""
"Rajesh Jewellers","+ 91  80 41224814",""
"Kaushik Jewellers","+ 91  80 25592949",""
"Mahesh Jewellers","+ 91  80 25580821",""
"Silver Bijoux","+ 91  9611119124",""
"Anand Jewellers","+ 91  80 23437832",""
"Shubham Jewels","+ 91  80 23110216",""
"N Sanjiva Shet Jewellers","+ 91  80 26852226",""
"Tamana Jewellers","+ 91  80 42033339",""
"Mudith Jewels","+ 91  80 23484694",""
"Navarathan Jewellers","+ 91  9449559092",""
"Ashok Jewellers","+ 91  80 25513133",""
"Vinod Jewels","+ 91  80 23411622",""
"Ajay Gold Palace","+ 91  9902600007",""
"Goutham Jewellers","+ 91  80 41103414",""
"Sri Vishwas Jewellers","+ 91  80 40998808",""
"Kothari Jewellers","+ 91  80 22279896",""
"Ratna Kalash","+ 91  80 25581097",""
"Sooraj Jewellers","+ 91  80 22223916",""
"Preksha Jewellers","+ 91  80 41469244",""
"The Ko shop","+ 91  80 42008468",""
"Vijay Jewels","+ 91  80 23207275",""
"Pathi Gold Jewellers","+ 91  80 22212792",""
"Pamadi Ramachandra Setty & Sons","+ 91  80 22264294",""
"Sri Ranga Jewellers","+ 91  80 41249143",""
"Melwanis","+ 91  80 25321891",""
"Moti Jewel Palace","+ 91  80 25554254",""
"SHREE GOLD PALACE","+ 91  80 41263600",""
"Prashanth Jewellers","+ 91  80 26651494",""
"Alak Jewels","+ 91  80 26639560",""
"Sri Ambati Jewellers","+ 91  80 41205994",""
"Abharan Jewellers","+ 91  80 23598600",""
"Gokul Jeweller","+ 91  80 23472646",""
"DE Beers India Pvt Ltd","+ 91  80 22162222",""
"Suryanarayan Art Jewellers","+ 91  80 25596275",""
"Praveen Jewellers","",""
"Paras Jewellers","+ 91  80 26602407",""
"Shubham Jewellers","+ 91  80 23119849",""
"Kiah Diamond Jewellery","+ 91  80 22667133",""
"J P Jewellers","+ 91  80 22639281",""
"Minawala","+ 91  80 41314045",""
"Jaipur Gems","+ 91  80 22293725",""
"Thangavel Jewellers","+ 91  80 22203926",""
"SAI Jewel Mandir","+ 91  80 23462266",""
"Jewel House","+ 91  80 26632268",""
"Shubh Jewellers","+ 91  80 27722778",""
"Sri Vinayaka Jewellers","+ 91  9482222226",""
"Mahesh Jewels","+ 91  80 25580821",""
"Acpl Jewels Pvt Ltd","+ 91  80 42058254",""
"Ssr Jewellers","+ 91  80 22456313",""
"Shop Ananya","+ 91  80 22125208",""
"Navarathan Jewellery","+ 91  80 23441259",""
"Pooja Jewel Paradise","+ 91  80 41501961",""
"Suman The Silver Collection","+ 91  80 41678626",""
"Malabar group","+ 91  80 45366916",""
"Patel Jewellers & Bankers","+ 91  80 25540023",""
"Mohan Jewellers","+ 91  80 25360575",""
"Sri Manohar Jewellers","+ 91  80 25365669",""
"Rajalaxmi Jewels","+ 91  8026538034",""
"Anjali Jewellers","+ 91  80 26741105",""
"Viveks The Unlimited Shop","+ 91  80 41461925",""
"Jewelsouk","+ 91  80 49029445",""
"Mohan Jewellers","+ 91  80 25611551",""
"Sunil Jewellers","+ 91  80 25230172",""
"Pooja Jewellers & Bankers","+ 91  80 28380512",""
"nathella sampath jewelry pvt ltd","+ 91  80 41236907",""
"Panch Rathan","+ 91  80 25594680",""
"Abaharana Jewellery Works","+ 91  80 22275124",""
"K P S Jewellers","+ 91  80 22277131",""
"Bora Jewellers","+ 91  80 41264510",""
"Mangal Jewellers","+ 91  80 22217866",""
"Vijay Gems","+ 91  80 22213408",""
"R.V. Collections","+ 91  80 42108173",""
"Arihant jewellers","+ 91  80 41143660",""
"SAI Lalitha Jewellery","+ 91  80 22271704",""
"Vani Gold Covering Jewellery","+ 91  80 22235283",""
"Gurukrupa Jewellers","+ 91  80 22873787",""
"M R K Jewellers","+ 91  80 22232183",""
"Corner Shop","+ 91  80 25589785",""
"Pooja Jewels","+ 91  80 25544357",""
"Talera Jewellers","+ 91  80 41410078",""
"Daims","+ 91  80 41477922",""
"Peora","+ 91  80 30160190",""
"Tayi Jewellers House","+ 91  80 26549111",""
"Aabushan Jewellers","+ 91  80 26532622",""
"Manappuram Jewelery","+ 91  80 32558159",""
"A One Golds","+ 91  9880751368",""
"Love Is For Ever Jewellery Lounge","+ 91  80 49445300",""
"Indian Gems And Jewells","+ 91  80 42283925",""
"V R Abharana Jewellers","+ 91  8747958818",""
"Vandana Jewellers","+ 91  80 41307530",""
"Silver Bijoux","+ 91  80 41125428",""
"Ambika Jewellers","+ 91  80 22451076",""
"Shinys Jewellery","+ 91  80 26533621",""
"Ambika Jewellers","+ 91  80 23400770",""
"Prakash Jewellers","+ 91  80 23328560",""
"Ganesh Kripa Jewellery Works","+ 91  80 23236143",""
"Sri Abharana Jewellers","",""
"Bhagya Lakshmi Jewels","",""
"Shree Ganesh Gold Khajana","+ 91  80 41744234",""
"Sri Chamundi Jewels Pvt Ltd","+ 91  80 23484763",""
