"Name","Phone","Address"

"Adithya Realty","+ 91  80 33643062",""
"R Sowmya","+ 91  80 33052175",""
"Raj Associates","+ 91  80 30119194",""
"Star Associates","+ 91  80 30924852",""
"Career Lease","+ 91  80 26653344",""
"RupeeBoss","+ 91  80 33294450",""
"Ratandeep Jain","+ 91  80 33511467",""
"Shreyaa Finsol Inc","+ 91  80 33030180",""
"M B Enterprises","+ 91  9742329993",""
"Advaith Financial Consultancy","+ 91  80 30145494",""
"Ankalkoti And Associates","+ 91  80 33792708",""
"Mattaya Financial Services","+ 91  80 41223112",""
"Profit Tantra Financial Ser...","+ 91  80 49570560",""
"Neha Enterprises","+ 91  80 33057045",""
"Sree Financial","+ 91  80 41225369",""
"Shine In Enterprises","+ 91  80 33619046",""
"Alpine Capital Advisory Ser...","+ 91  80 39557665",""
"Manjunath","+ 91  80 33761356",""
"Shri sai consultancy","+ 91  80 33511349",""
"S V Financial Solutions","+ 91  80 33561368",""
"FinMitra","+ 91  80 33643593",""
"Benaka Loans","+ 91  80 33532303",""
"Perfin Financial Services","+ 91  80 33100024",""
"WealthWhizz.com","+ 91  80 33761036",""
"VSR Investment Services","+ 91  80 33091612",""
"Ilok Financial Services","+ 91  80 33566344",""
"Sai Associate","+ 91  80 33100746",""
"My Dream Home Financial Ser...","+ 91  80 33563079",""
"Money Needs","+ 91  80 33640718",""
"Sumukha Associates","+ 91  80 33530580",""
"Mylar Investment And Financ...","+ 91  80 39628095",""
"Gyan Chartered Accountant","+ 91  80 33792195",""
"Shubhakar And Co","+ 91  80 33535608",""
"Blue Star Associates","+ 91  9886466888",""
"Krishna","+ 91  80 33080243",""
"Drive Assured Insurance And...","+ 91  80 41223141",""
"Orange Cap","+ 91  80 33538636",""
"Siva Prasad Sangap","+ 91  80 33569403",""
"Citizen Properties","+ 91  80 33080487",""
"Sampathu","+ 91  80 33724633",""
"Housing Loan","+ 91  80 39557224",""
"LAM House","+ 91  80 25730445",""
"Akarsha Financial solutions","+ 91  80 33091395",""
"Vijaylakshmi Loan Consultancy","+ 91  80 39827085",""
"Goodwill Finance Solutions","+ 91  80 33530950",""
"Sri Sai Home Loans","+ 91  80 33057446",""
"Naik K G","+ 91  80 33057016",""
"Ramesh Enterprises","+ 91  80 33054039",""
"Sarah Financial Solution","+ 91  80 33052316",""
"SAMEEKSHA FINCORP","+ 91  80 33511386",""
"insta loan","+ 91  80 33518622",""
"Sri Sai Enterprises","+ 91  80 33530391",""
"Pavithra Kavitha","+ 91  80 33531879",""
"PNB Housing","+ 91  80 33054396",""
"K G Nagaraja And Co","+ 91  80 33292964",""
"Brundan Enterprises","+ 91  80 33294061",""
"Wealth Property Managers","+ 91  7666405482",""
"Sai Sameeksha Enterprises","+ 91  80 33566140",""
"DHFL Home Loan","1800223435",""
"Gade Capital Services Pvt Ltd","+ 91  80 39828998",""
"DHFL Home Loans","+ 91  80 33532384",""
"Chandra Personal Loans","+ 91  80 30119120",""
"DHFL Home Loans","+ 91  80 33532401",""
"B K Agarwal And Co","+ 91  80 33532121",""
"Prompt Consultant","+ 91  80 33673452",""
"Cyber Records Solutions Pvt...","+ 91  80 33511917",""
"S S Consultants","+ 91  80 33090856",""
"Sumedha Services","+ 91  80 26615243",""
"VENKATESH PRABHU & ASSOCIATES","+ 91  80 33518360",""
"DHFL Home Loans","+ 91  80 33532406",""
"DHFL Home Loan","+ 91  80 33532203",""
"DHFL Home Loans","+ 91  80 33532394",""
"Santhosh","+ 91  80 33051594",""
"Meru Consultancy Services","+ 91  80 33057957",""
"India Bulls Home Loans","+ 91  80 42594123",""
"Raghavendra","+ 91  80 33640230",""
"Smart Solutions","+ 91  80 39828402",""
"DHFL Home Loans","+ 91  80 33532409",""
"Om Sai Rag Associates","+ 91  80 33532097",""
"DHFL Home Loan","+ 91  80 33532214",""
"Classic Loans","+ 91  80 33058914",""
"DHFL Home Loans","+ 91  80 33532405",""
"DHFL Home Loans","+ 91  80 33532167",""
"Kushal Home Loans","+ 91  80 39628403",""
"Loansnprops","+ 91  80 33091119",""
"Manikanta","+ 91  80 22910260",""
"Sumukha Financial Services","+ 91  9886649199",""
"Enkay Associates","+ 91  80 33052940",""
"G G Associates","+ 91  8553950457",""
"Rajani Kumar Financial Cons...","+ 91  80 33724764",""
"Bajaj Finserv","+ 91  20 39575152",""
"L & T Finance Ltd","+ 91  80 67832300",""
"Fullerton India Credit Company...","+ 91  80 32210990",""
"Fullerton India Credit Company...","18001036001",""
"Cholamandalam Investment & Fin...","+ 91  80 39838225",""
"LIC Housing Finance Ltd (Regio...","+ 91  80 22960504",""
"Karnataka Bank Ltd","+ 91  80 22955858",""
"Mahindra & Mahindra Financial ...","+ 91  80 26086900",""
"HDFC Home Loan Customer Care","+ 91  80 41183000",""
"HDB Financial Services Ltd","+ 91  80 30480800",""
"HDFC Bank Ltd","+ 91  80 23506417",""
"HDFC Home Loan","+ 91  9739948312",""
"Mahindra & Mahindra Financial ...","+ 91  80 28488563",""
"Dhfl Vysya Housing Finance Ltd","+ 91  80 26536899",""
"DHFL Vysya Housing Finance Ltd","+ 91  80 23441637",""
"India Bulls Housing Finance Ltd","+ 91  9741566566",""
"GE Money (Customer Care)","+ 91  80 39022000",""
"Axis Bank Ltd","+ 91  80 25340271",""
"HDFC Bank LTD","+ 91  80 25807560",""
"Can Fin Homes Ltd","+ 91  80 26630501",""
"Tata Capital Ltd","+ 91  80 64547140",""
"Karnataka Bank Ltd","+ 91  80 22955839",""
"Kotak Mahindra Bank Ltd (Loan ...","+ 91  80 66006022",""
"IDBI bank LTD","+ 91  80 25635830",""
"HDFC Bank Ltd","+ 91  80 25401953",""
"Dewan Housing Finance Corporat...","+ 91  80 41209254",""
"Can Fin Homes Ltd","+ 91  80 22257906",""
"Indiabulls Home Loans","+ 91  80 30141816",""
"Central Bank Of India","+ 91  80 25587033",""
"HDFC Home Loan","",""
"HDFC Bank Ltd","+ 91  80 25501083",""
"Karnataka Bank LTD","+ 91  80 22955903",""
"Can Fin Homes Ltd (Corporate O...","+ 91  80 26565743",""
"HDFC Bank","+ 91  8553138511",""
"Bank Of India","+ 91  9742498015",""
"Karnataka Bank LTD","+ 91  80 22021500",""
"Lic Housing Finance Ltd","+ 91  80 22960546",""
"Lic Of India","",""
"Repco Home Finance Ltd","+ 91  80 41233109",""
"Axis Bank Ltd Home Loans Division","+ 91  80 22066000",""
"Can Fin Homes Ltd","+ 91  80 23404965",""
"HDFC Bank Ltd","+ 91  80 28523953",""
"HDB Financial Services Ltd","+ 91  9845502367",""
"State Bank Of Travancore","+ 91  80 25597784",""
"Canfin Homes","+ 91  80 23671822",""
"Kotak Mahindra Bank Ltd (Consu...","+ 91  80 22483000",""
"Lic Housing Finance Ltd","+ 91  80 22960540",""
"ICICI Bank Ltd (Loan Division)","+ 91  80 33667777",""
"Tata Capital LTD","+ 91  9243147402",""
"PNB Housing Finance Ltd","+ 91  80 26283500",""
"Dhfl Vysya Housing Finance Ltd","+ 91  80 28460443",""
"axis bank","+ 91  80 26769541",""
"Repco Home Finance Ltd","+ 91  80 23220197",""
"Axis Bank Ltd (Loan Division)","+ 91  80 23514601",""
"LIC Housing Finance Ltd","+ 91  9945691431",""
"Reliance Commercial Finance","18002003838",""
"Reliance Communition","+ 91  9739653671",""
"Reliance Commercial Finance Ltd","+ 91  80 30771914",""
"GIC Housing Finance Ltd","+ 91  80 25583549",""
"Can Fin Homes Ltd","+ 91  80 25401332",""
"L & T Housing Finance Limited","+ 91  9986071474",""
"Lic Housing Finance Ltd","+ 91  80 22960536",""
"Can Fin Homes Ltd","+ 91  80 25740123",""
"Can Fin Homes Ltd","+ 91  80 25703722",""
"State Bank Of Mysore","+ 91  80 22220412",""
"ICICI Home Finance Company Ltd","+ 91  80 41296800",""
"Indiabulls Housing Finance Ltd","+ 91  80 30181030",""
"Can Fin Homes Ltd","+ 91  80 23636425",""
"HDFC Bank Ltd","+ 91  80 23626361",""
"LIC Housing Finance Ltd","+ 91  80 22960500",""
"PNB Housing Finance Ltd","+ 91  80 23080700",""
"Tata Capital Ltd","18002096060",""
"Hero Fincorp","",""
"Karnataka Bank LTD","+ 91  80 22021500",""
"Tata capital housing finance","+ 91  9066753401",""
"South Indian Bank","+ 91  80 25580649",""
"Dewan Housing Finance Corporat...","+ 91  9972447744",""
"City Bank Shelter","+ 91  80 51252471",""
"Sundaram Finance Ltd","+ 91  80 26631270",""
"Can Fin Homes Ltd","+ 91  80 26394003",""
"Muthoot Fincorp Ltd","+ 91  80 42034435",""
"Tata Capital Financal Services...","+ 91  80 64503101",""
"Gruha Finance Ltd","+ 91  80 32478488",""
"Lic Housing Finance Ltd","+ 91  80 22960544",""
"HDFC Sales Pvt Ltd","+ 91  80 61606161",""
"State Bank Of Patiala","+ 91  80 25743763",""
"Dena Bank","+ 91  7259211723",""
"Cent Bank Home Finance Limited","+ 91  80 23620851",""
"Reliance Home Finance Pvt Ltd ...","18002103030",""
"Muthoot Finance Ltd","+ 91  80 26861006",""
"Sundaram BNP Paribas Home Fina...","+ 91  80 23567911",""
"Reliance Money","+ 91  80 39628223",""
"Magnum Home Finance Group","+ 91  80 41203129",""
"Muthoot Finance Ltd","+ 91  80 26483002",""
"Can Fin Homes Ltd","+ 91  80 28486098",""
"Lic Housing Finance Ltd","+ 91  80 22960501",""
"Axis Securities Ltd","+ 91  9901511170",""
"DHFL Vysya Finance","+ 91  80 25615151",""
"National Trust Housing Finance...","+ 91  80 32217277",""
"Muthoot Fincorp ltd","+ 91  80 26601717",""
"SBI Home Loans","+ 91  80 26599990",""
"Sundaram Finance Ltd","+ 91  80 22221593",""
"Kosamattam finance pvt ltd","+ 91  80 25635519",""
"H D F C Bank LTD","+ 91  80 67137002",""
"Lic Housing Finance Ltd","+ 91  80 22960535",""
"Muthoot Fincorp Ltd","+ 91  80 25618947",""
"Manipal Housing Finance Syndic...","+ 91  80 25092104",""
"G E Capital Limited","+ 91  80 39824997",""
"Janalakshmi Financial Service ...","+ 91  80 69999554",""
"Karnataka State Co Operative H...","+ 91  80 26604481",""
"Hbl Global Pvt Ltd","+ 91  80 30200394",""
"Sundaram Bnp Paribas Home Fina...","+ 91  80 26493737",""
"Tata Capital Housing Finance Ltd","+ 91  80 69404017",""
"JANALAKSHMI FINANCIAL SERVICE ...","+ 91  80 42595670",""
"Can Fin Homes Ltd","+ 91  9448745402",""
"Capital Royale Financial Servi...","+ 91  80 23134888",""
"Neo Growth Credit Pvt Ltd","+ 91  9611116776",""
"ICICI Home Finance Company Ltd","+ 91  9880534790",""
"Basaveshwaranagar Co Operative...","+ 91  80 23230685",""
"YES Bank Ltd","",""
"HOME LOANS- Bajaj Finsev Lending","+ 91  9538322236",""
"Birla Home Finance Ltd","+ 91  80 22075016",""
"Ujjivan Financial Services Pvt...","+ 91  80 40712121",""
"Oriental Bank Of Commerce","+ 91  80 27722441",""
"Karnataka Rajya Kaigarika Vani...","+ 91  80 22265843",""
"Andromeda Marketing Pvt Ltd","+ 91  80 41473008",""
"LIC Housing Finance","+ 91  7676746747",""
"Canara Bank (Home Loans)","+ 91  80 26545847",""
"ICICI PERSONAL LOAN","+ 91  8553719343",""
"Repco Home Finance Ltd","+ 91  9379664223",""
"Spandana Sphoorty Financial Ltd","",""
"Can Fin Homes Ltd","+ 91  80 28390315",""
"PNB Housing Finance Ltd","+ 91  80 22547400",""
"DHFL","+ 91  7848004323",""
"Muthoot Finance Limited","+ 91  80 32972815",""
"Sundaram Finance Ltd","22112648",""
"LIC Housing Finance Ltd -Elect...","+ 91  80 41440927",""
"Koteshwara Co Operative Bank LTD","+ 91  80 26605133",""
"Home First Finance company ind...","+ 91  80 41236726",""
"Development Credit Bank LTD","+ 91  80 32811322",""
"State Bank Of India","+ 91  8002337933",""
"The Citizen Co-Operative Socie...","+ 91  80 26723151",""
"Muthoot Fincorp Ltd","+ 91  80 41133543",""
"Can Fin Homes","+ 91  80 69999326",""
"Gruha Housing Referal Agent","+ 91  9620969767",""
"Pavamana Credit Co Op Society LTD","+ 91  80 26674366",""
"Indiabulls Financial Services","+ 91  80 41698802",""
"Gruh Finance Limited","+ 91  80 25401030",""
"Kosamattam Finance Pvt Ltd","+ 91  80 25635530",""
"Can Fin Homes Ltd","",""
"Karvy Private Wealth","+ 91  9620896601",""
"Icici Securities Limited","+ 91  80 41120038",""
"Destimoney Security Pvt Ltd","+ 91  80 40893400",""
"Standard Chartered Bank (Home ...","+ 91  80 39404444",""
"The Bangalore City co operativ...","+ 91  80 25610409",""
"Sbi Home Loan","+ 91  80 26599990",""
"DHFL Vysya Housing Home Ltd","+ 91  80 22217637",""
"Finance Buddha","+ 91  80 39289328",""
"HSBC Bank (Home Loan Division)","+ 91  80 25589595",""
"Brundan Enterprises","+ 91  7353541857",""
"Bank Of India (Loan Division)","+ 91  80 23240171",""
"IIFL","+ 91  9731601801",""
"Mamtha Kumar Centurian Bank","+ 91  9341091589",""
"Aptus Value Housing Finance In...","",""
"Dewan Housing Finance Corporat...","1800223435",""
"Lic Of India corp","+ 91  9880933502",""
"Bgsc Finance Ltd","+ 91  80 41575157",""
"Dewan Housing Finance Corporat...","1800223435",""
"Citibank Bridgestone Financial...","+ 91  80 41285647",""
"Andhra Bank (Loan Division)","+ 91  80 22959675",""
"Can Fin Homes Ltd","+ 91  80 27682007",""
"Nivara Home Finance Limited","+ 91  80 26552822",""
"FENEX ENTERPRISE","+ 91  8861045377",""
"AIG Home Finance","+ 91  80 25599691",""
"Syndicate Bank Employees Union...","+ 91  80 23444369",""
"Sundaram Finance Ltd","+ 91  9986069105",""
"Kaveri Grameen Bank","+ 91  80 28471004",""
"Axis Bank Loan Center","+ 91  8722455677",""
"The Catholic Syrian Bank Ltd","+ 91  9632817430",""
"Bhagavathi Consultancy","+ 91  9945692910",""
"LICHFL Financial Services Ltd","+ 91  80 65832301",""
"ICICI Home Loan","",""
"HDFC Ltd","",""
"National Housing Bank","+ 91  8105272555",""
"IIFL Gold Loan","+ 91  80 26743822",""
"Corporation Bank (Loan Division)","+ 91  80 22274262",""
"AnandRathi Shares And Stock Br...","+ 91  9986227455",""
"Dewan Housing Finance Corporat...","+ 91  9731291609",""
"Mutooth Fincorp","+ 91  80 25575777",""
"Andromeda Marketing PVT LTD","+ 91  80 41473008",""
"Pecuniaa Managment Solutions","+ 91  9845441310",""
"Chaitanya India Fin Credit Pvt...","+ 91  80 26750010",""
"HDFC Bank","",""
"IIFL","+ 91  80 42056903",""
"HDFC Securities","+ 91  8026782273",""
"Ujjivan Financial Services Pvt...","+ 91  80 27822076",""
"Muthoot Fin Corp Ltd","+ 91  80 27726029",""
"IDBI Home Loan Services","+ 91  9019327595",""
"Indiabulls Financial Services","+ 91  80 30231108",""
"SBI Home Loans in Bangalore","+ 91  9590605999",""
"Edelweiss Broking Limited","+ 91  80 40592901",""
"Suraksha Financial Services","+ 91  9972019806",""
"T S Mahalingam & Sons","+ 91  9845403020",""
"Icicidirect.com","+ 91  80 64526791",""
"Manappuram Finance Limited","+ 91  80 32557931",""
"Sree Vijayanand Total Solution","+ 91  9535026464",""
"Kapils Enterprises","+ 91  9738893679",""
"Idbi Bank Finance Ltd","+ 91  80 41607000",""
"Dream Homes","+ 91  9886477652",""
"Sundaram BNP Paribas Home Fina...","+ 91  9844599231",""
"Loan solutions","+ 91  80 64444766",""
"Finmoney Zone Financial Services","+ 91  80 41232325",""
"Rupee Zone","+ 91  80 25216977",""
"Gruh Finance Limited","",""
"Pinnacle India","+ 91  80 22229001",""
"Rupee Boss.com","+ 91  9844404395",""
"Axis Bank Ltd","+ 91  80 66995259",""
"Core Assurance","+ 91  9972049007",""
"G K Finance Services","+ 91  9379685527",""
"Beehive Marketing And Consulta...","+ 91  80 41506050",""
"Veeresh Real Estate & Financia...","+ 91  80 67935649",""
"ICICI Direc","+ 91  8041288270",""
"Reliance Home Finance","+ 91  9740336092",""
"Dhanlaxmi Bank Ltd (Home Loan ...","+ 91  80 64548689",""
"Sanga Mitra Credit Co Operativ...","+ 91  80 25700012",""
"Vision Solutions","+ 91  9739326426",""
"sulabhloan.com","+ 91  9620067309",""
"Capital Corp","+ 91  80 41285070",""
"Nidhi Gold Loans","+ 91  80 26698886",""
"B P Srinivas Babu","+ 91  9739395288",""
"Kaveri Grameen Bank","+ 91  9901806545",""
"MUTHOOT FINCORP LTD","+ 91  9341210659",""
"Reliance Securities Ltd","+ 91  80 41698416",""
"SLV Finance And Service","+ 91  9845496699",""
"Graduates Cooperative Credit S...","+ 91  80 23112888",""
"home loan towns","+ 91  8095799592",""
"S V Financial Consultants","+ 91  80 42246565",""
"Consumer Care","+ 91  9980146662",""
"Andromeda","+ 91  9538733706",""
"Smart O Loan","+ 91  80 26590007",""
"M M Financial Consultants","+ 91  9538103999",""
"Kembhavi Consultants","+ 91  80 41147333",""
"IIFL","+ 91  80 42166114",""
"Satvik Financial Service","+ 91  80 33700562",""
"Sumukha Financials Services","+ 91  80 26613831",""
"apple financial solution","+ 91  9164891234",""
"Vaibhav Finserv","+ 91  80 26722166",""
"SRI SAI Finance","+ 91  9538839784",""
"Home affairs","+ 91  9844224244",""
"Arpitha Groups","+ 91  80 23377822",""
"Star Health Insurance","+ 91  9880112719",""
"Analytical Investments","+ 91  80 65763643",""
"Sbi Home loans","+ 91  80 26599990",""
"LIC HOUSING FINANCE LTD ELECTR...","+ 91  80 22960508",""
"Gruh Hom Loans","+ 91  80 41327000",""
"RKPL Home Loan","+ 91  8147583057",""
"HSGS Technology","+ 91  8105247247",""
"Loans 4 All","+ 91  80 41759570",""
"S C B financial solution","+ 91  9743539612",""
"M A Finance Consultancy","",""
"Corpbank Homes Ltd","+ 91  80 25268529",""
"Samarth Financial Services","+ 91  80 22254801",""
"Blue Nishu Stone Financial Ser...","+ 91  80 26767762",""
"Cosmos Co Operative Bank Ltd (...","+ 91  80 26620056",""
"Indiabulls Securities Ltd","+ 91  80 41509111",""
"Shanthilal & Co","+ 91  9008718799",""
"IDBI Home Finance LTD","+ 91  80 42607000",""
"HDFC Home Loan","+ 91  9739076371",""
"LIC OF INDIA Agent","+ 91  9740433557",""
"Paramount Financial Solutions","+ 91  80 42109023",""
"Loan Mithra","+ 91  8123697926",""
"Easyloan4you.com","+ 91  9743433233",""
"IIFL","+ 91  80 28604923",""
"Biggerloanz.Com","+ 91  80 30924602",""
"Alfi Consultants","+ 91  9880921826",""
"Religare Commodities Ltd","+ 91  8023376205",""
"Life Insurance","+ 91  9449214691",""
"Loans 4 Deal","+ 91  80 33532441",""
"Catholic serian bank","+ 91  80 27831740",""
"Indusind Bank Ltd (Home Loan D...","+ 91  80 27836556",""
"Benaka Souharda Credit Co-op Ltd","+ 91  80 23525548",""
"Kotak mahindra business loan","+ 91  9008025399",""
"AKS Infra","+ 91  80 40314151",""
"Sri Ventures","+ 91  80 33294859",""
"State Bank Of Hyderabad (Home ...","+ 91  80 22216180",""
"ICICI Property Services","+ 91  80 41296836",""
"Finanze","+ 91  9591788106",""
"Rajeshwari Financial Service","+ 91  9880957589",""
"Link Associates","+ 91  80 41202323",""
"SJ Financial Services","+ 91  9880070426",""
"Swagath Securities Pvt Ltd","+ 91  80 22872473",""
"We Care","+ 91  8867641464",""
"Shreyas Enterprises","+ 91  80 41538725",""
"Vishnu Financials","+ 91  9980532701",""
"AMS Consultant","+ 91  80 33081820",""
"Dream Shelters","+ 91  80 42044861",""
"I Win Marketing and Wealth Man...","",""
"Y And M Financial Consultants","+ 91  9964777175",""
"Finserv Inc","+ 91  80 41129862",""
"Mile Stone Solutions","+ 91  80 40989517",""
"Raj Financial Services","+ 91  9448522017",""
"Equest Capital","+ 91  80 41277469",""
"FEDBANK FINANCIAL SERVICES LTD","+ 91  80 41636281",""
"Make Grow Financial Service","+ 91  8095629557",""
"Quick Loans","+ 91  9164634296",""
"subhash enterprises","+ 91  8123743403",""
"FORTUNE FINANCIAL SERVICES","+ 91  9980894157",""
"Phenex Inc","+ 91  9663896761",""
"Sarvadev Professional services","+ 91  9535500644",""
"World Wide Integrated Consultancy","+ 91  8892237485",""
"Axis Sales LTD","+ 91  80 64524906",""
"Fortune Financial","+ 91  9900295159",""
"N B D Services","+ 91  9379845595",""
"V P Solutions","+ 91  80 42045260",""
"housing finance","+ 91  9036240546",""
"Sri Lakshmi Home Loans And Per...","+ 91  9036060460",""
"Sri Gowri Ganesha Credit Co-op...","+ 91  9886667167",""
"H L FINANCIAL SOLUTION LINK","+ 91  9738404037",""
"FedBank Financial Services Ltd","",""
"Uco Bank (Home Loan Division)","+ 91  80 27683545",""
"Credit citi","+ 91  8197204444",""
"Credit Consultants","+ 91  80 64533400",""
"Panchamuki Enterprises","+ 91  9886577779",""
"Shree SAI Associates","+ 91  80 28609999",""
"LoanMeet","+ 91  7899799451",""
"Shashi Enterprises","+ 91  9916231480",""
"your cards","+ 91  8123416130",""
"SAB SALES AND DISTRIBUTION","+ 91  7899362557",""
"Mdm Infotech","+ 91  9916921222",""
"Sri Sai Associates","+ 91  9845122596",""
"Bangalore loans","+ 91  9916558822",""
"Easy Home Loan","+ 91  9972119988",""
"Mathru Financial Solutions","+ 91  8904604095",""
"Unnati Wealth Advisor","+ 91  9886398617",""
"SUFAL FINANCE","+ 91  7799443622",""
"Indo Pacific Housing Finance Ltd","+ 91  80 40977407",""
"R K Finance","+ 91  9845496423",""
"Venkat Raj Associates","+ 91  80 26621556",""
"Leeways","+ 91  9844300972",""
"Total Investments","+ 91  9620000290",""
"Sri Datta Guru Associates","+ 91  80 42228182",""
"Unity Services","+ 91  80 25422591",""
"6th Senses Capital Advisor","+ 91  80 41236749",""
"Bangalore City Home Loans","+ 91  9886761984",""
"Sumukha Associates","+ 91  80 32004473",""
"Kings Brigade India PVT LTD","+ 91  80 41119046",""
"Four Edges","+ 91  80 33563584",""
"Naveen R","+ 91  9880659085",""
"Tandem Allied Services Pvt Ltd","+ 91  80 41117106",""
"Sliverline Business Solutions ...","+ 91  9986661515",""
"Prompt Finanacial Services","+ 91  8884641477",""
"Apna Ghar","+ 91  80 40917105",""
"R M Financial","+ 91  9731723946",""
"Max Solutions","+ 91  9845742622",""
"Jammu & Kashmir Bank Ltd (Home...","+ 91  80 25594126",""
"Sumithra S","+ 91  8553339224",""
"Frontier Group Of Companies","+ 91  80 41690271",""
"Sushma","+ 91  9945008142",""
"Deutsche Bank Ltd Home Loans Div","+ 91  80 66935523",""
"Raj Mangal Associates","+ 91  9341666007",""
"Svs Credits","+ 91  80 41132430",""
"Axis Soluitons","+ 91  80 41467885",""
"Kiros Group Of Companies","+ 91  9742664409",""
"Adar Marketing Services","+ 91  9880036426",""
"Syed finance service","+ 91  7829650186",""
"G.K Consultancy Services","+ 91  80 41690304",""
"Creative Lending Solution","+ 91  9481481813",""
"Personal Financial Services","+ 91  80 41554174",""
"Standard Chartered Securities,...","+ 91  8022108140",""
"India Finsol Pvt Ltd","+ 91  80 41138952",""
"Falcon Solutions","+ 91  80 41690853",""
"Winning Edge","+ 91  80 25327300",""
"Mindfin Serve","+ 91  9916917983",""
"Equinoxe Financial Solutions","+ 91  80 41426421",""
"B S Financial Services","+ 91  80 30207272",""
"Sri Lakshmi Home Loans And Mor...","+ 91  9164149977",""
"Sri Lakshmi Personal Loans","+ 91  9535449977",""
"Easy Loan For You.com","",""
"Vassure","+ 91  9343112929",""
"Divya Jyothi Credit Co Operati...","+ 91  80 26631429",""
"S K Associates","+ 91  80 33642840",""
"Fast Track","+ 91  9845095708",""
"Capital Fin Services","+ 91  9686207005",""
"Nlg Wealth Solutions","+ 91  9019777245",""
"SAI Samnvitha Finance Consultant","+ 91  9880963771",""
"Tycoon Financial Services","+ 91  80 41219497",""
"Shakthi Needs","+ 91  80 64559915",""
"First India Credit","",""
"Dewan Housing Finance Corporat...","+ 91  80 22201791",""
"Slv Enterprises","+ 91  80 32023427",""
"UNO Inc","+ 91  80 65373440",""
"A R Financial Services","+ 91  80 25250200",""
"August Infotech","+ 91  80 32902188",""
"Allsec Perscom Pvt Ltd","+ 91  80 25200709",""
"Lokesh","+ 91  9916104378",""
"Money Point","+ 91  9886144961",""
"Ft2acres.Com","+ 91  80 41242921",""
"Makemyloans.com","+ 91  7899284428",""
"Wecare Life Services","+ 91  8867641464",""
"Customer First Finance Solution","+ 91  9663705601",""
"Jai Gurudev Estates","+ 91  80 26631255",""
"Hot Deals","+ 91  80 33100063",""
"Amulya Associates","+ 91  9343867723",""
"Aggressive Sales & Services","+ 91  80 42224222",""
"Tantas Solutions","+ 91  9844102830",""
"Destimoney Enterprises Pvt Ltd","+ 91  9742699603",""
"Dream Homes","+ 91  80 41731038",""
"Shravan Kumar","+ 91  9845536610",""
"Autoline T S Mahalingam & Sons","+ 91  80 25216977",""
"Basaveshwara House Building Co...","",""
