"Name","Phone","Address"

"Techsmart Mobile Solutions","+ 91  80 33054317",""
"Apple Solutions","+ 91  8050145225",""
"Servicemymobile","+ 91  80 33057876",""
"The Mobile Access","+ 91  80 33091336",""
"Mob And Lap","+ 91  80 65636565",""
"Samsung Mobile Care","+ 91  80 33537310",""
"Prakash Cellular Service An...","+ 91  80 41486306",""
"Mobile Land","+ 91  8548983972",""
"Jyestha Mobile Serveaze","+ 91  80 39558310",""
"Parameshwara Enterprises","+ 91  80 33057203",""
"Pickfixgo.Com","+ 91  80 33673717",""
"Fone Care","+ 91  80 42174455",""
"Fone Care","+ 91  80 42229179",""
"Mobicom","+ 91  80 33762201",""
"Cellutions","+ 91  80 39629956",""
"Ifix","+ 91  80 33294838",""
"S R Mobile Point","+ 91  80 33294378",""
"iPhone Service Centre","+ 91  80 33700829",""
"Asus Exclusive Store","+ 91  80 33537612",""
"Mobile Doctor","+ 91  80 33724533",""
"Cellphone Centre","+ 91  80 33082279",""
"Celtel","+ 91  80 33674253",""
"New Cell City","+ 91  80 33518215",""
"Service Point","+ 91  80 39628762",""
"Totoodo Samsung Mobile Repa...","+ 91  80 30832451",""
"I Do Smart Phone Service","+ 91  80 40936067",""
"SMD Mobiles","+ 91  80 33563342",""
"Eshwar Telecom","+ 91  80 33674461",""
"Comp Guy Lenovo Exclusive S...","+ 91  80 33724795",""
"Computer Mega Mart & Mobiles","+ 91  80 33724925",""
"Saanvi Mobiles","+ 91  80 33518953",""
"Shiv Mobile Solutions","+ 91  80 33092584",""
"Paras Telecom","+ 91  80 33531997",""
"Pulp Electronics Trading","+ 91  80 33537375",""
"Totoodo Mobile Service Centre","+ 91  80 33566194",""
"Techsmart Mobile Solutions","+ 91  80 40937950",""
"Rashmi Telecom","+ 91  80 33700630",""
"V Mobiles","+ 91  80 33293694",""
"The Phone Wizard","+ 91  8088181680",""
"Nemas Mobiles And Computer ...","+ 91  80 39558446",""
"Mobile Cafe","+ 91  80 33640006",""
"Bluesoft Computers","+ 91  80 33050393",""
"iPhone Service Centre","+ 91  80 33538796",""
"Service Zone","+ 91  80 33724001",""
"Siri Accellorize","+ 91  80 33518711",""
"Celtel","+ 91  80 40986154",""
"New Fonotech","+ 91  80 33562071",""
"Cell Care","+ 91  80 33090789",""
"New Jagat Associates","+ 91  80 41264119",""
"S M Mobile Care","+ 91  80 33057538",""
"Samsung Mobile Service Centre","+ 91  80 33566193",""
"Byraweshwara Enterprises","+ 91  80 33090030",""
"Symphony Mobiles","+ 91  80 33762640",""
"Mobile Shop","+ 91  80 41468889",""
"C P Communication","+ 91  80 33674331",""
"Navkar Telecom","+ 91  80 33518539",""
"Tech Zone","+ 91  80 33566333",""
"MIS Mobile Service Center","+ 91  80 33563654",""
"Servicemymobile.Com","+ 91  80 33531398",""
"Itouch Smartphones Restore","+ 91  80 30119026",""
"Sree Sai Mobile Service","+ 91  80 33051929",""
"Samsung Smart Cafe","+ 91  80 33100438",""
"Devendra Telecom","+ 91  80 33092303",""
"Seema Enterprises","+ 91  80 39828253",""
"Yello Box Enterprises","+ 91  80 23525233",""
"Venkateshwara Enterprises","+ 91  80 33722054",""
"Ipad Service Centre","+ 91  80 33566196",""
"Lakshmi Telecom","+ 91  80 33092854",""
"MAC Book Service Center","+ 91  80 33722197",""
"My Electronics Care","+ 91  80 33294905",""
"IPhone Service Centre","+ 91  80 33538795",""
"HTC Mobile Service Center","+ 91  80 41521119",""
"Sil Sila Mobile Service Centre","+ 91  80 33054708",""
"M H Communication","+ 91  80 33518913",""
"Bharat Access","+ 91  80 33618589",""
"Fast Link Mobile Care","+ 91  80 33618804",""
"Sunshine Solutions","+ 91  80 33722356",""
"Ss communication","+ 91  80 33530323",""
"Cauvery Mobiles","+ 91  80 33642719",""
"Vinayaka Telecom","+ 91  80 33568055",""
"Bigfix E Care","+ 91  80 33094674",""
"Bismillah Mobile Service","+ 91  80 33090680",""
"Sangeetha Mobiles Repairs A...","+ 91  80 33642443",""
"Gotango","+ 91  80 33640265",""
"Sri Basaveshwara Mobiles Se...","+ 91  80 33057471",""
"Smart Care","+ 91  80 33910186",""
"Mobile Seva","+ 91  80 33762851",""
"Wi Fi Mobiles","+ 91  80 33491799",""
"T S Mobile Sales And Service","+ 91  80 33535274",""
"Sri Manjunatha Mobile Clinic","+ 91  80 33056996",""
"Delta Care Centre","+ 91  80 33537560",""
"National Telecom","+ 91  80 33539504",""
"Techspot India","+ 91  80 33641149",""
"S N Times And Mobiles","+ 91  80 33792562",""
"Jain Electronics","+ 91  80 33051497",""
"Sri Sai Telecom","+ 91  80 33532927",""
"Sri Balaji Telecom","+ 91  80 33091105",""
"Nokia Priority Store","+ 91  80 33538487",""
"Big Fix E Care","+ 91  80 41000060",""
"Bigfix E-Care","+ 91  80 33641179",""
"Bangalore Smart Phone Servi...","+ 91  80 41103592",""
"Janavi Electronics","+ 91  80 33082689",""
"Mobile Point Sales And Serv...","+ 91  80 33530521",""
"Delight Telecom","+ 91  80 33052564",""
"Fono The Complete Mobile Store","+ 91  9986125888",""
"Sri Vinayaka Mobiles","+ 91  80 33535750",""
"Poojashree electricals &ele...","+ 91  80 30119038",""
"Bigfix E-Care","+ 91  80 33100861",""
"Totoodo","+ 91  80 33537292",""
"SRK Business Point","+ 91  80 33090917",""
"The Mobile Phone Care","+ 91  80 33051047",""
"Rightway Mobile Solution","+ 91  80 33762630",""
"Soma Telecom","+ 91  80 33642553",""
"Red Apple Technical","+ 91  80 33292200",""
"HTC Mobile Service Center","+ 91  80 33566276",""
"Sonyred","+ 91  80 33511544",""
"Samsung Digital Plaza","+ 91  80 33618424",""
"Pristine Electronics And So...","+ 91  80 33092402",""
"I Core Service Centre","+ 91  80 33532914",""
"Mobile Paradise","+ 91  80 33644566",""
"Sri Sai Cells","+ 91  80 39557263",""
"Sindhu Mobiles","+ 91  80 33518755",""
"City Selection","+ 91  9844164552",""
"Prakash Mobile And Laptop S...","+ 91  80 33640545",""
"Cell Mobiles","+ 91  80 41666529",""
"Sim City","+ 91  80 39626675",""
"i phone service center","+ 91  80 40958575",""
"Guru Communications","+ 91  80 33569997",""
"M Tech Service","+ 91  80 33511344",""
"Fix My Gadgets Techservices...","+ 91  80 33091341",""
"Ashwini Mobiles","+ 91  80 33054674",""
"Mob & Laptron","+ 91  80 33083066",""
"Sri Sai Cells","+ 91  80 33618906",""
"Smart One Communication","+ 91  9972758999",""
"Ambika Enterprises","+ 91  80 26710910",""
"Frank Tech Mobile Solutions","+ 91  80 33569469",""
"Excellent Cellular","+ 91  80 41705555",""
"I Do Smart Phone Service","+ 91  80 33518588",""
"MSC Mobile Service Centre","+ 91  80 33511679",""
"Mobile Service Point","+ 91  80 41121645",""
"S B Enterprises","+ 91  80 33530544",""
"Gizmo Tech","+ 91  80 33518092",""
"Funk My Gadget","+ 91  80 33532328",""
"Navadi Mobile Tech","+ 91  80 30832322",""
"IPhone Service Center","+ 91  80 33539159",""
"Shree Sai Mobile Care","+ 91  80 33561684",""
"Nokia Priority Store","+ 91  9480443636",""
"Mac Book Service Center","+ 91  80 33722199",""
"Iphone Service Center","+ 91  80 41474313",""
"Yash Raj Moblies","+ 91  80 33294385",""
"Anu Gallery","+ 91  80 33674582",""
"Samsung India Electronics (Cus...","180030008282",""
"Samsung Authorised Service Centre","+ 91  80 33792631",""
"Sri Varu Solutions","+ 91  80 23469090",""
"Samsung Authorised Service Centre","+ 91  80 43560903",""
"Asus Authorised Mobile Service...","+ 91  80 40979070",""
"Emag Solutions","+ 91  80 33054105",""
"Intouch Services","",""
"Samsung Care Point","+ 91  80 41211151",""
"Samsung Authorised Service Centre","+ 91  80 42033882",""
"POORVIKA MOBILE WORLD","+ 91  80 41690809",""
"Poorvika Mobile World","+ 91  80 41690808",""
"Gionee Care","+ 91  80 41649797",""
"Poorvika Mobile world and serv...","+ 91  80 41690807",""
"Poorvika Mobile World","+ 91  80 40926868",""
"Sangeetha Mobiles","+ 91  8867842554",""
"Samsung Mobile Service","",""
"Poorvika Mobile World","+ 91  8884728855",""
"Totoodo Mobile Htc Repair","+ 91  80 41523333",""
"Quick Connect","+ 91  80 41279242",""
"Sangeetha Mobiles Pvt Ltd","+ 91  80 41620742",""
"Sangeetha Mobiles Pvt Ltd","+ 91  80 41705550",""
"Maha Electronics Pvt Ltd","+ 91  80 26635832",""
"Poorvika Mobile World","+ 91  80 41251788",""
"Celkon Service Center","+ 91  9945778101",""
"Sangeetha Mobiles Pvt Ltd","+ 91  80 40963568",""
"Poorvika Mobile World","+ 91  80 41472728",""
"POORVIKA MOBILE WORLD","+ 91  80 41125855",""
"Sangeetha Mobiles Pvt Ltd","+ 91  80 41662005",""
"Sun Times","+ 91  9845035175",""
"Samsung Smart Phone Cafe","+ 91  80 42043676",""
"Poorvika Mobile World","18001035080",""
"Reliance digital express mini","+ 91  80 41037306",""
"Sangeetha Mobiles Pvt Ltd","+ 91  80 28607875",""
"Orbit Communications","+ 91  9845172453",""
"Sangeetha Mobiles Pvt Ltd","+ 91  80 41701042",""
"New Aishwarya Mobile Communica...","+ 91  8880258117",""
"Fine Fone Solution","+ 91  80 26536477",""
"Quick Connect","+ 91  80 26630272",""
"Celfixx solutions","+ 91  80 42114116",""
"Karbonn Care Sujane Times","+ 91  80 41558088",""
"General Telecom Service","+ 91  9972030330",""
"Reliance Digital Express Mini","+ 91  80 42054039",""
"New Mas","+ 91  80 41259995",""
"Univercell Telecommunications ...","+ 91  80 41999255",""
"A V Tele Solutions","+ 91  80 40952728",""
"Dapic Service Centre","+ 91  80 41226870",""
"Professional Telecom","+ 91  80 41134514",""
"Sangeetha Mobiles","+ 91  80 42025151",""
"Sangeetha Mobiles Pvt Ltd","+ 91  80 28451177",""
"POORVIKA MOBILE WORLD","+ 91  80 41690802",""
"Nokia priority mobile shop","+ 91  9845443879",""
"Totoodo Mobile Service Center","+ 91  80 41521119",""
"Sangeetha Mobiles Pvt.Ltd","+ 91  80 28485993",""
"Universal mobiles","+ 91  7411133367",""
"Nokia Mobiles Care","+ 91  8861553636",""
"Samsung Electronic Pvt Ltd","+ 91  9035353579",""
"Cell Communications","+ 91  80 40974117",""
"Get Connect","+ 91  80 41656131",""
"Samsung store T-square retail","+ 91  80 41538960",""
"Devendra Telecom","+ 91  80 41508026",""
"Shree Shyam Mobile Service","+ 91  9844814644",""
"Blu Mobiles","+ 91  9845066427",""
"Apple 2 mobile store","+ 91  7026125563",""
"Samsung Service Plaza","",""
"ToTooDo Mobile Service Center","+ 91  80 41521115",""
"Samsung Plaza","",""
"Mobile Seva","+ 91  9611784111",""
"Repair My Handset.Com","+ 91  9739546752",""
"Venkateshwara Enterprises","+ 91  80 41678088",""
"Sangeetha Mobiles Private Ltd","+ 91  80 42024455",""
"Sangeetha Mobiles","+ 91  80 41469292",""
"Totoodo Mobile Service Center","+ 91  80 41521116",""
"RKR Infocom","+ 91  9686488007",""
"Totoodo Mobile Service","+ 91  80 41105150",""
"Accessseries","+ 91  80 41313120",""
"Sangeetha Mobiles","+ 91  8970363301",""
"Bharat Access","+ 91  80 42242356",""
"The Mobile Store","+ 91  80 64530149",""
"Sri Guru Telecommunication","+ 91  80 41697230",""
"Mobile Galleria","+ 91  80 41511600",""
"Mobile Mane","+ 91  80 23443142",""
"Sangeetha Mobile Servicing","+ 91  9886988640",""
"Sangeetha Mobiles Pvt Ltd","+ 91  9513024709",""
"Pai Mobiles","+ 91  80 23487323",""
"Venkateshwara Enterprises","+ 91  80 42021570",""
"Girias","+ 91  80 42598889",""
"Totoodo Mobile Samsung Repair","+ 91  80 41521112",""
"Vandhana Communication","+ 91  80 41116374",""
"Blu Mobiles","+ 91  9901362244",""
"PAI MOBILES","+ 91  80 25667636",""
"Techtronix Mobile Solutions","+ 91  80 42007510",""
"Totoodo Smartphone Workshop","+ 91  80 49597810",""
"Totoodo","+ 91  9611269682",""
"Friends Telecom","+ 91  80 23366808",""
"Telcam","+ 91  9980065086",""
"Vodafone store","+ 91  9742928143",""
"Prakash Cellular Service","+ 91  80 41486306",""
"Bangalore Smart Phone Service ...","+ 91  80 41521116",""
"V Mobiles","+ 91  8494950427",""
"Charisma","+ 91  80 22268866",""
"Maq Tech Mobile Solutions","+ 91  80 33792420",""
"Best Buy Communications","+ 91  9742222805",""
"TOTOODO","+ 91  9945533420",""
"Samruddhi Mobiles","+ 91  80 40931611",""
"Pai Mobiles","+ 91  80 28611323",""
"Pai Mobiles","+ 91  80 40915046",""
"TOTOODO","+ 91  80 42103355",""
"Sangeetha Mobiles Private Limited","+ 91  80 40921009",""
"Sangeetha Mobiles Pvt Ltd","+ 91  80 28607040",""
"Shanthi Telecom","+ 91  80 65658319",""
"HINDUSTAN TELECOM","+ 91  8553918346",""
"Apple mobiles","+ 91  9738228686",""
"Sangeetha","+ 91  80 40969759",""
"Asus Service Centre","+ 91  7026604415",""
"Pai Mobiles","+ 91  80 28484188",""
"INFINITY mobile solution","+ 91  80 23469791",""
"Sangeetha Mobiles Private Ltd","+ 91  9060002020",""
"Vikas Mobiles","+ 91  9845177976",""
"Sangeetha Mobile Servicing","+ 91  9886988640",""
"San Communications","+ 91  80 40912919",""
"Shiva Sai Enterprises","+ 91  80 26597070",""
"Bhavna Telemobiles","+ 91  9980224478",""
"S R Mobile Care","+ 91  9742016060",""
"SANGEETHA MOBILES PVT LTD","+ 91  8892309911",""
"Speed Communication","+ 91  80 26635616",""
"Hi Tech Mobiles","+ 91  9945419040",""
"Mahalakshmi Collection","+ 91  80 26536384",""
"V Mobiles","+ 91  80 42198079",""
"Universal the mobile store","+ 91  7022223773",""
"Sangeetha Mobile Service","+ 91  80 41123398",""
"Whatsapp Mobiles","+ 91  9738620798",""
"Sri Sai Phone Care Centre","+ 91  80 42283137",""
"Just Like New","+ 91  9248446676",""
"Pai Mobiles","+ 91  80 41697748",""
"Sangeetha Mobile Store","",""
"TOTOODO","+ 91  80 41134424",""
"Pai Mobiles","+ 91  80 41462333",""
"To Toodo Smart Phone Workshop","+ 91  80 41520642",""
"Phone World","+ 91  80 41104462",""
"Celtel","+ 91  80 41239191",""
"Mobile Cafe","+ 91  80 23120006",""
"APOORVA MOBILE KART","+ 91  9986584211",""
"Lotus Mobiles","+ 91  80 41461322",""
"Mobile Track","+ 91  80 23406336",""
"Devendra Electrical Company","+ 91  80 41210319",""
"San Communications","+ 91  9972332223",""
"S.L.V Telecom","+ 91  9743203100",""
"Sangeetha Mobiles Pvt Ltd","+ 91  80 23281050",""
"Phone Care","+ 91  9738234843",""
"Maruti Communications","+ 91  9738157101",""
"Quick Connect","+ 91  80 33013443",""
"S K Mobiles Service Centre","+ 91  9591917565",""
"E Mobiles","+ 91  9902593166",""
"Samsung Mobile &Gift Centre","+ 91  9035383691",""
"Padmavathi Telecom","+ 91  9900875595",""
"Waves Telecom","+ 91  80 41481043",""
"Lotus Mobiles","+ 91  80 41713768",""
"Mobile Land","+ 91  80 42045145",""
"New Rapid Zone","+ 91  80 26533766",""
"V Care Mobile","+ 91  80 40992335",""
"Ravi Kumar Enterprises","+ 91  80 25791809",""
"Arris ( Motorola Mobility Indi...","+ 91  80 42213500",""
"Accurate Mobile Center","+ 91  9845124170",""
"Shree Keivay Telecom","+ 91  9632432888",""
"Nokia cell city","+ 91  9844322949",""
"The Smart Fix","+ 91  80 40931012",""
"S V Digital Land","+ 91  9483293793",""
"Supreme mobiles","+ 91  80 23608181",""
"The Mobile Store","",""
"Sunil Mobile Electronic Centre","+ 91  7204368124",""
"Jai Ambay Enterprises","+ 91  9980808259",""
"i Fix Mobile Sales and Service","+ 91  8880064115",""
"Sri Venkateshwara Mobile Point","+ 91  9738468400",""
"Mobile Hub","+ 91  80 33562550",""
"HOTSPOT","+ 91  7760977787",""
"Sangeetha mobiles Pvt.ltd","+ 91  9036748683",""
"The Mobile Store","+ 91  9060800900",""
"Lakshmi Telecom","+ 91  80 33761163",""
"Shankar Mobile centre","+ 91  9739707884",""
"Hi- Fi Mobiles & Computer","+ 91  7259878683",""
"MOBILE GALLERY","",""
"Sankalpa Electronics","+ 91  80 33091570",""
"Mobile Doctor","+ 91  80 41121121",""
"Rishab Mobiles","+ 91  9620239803",""
"Sri Ranganatha Communications","+ 91  80 33643321",""
"Mobile Seva","+ 91  80 41527338",""
"Samsung smart cafe","",""
"Sciiphol Electronics","+ 91  80 25560035",""
"ECU Pvt Ltd","+ 91  7411107005",""
"PAI MOBILES","+ 91  9900028726",""
"Mobitel","+ 91  80 40950732",""
"Ojas Sales Pvt Ltd","+ 91  80 22455354",""
"Totoodo","+ 91  80 41521119",""
"M P Telecom","+ 91  9591147186",""
"Maxtel","+ 91  80 41655050",""
"Maharaja Telecom","+ 91  9886321090",""
"Smart Services","+ 91  80 33518405",""
"Hi Fi Electronics & Mobiles","+ 91  80 41284775",""
"Planet M Retail Ltd","+ 91  80 40940601",""
"SRI GANESH ELECTRONICS","+ 91  80 23602556",""
"Sri Ganesh Telecom and Electro...","+ 91  80 23131547",""
"Pai Mobiles","+ 91  80 23490900",""
"Ram Mobiles","+ 91  8951853629",""
"Venus Telecom","+ 91  80 41400280",""
"V Mobiles","+ 91  80 23240057",""
"Sangeetha mobiles","+ 91  80 26726655",""
"Spice hotspot","+ 91  7259038841",""
"Lotus Mobiles","+ 91  7795033384",""
"Arihant Telezone","+ 91  80 41612375",""
"Samsung Service Plaza","",""
"Totoodo Smartphone Workshop","+ 91  80 41521119",""
"Professional Telecom","+ 91  80 41473726",""
"Lotus Mobiles","+ 91  7795033364",""
"Sangeetha Mobile Service","+ 91  9743144445",""
"Sangeetha Mobile Servicing","+ 91  9036856663",""
"R K Telecom","+ 91  80 41492088",""
"Cellphone World","+ 91  80 33641612",""
"Mobile galleria","+ 91  7259142287",""
"Help For Sure","+ 91  80 42010527",""
"Mobikins","+ 91  80 22067786",""
"Mobiles Vatika","+ 91  9845032129",""
"Srinivasa Telecom","+ 91  80 41203490",""
"Mobile Care","+ 91  8095478095",""
"Sk.Telecom","+ 91  8884301750",""
"MOBILE GALAXY","+ 91  80 40943768",""
"Zee Mobile","+ 91  80 40925416",""
"Siri Accellorize","+ 91  8884569143",""
"Ridhi Sidhi Mobiles","+ 91  9036200017",""
"V K G Communication","+ 91  9538434947",""
"Sangeetha Mobiles","+ 91  80 42146462",""
"D N TELECOM","+ 91  9980234568",""
"The mobile land","+ 91  8088848881",""
"Vignesh Tele Service","+ 91  9900956685",""
"Sangeetha Mobile Servicing","+ 91  9036856663",""
"Mobile Concepts Phone Solution","+ 91  80 41284010",""
"The Mobile World","+ 91  9738192936",""
"MSN Communication","+ 91  9342886000",""
"Cell Care the perfect cell sol...","+ 91  80 33100631",""
"Bangalore Cellular Services","+ 91  9972218956",""
"Shrishti Services","+ 91  80 41263451",""
"S Mobiles","+ 91  80 26716263",""
"SRI Manjunatha Enterprises","+ 91  9449114949",""
"Silsila Mobile Corner","+ 91  80 33293324",""
"Universal Solutions","+ 91  80 33530777",""
"Sri annapurneshwari communication","+ 91  9739115959",""
"Mango I Mobile Smart Phone","+ 91  80 33562240",""
"Lotus Mobiles","+ 91  80 23241941",""
"Metrocon","+ 91  9986966620",""
"Professional Mobiles","+ 91  80 33292248",""
"Bright Telecom","+ 91  80 25284547",""
"Sky Line Communication","+ 91  7899420420",""
"Bangalore Telecom And Communic...","+ 91  80 40961409",""
"Onsite Electro Services Pvt Ltd","+ 91  80 65704392",""
"Apoorva Mobiles","+ 91  80 41231144",""
"The Cellular Solutions","+ 91  80 41466288",""
"ToTooDo Mobile Service Center","+ 91  80 41521110",""
"Sai Accessories Zone","+ 91  7022075359",""
"BTM SHOPPEE","+ 91  80 41465019",""
"Vaishnavi Telecom","+ 91  9980639999",""
"Star Communication","+ 91  9986999864",""
"Basava enterprises","+ 91  9880553584",""
"Global Mobile Service","+ 91  8884082988",""
"H V S communication","+ 91  9035674304",""
"APEKSHA TELECOM & FASHIONS","+ 91  80 28535828",""
"Network Solutions","+ 91  80 40979366",""
"ABM Enterprises","+ 91  9945651017",""
"Cell Store","+ 91  80 33642478",""
"UNI Mobile Service Centre","+ 91  9900654548",""
"Mobile Mane","",""
"Pai mobiles","+ 91  80 23285261",""
"Krishna mobiles","+ 91  9066683766",""
"ifix services","+ 91  9900322007",""
"Totoodo smartphone workshop","+ 91  80 49570768",""
"S S Telecom","+ 91  80 40935293",""
"Mobile Accessories And Service...","+ 91  80 49598196",""
"Mobiles Cafe","+ 91  80 40938152",""
"Perfect Mobile Care","+ 91  9886715117",""
"Universal Pvt Ltd","",""
"S J Telecom","+ 91  9663037111",""
"Aditya times & telecom","+ 91  80 26638157",""
"Hot Spot Mobiles","+ 91  9060704040",""
"Fonexpress","+ 91  80 23127777",""
"S M Enterprises","+ 91  9035522232",""
"Cell City","+ 91  80 26631723",""
"Viveks The Unlimited Shop","+ 91  80 41461925",""
"Bharathi Telecom","+ 91  9739360751",""
"SSV Telecom","+ 91  7760696069",""
"SRI NANDI ENTERPRISES","+ 91  9986666904",""
"Slv Mobiles","+ 91  9900342999",""
"Sri Kiran Telecom","+ 91  80 41227284",""
"Tele Services","+ 91  80 41673444",""
"Cell Service Point","+ 91  9611526444",""
"Mobile Care Centre","+ 91  80 42039084",""
"Vcare Mobile Service","+ 91  80 40992335",""
"K k enterprises","+ 91  7204116496",""
"Hgs Communications","+ 91  9591764446",""
"M Cube Laptops And Mobiles","+ 91  80 30832649",""
"Admire","+ 91  80 41141548",""
"V Mobiles","+ 91  9036185853",""
"Rajhans","+ 91  80 25524440",""
"Tech Smart Mobile Solution","+ 91  9916836664",""
"Amba Bhawani Gas Agency","+ 91  9916049459",""
"HP MOBILE SERVICES","+ 91  9886098411",""
"Hi Tech Communication","+ 91  8970164783",""
"ON TRACK MOBILES","+ 91  80 23228822",""
"servicemymobile.com","+ 91  80 49517517",""
"Yash Communication","+ 91  9036171716",""
"NEW MART MOBILE","+ 91  7406596781",""
"D J Mobiles","+ 91  7411188529",""
"Loki Telecom","+ 91  9035143843",""
"BHARATH TELECOM","+ 91  9900446541",""
"S.S MOBILES","+ 91  9591151547",""
"GAYATRI ENTERPRISES","+ 91  9886672343",""
"Spark Technologies","+ 91  9206699422",""
"GLOBAL PHONES","+ 91  9916325155",""
"Mobile Cafe","+ 91  9535093018",""
"Chandrakala Mobile service Center","+ 91  9886386839",""
"Global Mobiles","+ 91  7204836504",""
"Maruthi electricals","+ 91  7204376009",""
"Mobitronix","+ 91  7353909033",""
"Hi Tech Communications","+ 91  9739077672",""
"Hi-Tech Cell Care","+ 91  80 33762737",""
"Uday Times & Mobille Service","+ 91  9916166180",""
"G M ENTERPRISES","+ 91  9066999661",""
"Your Choice Center","+ 91  80 28867288",""
"Tulsi Communications","+ 91  80 33294140",""
"Xtreme Mobiles & Gaming Zone","+ 91  9844004574",""
"Waves Telecom","+ 91  80 41121796",""
"Yes Telecom","+ 91  7259264733",""
"LUCKY MOBILE SERVICE","+ 91  9844753227",""
"Unique Telecom","+ 91  9900305055",""
"A J Associates","+ 91  9845331315",""
"A R Telecom","+ 91  9845008149",""
"Century Enterprises","+ 91  80 41290081",""
"TOUCH POINT","+ 91  80 41229222",""
"Rkr Infocom Extension","+ 91  8884570365",""
"R Connexxions","+ 91  80 23344101",""
"Sure cabs","+ 91  9036313535",""
"Maruthi Electronics","+ 91  80 23303429",""
"Mobile care","+ 91  9739395057",""
"Sri SAI Cell Zone","+ 91  9880082840",""
"Jeevan mobile mane","+ 91  9844056505",""
"A R K Mobile","+ 91  9845813222",""
"S.A Enterpises","+ 91  9164446999",""
"Quick Fix Services Center","+ 91  9900057985",""
"J K Telecom","+ 91  9886816813",""
"Sri Sai Telecom","+ 91  9902351237",""
"Tarang Communications","+ 91  9845030681",""
"Suriyha enterprises","+ 91  9742233192",""
