"Name","Phone","Address"

"Country Club (India)","+ 91  80 25202522","478, 1st Floor, 1st Main, 1st Stage Indira Nagar, Mahapadma, Mahadevapura, Bangalore - 560048"
"Taj Hotels Resorts And Palaces","+ 91  80 56605627","Race Course Road., Race Course Road, Bangalore - 560001"
"Airavatha Highway","","No. 749/1, Mysore Road, Kengeri, Bangalore - 560060"
"Cosmos Guest Homes","+ 91  80 26688048","No.32/142 & 30/145 8th Mn, 1st A Crs, 1st STG, Bangalore - 560001"
"Sln Ahobalam Meter Taxi Services","+ 91  80 23307246","No 58, 2 Floor, Malleshwaram Circle Next To Agra Sweet Stall Sl, Malleshpalya, Bangalore - 560075"
