"Name","Phone","Address"

"Bharath Pest Care","+ 91  80 33511699",""
"Karnataka Pest Control Service","+ 91  80 33092391",""
"Gokul Pest Control","+ 91  80 33511554",""
"Tura Hicare","+ 91  80 33539432",""
"Union Pest Care","+ 91  9739658548",""
"A T A Pest Control Services","+ 91  80 33080163",""
"Confident Hi Tech Pest Control","+ 91  80 33562238",""
"Rochguard","+ 91  9844561939",""
"The Career Choice","+ 91  80 33293101",""
"United Pest Control","+ 91  80 33674628",""
"Pest Control Solutions","+ 91  80 33532072",""
"Max Pest Control India Pvt Ltd","+ 91  80 33563572",""
"N P Master Pest Control Ser...","+ 91  80 33724681",""
"Sriram Pest Control Service","+ 91  80 33722265",""
"Vinayaka Pest Control Service","+ 91  9972373640",""
"Bed Bugs Controller","+ 91  80 33518187",""
"Hitech Pest Control Service...","+ 91  80 30832691",""
"R K Pest Control Solutions","+ 91  80 30832635",""
"Just Pest Control","+ 91  80 25430197",""
"SAI Enterprises","+ 91  80 64547517",""
"Afri Fumigacoes","+ 91  80 30924881",""
"Benson Pest Control Service","+ 91  80 33052776",""
"Confident Hitech Pest Control","+ 91  80 33722760",""
"I care Pest Control","+ 91  80 33674079",""
"Pest Quit","+ 91  80 33640243",""
"Aargee Pest Solutionz","+ 91  80 33530248",""
"Svs Pest Control","+ 91  80 33050143",""
"Niche Services","+ 91  80 33051647",""
"SMR Pest Control","+ 91  7795321832",""
"Arjun Services","+ 91  80 39827375",""
"True Hicare Pest Control An...","+ 91  80 33912395",""
"Live Helper Pest Control Se...","+ 91  80 33083530",""
"Fixmatic","+ 91  80 30625226",""
"Class One India Pest Contro...","+ 91  80 33762973",""
"Bio Coat","+ 91  80 33082346",""
"Ashok Pest Control Pvt Ltd","+ 91  80 33640733",""
"Integrated Pest Control Pvt...","+ 91  80 33059114",""
"Super Pest Control","+ 91  80 33619326",""
"Greencity Pest Control Serv...","+ 91  80 33294814",""
"Ideal Pest Control","+ 91  80 39628404",""
"Dinesh Pest Control","+ 91  80 33535223",""
"Monolith Support Systems","+ 91  80 39627121",""
"HiCare Services Pvt Ltd","+ 91  80 39889988",""
"Pest Control India Pvt Ltd","+ 91  80 25807419",""
"Pest Control India Pvt Ltd","+ 91  80 32320090",""
"Image Pest Care","+ 91  80 42401301",""
"Pest Control India Pvt Ltd","+ 91  80 28416616",""
"Updater Services Pvt Ltd","+ 91  80 41488585",""
"Rentokil Initial India","+ 91  80 40549000",""
"Bharat Pest Care","+ 91  80 65463294",""
"Pest Control India Pvt Ltd","+ 91  80 41315656",""
"Bharath Pest Control","+ 91  9632476679",""
"HiCare Services Pvt Ltd","+ 91  80 39889988",""
"HiCare Services Pvt Ltd","+ 91  80 39889988",""
"Pest Control (India) Pvt Ltd","+ 91  80 28375656",""
"Pest Control India Pvt Ltd","+ 91  9342111456",""
"Navigator Pest Control Service...","+ 91  80 23475282",""
"HiCare Services Pvt Ltd","+ 91  80 39889988",""
"Max Pest Control India Pvt Ltd","+ 91  8050030300",""
"Helpr","+ 91  7676000300",""
"HiCare Services Pvt Ltd","+ 91  80 39889988",""
"Vel Care International","+ 91  80 65470100",""
"Image Pest Control","+ 91  80 42401301",""
"Varna Pest Control","+ 91  80 49536872",""
"Blue Cross Pest Control","+ 91  9341422298",""
"PCI Pest Control (India) Pvt Ltd","18002122125",""
"Emergency Pest Control","+ 91  9886545288",""
"Bigico Pest Control Division","+ 91  80 23499855",""
"Go Green Environmental Services","+ 91  80 41265313",""
"Sri Sai A1 Pest Contol Service","+ 91  8550006221",""
"HiCare Services Pvt Ltd","+ 91  80 39889988",""
"Terminixsis","+ 91  80 42056609",""
"Karnataka Pest Controls","+ 91  9663009110",""
"SMS Packers And Movers","+ 91  80 26798483",""
"Aishwarya Bhavan Pest Control ...","+ 91  80 25341611",""
"Green House Pest Control Manag...","+ 91  7022666292",""
"Golden Star Facilities & Servi...","+ 91  80 40962682",""
"JMJ Environmental Services","+ 91  80 32550351",""
"Bangalore Pest Control Corpora...","+ 91  80 26701579",""
"Hindustan Pest Control","+ 91  80 25653106",""
"New Indian Pest Control And Cl...","+ 91  8971483535",""
"Icon Pest Management Service","+ 91  9845087526",""
"Carewell Pest Control And Alli...","+ 91  80 41644333",""
"Bed Bugs And Cockroch Pest Con...","+ 91  9901073065",""
"A1 Pest Control Service","+ 91  9243506059",""
"BEDBUGS TREATMENT","+ 91  80 33057929",""
"KMS Pest Control","+ 91  9482599269",""
"D Max Pest Control Services","+ 91  80 65999799",""
"Pest Dial Hicare Services","+ 91  8123104288",""
"Strabrew Coffee","+ 91  9886557628",""
"A1 Pest Control Services","+ 91  80 65835251",""
"SAI Itec Pest Control","",""
"Dr Aruns Pest Clinic","+ 91  80 64515367",""
"Vishwas Pest Management And Co...","+ 91  80 32939561",""
"V Star Pest Ban Control","+ 91  80 33792275",""
"Karnataka Insecticides & Fungi...","+ 91  80 28394204",""
"Pest Control Shirlal","+ 91  80 26632359",""
"Pentagon Pest Solutions","+ 91  9741002299",""
"Termites control services","+ 91  80 65613333",""
"Bio-Control Researxh Laboratoried","+ 91  9945512313",""
"Bangalore a1 pest control","+ 91  80 65613333",""
"Bro4u.com Pest control","+ 91  9743380380",""
"pest target services pvt ltd","+ 91  9742770542",""
"Debug pest control","+ 91  80 49150036",""
"Sri Sai A1 Pest Control Services","+ 91  80 33700736",""
"Termites control services","+ 91  80 65613333",""
"Mysodet Pvt Ltd","+ 91  80 41125261",""
"Pest Control Bangalore","+ 91  80 41209072",""
"Hitech Pest Control Service","+ 91  9019518964",""
"Bedbugs Termite & A to Z Pest ...","+ 91  9975488077",""
"Seven Hills","+ 91  9964604000",""
"Godraj Pest Control Service","+ 91  9164513111",""
"Total Care Pest Control","+ 91  9060984035",""
"Pest Pro","+ 91  80 41328642",""
"Instant Pest Care","+ 91  80 60003232",""
"Perfect Cure Pest Control","+ 91  9901215845",""
"S K Pest Control Services","",""
"Chrisline Marketing Agents","+ 91  9483771111",""
"pest dial services","+ 91  80 65613333",""
"Shobha Pest Control","+ 91  8971365336",""
"Termites control services","+ 91  80 65613333",""
"Bed Bugs Control","+ 91  9742939085",""
"Herbal pest control","+ 91  80 65613333",""
"Bangalore a1 pestcontrol","+ 91  80 65613333",""
"Royal A1 Pest Control Private ...","+ 91  9611230091",""
"Termites Control Private Limited","+ 91  80 65613333",""
"Jardines Henderson Ltd","+ 91  80 41126129",""
"Godraj pest control","+ 91  80 65613333",""
"Maddys Pest Control","+ 91  80 65702626",""
"The Boys Hostel","+ 91  9916496144",""
"Zimm Pest Care","+ 91  80 65321786",""
"Pragathi Pest Control","+ 91  80 26685794",""
"V Care Pest Control Services","+ 91  9743000444",""
"Professional Pest Control","+ 91  80 25447978",""
"Orkin Pest Control","+ 91  7204287769",""
"KEN Pest Management & Allied S...","+ 91  80 23652330",""
"Cockroach Pest Control Services","+ 91  9886886823",""
"PCS Enterprises","+ 91  80 33618832",""
"JSJ Pest Control","+ 91  80 65652652",""
"Chaya Pest Control","+ 91  9731369243",""
"Good Rich Pest Control Pvt Ltd","+ 91  80 65588866",""
"Coorg Pest Control","+ 91  9241234384",""
"Biosynth Pesticides","+ 91  9916675366",""
"BANGALORE A1 PEST CONTROL","+ 91  80 65613333",""
"maddys pest control","+ 91  80 65702626",""
"Kayastha Facilities","+ 91  8008362436",""
"Extra Care Pest Control Services","+ 91  9886856499",""
"Express Pesticides Pvt Ltd","+ 91  80 65701772",""
"Magnum Enterprises","+ 91  9686807166",""
"Unique Pest Management","+ 91  80 40934042",""
"Deccan Pest Control","+ 91  80 65382679",""
"Varna Pest Control","+ 91  80 65837711",""
"Termites control services","+ 91  80 65613333",""
"Fast Pest Control","+ 91  9916367944",""
"Pest Killers","+ 91  9738962839",""
"Sai Ram Pest Control","+ 91  9448830761",""
"Universal Pest Control & Allie...","+ 91  9964184355",""
"Herbal pest control","+ 91  80 65613333",""
"Ask Pest Control","+ 91  9886392914",""
"Herbal pest control","+ 91  80 65613333",""
"Termites Control Pvt Ltd","+ 91  80 65613333",""
"Madura Pest Control Corporation","+ 91  80 65355438",""
"Sri Krishna Pest Control","+ 91  80 23429254",""
"Suma Pest Control Services","+ 91  9620895176",""
"Raksha Hygiene Services","+ 91  80 64350101",""
"National Pest Control","+ 91  80 41234173",""
"Aditya Agro Seeds","+ 91  80 22268046",""
"New India Pest Control Ltd","+ 91  80 25303100",""
"Robert Enterprises","+ 91  9740049056",""
"Unified Facility Services Pvt Ltd","+ 91  80 41486256",""
"Termites control services","+ 91  80 65613333",""
"J K Pest Control","+ 91  8123585562",""
"Spectrum Pest Control Services","+ 91  9739590769",""
"Royal Pest Control","+ 91  9246010846",""
"Anz Residential Pest Control","+ 91  9663259999",""
"Glory pest control","+ 91  80 26741294",""
"Osolin Research Laboratories","+ 91  80 23324231",""
"Dr Swaroops Pest Control Pvt Ltd","+ 91  80 23347009",""
"Herbal Pest Control","+ 91  80 65613333",""
"Herbal pest control","+ 91  80 65613333",""
"Bangalore Pest Control Services","",""
"3e Engineers And Services Pvt Ltd","+ 91  80 42083148",""
"Effective Pest Control","+ 91  9449775929",""
"Hygienic Pest Control","+ 91  80 22901054",""
"Total Care Pest Control","+ 91  9060984035",""
"Specialist In Bedbugs","+ 91  7204287769",""
"Acuity Pest Control","+ 91  9739517831",""
"A One Care Pest Control","+ 91  80 33538195",""
"SLV Pest Control","+ 91  80 64520967",""
"Pest Care Solutions","+ 91  80 33050330",""
"Atlas Pest Control Services","+ 91  9980733000",""
"Indoor Pest Control","+ 91  80 32433312",""
"maddys pest control","+ 91  80 65702626",""
"Nuthan Pest Control","+ 91  9845069967",""
"Powerful Home Care Pest Control","+ 91  8123537707",""
"Natural Pest Management","+ 91  9663015586",""
"MAS Protection Group","+ 91  9379268466",""
"High Clean Pest Control Servic...","+ 91  80 28455099",""
"Hi-Tech Pest Control Services","+ 91  80 64532348",""
"Pest Ban Associates","+ 91  80 23317731",""
"Pleasant Pest Control Services","+ 91  80 55320645",""
"Nuthan Pest Control","+ 91  80 23414248",""
"Kiran Pest Control","+ 91  8057712396",""
"Goodrich pest control","+ 91  9916777706",""
"PestTech","+ 91  8095850505",""
"sunrise pest control services","+ 91  9141859199",""
"Termites Control Services","+ 91  9740960203",""
"Tryhandy.Com","+ 91  9538301269",""
"Vakman Facility","+ 91  9538888365",""
"HKGN Pest Control","+ 91  9740838357",""
"sky blue pest control","+ 91  80 24231366",""
"pest control bangalore a1","+ 91  80 65613333",""
"Vijeese Service Systems","+ 91  80 22266122",""
"Raksha Pest control","+ 91  8050268467",""
"David International Pest Contr...","+ 91  9343752617",""
"Pest Eradicators India","+ 91  80 25583333",""
"Goodwill Pest Controllers","",""
"United Pest Control","+ 91  8884901942",""
"Sri Shirdi SAI Pest Management...","+ 91  80 25711989",""
"Hindustan Dye Chem","+ 91  80 26701735",""
"Madhura Pest Control Corporation","+ 91  80 65355438",""
"Force 5 Securitas & Facility M...","+ 91  9449000865",""
"Pest Management & Consultants ...","+ 91  80 26603341",""
"Good Rich Pest Control","+ 91  9743658497",""
"Pest Free Twenty Four Seven","+ 91  9342199660",""
"Crystal Agency","+ 91  80 64562015",""
"Standard Pest Control","+ 91  9945906905",""
"Pest Sense Bar","+ 91  9740195688",""
"Venson Transports Private Limited","+ 91  80 41616666",""
"Jay & Co Pest Control Services","+ 91  80 25474991",""
"Spectrum Pest Control","+ 91  80 33460672",""
"Jkm Enterprises","+ 91  9731185770",""
"Sap Facility Services","+ 91  9611056888",""
"Shree Sai Pest Control","+ 91  8710871290",""
"Transils Multi Groups","+ 91  9663891139",""
"V Care Pest Solution","+ 91  9738763943",""
"Sri Enterprises","+ 91  9900002016",""
"Care Well","+ 91  9066775663",""
"Star Pest Control","+ 91  8710926406",""
"Sun Facility Services","+ 91  80 57738656",""
"City Pest Control","+ 91  9740183881",""
"Nana Angels shelters services","+ 91  8867812512",""
"Sai Kiran International Pest C...","+ 91  9886779395",""
"Call And Get Pest Control Alli...","+ 91  9632227877",""
"Green Globe Pest Management Se...","+ 91  9986845659",""
"Blue Star Pest Control","+ 91  9738830151",""
"Bad Controls India Pvt Ltd","+ 91  8026787445",""
"Global Pest Control Services","",""
"Bangalore Asian Pest Control S...","+ 91  8197932336",""
"Nisarga Pest Control Services","+ 91  8884706086",""
"Metrocity Pest Control","+ 91  9980994309",""
"Mamre Pest Control","+ 91  80 25230488",""
"HI Tech Pest Controll","+ 91  8884329028",""
"S L N PESTCONTROL.COM","+ 91  80 23410446",""
"Clear Home Pest Control Services","+ 91  9742347335",""
"Maruthi Pest Control","+ 91  9448610129",""
"Mohan Pest Control","+ 91  9741221036",""
"Vinayaka Pest Control Services","+ 91  9845317423",""
"Sdp Enterprises","+ 91  80 32552292",""
"Aone Care Pest Control","+ 91  9740573783",""
"Sipronsoft","+ 91  8023431287",""
"Sanjay Pest Management service","+ 91  9731902589",""
"Live Helper Pest Control Servi...","+ 91  80 33792088",""
"Rotork Controls India Limited","+ 91  8028395576",""
"J C Pest Control","+ 91  80 30832648",""
"Scrubbers","+ 91  80 41626600",""
"Pestman Pest Control Services","+ 91  8971771429",""
"Universal service","+ 91  9620946209",""
"Exit Pest Control","+ 91  8088815298",""
"HNS Pest Control","+ 91  9886432438",""
"Fast Pest Control","+ 91  80 60502000",""
"Nandi Pest Control","+ 91  80 23631631",""
"Pestro Kill Solutions","+ 91  9845462293",""
"Pest Target Services","",""
"Classic Pest Control","+ 91  9590355256",""
"Durgamba Pest Control","+ 91  8050647448",""
"Durgamba Pest Control","+ 91  8050647448",""
"Pioneer Pest Control Services","+ 91  9880076381",""
"Ashok Pest Control","+ 91  80 28461947",""
"Sri Manjunatha Wood Works","+ 91  9845664445",""
"Eco Friendly Pest Control Bang...","+ 91  9742132095",""
"Hi Tech Pest Control Service","+ 91  80 22133161",""
"Ambienz Facility Services","+ 91  80 41135611",""
"Murti Pesticides","+ 91  9912044000",""
"Pest Control Solutions","+ 91  9535888861",""
"Radiant Hospitality Services P...","+ 91  80 65354771",""
"Greencity Pest Control Services","+ 91  80 26741972",""
"Polar Pest & Termite Control","+ 91  80 26719250",""
"Enviro Pest Control","+ 91  9342829285",""
"Emergency Pest Control(India) ...","+ 91  80 33081131",""
"ESS Ell Pest Control Services","+ 91  9880033242",""
"Ipc Blr Pvt Ltd","+ 91  80 64532645",""
"Panorama Pest Care Services","+ 91  80 23562208",""
"Pest Management Advisors","+ 91  7411699106",""
"Chandan Pest Control","+ 91  9845974713",""
"Svs Pest Control","+ 91  80 30119339",""
"J K Cure And Care Pest Management","+ 91  80 25472077",""
"Promise Pest Control","+ 91  80 33641292",""
"Peniel Pest Control","+ 91  9845295549",""
"Proguard Pest Control","+ 91  9035136136",""
"Universal Pest Control And All...","+ 91  80 23585986",""
"Biopest Control","+ 91  80 64508986",""
"A R Associates","",""
"Dr Viojay Kumar","",""
"Grand Pest Control","+ 91  8694031168",""
"hMF Pest managment","+ 91  8951717141",""
"nisarga enterprises","+ 91  9448473690",""
"Lyman Container Line","+ 91  80 22389793",""
"Ess Emm Interior Decorators","+ 91  80 23325234",""
"Home Workz Facility Services","+ 91  9900092007",""
"Alliance Environmental Services","+ 91  9902222922",""
"Jeyess Enterprises","+ 91  80 22237460",""
"Blue Hawk Pest Control","+ 91  8183096665",""
"Sachin Naik","+ 91  8088969247",""
"AM Services","+ 91  7760013786",""
"Abhaya Security & Corporate Se...","+ 91  80 22279062",""
"City Pest Control Inc","+ 91  80 26801440",""
"Prasad Pest Control","+ 91  80 22232096",""
"Victor Paul T","+ 91  9243103093",""
"J J Soft Services","+ 91  9611581319",""
"Premier Pest Control","+ 91  9880304603",""
"Bharani Argo seeds","+ 91  9480126295",""
"Zimm Enterprises","+ 91  9902739891",""
"City Pest Care","+ 91  9740183881",""
"Abc internatational agro chemical","+ 91  80 65613333",""
"MRJ Solutions","+ 91  9019944412",""
"Praveen","+ 91  9845600013",""
"Blue Star Pest Control","+ 91  8105013945",""
"S M Pest Control","+ 91  9972108135",""
"NA Arul Pest Control Services","+ 91  9448514763",""
"Dioaro","+ 91  9739916592",""
"Herbal pest control","+ 91  80 65613333",""
"Professional Pest Control","",""
"Fiona Marketing & Services","+ 91  80 25564868",""
"acuity pest control services","+ 91  80 41229005",""
"Banglore Pest Control Corporation","+ 91  80 26622119",""
"Entec Pest Solutions Pvt Ltd","+ 91  80 25555505",""
"Tejas Association","+ 91  80 23315063",""
"Maxell Pest Control","+ 91  80 65605060",""
"V Terminex Pest Control","+ 91  80 32485898",""
"Ashok","+ 91  9964605622",""
"Adept Pest Control India","+ 91  80 41221840",""
"Xl Pest Controls","",""
"Epair India Pvt Ltd","+ 91  80 60506222",""
"Pesterad Services","+ 91  80 26679604",""
"Basantar Auditorium","+ 91  80 25510619",""
"Shreyas Biligiri","+ 91  80 26634748",""
"Sun Karewell Services","+ 91  80 22905642",""
"Pest Care Solutions","+ 91  7411171697",""
"Kalinga Pest Control Services","+ 91  9845493732",""
"Maker Pest Control","+ 91  80 26608519",""
"PESTERAD SERVICES","+ 91  9980632858",""
"Rashmi Pest Control","+ 91  80 25212174",""
"Hi Tech Pest Control","+ 91  80 64532348",""
"Pestokil Solutions","+ 91  80 41133269",""
"C.J. Enterprises","+ 91  9902699717",""
"greenstarpestcontrol","+ 91  80 25565533",""
"GRITHIKA PEST CONTROL","+ 91  9845110357",""
"PLS Pest Control Services","+ 91  8884534032",""
"FENEX PEST CONTROL ENTERPRISE","+ 91  8861045377",""
"Good Win Pest Control","+ 91  9663019772",""
"Pest target services pvt ltd","+ 91  80 65613333",""
"Nature Pest Control Pvt Ltd","+ 91  8722487337",""
"IMAGINE PEST SERVICE","+ 91  80 25286634",""
"Hi Tech Pest Control services","+ 91  80 33081978",""
"Blue moon services","+ 91  9741418395",""
"Blue moon Enterprises","+ 91  9945502855",""
"Sunil Pest Control","+ 91  9743604546",""
"Vaahika Residential Pest Contr...","+ 91  80 31902002",""
"Aproact Facility Management Se...","+ 91  9972540111",""
"Herbal pest control","+ 91  80 65613333",""
"Sp Pest Control Services","+ 91  80 25272151",""
"Synergy Pest Controls","+ 91  9945424930",""
"Rainbow pest control","+ 91  9880776542",""
"Effarkay Perennial Services fo...","+ 91  9844196275",""
"Bedbugs Pest Control","+ 91  9980677052",""
"Yours Choice","+ 91  9980185742",""
"Hopewell Services","+ 91  9343717669",""
"Neat Space","+ 91  9986057690",""
"Nataraja Pest Control Services","+ 91  9036125990",""
"Jaganath","+ 91  9448519790",""
"sdk appolo pest control","+ 91  8549034472",""
"Nature Pest Control Pvt Ltd","+ 91  9620269642",""
"B K Enterprises","+ 91  80 41464677",""
"Rainbow Facilites Services","+ 91  80 26631351",""
"All Care","+ 91  9986275026",""
"Svr Pest Controller","+ 91  7829979480",""
"Assin Golds Star Pest Control","+ 91  9743841261",""
"Jee Pest Control Services","+ 91  80 23134806",""
"Paws Pestaways Pvt Ltd","+ 91  80 65995208",""
"Besto Care Pest Control","+ 91  9916496143",""
"Orkin India Pvt Ltd","+ 91  80 46619800",""
"Bangalore a1 pest control","+ 91  80 65613333",""
"Transfer And Pest Control","+ 91  9108643271",""
"Ramesh Kumar","+ 91  9731796818",""
"Bmahe Pest Control Solutions","+ 91  80 33100688",""
"GK Pro Pest Services","+ 91  8861857529",""
"Oxon Pest Control","+ 91  80 40909937",""
"Pooja Pest Control","+ 91  9902248641",""
"Ipc Blr Pvt Ltd","+ 91  9902230042",""
"Argus Pest Control","+ 91  80 31900444",""
"Pooja A1 Services","+ 91  8095223833",""
"Aan Enterprises","+ 91  9916838150",""
"Sri Venkateshwara Enterprises.","+ 91  9980819509",""
"Jee Pest Control Solution","+ 91  9916496144",""
"Xpelall","+ 91  9947774493",""
"My Town Service & Facilities","+ 91  80 35441545",""
"M.G. Pest Control & Services","",""
"MMS Pest Control","+ 91  9902368495",""
"Sri CP Enterprises","+ 91  9964459193",""
"Globe Pest Control Services","+ 91  80 30070651",""
"godraj pest control","+ 91  80 65613333",""
"Vakmans","+ 91  9035002014",""
"CLG Sofa Cleaners","+ 91  9845130621",""
"Total Pest Control Service","+ 91  7259355855",""
"JK Cure N Care Pest Management","+ 91  8150821769",""
"MAS Production","+ 91  9731967666",""
"Zion Environmental Services","+ 91  80 41233131",""
"Hermon Pest Control","+ 91  9945301601",""
"Spic N Span","+ 91  9632408800",""
"All Care","+ 91  9986275026",""
"Eskay Pest Control & Landscaping","+ 91  80 23377803",""
"The Housekeepers Inc","+ 91  80 25470457",""
"Segenni Impex Malaysia Pvt Ltd","",""
"Own Skill Services","+ 91  9916074968",""
"V Care Pest Control Services","+ 91  9743000444",""
"Purple Pest Control Services","+ 91  9964616940",""
"Pest O Touch","+ 91  9448353277",""
"SJP Pest Control","+ 91  9916661165",""
"Spahi Projects Private Limited","+ 91  80 40905105",""
"UFA Pestcontrol","+ 91  7846050507",""
"Christo Pest Control","+ 91  7411247501",""
"Trinity Pest Control Service","+ 91  9019901919",""
"Sai Enterprises","+ 91  9945212161",""
"Liberty Pest Control","+ 91  9738162428",""
"Bed Bugs Clean Company","+ 91  8123933102",""
"White wash pest control services","+ 91  9632203007",""
"Pragathi Inc","+ 91  80 26661654",""
"Clean Agents Care","+ 91  8553288522",""
"Leema Pest Control","+ 91  8050734483",""
"Blue Dial Pest Control","+ 91  80 33404893",""
"Pest Quit","+ 91  9535382830",""
"Kiran Enterprises","+ 91  9448072133",""
"Sjs Interiors","+ 91  9916425990",""
"Bangalore a1 pest control service","+ 91  80 65613333",""
"A To Z Pest Solutions","+ 91  9945242545",""
"Advance Services","+ 91  80 25237136",""
"Chamundi Pest Control","+ 91  80 57615969",""
"J k cure & care pest","+ 91  8150821769",""
"Pest controll services","+ 91  8880002267",""
"De Bug Solutions","+ 91  80 23144448",""
"Pest Net Services","+ 91  80 23540336",""
"Chander Pest Control Services","+ 91  9845611329",""
"Sandesh Pest Control","+ 91  9738884303",""
"Bed Bug Treatment","+ 91  9742613715",""
"Laveesh Pest Control","+ 91  9980029451",""
"Professional Pest Controls","+ 91  9916408687",""
"Bed Bugs Pest Service Solutions","+ 91  7411989231",""
"Home Hi Care","+ 91  8123870646",""
"Niki Enterprises","+ 91  8147239650",""
"Special Design Consultant","+ 91  80 23594938",""
"AV Pest Control Services","+ 91  9448950390",""
"Sln PEst Control","+ 91  9632241114",""
"Touch Hygiene Services Pvt Ltd","+ 91  80 25220001",""
"Super Pest Control","+ 91  8050228231",""
"Eagle Pestcontrol Service Pvt Ltd","+ 91  80 65555557",""
"Carewin Pest Managament","+ 91  9916265989",""
"S L N Pest Control","+ 91  9741550790",""
"We Care Services","+ 91  7899262626",""
"Sunshine Hi Care","+ 91  9739999705",""
"Ramya Pest Control","+ 91  9945062070",""
"Bluesky Global Pest Control Se...","+ 91  8105520345",""
"Blue Sky Global Pest Control","+ 91  8105520345",""
"Pest Busters","+ 91  9035756186",""
"SLN Pest Control Services","+ 91  9986384090",""
"Precimeasures Controls Pvt Ltd","+ 91  8023497480",""
"United Pest Control Services","+ 91  80 23474999",""
"Raksha Hygiene Services","+ 91  80 64350101",""
"Navame Pest Control","+ 91  80 23377775",""
"Smart Security And Facility Ma...","+ 91  9620079790",""
"Debug solutions","+ 91  80 41142828",""
"Raghu Pest Control","+ 91  9483783946",""
"Zion Environmental Services","+ 91  8792146632",""
"Pavan","+ 91  9901099538",""
"Reliable Pestech","+ 91  8553066889",""
"SMK Groups Pest Control","+ 91  8139991166",""
"Pest Cure Solution","+ 91  8050541496",""
"Carpet cleaning and pest contr...","+ 91  9902113178",""
"PCS Enterprises","+ 91  8892999979",""
"ANB Pest Control","+ 91  9900192174",""
"Lakshmi pest control","+ 91  9740446701",""
"Just pest controler","+ 91  9035463439",""
"Integrated Pest Management Sol...","+ 91  8095952225",""
"Smartcare Pest Management","+ 91  80 25733593",""
"OGOservices.com","+ 91  80 25340104",""
"Termites control pvt ltd","+ 91  80 65613333",""
"Zakir Pest Control","",""
"Pestex Services","+ 91  80 23578988",""
"entos de-pest pvt ltd","+ 91  9341425254",""
"Pest Neutralizer & Co","+ 91  80 41642248",""
