"Name","Phone","Address"

"R New Recruitments","+ 91  80 33054294",""
"Career Lease Staffing Solut...","+ 91  80 33538634",""
"Spandana Foundation","+ 91  80 33762909",""
"Sri Rajarajeshwari And Company","+ 91  80 33535166",""
"V R V Enterprises","+ 91  80 33092454",""
"Venture Pluz","+ 91  80 33055019",""
"Job Hunt","+ 91  80 33090730",""
"Perfect Times","+ 91  80 33292468",""
"Tagline HR Consulting","+ 91  80 41672121",""
"Accrue Hr India Pvt Ltd","+ 91  80 33539880",""
"Univi Management Services","+ 91  80 33532467",""
"Qbix Integrated Services Pv...","+ 91  9964191383",""
"Jobsfree Placement Services","+ 91  80 41230908",""
"Evergreen Solutions","+ 91  7090819032",""
"Xena Placement Services","+ 91  80 33080236",""
"Man Power Business Management","+ 91  80 33518934",""
"Inspire Info Solution","+ 91  80 33491450",""
"Employment Service Bureau","+ 91  80 65328881",""
"Teamplus Staffing Solution ...","+ 91  80 33640455",""
"Vaiyok Consultancy Services...","+ 91  80 33700600",""
"Ushakiran Enterprises","+ 91  80 33640779",""
"Equator Solution India Pvt Ltd","+ 91  80 33539562",""
"Saicore Solutions","+ 91  8123348748",""
"White Horse Manpower Consul...","+ 91  80 33090217",""
"Prolific Hr Consultants Ind...","+ 91  80 33724728",""
"Career View","+ 91  80 33641700",""
"SRK Consulting","+ 91  80 33641906",""
"Regal Manpower Services","+ 91  80 33057525",""
"Mathrusri Management Services","+ 91  80 33640873",""
"Mandara Consultancy Services","+ 91  80 39827553",""
"Sri Consultancy","+ 91  80 33562776",""
"Jobskaro.com","+ 91  80 33763157",""
"Swot Outsourcing Services P...","+ 91  80 41315757",""
"Evision Solutions","+ 91  80 39557114",""
"Ekalavya Employment Bureau","+ 91  80 33761164",""
"Rajan And Associates Pvt Ltd","+ 91  80 23548628",""
"Electrum H R Consulting","+ 91  80 33538414",""
"Infortecor Solutions PVT","+ 91  80 33640212",""
"Maxine consulting services","+ 91  80 33083969",""
"Paramount Consultancy Services","+ 91  80 33563817",""
"Mithra Com Solutions","+ 91  80 65466676",""
"Integrated Corporation","+ 91  80 39510911",""
"Global Infotech","+ 91  80 33619226",""
"Msa Consultancy Services","+ 91  9483503193",""
"C Cube Placements","+ 91  80 33051557",""
"Young India","+ 91  80 33091952",""
"Aloft Source India Pvt Ltd","+ 91  80 39559208",""
"Equations Placements","+ 91  80 33568652",""
"Aradhya Groups","+ 91  80 33082866",""
"Mantech Solutions","+ 91  80 33080714",""
"Maxine Services","+ 91  80 33054352",""
"U V Consulting Services","+ 91  80 33511857",""
"Simargl Consultancy","+ 91  80 33640095",""
"The Hub","+ 91  80 33641214",""
"Blue Stone Risk Management ...","+ 91  80 33762430",""
"V Assist Solutions","+ 91  80 33100660",""
"Kens Communication","+ 91  80 33641405",""
"Opsis Placements","+ 91  80 33090737",""
"Stellarslog Technovation Pv...","+ 91  80 42350606",""
"Employment Centre","+ 91  80 23484237",""
"Mass Business Lines","+ 91  80 41523311",""
"Shivani Infotech","+ 91  80 33673356",""
"Randstad India Ltd","18004209944",""
"Babajob Services Private Limited","+ 91  8880466111",""
"Ikya Human Capital Solutions Ltd","+ 91  80 67131000",""
"Team Lease Services Limited","+ 91  80 33002345",""
"Jerry Varghese Consultants","+ 91  80 25286250",""
"Adecco India Pvt Ltd","+ 91  80 39897070",""
"Manpower Group Services India ...","+ 91  80 67200700",""
"HirePro Consulting Pvt Ltd","+ 91  9845764641",""
"Rivera Manpower Services","+ 91  7829336202",""
"Naukri.com","18001022558",""
"Rehman Enterprises","+ 91  80 25988919",""
"Yellow Box HR Services Pvt Ltd","+ 91  80 33619228",""
"Kelly Services India Pvt Ltd","+ 91  80 41911800",""
"One Degree North","+ 91  80 41473392",""
"Abc Consultants Pvt Ltd","+ 91  80 41795000",""
"Rivera Manpower Services","+ 91  80 32528680",""
"Mindtree Ltd","+ 91  80 67470000",""
"Net Connect Pvt Ltd","+ 91  80 40340222",""
"Aspiring Minds Assessment Pvt Ltd","+ 91  80 40904787",""
"Elitmus Evaluation Pvt Ltd","+ 91  80 49696700",""
"Job Junction Info Pvt Ltd","+ 91  80 32553828",""
"Trigent Software Ltd","+ 91  80 22157000",""
"HirePro Consulting Pvt Ltd","+ 91  80 66560000",""
"Genius Consultants Ltd","+ 91  80 40835010",""
"myNoticePeriod.com","",""
"Adecco India","+ 91  80 30087200",""
"CareerNet Consulting Pvt Ltd","+ 91  80 66560000",""
"Cqent Consulting","+ 91  80 45570014",""
"The Head Hunters India Pvt Ltd...","+ 91  80 26765769",""
"Black & White Business Solutio...","+ 91  80 40948210",""
"Acropetal Technologies Ltd","",""
"Talent Pro HR India Pvt Ltd","+ 91  80 41120901",""
"New Era India Consultancy Pvt Ltd","+ 91  80 49497000",""
"Updater Services Pvt Ltd","+ 91  80 41488585",""
"Alp Consulting Ltd","+ 91  80 39490909",""
"Planman Consulting","",""
"Cqent Consulting","+ 91  80 45570014",""
"Shine.Com","+ 91  8463989643",""
"Adecco India","+ 91  80 32021900",""
"IZEE Manpower","+ 91  9035018914",""
"Vls Consulting Llp","+ 91  80 26781076",""
"Transit HR Consulting","+ 91  80 60505069",""
"Hr One Management Consultants ...","+ 91  80 30643800",""
"Source One Management Services...","",""
"Live Connections Pvt Ltd","+ 91  80 42588888",""
"Inspiration Consultancy","+ 91  80 26653411",""
"Hewitt Associates India PVT LTD","+ 91  80 41048000",""
"Opus Dei Consultancy","+ 91  80 41123302",""
"Cernobia Technologies","+ 91  80 41160488",""
"Spn Communications","+ 91  80 26394747",""
"Employment Bureau","+ 91  80 22423137",""
"idea info solution","+ 91  80 40934137",""
"Bangalore International Placem...","+ 91  80 40088999",""
"Fivebrosis Technologies","+ 91  80 40985616",""
"Ajax Management Consultants Pv...","+ 91  80 42483200",""
"Izee Manpower","+ 91  9886019648",""
"everest consultancy","+ 91  80 65799969",""
"gocareer.net","+ 91  80 41406235",""
"Acculogix Software Solutions P...","+ 91  80 30971100",""
"Westin Career Planner Pvt Ltd","+ 91  80 25205381",""
"Jobstudios.in","+ 91  80 65836259",""
"Q Source Global Consulting Pvt...","+ 91  80 40896000",""
"IKYA Human Capital Solutions","+ 91  80 33545633",""
"Speed Job Consultancy","+ 91  80 26600711",""
"Asian Network Solutions","+ 91  80 41118497",""
"Mysha Consultancy India Pvt Ltd","+ 91  9916909368",""
"Unilever India Shared Services...","+ 91  80 41156196",""
"Spectrum Consultants India Pvt...","+ 91  80 40740200",""
"2COMS Consulting Pvt Ltd","",""
"Indi Hire Consultants","+ 91  80 22581523",""
"Oasis Resource Management Pvt Ltd","+ 91  80 22294992",""
"Key Resource","+ 91  9035980222",""
"Straightway Innovations","+ 91  80 40964694",""
"Accounts House & H R House","+ 91  80 65344165",""
"TimesJobs","",""
"Antal International","+ 91  80 64564554",""
"Pylon Management Consulting Pv...","+ 91  80 40221600",""
"Meghna Infotech","+ 91  9916922525",""
"JTS Placement Services India P...","+ 91  80 41150590",""
"Personal Network","+ 91  80 26715763",""
"Axis Global Infotech","+ 91  8095668939",""
"Vault Information Technologies...","",""
"Unique Vision","+ 91  7411133433",""
"Exalt Consulting Placement ser...","+ 91  80 40689595",""
"Southern Sterlings Edra Bussin...","+ 91  80 40951506",""
"Crown Solutions India Pvt Ltd","+ 91  80 41660046",""
"A & B Associates","+ 91  80 22285944",""
"Leverage Business Solutions","+ 91  80 65608777",""
"Reverra Recruiters","+ 91  80 26681762",""
"Creative Solutions","+ 91  9060976784",""
"Absotherm Facility Management ...","+ 91  80 41450222",""
"Sheeba Computers","+ 91  80 41159453",""
"Morgenall","",""
"Stepstone Careers","+ 91  80 41246858",""
"Vati Consulting Pvt Ltd","+ 91  80 67026702",""
"Rjs Recruitment And Consulting...","+ 91  9742012400",""
"Semac Consultants Pvt Ltd","+ 91  80 40749074",""
"Job Gate Manpower","+ 91  9886348288",""
"Turning Point Consultancy Pvt Ltd","+ 91  80 49016500",""
"Samvith Technologies","+ 91  80 65999000",""
"Xylem Resource Management Pvt Ltd","+ 91  80 22132136",""
"Veeday Consultants","+ 91  80 49298222",""
"Volantis Technologies Pvt Ltd","+ 91  80 42198668",""
"Asa Consultancy Service","+ 91  80 41683887",""
"Global Innovsource Pvt Ltd","+ 91  9738478784",""
"People Strong HR Services Pvt Ltd","+ 91  80 67336200",""
"Pinnacle Placements","+ 91  9844028590",""
"J o c International","+ 91  80 25706643",""
"Ajax Management Consultant Pvt...","+ 91  80 42483200",""
"Abhilekha Information Pvt Ltd","+ 91  80 23400510",""
"A1 Job Consultancy","+ 91  9164485818",""
"Reddot Manpower","+ 91  80 41204963",""
"Man Power Consultancy","+ 91  80 26640196",""
"Yaccess Inc","+ 91  80 40923028",""
"Fernandes Group","+ 91  80 42919191",""
"Global India","+ 91  9986457631",""
"People Source Consulting","+ 91  80 32716707",""
"Bangalore Udyog.com","+ 91  80 41132956",""
"Alchemy India Pvt Ltd","+ 91  80 65791933",""
"Fair Isaac India Software Pvt Ltd","+ 91  80 41371700",""
"GNH Solutions","+ 91  80 41120150",""
"RGF Select India Pvt Ltd","+ 91  80 49399609",""
"Firststep Manpower Services","+ 91  9035045723",""
"Global Consultancy Services","+ 91  80 22834445",""
"Clear Vision Consulting","+ 91  80 40926279",""
"Empee International","+ 91  80 41511903",""
"Universal Hunt","",""
"Wenger & Watson Inc","+ 91  80 41603890",""
"Zeal Manpower","+ 91  80 65359566",""
"I Max Communication","+ 91  9035376666",""
"ANZ Career Consultants","+ 91  80 23443555",""
"Canara HRD Consultants","+ 91  80 23460066",""
"Alpha Human Capital","+ 91  9035300042",""
"Wisdomjobs.com","18004202222",""
"Career Source Opportunities Un...","+ 91  8867302478",""
"V Hire 4 U","+ 91  80 40650000",""
"Western World Overseas Consult...","+ 91  80 25359607",""
"Conduite Endeavor Infosoft","+ 91  80 65610000",""
"Saaki And Argus Consulting","+ 91  9884010569",""
"PLANET CONSULTANCY SERVICES","+ 91  80 65667866",""
"Skyline Job Search And Admissi...","+ 91  80 23572319",""
"Rps Consulting Pvt Ltd","+ 91  80 41494900",""
"R K Associates","+ 91  80 33090986",""
"Bangalore Placement Services","",""
"A2Z Infra Services Ltd","+ 91  80 42087832",""
"Global Innovsource","+ 91  80 42993100",""
"Careerplus","+ 91  9538222642",""
"Omam Consultants Services Pvt Ltd","+ 91  80 40053900",""
"Jj Info Solutions (Your Succes...","+ 91  8553737778",""
"Golden Lion Business Consultants","+ 91  80 26616699",""
"Globalhunt India Pvt Ltd","+ 91  80 40547700",""
"Future Focus Infotech Pvt Ltd","+ 91  80 25321672",""
"Trump Trainers & Consultants P...","+ 91  80 41117070",""
"SIS India Ltd","+ 91  80 32983705",""
"Priya Associates","+ 91  80 80507686",""
"Futurestep Recruitment Service...","",""
"Sunrise Enterprises","+ 91  80 41666599",""
"Business Solutions International","+ 91  80 23342521",""
"Padrino Technologies","+ 91  80 22452771",""
"Cemex Management Pvt Ltd","+ 91  80 23429368",""
"Disha Consulting Ventures Pvt Ltd","+ 91  9901215555",""
"Workforce Consultancy","+ 91  80 41425115",""
"Overseas Manpower Solutions","+ 91  80 25590381",""
"HIRE EDGE CONSULTANCY","+ 91  80 40962543",""
"Hi Centrix Placement Services","+ 91  9986049860",""
"Part time or Work from home jobs","+ 91  8892108121",""
"Plan Man HR Pvt Ltd","+ 91  80 39859016",""
"Talpro","",""
"Sampoorna Computer People","+ 91  80 25492200",""
"Covenant Consultancy","+ 91  80 42295700",""
"Havana Yukta Solutions","+ 91  7406054499",""
"Ace Consultants","+ 91  7795994241",""
"Priority One Consulting Pvt Ltd","+ 91  80 41217841",""
"Creative International PVT LTD","+ 91  80 49044600",""
"Chaque Jour Hr Services","+ 91  80 49112400",""
"RJS Technologies Pvt Ltd","+ 91  80 65653444",""
"Synovate Technologies","+ 91  80 41662589",""
"TMI Network","+ 91  80 25719448",""
"Athlos Solution Pvt Ltd","+ 91  80 41738028",""
"Human Ultimate Resource","+ 91  80 32428606",""
"I Star Skill Development Pvt Ltd","+ 91  80 41281021",""
"BVR People Consulting","+ 91  9449816384",""
"Timespro","+ 91  80 46609405",""
"The Famous Infotech","+ 91  9035792926",""
"Superior Talent India Pvt Ltd","+ 91  80 30731060",""
"Worksphere Technologies Pvt Ltd","+ 91  80 41304447",""
"Talent Square Management Consu...","+ 91  9036033001",""
"Msm Consultancy Services","+ 91  80 41287062",""
"Varite India Pvt Ltd","+ 91  80 42771414",""
"Tritium Consulting Pvt Ltd","+ 91  80 41464754",""
"Dream Jobs Consultancy","+ 91  9036146469",""
"Bottomline Placement","+ 91  9008295309",""
"Theron International","+ 91  80 41237072",""
"Dream Catchers Management Serv...","+ 91  80 25582369",""
"Ipf Consulting Pvt Ltd","",""
"Unison International","+ 91  9342704692",""
"Viaah Consulting","+ 91  80 40020400",""
"Ameen Group","+ 91  80 25922223",""
"R2 International Consulting In...","+ 91  80 41472800",""
"Career Point Solution","+ 91  7829558222",""
"Head Held High Service Pvt Ltd","+ 91  80 41209792",""
"I2 Nexus Consultancy","+ 91  9980540974",""
"Roland & Associates","+ 91  80 42821600",""
"Rightway HR Solutions","+ 91  9886908261",""
"Rian Placement","+ 91  9980003553",""
"Matrix Business Services India...","",""
"Magnum Consultants","+ 91  80 41492003",""
"Career Network","+ 91  80 23462321",""
"RR Investor Capital Services P...","+ 91  80 42477177",""
"3c IT Consulting","+ 91  80 41241028",""
"Yoma multinational solutions","+ 91  80 49198211",""
"Transit Mpower Labs Pvt Ltd","+ 91  9945631954",""
"Universal Software Placement","+ 91  80 23318916",""
"Youth organization","+ 91  8747866879",""
"Ascribes","+ 91  9618886428",""
"H R Consulting","+ 91  9742379982",""
"Global Placement Centre","+ 91  9341931939",""
"HR Infotech","+ 91  80 42051320",""
"Prerana Resource Centre","+ 91  80 23573705",""
"Manyatha Technology","+ 91  80 23419839",""
"T P G India Operations","+ 91  80 26602091",""
"Zawd Global Consultancy","",""
"Sannidhi Solutions","+ 91  7022246272",""
"Mysha Consultants & Recruitments","+ 91  9916324443",""
"Petals Job","+ 91  9686120430",""
"Future World","+ 91  80 40977471",""
"Indwell Solutions","+ 91  80 42053222",""
"A.S.C.R.O. Transatlantic Priva...","+ 91  80 41128042",""
"ICEF Group Of Companies","+ 91  80 65324500",""
"Seema Enterprises","+ 91  80 26563380",""
"Golden Time","+ 91  80 65725566",""
"ERMG Management Consultancy Pv...","+ 91  80 22449351",""
"Jyopa Connexions","+ 91  80 22459780",""
"Connect Pro Management Consult...","+ 91  80 40551020",""
"Busisol Sourcing India Pvt Ltd","+ 91  80 41538235",""
"Employment service centre","+ 91  80 23507327",""
"Attra Infotect Pvt Ltd","+ 91  80 41970900",""
"Shabari Enterprises","+ 91  80 73864555",""
"Six Sigma Soft Solutions","+ 91  80 25320150",""
"Accenture Sevices India Ltd","+ 91  80 22857277",""
"Iprimitus Consultancy Services","+ 91  80 41531624",""
"BSA Placement","+ 91  9731319622",""
"Forde Search India Pvt Ltd","+ 91  7760749382",""
"Rainbow Carriers India","+ 91  80 41210103",""
"Global Techcraft Solutions","+ 91  80 26581686",""
"Leadership Stage Kalaanantarup...","+ 91  80 23658283",""
"Refer Me","+ 91  80 60508050",""
"Jobsinfinit","+ 91  9502651721",""
"CalibeHr","+ 91  9742048909",""
"Global Solutions","+ 91  9611752838",""
"Amboseli Professional Associat...","+ 91  80 25537162",""
"Saad Consultants","+ 91  9845300838",""
"Agnostic Human Resource Manage...","+ 91  80 40970444",""
"Subhanu Consulting","+ 91  9980144259",""
"Mindsoft Consulting","+ 91  80 22446925",""
"Morley International","+ 91  80 41621517",""
"Brundan Infosolutions Group","+ 91  9986213938",""
"Layam Management Solutions","+ 91  80 23602072",""
"New Vision","+ 91  9591233090",""
"Jobworld India Pvt Ltd","+ 91  80 42950600",""
"Aacorn Management Consultants","+ 91  9035191567",""
"People Plus Professional Servi...","+ 91  80 40313999",""
"Adecco","+ 91  9731177797",""
"Ultimate Solutions Empowering ...","+ 91  9066490004",""
"Scalene Works","+ 91  80 45151380",""
"Wings Techno Solutions","+ 91  80 41156203",""
"The Calibre Quotient Consulting","+ 91  7022627155",""
"Ikya Human Capital Solutions Ltd","+ 91  9611922877",""
"S M S INFOTECH","+ 91  8095246333",""
"Placing Minds","+ 91  80 64501253",""
"Asap Services Pvt Ltd Consultancy","+ 91  9891773297",""
"Talent HR Group Services Pvt Ltd","+ 91  9611934472",""
"Apt Career Pvt Ltd","+ 91  80 40913505",""
"Ocean Technologies","+ 91  80 65982999",""
"Maxima Global Executive Search","+ 91  80 41132761",""
"Aditya Consultancy","+ 91  9535582435",""
"Joule Careers","+ 91  9880455336",""
"iSol Talent Consulting Pvt Ltd","+ 91  80 43690000",""
"Focus Management Consultants P...","+ 91  80 65679078",""
"Naseer Arabian Co","+ 91  9845248092",""
"Staff And Recrutment Solutions","+ 91  9880522332",""
"Jlc Consulting","+ 91  9880020399",""
"V Source IT & Non IT Placements","+ 91  80 26630706",""
"Comcast Software Solution Pvt Ltd","+ 91  9738342341",""
"Rohith Enterprises","+ 91  9900567816",""
"Rubirth IT Solutions Pvt Ltd","+ 91  80 41552643",""
"Strategic Placements and HR se...","+ 91  9739859086",""
"Crown Solution","+ 91  80 42811006",""
"Techno Talent 360i","+ 91  8971352599",""
"P N Venugopal & Associates","+ 91  80 22213452",""
"Truemen Management Consultancy","+ 91  80 41121527",""
"Novartis India LTD","+ 91  9663310350",""
"Bank of India & Union Bank Life","+ 91  80 22220641",""
"Leadership Capital Consulting ...","+ 91  80 26602091",""
"Stepup Consultants Pvt Ltd","+ 91  9980728624",""
"Everest Consulting Group India...","+ 91  80 41312166",""
"IT People India Ltd","",""
"Victory H R Staffing Pvt Ltd","+ 91  9141722083",""
"M M Management & Placement ser...","+ 91  80 65965325",""
"Linkin Consulting","+ 91  9535028091",""
"HUMAN CAPITAL MANAGEMENT PVT.LTD","+ 91  7483241850",""
"Careermark","+ 91  80 32906627",""
"GK HR Consulting India Pvt Ltd","+ 91  80 26850579",""
"Pro Higher","+ 91  9900055599",""
"Hiranmayi Softech Solutions","+ 91  80 26392357",""
"IBM","+ 91  9886734265",""
"A Tech Ray","+ 91  9663368918",""
"Reeds Computer Education And P...","+ 91  9448324759",""
"Pentagon Consultancy Services","+ 91  80 26560605",""
"Mayur Enterprises","+ 91  80 40924904",""
"Enterprise Hiring Solutions","+ 91  80 25421432",""
"Armcorp Consultants","+ 91  80 41614160",""
"Raj Office Solutions Pvt Ltd","+ 91  80 69411410",""
"Step Up HR Consulting","+ 91  9945562825",""
"Asha Job Consultancy","+ 91  9880076048",""
"Al Wajiha Interface","",""
"Bharath Communications","+ 91  7026034968",""
"Point One HR Solutions Private...","+ 91  9448001086",""
"Step Ahead","+ 91  8904440101",""
"Srushti Outsourcing Private Li...","+ 91  80 41222699",""
"Arbeit Human Captial Consulting","+ 91  9738889877",""
"Asteris","+ 91  80 65470152",""
"Best dial services","+ 91  9742897164",""
"Key 2 Jobs Consulting Pvt Ltd","+ 91  80 30900958",""
"IQ Proficient","+ 91  80 41216631",""
"CSP Info Solutions","+ 91  80 67332600",""
"Placement One Consultant","+ 91  9986534469",""
"International Overseas Consult...","+ 91  80 23471984",""
"Shiksha Consultancy","+ 91  80 40930237",""
"Nucleus Placement & HRD Consul...","+ 91  80 22214668",""
"Datamatics Staffing Services L...","+ 91  80 41237640",""
"Pioneer HR Services","+ 91  80 41613780",""
"Zentrum & Makers Inc","",""
"HRS Placement Consultancy","+ 91  80 22103560",""
"Bask HR Consulting","",""
"Vnv Consulting","+ 91  80 42429901",""
"HR India","+ 91  9986204589",""
"Quadpro Management Consultants","+ 91  80 31901110",""
"Human Ultimate Resource","+ 91  80 65681031",""
"Quadrangle","+ 91  80 40439000",""
"Urjja Corporate Consultancy","+ 91  80 42576907",""
"Mount Climb HR Solutions Pvt Ltd","+ 91  80 25700181",""
"The Search House","+ 91  80 25583084",""
"Kinglight Consultancy Solutions","+ 91  80 25562424",""
"IT Jobs Solution","+ 91  80 32417201",""
"Ajax Management Consultants (P...","+ 91  7259530777",""
"Step Stone India Pvt Ltd","+ 91  80 41148282",""
"Total Solutions","+ 91  80 66690513",""
"Jobcorp Solution Pvt Ltd","+ 91  80 41148877",""
"St Marys Consultancy","+ 91  9742078959",""
"People Nest Management Consult...","+ 91  80 41234770",""
"Skillz Krafterz","+ 91  9902911317",""
"Hurits Consulting Pvt Ltd","+ 91  80 25503300",""
"A1 Hr Consultancy","+ 91  9141060655",""
"Cosmo Consultancy","+ 91  9880441888",""
"Global Mantech Pvt Ltd","+ 91  9739700680",""
"Neon Transcriptures Servicss","+ 91  80 25527231",""
"T & M Services","+ 91  80 41152650",""
"Fortune HUB","+ 91  80 41209117",""
"Spasim TEC Solutions","+ 91  9916617921",""
"Bangalore Employment & Staff C...","+ 91  80 40915477",""
"Aarch Solutions","+ 91  80 40872999",""
"Arabian Services Company","+ 91  9241037857",""
"Equra Recruitment Solutions PV...","",""
"Pinnacle Associates","",""
"Bravescape Infotech","+ 91  8553846233",""
"Prolific Mind Consultants PVT....","+ 91  80 41308423",""
"Globe Consulting Services","+ 91  9036322777",""
"Talentahead India Pvt Ltd","+ 91  80 43449900",""
"Aranis Business Process Servic...","+ 91  80 41154715",""
"Wizmatrix Consulting Pvt Ltd","+ 91  80 40050900",""
"Balaji Consultants","+ 91  80 25460836",""
"Referral","+ 91  80 25472275",""
"Corporate Connexions","+ 91  80 42051192",""
"Prism HR Consultants","+ 91  80 23153959",""
"Abele Consulting","+ 91  80 26756991",""
"Crv Executive Search Pvt Ltd","+ 91  80 23467172",""
"Business Fundamental India PVT...","+ 91  80 67885567",""
"Arowana Consulting Ltd","+ 91  80 40078200",""
"GLOBAL JOB CONSULTANTS","+ 91  8553713993",""
"H R India","+ 91  80 26713959",""
"Just Call Jobs India Pvt Ltd","+ 91  9341103151",""
"Orion Consulting","+ 91  80 65000770",""
"Essential Engineering Solution...","+ 91  80 41201551",""
"Acaar Technologies","+ 91  80 65750075",""
"G4 Tech Consulting Pvt Ltd","+ 91  80 42055967",""
"Sri Sai Telecom Services","",""
"InOrbit Hr Solutions","+ 91  80 50809089",""
"Morpheus Human Consulting Pvt Ltd","+ 91  80 41493857",""
"RYSS Consultants","",""
"Linkin Human Resource Manageme...","+ 91  80 41233316",""
"Karnataka Education & Jobs Inf...","+ 91  80 41512522",""
"Avenue Job Solutions","+ 91  80 41287636",""
"Snorg Consultants Pvt Ltd","+ 91  80 23477096",""
"Milestone Galaxy HR Services P...","+ 91  80 41554459",""
"V Source Consultant","+ 91  80 41608916",""
"Deccan Manpower Consultancy","+ 91  80 41227761",""
"V V Detective & Security Servi...","+ 91  80 26392100",""
"Superwell Services","+ 91  80 23432887",""
"Iris management pvt ltd","+ 91  80 41101131",""
"New Bangalore Placement Services","+ 91  80 32217564",""
"Brain Search","+ 91  80 42246022",""
"Brains N Skills","+ 91  80 41231114",""
"Inspire Consultancy Services","+ 91  80 23478545",""
"Astute Training And Development","+ 91  80 40944784",""
"Alpha Omega Consultancy","+ 91  9831658297",""
"Leela Infotech Consulting","+ 91  8970168881",""
"Ultimate Solutions","+ 91  9844615558",""
"Vibrant HR Consultancy","+ 91  9886675322",""
"V M Groups","+ 91  9945674525",""
"Top HR Consultancy","+ 91  80 32323280",""
"Taj Group","+ 91  9844103266",""
"Matric Solutions","+ 91  80 25650847",""
"Raghavendra Placement Services","+ 91  80 65382263",""
"Cryze Technologies Pvt Ltd","+ 91  9632465498",""
"Ideal Groups","+ 91  9483607409",""
"Ideal Groups","+ 91  9449447039",""
"A And S HRD Consultants","+ 91  9036352815",""
"housemaidforyou.com","+ 91  80 08067683",""
"SilverPeople","+ 91  80 22652209",""
"Ideas Inc Management Pvt Ltd","+ 91  9425502295",""
"Man Track Business Solutions","+ 91  8880088866",""
"5 M Consultants","+ 91  80 26648860",""
"Nisa Industrial Securities","+ 91  80 41105557",""
"Common In Services","+ 91  80 68886822",""
"S V Infotech","+ 91  9980740426",""
"HSGS Technology","+ 91  8105247247",""
"Westin Career Planner Pvt Ltd","+ 91  80 25205381",""
"Career Links","+ 91  80 41522322",""
"Yakhsha Global Life","+ 91  80 42033269",""
"C K Enterprises","+ 91  7338008988",""
"Fact Personel Pvt Ltd.","+ 91  80 40529000",""
"Ascenton Manpower Solutions","+ 91  80 42066021",""
"Lifeline Consultants","",""
"Ascensive Consulting Firm","+ 91  80 41411622",""
"Profile Quest Management Servi...","+ 91  80 41256634",""
"PurpleLeap","+ 91  80 42978998",""
"Zawd Global Solution","+ 91  80 26689470",""
