"Name","Phone","Address"

"Preeti","+ 91  80 33092778",""
"Abrars Real Estates","+ 91  8971196910",""
"Propertyz Store","+ 91  80 33532891",""
"V K Properties","+ 91  80 33013460",""
"Slr Classique","+ 91  80 33532296",""
"Raos Real Estate","+ 91  80 33724345",""
"Propertyz Store","+ 91  7204019822",""
"Square Feet Realtors","+ 91  80 33090004",""
"S2 Milkyway Links","+ 91  80 33052362",""
"Vigro Estates","+ 91  80 33641411",""
"Sri Chowdeshwari Enterprises","+ 91  80 39200165",""
"Real Fin","+ 91  80 33090753",""
"Ap Real Estates","+ 91  80 33531189",""
"Sri Sai Real Estate","+ 91  80 33762444",""
"Raj Real Estate","+ 91  80 33618934",""
"Town Enterprises","+ 91  80 33531592",""
"S K Real Estate","+ 91  80 33057743",""
"Sai Developers And Realtors","+ 91  80 39629317",""
"The Realtors","+ 91  80 33518667",""
"New National Real Estate","+ 91  80 33100601",""
"Vasundhara Properties","+ 91  80 33619948",""
"MB Real Estate","+ 91  80 39257550",""
"Mamakar Properties","+ 91  80 33080137",""
"Isiri Real Estate","+ 91  80 33530850",""
"Sri Sai Real Estate","+ 91  80 33092137",""
"Shree Shridi Sai Enterprises","+ 91  80 33642449",""
"Ekadanta Real Estate","+ 91  80 33091080",""
"Sri Sai Enterprises","+ 91  80 39559366",""
"Top Prithvi Real Estate","+ 91  80 33562485",""
"CBR Enterprises","+ 91  80 33763075",""
"Chinnaa Enterprises","+ 91  80 33538178",""
"Anand S Savanth","+ 91  80 33569474",""
"Sagar Real Estate Agency","+ 91  80 33762744",""
"Marquee Properties","+ 91  80 33618766",""
"MNG Real Estate And Infotech","+ 91  80 33568815",""
"Sri Lakshmi Venkateshwara R...","+ 91  80 33055365",""
"Akash Associates","+ 91  80 33641938",""
"Slv Real Estates","+ 91  80 30805665",""
"Hitesh Estates","+ 91  80 33082551",""
"Rms Housing","+ 91  80 33080481",""
"Naveen Enterprises","+ 91  9845391246",""
"Shree Vinayaka Real Estate","+ 91  80 33050359",""
"Step Inn Real Estate","+ 91  80 33058878",""
"Nagendra Prasad","+ 91  80 33618576",""
"Krishnaapa Real Estate","+ 91  80 33292341",""
"Harsha Real Estates","+ 91  80 33537077",""
"SRI CHOWDESHWARI REAL ESTATE","+ 91  80 33531666",""
"Prajwal Enterprises","+ 91  80 28435535",""
"Sobhitha Properties","+ 91  80 33532073",""
"Adithya Group","+ 91  80 33568268",""
"Sufyan Real Estate","+ 91  80 33674788",""
"M J Infrastructure","+ 91  80 33643264",""
"Belaku Developer","+ 91  80 33569064",""
"Tarun Associates","+ 91  80 33539825",""
"Sunrise Properties","+ 91  80 33531389",""
"Abhay Homes","+ 91  80 33058177",""
"Adithya Properties","+ 91  80 33055341",""
"Vishu Enterprises","+ 91  80 33724240",""
"Possible Enterprises","+ 91  8147548200",""
"Sri Basaveshwara Enterprises","+ 91  80 39626889",""
"M M Enterprises","+ 91  80 33511341",""
"Topline Realtors","+ 91  9845464535",""
"Anugraha Associates","+ 91  80 33910859",""
"Sri Durgamba Real Estate","+ 91  80 33083483",""
"Sri Manjunatha Swamy Real E...","+ 91  80 33054915",""
"Chandru Enterprises","+ 91  80 41103535",""
"Inspiren Solutions","+ 91  80 33640748",""
"Anbu Enterprises","+ 91  80 33910333",""
"Shiva Sai Properties","+ 91  80 33792749",""
"Sri Lakshmi Properties Cons...","+ 91  8147441267",""
"Precare Properties","+ 91  80 33080062",""
"ASR Realtors","+ 91  80 33673072",""
"Green And Gold Relations","+ 91  80 33619309",""
"Shankar","+ 91  80 33511816",""
"Joshua Promoters And Realators","+ 91  80 39257401",""
"B G Consultants","+ 91  80 33568499",""
"Balaji Real Estate","+ 91  80 33673274",""
"Anthra Real Estate","+ 91  80 33059673",""
"Vishwas Properties","+ 91  80 33511388",""
"Bsr Developers","+ 91  80 33531818",""
"Green Apple Prop Solution","+ 91  9620942230",""
"SRS Realtors","+ 91  80 33082535",""
"10 Right Zone","+ 91  80 33542465",""
"Jayalakshmi Real Estate","+ 91  80 33518419",""
"Jupiter Infrastructure","+ 91  80 33531930",""
"Mayur Enterprises","+ 91  80 33083865",""
"Teju Real Estate","+ 91  80 33763186",""
"Abhay Real Estate","+ 91  80 30119008",""
"Sri Balaji Real Estate","+ 91  80 39559306",""
"Anna Enterprises","+ 91  80 33082444",""
"S L V enterprises","+ 91  9611736599",""
"Sri Kamadhenu Real Estate","+ 91  9945335583",""
"Multicity Consultants","+ 91  80 33762559",""
"S V Enterprises","+ 91  9902211507",""
"Proptension.Com","+ 91  80 60007000",""
"Prajwal Real Estates","+ 91  80 39627692",""
"Kanaka Real Estate","+ 91  80 33642638",""
"Sri Sai Real Estates","+ 91  80 39200442",""
"Sri Siddi Vinayaka Realators","+ 91  80 33051309",""
"F I Realators","+ 91  80 30119397",""
"R M V Communication","+ 91  80 25910035",""
"VBK Enterprises","+ 91  9019494993",""
"SONU REAL ESTATE","+ 91  80 33561451",""
"JayaLakshmi Real Estate","+ 91  80 33530529",""
"A R Real Estate Agency","+ 91  80 33569357",""
"Mythri Real Estate","+ 91  80 33700567",""
"Arushi Real Estate","+ 91  80 33051106",""
"Anugraha Real Estate","+ 91  80 33055351",""
"Thirumala Real Estate","+ 91  80 33059794",""
"Golden Heights Realty","+ 91  80 33058136",""
"Manjushree Real Estate","+ 91  80 33912496",""
"Maruthi Enterprises","+ 91  80 33100787",""
"Rohan Construction","+ 91  80 33536232",""
"V V Enterprises","+ 91  80 33643828",""
"Property Links","+ 91  9880340307",""
"Sri Kaveri Neha Enterprises","+ 91  80 33722323",""
"Green Homes","+ 91  80 33518702",""
"Global Enterprises","+ 91  80 39257998",""
"Shyamala Real Estate","+ 91  80 33642648",""
"Sky Heights Corp","+ 91  80 33082658",""
"Land Wing Real Estate","+ 91  8147074345",""
"Thapasi Real Estate","+ 91  80 33535246",""
"Sri Maha Ganapathi Enterprises","+ 91  80 33056021",""
"Sri Nanjundeshvara Real Estate","+ 91  80 33059893",""
"OM SAI RAM REAL ESTATE","+ 91  80 33090054",""
"Bloom Realtors","+ 91  80 33531484",""
"R R Real Estates","+ 91  80 33080948",""
"Eshwar Estates And Properties","+ 91  80 33530578",""
"Pasadena Holdings Pvt Ltd","+ 91  80 26561168",""
"Sure Shot Property Consultant","+ 91  80 39558721",""
"Meghna Real Estate","+ 91  80 30832379",""
"Tanishq Reality","+ 91  80 33051409",""
"Orchard Property Consultant","+ 91  80 30161296",""
"T S Real Estate","+ 91  80 33644714",""
"Propertyz Store at Koramangala","+ 91  80 33291874",""
"Vijaykumar Real Estates","+ 91  80 33724451",""
"Balaji Enterprises","+ 91  80 25262560",""
"Om Sai Ram Real Estate","+ 91  80 33090797",""
"lucky real estate","+ 91  80 33518637",""
"S K Realtors","+ 91  9731744099",""
"Simhadri Real Estate","+ 91  80 33640035",""
"J K Estate And Properties","+ 91  80 33910120",""
"Alvo Real Estate","+ 91  80 33083965",""
"Hani Real Estate","+ 91  80 33293635",""
"Teju Enterprises","+ 91  80 33673305",""
"S V Property","+ 91  80 33762684",""
"Vargees","+ 91  80 30832395",""
"A R Real Estate","+ 91  80 33094611",""
"SMS Real Estate News Paper ...","+ 91  80 33538491",""
"Shaurya Teja Properties Rea...","+ 91  80 33538369",""
"Ranjith Enterprises","+ 91  80 33055144",""
"OZONE REAL ESTATE","+ 91  80 33530046",""
"JYS Real Estate And Auto Co...","+ 91  80 33640005",""
"Ananth Developers","+ 91  80 33532160",""
"Sunrise Enterprises","+ 91  80 33532834",""
"Yasrree Developers","+ 91  80 33674703",""
"Purviraj Land Developers","+ 91  80 33642628",""
"Sri Sai Enterprises","+ 91  80 33561180",""
"Shwetha Associates","+ 91  80 30625160",""
"Sree Sai Vignesh Real Estate","+ 91  80 33091773",""
"Banashankari Real Estate","+ 91  80 33532762",""
"MURUTHI REAL ESTATE AGENCIES","+ 91  80 33091167",""
"Global Constructions And Re...","+ 91  80 28444762",""
"Bangalore Real Estate","+ 91  80 33644940",""
"Quality Real Estate","+ 91  80 33080530",""
"Bens Developers","+ 91  80 33700801",""
"SLVS Builder Developers And...","+ 91  80 30145034",""
"Aahanaa Agency No 1","+ 91  80 33910662",""
"Best Realtors","+ 91  80 25448356",""
"Barkath Real Estate","+ 91  80 33532868",""
"Shri Siddhivinayaka Estates...","+ 91  80 33082631",""
"Nischal Realators","+ 91  80 33563467",""
"Taj Real Estate Consultant","+ 91  80 33052981",""
"Neha Enterprises","+ 91  80 33057045",""
"SLV Real Estate","+ 91  80 23594639",""
"House Ways Estate Agency","+ 91  80 33761064",""
"Balaji Enterprises","+ 91  80 33051455",""
"Vin Estates","+ 91  80 33762520",""
"Creative Estate","+ 91  80 33530930",""
"Connecting Properties","+ 91  9844333651",""
"South India Real Estates","+ 91  80 33641294",""
"Padma Estate Agency","+ 91  80 33059437",""
"Royal Happy Homes Raubbani","+ 91  80 33058107",""
"Key Bridge Inc","+ 91  80 33700755",""
"Byrava Bhavan Properties","+ 91  80 33644563",""
"Mathrushree Constructions A...","+ 91  80 33724763",""
"Harish Real Estate","+ 91  80 30924478",""
"Pancha Mukhi Real Estate","+ 91  80 33644820",""
"Balaji Real Estate","+ 91  80 33641900",""
"GNN Enterprises","+ 91  80 33293478",""
"99acres.com","+ 91  80 42841000",""
"PACL Limited","",""
"Maxheap Technologies Private L...","+ 91  80 45194400",""
"Commonfloor.Com","+ 91  8043693976",""
"Jones Lang Lasalle","+ 91  80 41182900",""
"Ferozes Real Estate Properties","+ 91  80 40786786",""
"Elegant Properties","+ 91  80 41233994",""
"Shriram Properties Private Lim...","+ 91  80 40229999",""
"Gruha Kalyan","+ 91  7022602697",""
"C B Richard Ellis South Asia P...","+ 91  80 40740000",""
"India Property. Com","+ 91  9900130722",""
"UKN Properties Pvt Ltd","+ 91  80 66161290",""
"PACL Ltd","",""
"Samruddhi Realty Ltd","+ 91  80 41122991",""
"Irshads Property Matters","+ 91  80 25591629",""
"Trancity Developers","+ 91  9740469841",""
"Ajmera Housing Corporation","+ 91  80 40483000",""
"AK Maxx Properties Bangalore P...","+ 91  80 64520797",""
"Cushman & Wakefield India Pvt Ltd","+ 91  80 40465555",""
"Agri Gold Constructions Pvt Ltd","+ 91  9341962499",""
"Fortuna Projects Pvt Ltd","+ 91  80 23613391",""
"Phoenix Estates & Properties","+ 91  80 22123666",""
"Arun Shelters Pvt Ltd","+ 91  80 31904555",""
"Brigade Orchards","+ 91  80 40467600",""
"Dlf Group","+ 91  9945022432",""
"Proptiger Pvt Ltd","",""
"Nandi Housing Pvt Ltd","+ 91  80 26780170",""
"Sevenraj Estate Agency","+ 91  80 22240177",""
"Habitat Ventures Properties Pv...","+ 91  80 41469220",""
"Aishwarya Homes Developers & B...","+ 91  80 41236490",""
"Sovereign Developers & Infrast...","+ 91  80 33555222",""
"State Bank Of India Home Loan ...","+ 91  9482534087",""
"Shriram Properties Private Lim...","+ 91  80 40831300",""
"D3 Estate & Constructions","+ 91  80 42127070",""
"Prestige Acropolis","+ 91  80 25591080",""
"VIP Grand Properties","+ 91  7204411849",""
"Kvv real estate","+ 91  9880447842",""
"Bearys Group","+ 91  80 22273124",""
"Tekton Estates Pvt Ltd","+ 91  80 41121822",""
"Shiva Developers","+ 91  80 23181222",""
"G & C Global Consortium Pvt Ltd","+ 91  80 41520808",""
"SLV Builders And Developers","+ 91  9945672591",""
"Sai Realators","+ 91  80 25705537",""
"Eta Star Property Developers I...","+ 91  80 25591299",""
"L J Hooker","+ 91  80 49283000",""
"Godrej Woodsman Estate","+ 91  8105874791",""
"Clovermark","",""
"Kin Housing","+ 91  80 41242921",""
"Fortune India Builders & Devel...","+ 91  80 26687487",""
"VGP Housing PVT LTD","+ 91  80 22449254",""
"Amrutha Estates","+ 91  80 41161823",""
"Sun City Estate Agent","+ 91  80 41169158",""
"Trans Estates & Investment Pvt...","+ 91  80 25598262",""
"Sanjana Build Tech Pvt Ltd","+ 91  80 41497474",""
"Tgs Property","+ 91  8032211438",""
"House Masters Real Estate","+ 91  80 25493180",""
"Hinduja Realty Ventures Ltd","+ 91  80 28478310",""
"Big Sky Shelters Pvt Ltd","+ 91  9740626364",""
"IndiaHomes","+ 91  8095501015",""
"Shroffs Estate Agency","+ 91  80 41121096",""
"Farid Consultants","+ 91  80 22868087",""
"Tgs layouts","+ 91  80 32211438",""
"Hajiameen Group of Industries","+ 91  9886155533",""
"Srini Projects","+ 91  8904884383",""
"SLV Developers","+ 91  9972622985",""
"Samarkhand","+ 91  80 28440388",""
"Ios Relocations","+ 91  80 41514951",""
"Slv Properties","+ 91  9620831703",""
"DHFL Property Services Ltd","",""
"Subramanya Construction & Deve...","+ 91  80 23473240",""
"Oysters Real Assets","+ 91  80 23343249",""
"Isha Infra Projects","+ 91  8792000283",""
"Expat Property Pvt Ltd","+ 91  9686804009",""
"Arya Group","+ 91  9741359994",""
"Shri Diya Projects Pvt Ltd","+ 91  80 25729501",""
"Dee Mandala Properties Pvt Ltd","+ 91  80 23497578",""
"SLN Groups","+ 91  9980165678",""
"First Estate Developers And Co...","+ 91  80 22861313",""
"TNT Builders","+ 91  80 41535765",""
"Anubhava Investments & Properties","+ 91  80 25307537",""
"Balaji Enterprises","+ 91  9343004265",""
"SVS Constructions","+ 91  80 42062038",""
"SRI SAI CHAITANYA BUILDERS AND...","+ 91  8880708882",""
"Bharat Builders","+ 91  80 23542802",""
"Epsilon Ventures Pvt Ltd","+ 91  80 22291360",""
"Mahaveer Enterprises","+ 91  80 25204166",""
"Alupro Buildings Systems Priva...","+ 91  80 27734025",""
"Chaitra Enterprises","+ 91  80 23490548",""
"Golden Property","+ 91  9243666444",""
"Gokaldas Lifestyle","+ 91  80 41236285",""
"ASB Chits Pvt Ltd","+ 91  80 23489641",""
"J K Enterprises","+ 91  9686161098",""
"VIP Housing And Properties","+ 91  9379902825",""
"Amrith","",""
"Nakshatra Upscale Estates Proj...","+ 91  80 23411223",""
"Apna Sapna","+ 91  80 41107575",""
"Prakash Real Estate","+ 91  8453177888",""
"SAI Developers","+ 91  80 42100506",""
"Bhumi Constructions & Developers","+ 91  80 41284055",""
"Walls And Acres","+ 91  8880555588",""
"Moksha Developers","+ 91  8884809990",""
"Upkar Estates","+ 91  8884102200",""
"Mahidhara Fortune City","+ 91  80 67344444",""
"Golden Heights Projects","+ 91  9538120066",""
"Asset Handlers PVT LTD","+ 91  80 25502550",""
"Hiland Realty Pvt Ltd","+ 91  80 23463585",""
"Royal Homes","+ 91  80 33085845",""
"Highlife Properties","+ 91  80 69991119",""
"Sri Sai Diamond Properties","+ 91  9481555500",""
"Houseinbangalore.com","+ 91  80 40977707",""
"Deepak Real Estate","+ 91  80 23443586",""
"V3 Group","+ 91  80 41313093",""
"Trinco Properties","+ 91  9900424000",""
"A To Z Consultants","+ 91  8147191401",""
"Sri Sumeru Realty Pvt Ltd","+ 91  9342509297",""
"Soul Space Projects Ltd","+ 91  80 41486971",""
"Fortune Properties","+ 91  80 25290799",""
"Hitesh Estates","+ 91  9880009794",""
"Good Earth Eco Futures Pvt Ltd","+ 91  80 28485120",""
"TradeGenie","+ 91  8884441666",""
"Godrej Properties","+ 91  9986789426",""
"Way2Save","+ 91  80 65555998",""
"S S Real Estate","+ 91  9740346341",""
"Rohan Housing Pvt Ltd","+ 91  9342511028",""
"Umas Realty The HUB","+ 91  80 41217573",""
"R k Associates","+ 91  9663612777",""
"Fortune Realtors","+ 91  80 22260700",""
"Arathakulam Developers","+ 91  9900312091",""
"Galaxy Projects India Pvt Ltd","+ 91  80 23462776",""
"United Builders And Developers","+ 91  80 26660628",""
"Benaka Enterprises","+ 91  8970247882",""
"Dharani Ventures Pvt Ltd","+ 91  80 65954242",""
"Prestige Lake Ridge","+ 91  8553159202",""
"CR REAL ESTATE AND BUILDERS","+ 91  8150081618",""
"VIP Global Realty","+ 91  9845365033",""
"City Cradle Hospitality Pvt Ltd","+ 91  9901144100",""
"Uttam Associates","+ 91  9538299555",""
"Mittal Universal","+ 91  80 42190090",""
"AQB Pixel One Studio Apartment","+ 91  80 22220911",""
"Perfect PIncode","+ 91  80 45556703",""
"B & B Infrastructure","+ 91  80 25585560",""
"Aspen Structures","+ 91  9036992260",""
"Raju Real Estate","+ 91  9972522244",""
"MCB Aassetz","+ 91  80 40965620",""
"Veeresh Real Estate & Financia...","+ 91  80 67935649",""
"Akshay Builders And Developers","+ 91  9341221662",""
"Pala Homes","",""
"Godrej Properties Ltd","+ 91  80 43545555",""
"Four Clover Realty Private Lim...","+ 91  9886732016",""
"Citilink Realtors","+ 91  80 25587699",""
"Portia Reality","+ 91  9444540530",""
"Joint Development","+ 91  9886046800",""
"Pushpam Group","+ 91  80 26632020",""
"Sri Sai Developers","+ 91  9845982309",""
"Prop Care","+ 91  9916199509",""
"Vani Estates","+ 91  80 42056049",""
"Property World India","+ 91  80 42042255",""
"Umas Realty","+ 91  80 25530174",""
"Cauvery estate","+ 91  9845001209",""
"Leo Projects Pvt Ltd","+ 91  80 26795340",""
"Purva Properties","+ 91  9986612636",""
"Srinidhi Developer","+ 91  8722123111",""
"Bhagwan Real Estate","+ 91  7829213213",""
"Ahmed Associates","+ 91  80 41120990",""
"Cluster Estates Private Ltd","+ 91  80 25451200",""
"Chamundeshwari Build Tech Pvt Ltd","+ 91  9845183070",""
"HDFC Realty Limited","+ 91  9008655922",""
"Super Value Properties","+ 91  9731071240",""
"Propgod Services","+ 91  9008314645",""
"Nivas Properties","+ 91  9347924239",""
"Surbacon Development (P) Ltd.","+ 91  9620310265",""
"Metrocorp","+ 91  80 40195444",""
"Sakuraa I corporation","+ 91  9448755780",""
"BANGALORE REAL ESTATE","+ 91  8951191048",""
"Hari Hara Property Consultants","+ 91  8496967929",""
"IDEAL PROPERTIES","+ 91  9886263753",""
"Huts Global","+ 91  8867555504",""
"Karnataka Real Estate","+ 91  9945454553",""
"Inspire India Financial Soluti...","+ 91  9742278384",""
"Prospect Group","+ 91  8123432035",""
"Prestigekewgardens","+ 91  8553159202",""
"Mahaveer Varna","+ 91  9342594876",""
"Sachi enterprises","+ 91  9845400022",""
"Mahaveer Enterprises","+ 91  80 41110527",""
"Manu Real Estate","+ 91  9449118636",""
"Sri kuladevatha prasanna real ...","+ 91  9448677172",""
"SLR Properties","+ 91  80 42001446",""
"Sri Annapoorneshwari associates","+ 91  9035600978",""
"Srinidhi Real Estate","+ 91  9611744809",""
"Futurestick Property","+ 91  8861093733",""
"TYAGI INFRASTRUCTURES & DEVELO...","+ 91  9900419287",""
"A M Real Estate","+ 91  8123540711",""
"Deccan Tour & Travels","+ 91  9845257486",""
"Livein Space Infra Project Pvt...","+ 91  8050504400",""
"Nest realtors","+ 91  9916798833",""
"Sri Suraksha Properties","+ 91  9341219005",""
"Sunny Developers","+ 91  9422530555",""
"Monopoly Inc","+ 91  80 41336000",""
"Colliers Jardine (India) Prope...","+ 91  80 22246809",""
"Casa Lavelle","+ 91  9886000161",""
"Real Estate Bank India","+ 91  9972773333",""
"S Balan Group","+ 91  80 22120072",""
"Big Deal Properties","+ 91  9886558867",""
"Elbit India Plaza Management S...","+ 91  80 40414444",""
"ICL","",""
"Property Point","+ 91  9448064881",""
"Empire Estates","+ 91  80 41122669",""
"Mansions Estate Agency","+ 91  80 22868211",""
"Serendipity Hospitality Services","+ 91  80 41732017",""
"Rr Property Consultant","+ 91  9902817655",""
"Trend Shelters","+ 91  80 25325449",""
"Meridian Real Estate","+ 91  80 25599898",""
"Triaxis Colonnades","+ 91  80 25595950",""
"City Square Enterprises (P) Ltd","+ 91  9845452075",""
"Savya Sachin Services","+ 91  80 41133925",""
"Samanvay Group","+ 91  80 22206666",""
"PropGarden","+ 91  80 32999520",""
"Wildflower Estate & Resorts Pv...","+ 91  80 22259696",""
"Hindustan Finance Corporation","+ 91  80 22871829",""
"Puravankara Projects Ltd","",""
"Metroxpert Property","+ 91  80 41615549",""
"Guru Priya Housing Private Lim...","+ 91  80 26631178",""
"Prestige Lake View","+ 91  80 65701374",""
"Satya Group Vasanthanagar","+ 91  80 22280498",""
"Gautham Jahnavi Constrution Pv...","+ 91  9611197064",""
"Lancor Properties Ltd","+ 91  9845450898",""
"Stewards Association India","",""
"Sapthagiri Property Consultancy","+ 91  80 23344558",""
"Green Brick Infrastructure & H...","+ 91  80 26620999",""
"Sri Krishna Gardens","+ 91  80 22454727",""
"Amazon Property","+ 91  9036128501",""
"Bellur Travels","+ 91  9845072359",""
"Corner Stone Housing Corp","+ 91  80 25720779",""
"Unique Properties","+ 91  9845577862",""
"I K Uthaiah & Associates","+ 91  80 25630727",""
"Blue Valley Properties","+ 91  9343375091",""
"I J Realtors","+ 91  9845213937",""
"Leland Holdings Pvt Ltd","+ 91  80 41141516",""
"Alankar Estate Agency","+ 91  9845003118",""
"Rainbow Play School","+ 91  9845847567",""
"Maple Estates & Properties","+ 91  80 25254992",""
"Stereo House","+ 91  80 25258214",""
"21st Century Estates Property ...","+ 91  9343791000",""
"Classic Estate Agency","+ 91  80 65975903",""
"Garden City Real Estate","+ 91  9880866976",""
"G K Developers","+ 91  9845013149",""
"Corporate Leisure & Property D...","+ 91  80 41150343",""
"Oysters Real Assets","+ 91  9901655263",""
"Simran Estate Agency","+ 91  80 25256804",""
"Golden Era Property Pvt Ltd","+ 91  80 41101607",""
"Aryan Builders","+ 91  9242513120",""
"Sri Sai Ram Real Estate Agency","+ 91  9945105385",""
"Mahaveer Enterprises","+ 91  9844039922",""
"Sadhas Agencies","+ 91  80 26714784",""
"Unique Builders","+ 91  80 42106802",""
"Dar Promoters","+ 91  80 41200705",""
"Sam Cars","+ 91  9738606839",""
"7 Hills Estate Agency","+ 91  9844018350",""
"Pavan Realtors","+ 91  80 41483666",""
"Karan Property Dealers","",""
"Sambarama groups","+ 91  80 23289235",""
"Refind","+ 91  8951040293",""
"Shariff Estate & properties","+ 91  9620054930",""
"Triangle Realty Ventures Pvt Ltd","+ 91  80 32322266",""
"Nandhini Enterprises Pvt Ltd","+ 91  9844891929",""
"Kalpatharu Developers","",""
"Providence Projects","+ 91  80 23378382",""
"Aaryan Estate","+ 91  80 22445292",""
"Nest Seekers Bangalore","+ 91  9538002412",""
"Pushpam Group","+ 91  80 22582082",""
"Real estate agent","+ 91  9972207727",""
"Aditya Instruments","+ 91  9945351337",""
"Goni Group","+ 91  80 23516099",""
"JAI Surya Real Estate","+ 91  80 25117624",""
"Inner Urban Infra Estate Pvt Ltd","+ 91  80 22583984",""
"Dream Home Real Estate","+ 91  9738939952",""
"Mahaveer Properties","+ 91  9901682007",""
"Premier Builders","+ 91  80 23412977",""
"M F A R Construction Pvt Ltd","+ 91  80 23570550",""
"Blueboy Estates & Properties","+ 91  9964116633",""
"Sri Manjunatha Realtors","+ 91  9663666611",""
"R K Developer","+ 91  9886753902",""
"Swarnajeevan agri farm & estates","+ 91  80 23188193",""
"SVG Groups","+ 91  9986086886",""
"Iacete And Kwf Trust","+ 91  8951267657",""
"Slv Real Estate","+ 91  8088294606",""
"Qvc Realty Co","+ 91  80 40250305",""
"Pavani Homes","+ 91  9980085555",""
"Adi Developers","+ 91  9663220088",""
"SAI Vandanam Associates","+ 91  80 41558351",""
"Senate Associates","+ 91  9986962679",""
"Tekton Estates Pvt Ltd","+ 91  8892735888",""
"Balaji construction & Developers","+ 91  9980499313",""
"Whitefield Estates","+ 91  80 28450066",""
"Ukn Properties Pvt Ltd","+ 91  80 41641234",""
"Estate India Real Estate","+ 91  8026651833",""
"Unnathi Projects Ltd","+ 91  80 22107790",""
"Shrusti Builders","+ 91  9945000278",""
"Esther Enterprises","+ 91  80 25425551",""
"H M Developers","+ 91  8710064097",""
"Samara Enterprises","+ 91  9845770617",""
"Gopala Enterprises","+ 91  9845769997",""
"Corporate Estate Avenue","+ 91  80 51200448",""
"Aryan Estates","+ 91  9880332938",""
"M1 Homes","+ 91  9611178383",""
"Prasiddhi Properties Pvt Ltd","+ 91  8051241143",""
"First Futuristic Holdings Ltd","+ 91  80 49396555",""
"Hara Housing And Land Developm...","+ 91  9243026730",""
"Anisha Realtors And Consultant","+ 91  8025351889",""
"Girish Real Estate","+ 91  9880307601",""
