"Name","Phone","Address"

"Hmr International School","+ 91  80 33562842","No.41/1, 11th Cross,9th Main,4th Block,Maruthi Layout, Kalyan Nagar, Bangalore - 560043"
"Vidya Soudha Public School","+ 91  80 33532486","No.9/1, 1st Main,1st Stage, Peenya, Bangalore - 560058, Near Metro Station"
"SSB International Schools","+ 91  80 39628035","No.5/A, Hal 2nd Stage, Indiranagar, Bangalore - 560038"
"Daffodils English School","+ 91  80 32483095","4th Main,Postal Colony,RMV 2nd Stage, Sanjay Nagar, Bangalore - 560094"
"Greenfield Public School","+ 91  80 32329699","No.39/6, Sampige Halli, Jakkur, Jakkur Layout, Bangalore - 560064, Near to Shoba City Appartment"
"Gem School","+ 91  80 33724637","7th Main,Ganganagar Extension, R T Nagar, Bangalore - 560032, Opposite RT Nagar Post Office"
"Bangalore Education Guide L...","+ 91  80 33642606","No 68,1st Floor, 4th Main,Postal Colony, Sanjay Nagar, Bangalore - 560094, Near Daffodils School"
"The Foundation School","+ 91  80 33566323","Survey No.153, Halasahalli, Thippasandra, Sarjapur Main Road, Varthur, Bangalore - 560087, Near Gunjur Bus Stop"
"Ilm Montessori","+ 91  80 33674419","No 322, 5th Main 1st Block, Koramangala, Bangalore - 560095, Behind Wipro Park"
"Trio World Academy","+ 91  80 40611222","No.3/5, Kodigehalli Main Road, Sahakara Nagar, Bangalore - 560092, Near Chairmans Club"
"Shiksha Sagar High School","+ 91  80 33724329","No.77, 5th Main,Postal Colony, Sanjay Nagar, Bangalore - 560094, Near Axis Bank"
"Orchids The International S...","+ 91  80 33531532","Sector 2, HMT Colony, Jalahalli, Bangalore - 560013, Behind Pf Quarters, Near HMT Theatre"
"Little Millennium","+ 91  80 33618632","No 41/A,M S Ramaiah Enclave, Hessarghatta Main Road, Bangalore - 560073, Near Pattedar Samaj"
"Einstein High Nursery And P...","+ 91  80 33722672","Maa Krupa Mansion,No.33, Kullappa Circle,1st Cross K.E.B. Road, Kammanahalli, Bangalore - 560084, Next City Super Market"
"Clarence Public School","+ 91  80 33052458","No.19, 4th Cross,4th Phase,Dollars Colony, Jp Nagar, Bangalore - 560078, Near Delmia Circle"
"Royale Concorde Internation...","+ 91  80 33674148","No.3/2, Ambalipura Village,Sarjarpur Main Road, Bellandur, Bangalore - 560103, Near Big Bazaar"
"Lawrence High School","+ 91  80 25722777","No CA3, 9th Main,15th Cross,6th Sector, HSR Layout, Bangalore - 560102, Near BDA Complex"
"Image English School","+ 91  80 33618931","No 20/1/B, Annaiah Reddy Extention, 18th Cross, 24th main, Jp Nagar, Bangalore - 560078, Near BBMP office, 6th Phase"
"Oi Play School","+ 91  80 33531782","Plot # 774, 15 Th Cross, 1 St Phase, Jp Nagar, Bangalore - 560078, Near Shell Petrol Bunk"
"Nightingales English School","+ 91  80 33569265","No.1/ B And C, BTM 4th Stage, Bannerghatta Road, Devarachikanahalli,, Bilekahalli, Bangalore - 560076, Near Vijaya Bank Enclave"
"Little Lillys English School","+ 91  80 33537642","No.201, 2nd Main,Mahalakshmi Layout, Mahalakshmipuram Layout, Bangalore - 560086, Near Iskon Temple And K G Ground"
"United International School","+ 91  80 33531507","Hennur Bagalur Main Road, Hennur Main Road, Bangalore - 560043, Opposite Farhan School Of Nursing"
"Kidzee Itpl","+ 91  80 33518806","112, 3rd Cross, Prashanth Extension Layout, Itpl Road, Whitefield, Bangalore - 560066, Near Hope Farm Circle"
"The Brigade School","+ 91  80 33566731","No.9, 4th Cross,Whitefield Road, Mahadevapura, Bangalore - 560048, Adjacent Decalthon Sports Store,Near Mlr Convention Centre Building"
"Growing Miracles Montessori","+ 91  80 33538913",""
"G R Vidyadeep Education Soc...","+ 91  80 33910944","No 20, Dena Bank Colony,Bellary Road, Ganga Nagar Extension, Bangalore - 560032, Next Shell Petrol Bunk"
"I Play I Learn Preschool An...","+ 91  80 33792291","Cherry Street, Green Glen Layout-Bellandur, Bangalore - 560103, Behind Shoba Marvella"
"Global Residential School","+ 91  80 33562921","Pillagumpe Chinthamane Road, Hoskote, Bangalore - 562114, Near Industrial Area"
"St Marks Public School","+ 91  80 39626562","No.37, 1st Mn Rd,3rd Phs, Jp Nagar 3rd Phase, Bangalore - 560078"
"Om Sri Narayana Charitable ...","+ 91  80 39257264","No.852/1, 7th A Main Banaswadi Main Road, Hrbr Layout, Bangalore - 560043, Opp Syndicate Bank"
"EdiIfy School","+ 91  80 33643143","No 105, Hinnaki,Chandapura Main Road, Anekal, Bangalore - 562106, Sector Suryacity 2 Phase"
"Sampoorn Pre School","+ 91  80 33569219","No.23, CT Bed Road,7th Cross, Banashankari 2nd Stage, Bangalore - 560070, Behind Indira Nursing Home"
"New Indus Valley Residentia...","+ 91  80 39628526","Garden City College Road, Subhashnagar Post, Virgonagar, Bangalore - 560049, Near Bhattarahalli"
"Maxwell Public School","+ 91  80 25450822","9th Main,1st Block,Hrbr Layout, Kalyan Nagar, Bangalore - 560043, Near Banaswadi Fire Station"
"M G School For Excellence","+ 91  80 39828052","No.171, Bilekahalli, Bannerghatta Road, Bangalore - 560076, Near Someshwara Temple"
"Podar Jumbo Kids","+ 91  80 33910614","No.667, 9th Main, Hsr Layout Sector 7, Bangalore - 560068, Near New Larence School"
"Sree Raghavendra High School","+ 91  80 23484712","Magadi Main Road,Vrushabavathinagar, Kamakshipalya, Bangalore - 560079, Opposite Pooja Convention Hall"
"St Annes High School","+ 91  80 33724825","No.536, John Street , St Thomas Town Post, Kammanahalli, Bangalore - 560084, Near Bata Showroom"
"Priyadarshini English High ...","+ 91  80 25459631","Subbanna Palya Extension, Akkayamma Layout,M S Nagar Post, Kammanahalli Main Road, Bangalore - 560033, Near Kullappa Circle"
"Aditya Institutions","+ 91  80 28571292","No 12, Kogilu Mn Rd, Yelahanka, Bangalore - 560064, Bh Sri Annapoorneshwari Temple"
"Capital Public School","+ 91  80 33561369","No 140/1, 3rd Cross,A Narayanapura, Dooravani Nagar, Bangalore - 560016, Near Kaveri Water Tank"
"Silicon Valley School","+ 91  80 30161305","Vidya Sagar Layout,Kembathalli Road,Gottigege, Bannerghatta, Bangalore - 560083, Near Meenashi Temple"
"Stalwart School - Kidz Zone","+ 91  80 33091000","No 9, 6th Cross, Muni Nagappa Layout,Kavalbyrasandra, R T Nagar, Bangalore - 560032, Near Kaval Byrasandra Bus Stop, Karnataka ATM"
"Hillrock National Public Sc...","+ 91  9739710666","Survey No.101, Brahmadevara Gutte,Kodigehalli,6th Block,Vishweshwaraya Layout Off Magadi Road, Vishwaneedam, Bangalore - 560091"
"Euro Kids","+ 91  80 33561300","Plot No 353, 2nd Cross,Duo Marvel Layout,Ananthpura Road, Yelahanka, Bangalore - 560064, Behind Ramanashree California Resort"
"Eurokids","+ 91  80 39627961","Bloom 405,Balaji Housing Cooperative Society, Vajrahalli, Kanakapura Road, Bangalore - 560062"
"Euro Kids","+ 91  80 33538144","No.400, J P Main Road,1st Phase, Girinagar, Bangalore - 560085, Near Shankar Mutt"
"Global Academy For Learning","+ 91  80 33762528","No.40, Shri Chowdeshwari Farm, Pattenegare Main Road, Global Village, Bangalore - 560059"
"Icon International School","+ 91  80 33641255","No 220,Ideal Homes Township, 43rd Main,4th Cross,F Road, Rajarajeshwari Nagar, Bangalore - 560098, Near Global Academy Of Technology"
"Patel Group Of Institutions","+ 91  80 28440553","No.25/2, Kariyammanna Agrahara, Bellandur, Bangalore - 560103, Nr Outer Ring Road"
"Pratham International School","+ 91  80 33092523","No 49/4, Kotur Muthsandra Road,Valepura,Varthur Mutsandra Main Road, Varthur, Bangalore - 560087, Next Manjunatha Rice Mill"
"Kids Kingdom","+ 91  9980760311","No.24, 5th Cross,Kalkere Main Road,M V Nagar, Ramamurthy Nagar, Bangalore - 560016, Opposite Vijaya Bank"
"Future Gen Kids","+ 91  80 33642398","No 7,1st Floor, Infosys Gate 6 Road,Electronic City, Konappanna Aghara, Bangalore - 560100, Near Yellamma Temple,Above Axis Bank ATM"
"Mother Mary English School","+ 91  80 33563324","No.976, 1st Main,1st Block,New Tippasandra,Geetanjali Layout, Hal 3rd Stage New Thippasandra, Bangalore - 560075, Near Ganesh Temple"
"Little Angels School","+ 91  80 39627997","No 183, 2nd Cross Nehru Road, Kammanahalli, Bangalore - 560084, Opposite Mosque"
"Winnerkids","+ 91  80 33090369","Shalom.30/31, 1st Cross,1st Main West Street, Rajarajeshwari Nagar, Bangalore - 560098, Near SNS Gas Agency"
"Samuel Public School","+ 91  80 33518798","No.14, T C Palya,Halehalli, Bhattarahalli, Bangalore - 560049, Behind Garden City College"
"MVJ International School","+ 91  80 33090464","Chowdeshwari Temple Street, Marathahalli, Bangalore - 560037, Near Ganesha Temple"
"Little Millennium","+ 91  80 33618581","No.512, 3rd Stage,Beml Layout, Rajarajeshwari Nagar, Bangalore - 560098, Opposite Bwssb Water Tank"
"EuroKids","+ 91  80 33055859","Holy Queen No 44, 10th Main, 10th Cross, Maruthi Nagar, Malleshpalya, Bangalore - 560075"
"Shemrock Twinkle Stars","+ 91  80 33083307","No.106/208, Kacharayakanahalli, HBR Layout, Bangalore - 560043, Near BDA Complex"
"Poorna Smrithi Public Schoo...","+ 91  80 23540854","No 44, Shampur Main Road, LR Bande Road, R T Nagar, Bangalore - 560032, Behind KHB Quarters, Opposite Raghavendra Temple"
"Sunrise International Academy","+ 91  80 33292515","No 37/3, New Byrohalli Road,Kommaghatta,Kengeri Upanagar, Kengeri, Bangalore - 560060"
"Gnan Srishti School Of Exce...","+ 91  80 33724152","No 85/63/61, 19th Main,17th Cross,Sector 1, Hsr Layout, Bangalore - 560102, Near Hsr Water Tank"
"Hogwarts Education Society","+ 91  80 33532968","No.164 & 171, Shirdi SAI Ratan Layout,Shivram Karanth Nagar, Hegde Nagar, Bangalore - 560077, 2nd cross"
"Sky High International School","+ 91  80 33094865","No 06, 4th Main,2nd Cross,Beml Layout,5th Stage, Rajarajeshwari Nagar, Bangalore - 560098, Behind Old Manipal Hospital"
"Sri Sai Public School","+ 91  80 39557432","No.4, Ippina Apartment Road,4th Main,Begur Road,Hongasandra, Begur Road, Bangalore - 560068, Behind Kavya Nursing Home"
"Little Lillys English Publi...","+ 91  80 33056978","No.13, 8th Main,4th Block,Bel Layout, Vidyaranyapura, Bangalore - 560097, Near Post Office"
"Planet Kids","+ 91  80 32719898","No 7/11,Anugraha, 1st Cross Road,3rd Block, Kumara Park West, Bangalore - 560020, Behind Mahalakshmi Temple"
"Artshaala Fine Arts Studio","+ 91  80 33619660","No.2/4,2nd And 3rd Floor, 80 Feet Road,Ashwath Nagar Main Road, Poojari Layout, Rmv Extension 2nd Stage, Bangalore - 560094, Opposite Ramaiah Hospital"
"JDB International School","+ 91  80 33762316",""
"Royale Concorde Internation...","+ 91  80 33491963","No.81/1, Hongasandra, Begur Road, Bangalore - 560068, Next State Bank Of India"
"Janani Public School","+ 91  8050834497","Survey no.43, Government College Road, Kadugodi, Bangalore - 560067, Opposite To Sai Durga Apartments"
"Akshara Montessori House Of...","+ 91  80 39200299","Bagalur Main Road,Sathnur, Yelahanka, Bangalore - 560064"
"Malgudi Vidyanikethan","+ 91  80 33568644","No 340 And 381, 6th Main 2nd Stage 7th Block, Nagarbhavi, Bangalore - 560072, Near Vasan Eye Care"
"Lady Vailankanni Group Of I...","+ 91  80 33054486","No.175/2, Lady Vailankanni Road, Varthur, Bangalore - 560087, Behind Varthur Vinayaka Theater,Near Varthur Govt Hospital"
"ST Josephs Indian High School","+ 91  80 22229052","No.2, Grant Road, Vittal Mallya Road, Bangalore - 560001, Near To Mallya Hospital"
"Bishop Cotton Boys High School","+ 91  80 40527888","No.15, Residency Road, Bangalore - 560025"
"Bishop Cotton Girls High School","+ 91  80 22213083","No.1, St Marks Road, Bangalore - 560001"
"St Josephs Boys High School","+ 91  80 22214416","No.27, Museum Road, Bangalore - 560025, Opposite To India Post"
"Delhi Public School","+ 91  80 26668581","No.19/1, 11th Km, Doddakalasandra, Bikaspura Main Road, Konankunte Post, Kanakapura Road, Bangalore - 560062, Behind Metro"
"Baldwin Girls High School","+ 91  80 40493000","No.90, Richmond Road, Bangalore - 560025, Opposite To Tata Indicom Office"
"Sri Kumaran Childrens Home","+ 91  80 26763381","No.107, 6th Main Road,2nd Cross, Tata Silk Farm, Basavanagudi, Bangalore - 560004"
"Delhi Public School","+ 91  80 27822260","No.43/1b & 45, Sullikunte Village, Bommasandra, Sarjapura, Bangalore - 562125"
"Bethany High School","+ 91  80 25532189","No. CA/12, 20th Main Road, 6th Block, Koramangala, Bangalore - 560095, Near To Koramangala Police Station"
"Royale Concorde International ...","+ 91  80 25435454","6th B Main Road, Hrbr Layout, 2nd Block, Kalyan Nagar, Bangalore - 560043, Next To Sony World"
"National Hill View Public School","+ 91  80 28603163","No.275/3/4, Ideal Homes Township, Rajarajeshwari Nagar, Bangalore - 560098, Off Mysore Road"
"Baldwin Boys High School","+ 91  80 22211981","No.14, Hosur Road, Richmond Road, Bangalore - 560025"
"National Public School","+ 91  80 23350361","No. 1036-A, Rajajinagar 5th Block, Bangalore - 560010, Near Girias Showroom"
"National Public School","+ 91  80 25280611","12th A Main Road, HAL 2nd Stage-Indiranagar, Bangalore - 560008, Near Jevan Bheema Nagar Telephone Exchange"
"Delhi Public School Bangalore ...","+ 91  80 29724861","Survey, No.35/1A, Sathnur Village, Bagalur Post, Jala Hobli, Bangalore North, Yalahanka, Bangalore - 562149, Near Country Club Yalahaka"
"Sophia High School","+ 91  80 22208794","No. 70, Palace Road, Bangalore - 560001, Near High Point and Gulf Main Gate"
"Christ English School","+ 91  80 26684053","Siddagunte Palya, Hosur Road, Dharmaram College, Bangalore - 560029, Opposite To Dairy Circle"
"The Frank Anthony Public School","+ 91  80 25570970","No.13, Cambridge Road, Ulsoor, Bangalore - 560008"
"New Horizon Public School","+ 91  80 25261735","100feet Road, Hal 2nd Stage, Indiranagar, Bangalore - 560038"
"Vidyashilp Academy","+ 91  80 28561824","No.42/3, Post Box No.6437, Shivanahalli Village, Yelahanka, Bangalore - 560064, Near Jakkur Flying Club"
"Army Public School","+ 91  80 25581238","Cubbon Road, Kamaraj Road, Bangalore - 560042, Off Commercial Street"
"Sri Chaitanya Techno School","+ 91  80 64552082","No.86/1c, Munnekolala, Marathahalli, Bangalore - 560037, Opposite To Sgr Dental Collage"
"Kendriya Vidyalaya Hebbal","+ 91  80 23602491","Hebbal, Sadashivanagar, Bangalore - 560080"
"Sri Chaitanya Techno School An...","+ 91  9900041428","No.177, 69th Cross, 5th Block, Rajajinagar, Bangalore - 560010, Near Bashyam Circle"
"Venkat International Public Sc...","+ 91  80 23382572","No.331/A, 5th Block, Kb Temple Street, Rajajinagar, Bangalore - 560010, Near Bashyam Circle"
"Kendriya Vidyalaya","+ 91  80 23341454","Malleswaram, Bangalore - 560003"
"Sri Vani Education Centre","+ 91  80 23322239","No.1246/47, E Block, Ramavana, 4th Main Road, 2nd Stage, Rajajinagar, Bangalore - 560010"
"National Public School","+ 91  80 25705171","Housing Complex, 80 Feet Road, Koramangala, Bangalore - 560095, Next To National Games Village"
"Cathedral Composite Pre Univer...","+ 91  80 25572656","No.63, Richmond Road, Bangalore - 560025"
"Rns Vidyaniketan","+ 91  80 23398922","No.324, Bunts Sangha Complex, Woc Road, Vijayanagar, Bangalore - 560040"
"Kendriya Vidyalaya","+ 91  80 23371316","Iisc Campus, Yeshwanthpur, Bangalore - 560022"
"Sindhi High School","+ 91  80 23621394","No.33/2a & 2b, Kempapura, Hebbal, Bangalore - 560024, Near To Esteem Mall"
"National Academy For Learning","+ 91  80 23231567","3rd Cross, 3rd Block, 3rd Stage, Basaveshwara Nagar, Bangalore - 560079"
"Vagdevi Vilas School","+ 91  80 28495850","Survey No.77/2, 77/3b, 77/4, 77/5, Munnekolalu, Marathahalli, Bangalore - 560037"
"Sri Chaitanya Techno School","+ 91  9663488992","Srinivasa Complex, 1st Main Road,Palace Guttahalli, Seshadripuram, Bangalore - 560020, Near Forstis Hospital"
"MES Kishora Kendra Primary & H...","+ 91  80 23347266","No.62, 10th Main Road, 15th Cross, Malleswaram, Bangalore - 560003"
"The International School Banga...","+ 91  80 22634900","Nafl Valley, Whitefield Sarjapur Road, Sarjapura, Bangalore - 562125, Near Dommasandra Circle"
"Sri Kumaran Public School","+ 91  80 26763381","Survey No. 44-50, Mallasandra Village, Off Kanakapura Main Road, Uttarahalli, Bangalore - 560061"
"CMR National Public School","+ 91  80 25440693","No.2079, 2nd Main Road, 3rd Stage, H B R Layout 3rd Block, Bangalore - 560084, Behind Jaluvayu Vihar"
"Delhi Public School Head Office","+ 91  80 26570314","No.3/2, Al Ameen Apartments, Pattalamma Temple Street, Basavanagudi, Bangalore - 560004"
"St Johns High School","+ 91  80 25361456","No.132, Cleveland Town, St Johns Church Road, Frazer Town, Bangalore - 560005"
"St Francis Xaviers Girls High ...","+ 91  80 25368222","No.49, Promenade Road, Frazer Town, Bangalore - 560005"
"Mallya Aditi International School","+ 91  80 28462506","No.6427, 5th Mile, Bellary Road, Yelahanka New Town, Bangalore - 560064, Opposite Escort Factory, Near Sheshadripuram College,"
"Vidyaniketan School","+ 91  80 23331531","No.30, Kempapura, Hebbal, Bangalore - 560024, Behind Esteem Mall"
"Sri Aurobindo Memorial School","+ 91  80 26717777","No.525, 22nd Cross, 13th A Main Road, Banashankari 2nd Stage, Bangalore - 560070"
"Inventure Academy","+ 91  80 27802600","Sarjapur Whitefield Road, Sarjapur Road, Bangalore - 560034, Near Dommasandra Circle"
"Indus International School","+ 91  80 22895900","Bilapura Cross, Sarjapura, Bangalore - 562125, Near Exide Gate & Mayura Bakery"
"Sri Chaitanya Techno School","+ 91  80 65469750","No.27, 3rd Main, Ags Layout, Arehalli, Uttarahalli, Bangalore - 560061, Near Ittamadu Main Road"
"Presidency School","+ 91  80 42351167","No.CA-4, HMT Layout, R T Nagar, Bangalore - 560032, Near To Reebok Showroom"
"Sindhi High School","+ 91  80 22261509","No.10/7, Kumara Krupa Road, Bangalore - 560001"
"Bangalore International Academy","+ 91  80 22444411","32nd Cross,2nd Main,7th Block, Jayanagar 7th Block, Bangalore - 560082, Near National City College"
"St Germain High School","+ 91  80 25511353","No.504, Promenade Road, Cleveland Town, Frazer Town, Bangalore - 560005, Near Colespark"
"SRI Vani Education Centre","+ 91  80 23238608","No.1, Shamavana, 4th B Main, 3rd Block, 3rd Stage, Basaveshwara Nagar, Bangalore - 560079"
"Sri Chaitanya Techno School","+ 91  9663833997","Kothanuru Dinne Main Road, Jumbo Savari Dinne, 8th Phase, Jp Nagar, Bangalore - 560078"
"Clarence High School","+ 91  80 46334633","Richards Town, Pottery Road, Bangalore - 560005"
"Sri Chaitanya Techno School","+ 91  80 65685615","Seethappa Garden, T C Palya Main Road, Ramamurthy Nagar, Bangalore - 560016, Near Raghavendra Circle"
"Vidya Vardhaka Sangha Trust & ...","+ 91  80 23378717","1st Block, Rajajinagar, Bangalore - 560010"
"New Baldwin Residential School","+ 91  80 25429440","No.25, Ramamurthy Nagar Main Road, Banaswadi, Bangalore - 560043, Next Rashi Diagnostic Centre"
"The Valley School","+ 91  80 28435240","The Valley School Campus, 17 K M, Thataguni Post, Kanakapura Road, Bangalore - 560062, After Nice Road Over Bridge, Off Kanakpura Road rigth Haridvanam"
"Kendriya Vidyalaya","+ 91  80 25243919",""
"Baldwin Co Education Extension...","+ 91  80 28616636","No.185, 10th Main, 2nd Cross, 5th Stage, Beml Layout, Rajarajeshwari Nagar, Bangalore - 560098, Behind Crazy Park"
"Jain Heritage School","+ 91  80 23626122","Anjaneya Temple Street, Kempapura, Hebbal, Bangalore - 560024, Next To Esteem Mall"
"Kensri School","+ 91  80 22026000","No.1348/444a, Old No.18/2a, Mariya Street, Mariyannapalya, Hebbal Agri Farm, Bangalore - 560024, Next To St James Church"
"Rashtrothana Vidya Kendra","+ 91  9945202661","6th Phase, Banashankari 6th Stage, Bangalore - 560062, Behind Nice Head Office"
"Kendriya Vidyalaya","+ 91  80 28478744","Airforce Station, Yelahanka, Bangalore - 560064"
"Narayana E Techno School","+ 91  80 26655322","No.103/2, Ashwath Narayana Layout, Jp Nagar 7th Phase, Bangalore - 560078, Near Puttenahalli Lake"
"The Brigade School","+ 91  80 41411581","No.26/1, Brigade Gateway Enclave, Railway Parallel Road, Malleswaram West, Bangalore - 560055"
"Psbb Learning Leadership Academy","+ 91  80 27837021","No.52, Sahasra Deepika Road, Laxmipura Village, Sakalvara Post, Bannerghatta, Bangalore - 560083, Near Tulip Resort"
"Jawahar Navodaya Vidyalaya","+ 91  80 28469055","Bagalur, Bangalore - 562149"
"Seventh Day Adventist School &...","","No.98, Spencer Road, Frazer Town, Bangalore - 560005"
"St Francis Junior College","+ 91  80 25531076","No.3417, Sevasadan Institute, 8th Main Road, Sarjapur Main Road, Koramangala 3rd Block, Bangalore - 560034, Opposite To Krupanidhi College"
"Oasis International School","+ 91  80 41253104","No.89, Charles Campbell Road, Cox Town, Bangalore - 560005, Near Srivasa Nursing Home"
"Rashtriya Military School","+ 91  80 25554972","Post Box No.25040, Richmond Town, Museum Road, Bangalore - 560025, Opposite To Jhonson Market"
"Narayana E Techno School","+ 91  80 25747315","Bnr Diamond, Green Glen Layout, Bellandur, Bangalore - 560103, Behind Toyota Showroom"
"KLE Societys School","+ 91  80 23214001","No.1, 3rd Block, 2nd Stage, Nagarbhavi, Bangalore - 560072, Near To Bda Complex"
"Prarthana Education Society","+ 91  80 26790625","No.17/17a, 80 Feet Road, Banashankari 2nd Stage, Bangalore - 560070, Near Kadirenahalli Petrol Bunk"
"Carmel School","+ 91  80 26691040","Padmanabhanagar, Banashankari 2nd Stage, Bangalore - 560070, Near DG Hospital"
"Presidency School","+ 91  80 30932101","No. 6455, Avalahalli, Yelahanka New Town, Bangalore - 560064, Near Bmsit, Off Doddaballapur Road"
"Delhi Public School","+ 91  80 32213049","Survey No.123/124, Mallasandra Village, Hoskote Taluk, Bangalore - 560067, NH207"
"Freedom International School","+ 91  80 25729825","No.C A -33, 4th Sector, Hsr Layout, Bangalore - 560102"
"Aecs Magnolia Maaruti Public S...","+ 91  80 26485622","No.36/909, Arekere Gate, Bannerghatta Road, Bangalore - 560076, Opposite Bata Showroom"
"Sherwood High School","+ 91  80 28429723","No.1, Basavanapura, Bannerghatta, Bangalore - 560083, Near Nice Road Junction"
"St Anthonys School","+ 91  80 23396547","St Anthonys Church Compound, Gangagondanahalli Post, Attiguppe, Mysore Road, Bangalore - 560039"
"Sri Kumaran Childrens Home","+ 91  80 22538100","Survey No.44- 50, Uttarahali Hobli, Mallasandra Village, Kanakapura Road-Talaghattapura, Bangalore - 560063, Near Holiday Village"
"Narayana E Techno School","",""
"Presidency School","+ 91  80 23496742","5th Cross, Nandhini Layout, Bangalore - 560096, Near To Old Bus Stop"
"National Public School","+ 91  80 28488856","No.8/C, Hoysala Circle, Kengeri Satellite Town, Kengeri, Bangalore - 560060, Near New Police Quarters"
"Kendriya Vidyalaya Meg & Centre","+ 91  80 25365053","Meg & Center ,St.Johns Road, St Johns Road, Bangalore - 560042, Sivenchetty Garden"
"Grace International School","+ 91  80 25440687","No.224, Brindavan Nagar, Kalyan Nagar Post, 3rd Block, Hrbr Layout, Bangalore - 560043"
"Christ Academy School","","Begur Koppa Road, Hullahalli, Begur Road, Bangalore - 560068"
"Ryan International School","+ 91  80 28476963","M H Colony, Kundalahalli, Bangalore - 560037, Near Aecs Layout, Behind Hindustan Lever Ltd"
"Narayana E Techno School And P...","+ 91  80 42111548","ANR Complex, Papamma Layout, Ramamurthy Nagar, Bangalore - 560016, Near Police Station,Opposite Andhra Bank,Behind Food Bazar"
"Cluny Convent High School","+ 91  80 23469275","No.71, 13th Cross, 11th Main Road, Malleswaram, Bangalore - 560003, Near To Malleshwaram Railway Station"
"Ebenezer International School","+ 91  80 27848224","Singena Agrahara Road Huskur Gate, Bommasandra Industrial Area, Bangalore - 560099, Near Apmc Yard & Electronic City"
"Jyothy Kendriya Vidyalaya","+ 91  80 26321932","Yelachenahalli, Kanakapura Road, Bangalore - 560062, Near Metro"
"Chrysalis High","+ 91  8861063812","No.219/3, 219/5, Gunjur, Marathahalli - Sarjapur Road, Varthur, Bangalore - 560087, Near To Forum Value Mall, Off Marathahalli"
"New Horizon Gurukul","+ 91  80 66297777","Marathahalli, Outer Ring Road, Kadubeesanahalli, Bellandur, Bangalore - 560103, Behind New Horizon Engineering College"
"Presidency School","+ 91  80 25425597","East Of Ngef Layout, 2nd A Main Road, 3rd A Cross, Kasturi Nagar, Bangalore - 560043"
"Carmel High School","+ 91  80 23227015","2nd Block, 3rd Stage, Judges Colony, West Of Chord Road, Basaveshwara Nagar, Bangalore - 560079"
"Orchids The International School","+ 91  80 60017100","CA Site No 1, Survey No.38 & 39, Rajaji Nagar Housing Co Operative Society, Nagarbhavi, Bangalore - 560072, Near Nagarbhavi Bda Complex, Sree Ganadadakaval, Annopoorneswari Layout"
"Bangalore International Public...","+ 91  80 26665526",""
"Vidyaniketan Public School","+ 91  80 23240364","Ullal Road Cross, Ullal Upanagar, Vishwavidyalaya, Bangalore - 560056, Near Bangalore University Campus"
"Sri Chaitanya Techno School","+ 91  80 64510263","No.75/A, Hulimavu Main Road, Bannerghatta Road, Bangalore - 560076, Near Meenakshi Temple"
"The Oxford English School","+ 91  80 30410501","Site No.40, Jp Nagar 1st Phase, Bangalore - 560078, Near RV Dental College"
"Bgs National Public School","+ 91  80 26484933","Ramalingeswara Cave Temple, Hulimavu, Bannerghatta Road, Bangalore - 560076, Hulimavu, near Meenakshi Mall"
"Kendriya Vidyalaya","+ 91  80 25300408","Victoria Layout, Bangalore - 560047, Opposite To Lifestyle"
"Cambridge Public School","+ 91  80 25727335","No.CA-13, 19th Main Road, 25th Cross, HSR Layout Sector 2, Bangalore - 560102, HSR CLUB, IBP petrol pump"
"Primus Public School","+ 91  80 25741450","No-21, Off Sarjapur Road, Sarjapur Road, Bangalore - 560034, Near Wipro Corporate Office"
"Narayana E Techno School","+ 91  9632050446","No.85, Outer Ring Road, Nandhini Layout, Bangalore - 560096, Near Laggere Bridge"
"Tirumala Vidya Niketan","+ 91  80 23447560","No.29, Gayathri Devi Park Extension, Vyalikaval, Bangalore - 560003, Behind Chowdaiah Memorial Hall"
"Delhi Public School","+ 91  9632190257","Survey No.33, Bettadansapura, Electronic City, Begur Road, Bangalore - 560068"
"Dev In National School","+ 91  80 65651001","No.3/1, 60 Feet Road,Off International Airport road, Sahakara Nagar, Bangalore - 560092, Near Cauvery College"
"St Charles High School & Women...","+ 91  80 25472062","Lingarajapuram Main Road, St Thomas Town, Bangalore - 560084, Near Tolgate Bus Stop, Kam"
"Gopalan National School","+ 91  80 41157829","Plot No.13, Gopalan International School Campus, Doddanekundi, 2nd Phase, Brookefield Road, Whitefield Main Road, Bangalore - 560066, Near To St Anthony Brick Work"
"Canadian International School","+ 91  80 42494444",""
"Presidency School","+ 91  80 26485649","No. 80/1 & 80/2, Bilekahalli, Bannerghatta Road, Bangalore - 560076, Near To Anugraha Layout"
"Insight Academy","+ 91  80 26667333","No.20, Vasanthapura Main Road,Off Kanakapura Road, Kanakapura Road, Bangalore - 560062, Behind Panchvati Comforts"
"Sri Chaitanya Techno School","+ 91  80 27848052","Lakshmi Narayanapura, Huskur Post, Electronic City, Bangalore - 560100, Behind Apmc Fruit Market"
"Sree Cauvery School","+ 91  80 25250894","CA-01, Double Road, 2nd Stage, Indiranagar, Bangalore - 560038, Opposite To Shanti Sagar"
"Rashtrotthana Vidya Kendra","+ 91  80 28465972","Arkavathy Layout, Thanisandra Main Road, Hegde Nagar, Bangalore - 560077"
"Sri Vidya Mandir Education Soc...","+ 91  80 23342658","No.154, 11th Cross, 6th Main, West Park Road, Malleswaram, Bangalore - 560003, Opposite To Krishna Temple"
"Sri Chaitanya Techno School","+ 91  80 65469742","Shammamma Garden, Devasandra Main Road, Krishnarajapuram, Bangalore - 560036, Near Kaveri Bakery"
"Florence Public School","+ 91  80 23333938","No.5, P & T Colony, R T Nagar, Bangalore - 560032, Next To Post Office"
"Swargarani School & Pu College","+ 91  80 28616115","No.179, 2nd Main Road, Beml Layout, Rajarajeshwari Nagar, Bangalore - 560039"
"Jss Public School","+ 91  80 22970131","No.31, 22nd Cross, 15th Main Road, Banashankari 2nd Stage, Bangalore - 560070, Opposite To Devagiri Temple"
"Deccan International School","+ 91  80 26250501","No.11, 18th Main Road, Padmanabhanagar, Uttarahalli, Bangalore - 560061, Near Brigade Apartments"
"New Baldwin International Resi...","+ 91  80 25559145","No.128, Old Madras Road, Virgonagar, Bangalore - 560049, Near Budigere Cross Road"
"Sri Chaitanya Techno School","+ 91  9243689251","No.108, Ombr Layout, Banaswadi Main Road, Bangalore - 560033, Next To S R R Kalyana Mantapa"
"Frank Anthony Junior School","+ 91  80 22212386","No.26, Wellington Street, Richmond Town, Bangalore - 560025, Near Wellington Post Office"
"Euro School North Campus","+ 91  80 22796282","No. 27, Srinivasapura Village, Kogilu Main Road, Yelahanka, Bangalore - 560064, Next To HP Petrol Bunk"
"East Point School & College Of...","+ 91  80 25452626","No.2, 80ft Road,2nd Block,Hrbr Layout,Banaswadi, Kalyan Nagar, Bangalore - 560043"
"Sri Krishna International School","+ 91  80 26796020","No. 2p, Kathriguppe Main Road, Banashankari 3rd Stage, Bangalore - 560085, Near To Vidyapeeta Circle"
"Narayana E Techno School","+ 91  8722200131","No. 66/18, Sri Muneshwara Temple Circle, Ayyappanagar, Hoodi Main Road, Krishnarajapuram, Bangalore - 560036, Near Krishna Community Hall"
"Cluny Convent School","+ 91  80 28389725",""
"St Paul English School","+ 91  80 26584619","No.121, 3rd Cross, 3rd Phase, Jp Nagar, Bangalore - 560078, Opposite To Shiva Bala Yogi Ashram"
"Sri Chaitanya Techno School","+ 91  80 65469740","No.573, Vyalikaval, Hbcs Colony, Veerannapalya Main Road, Arabic College, Bangalore - 560045, Behind Bel Corporate Office"
"Sacred Heart Girls Higher Prim...","+ 91  80 22211237","No.25, Museum Road, Bangalore - 560025"
"Vibgyor High School","+ 91  80 42777000","No.58/1, Whitefield Road, Marathahalli, Tubrahalli, Bangalore - 560066, Behind Shriram Samruddhi Apartment"
"B P Indian Public School","+ 91  80 23347314","No.23/2, Post Box No.395, 11th Cross, 5th Main Road, Malleswaram, Bangalore - 560003"
"National Centre For Excellence","+ 91  80 25349439","No.154/1, Vijaya Kiran Knowledge Park, 5th Main, Malleshpalya, New Thippasandra, Bangalore - 560075"
"Carmel Convent Higher Primary ...","+ 91  80 26636599","no, East End Road, Jayanagar 4th T Block, Bangalore - 560041, Next To Sanjaygandhi Hospital"
"Shree Ramana Maharishi Academi...","+ 91  80 26588045","No.ca-1b, 3rd Cross, 3rd Phase, Jp Nagar, Bangalore - 560078, Near Ragigudda"
"Kendriya Vidyalaya","+ 91  80 25275473","N A L Campus, Old Airport Road, Nal Road, Bangalore - 560017, Near Jeevan Bima Nagar Bus Terminal"
"Hymamshu Jyothi Kala Peetha Sc...","+ 91  80 23367190","No.74, Hymamshu Shastry Road, 4th Main Road,15th Cross, Malleswaram West, Bangalore - 560055"
"Ekya School","+ 91  80 65391166","No.16, 6th B Main, Jp Nagar 3rd Phase, Bangalore - 560078, Next To SAI Baba Temple"
"Nagarjuna Vidyaniketan School","+ 91  80 65372602","No.104, Ivri Road, Ramagondanahalli, Yelahanka, Bangalore - 560064, Near Crpf"
"Delhi Public School","+ 91  9900184106","Survey No.41, K Golahalli Village, Kengeri Hobli, Kumbalgodu, Bangalore - 560074, Off Mysore Road"
"The Brigade School","+ 91  80 41301390","Brigade Millennium, 7th Phase, Puttenahalli, Jp Nagar, Bangalore - 560078, Near Inchara Hotel"
"Chrysalis High School","+ 91  7259381504","No 15/1b, Sector A, Lbs Nagar, Yelahanka New Town, Bangalore - 560064, Near To Yelahanka Police Station"
"Narayana E Techno School","+ 91  80 42287328","No 8, Vishweshwaraiah Layout, Cholanayakanahalli, R T Nagar, Bangalore - 560032, Opposite To Bright Kids"
"Bbul Jain Vidyalaya School","+ 91  80 22422936","No.84, K R Road, Shankarapuram, Bangalore - 560004, Opposite To Vv Puram College"
"The East West School","+ 91  80 26574112","No.1, Armugam Circle, Basavanagudi, Bangalore - 560004"
"Nirmala Rani High School","+ 91  80 23346525","18th Cross,, Malleswaram West, Bangalore - 560055"
"Ekya School","+ 91  80 65971312","No.2851, Friends Layout, Itpl Bypass Road, Doddanekundi Extension, Marathahalli, Bangalore - 560037, Next To Big Basket Godown"
"Army Public School","+ 91  80 23433341","no, Jc Nagar, Bangalore - 560006, Near Mekhri Circle"
"Poornaprajna Education Centre","+ 91  80 23618181","No.4, 16th Cross, Sadashivanagar, Bangalore - 560080, near sankey tank in between janatha bazar"
"Shastry Memorial School","+ 91  80 25617446","No.13/3, Segehalli Road, Old Madras Road, Bhattarahalli, Bangalore - 560049, Near Indane Gas Godwon"
"R V Public School","+ 91  80 26569588","Vishweswarapuram, Basavanagudi, Bangalore - 560004, Near To Lalbagh West Gate"
"East West Academy","+ 91  80 65463718","No.3, 63rd & 64th Cross, 5th Block, Rajajinagar, Bangalore - 560010, Near Bhashyam Circle & Near Beauty Spot Park"
"Embassy Public School","+ 91  80 23580252","No. 60, Chikka Gollarahatti, Magadi Main Road-gollarhatti, Bangalore - 560091, Near Nice Road Junction"
"National Hill View Public School","+ 91  80 65703991","unit 2,, Nice Link Road Junction, Banashankari 3rd Stage, Bangalore - 560085, darshan farm"
"St Vincent Pallotti School","+ 91  80 25603768","No.95/2, Babusapalya, Bangalore - 560043, Near Horamavu Agara Railway Gate and Windgates Appartment"
"Neev School","+ 91  80 41756251","No.17/1 (Old No.602/A), 18th Cross, Bellary Road, Sadashivanagar, Bangalore - 560080"
"Narayana E Techno School","+ 91  8722277763","No.58/1 & 58/2, Mallathahalli Village, Ullal Main Road, Nagarbhavi, Bangalore - 560072, Near Vinayaka Temple"
"Air Force School","+ 91  80 23413115","Head Quarters Training Command Unit, Hebbal, Jc Nagar, Bangalore - 560006, Near Mekhri Circle"
"Sri Vani Girls High School","+ 91  80 23474204","No.447, 1st N Block, Rajajinagar, Bangalore - 560010, Adjacent Mother Theresa Hospital"
"Sacred Heart Boys High School","+ 91  80 25364182","No.62, General Thimmiah Rd,Ashok Ngr, Richmond Road, Bangalore - 560025"
"Mitralaya Girls High School","+ 91  80 22237442","No.3, Kalinga Rao Road, Mission Road, Bangalore - 560027, Near City Corporation"
"Sishu Griha Montessori & High ...","+ 91  80 25213940","No.3, Hal 3rd Stage, New Thippasandra, Bangalore - 560075, Behind Post Office"
"Chinmaya Vidyalaya","+ 91  80 25538341","No.31, 15th Main Road, Koramangala 4th Block, Bangalore - 560034, Near To Canara Bank"
"Jss High School","+ 91  80 22970116","No.38, 3rd Cross, 1st Main, Jayanagar 8th Block, Bangalore - 560011"
"Kendriya Vidyalaya","+ 91  80 23157282","M G Railway Colony, Magadi Road, Bangalore - 560023"
"S. Cadambi Vidya Kendra","+ 91  80 23226019","No.ca-2, 10th Main,2nd Cross, Basaveshwara Nagar, Bangalore - 560079, panacea hospitall"
"R T Nagar Public School","+ 91  80 23339307","No.10/13, 3rd Main Road, Khm Block, Ganganagar, R T Nagar, Bangalore - 560032, near shanthi sagar hotel"
"Maria Niketan High School","+ 91  80 25464484","Dicosta Layout, St Marys Town, St Thomas Town, Bangalore - 560084"
"St Peters School","+ 91  80 65688671","No.56 & 58, Kaikondrahalli, Sarjapur Main Road, Sarjapur Road, Bangalore - 560034, Near To Wipro Campus"
"HAL Public School","+ 91  80 25220762","Suranjandas Road, Vimanapura, Bangalore - 560017, Opposite Hal Management Academy"
"ST Annes Education Society","+ 91  80 22203386","No.2, Vasanth Nagar, Millers Road, Bangalore - 560051, Opp To Syndicate Bank"
"Legacy School","+ 91  80 28443570","No.6/1 A & 6/2, Byrathi Village, Bidarahalli Hobli, East Taluk, Gubbi Cross, Kothanur, Bangalore - 560077, Near Biozeen"
"Orchids The International School","+ 91  80 69999392","76/6, Mysore Road, Kengeri, Bangalore - 560060, Opposite R V Engineering College"
"Deens Academy","+ 91  80 28454464","ECC Road, Whitefield, Bangalore - 560066"
"Poornaprajna Education Centre","+ 91  80 25292930","No.48, Hal 3rd Stage, New Thippasandra, Bangalore - 560075, Beside Post Office"
"Sri Vani Education Centre School","+ 91  80 23286998","No.143, Hanumavana, 16th Kilo Meter, Off Magadi Road, Bapagrama, Bangalore - 560091"
"Royale Concorde International ...","+ 91  80 29720700","No.38, Aattur Layout, Yelahanka New Town, Bangalore - 560064, Near NCC Urban And Purva Venezia Apartments"
"Bbmp Boys High School","+ 91  80 22975574","Neelasandra, Austin Town, Bangalore - 560047, Near Bda Complex"
"Jaigopal Garodia Rashtrotthana...","+ 91  80 25665133","Kodanda Reddy Layout, Ramamurthy Nagar, Bangalore - 560016, Next To Panchami Bakery"
"Jnanodaya School","+ 91  80 26500524","Shankarmutt Compound, Shankarapuram, Basavanagudi, Bangalore - 560004"
"Goodwill Girls High School","+ 91  80 25542352","No.10, Promenade Road, Frazer Town, Bangalore - 560005, Opposite To Coles Park"
"Navkis Educational Centre","+ 91  80 23456663","M S Ramaiah Memorial Hall, M S Ramaiah Main Road, Mathikere, Bangalore - 560054"
"Vydehi School Of Excellence","+ 91  80 46636000","No.82, Vydehi Campus, Epip Area, Whitefield, Bangalore - 560066, Near Vydehi Hospital"
"Shishya Beml Public School","+ 91  80 64520004","Beml Township, New Thippasandra, Bangalore - 560075"
"Gopalan International School","+ 91  80 40936034","Seetharam Palya, Basavanagar, Hoodi, Bangalore - 560048, Behind SAP Labs"
"Stella Maris Girls High School","+ 91  80 23461546","No.23, Gaythri Devi Park Road, 16th Cross, Vyalikaval, Bangalore - 560003, Near Chodaiyya Memorial Hall"
"Deva Matha Central School","+ 91  80 25458180","Ashirwad Colony, P & T Layout, Horamavu, Banaswadi, Bangalore - 560043"
"Sri Morarji Desai Model Reside...","+ 91  80 26600766","5th Cross, 1st Main Road, Chamarajpet, Bangalore - 560018, Near Police Station"
"V V S Sardar Patel High School","+ 91  80 23521051","No.19, 1st N Block, Rajajinagar, Bangalore - 560010"
"St Aloysius English Medium School","+ 91  80 25484826","Cox Town, Bangalore - 560005"
"Vidya Vahini School And College","+ 91  80 23538869","No.2, 1st Main Road, Anandnagar, Bangalore - 560024, Near R T Nagar Bus Depot"
"Rbanms Junior College","+ 91  80 25300853","No.12/A, Annaswamy Mudaliar Rd, Ulsoor, Bangalore - 560008, Near Ajantha Theater"
"Triveni Public School","+ 91  80 28397648","No.39, Bagalakunte, Nagasandra Post, Hessarghatta Main Road, Bangalore - 560073, Triveni Service Station"
"Greenwood High Pre School","+ 91  80 25531833","No.377, 3rd bloor, Koramangala, Bangalore - 560034, Near St Johns Hospital Water Tank"
"Ravindra Bharathi Global School","+ 91  80 22578044","No. 29/1, 24th Main Road, 2nd Sector, Samasandrapalya, Hsr Layout, Bangalore - 560102, Near Sobha Daffodil Apartment"
"Global City International School","+ 91  80 25349188","No. 135, 5th Main, 6th Cross, Malleshpalya, New Thippasandra, Bangalore - 560075, Near C V Raman Nagar"
"Mes Kishore Kendra Public School","+ 91  80 23641565","3rd Stage, 4th Main, 11th Cross, Vidyaranyapura, Bangalore - 560097, opp to canara bank"
"Kendriya Vidyalaya","+ 91  80 25616000","No.69 B, Diesel Loco Shed, Krishnarajapuram, Bangalore - 560036, Near To Bmtc Depot"
"ITI Vidya Mandir","+ 91  80 28503867","No. 200, 4th A Cross, Jayamaruthi, R R Layout, Vijinapura, ITI Colony, Dooravani Nagar, Bangalore - 560016"
"Bel Composite Pu College","+ 91  80 22195497","Bel Colony, Jalahalli, Bangalore - 560013, Opposite To Bel Factory"
"Green Country Public School","+ 91  80 23534259","No.414-106/7, Bellary Road, Bangalore International Airport Road, Kodigehalli, Bangalore - 560092, Next To Ioc Petrol Bunk, Opposite Kodigehalli Gate"
"Prarthana School","+ 91  80 26393321",""
"Sri Chaitanya Techno School","+ 91  9900074676","No.42/65, Jnanaganga Nagar, Mysore Magadi Main Road, Jnana Ganga Nagar, Bangalore - 560056, Opposite to Bangalore University Staff Quatrs"
"Euro School","+ 91  9916750000","No. 36/183, Hoodi, Whitefield Main Road, Mahadevapura, Bangalore - 560048, Opposite To Shell Petrol Bunk, Behind KPS yard"
"The Indiranagar Cambridge School","+ 91  80 25283213","No.52, 6th Cross, 8th Main, Hal 3rd Stage, Indiranagar, Bangalore - 560038"
"Kendriya Vidyalaya","+ 91  80 28389700","No 2, Jalahalli East, Bangalore - 560014, Near Air Force Station"
"Sree Saraswathi Vidya Mandira ...","+ 91  80 26611725","No.9, 22nd Cross, 23rd Main Road, Vani Vilas Road, Krishnarao Sindhia Road, V V Puram, Bangalore - 560004"
"Podar International School","+ 91  80 32470252","No.3/2, Basavanapura,Hommadevanahalli, Bannerghatta Road, Bangalore - 560076, Behind T Johns College"
"Bangalore Education Society","+ 91  80 23311770","8th Cross, 4th Main Road, Malleswaram, Bangalore - 560003, Behind Malleswaram Play Ground"
"Vijaya High School","+ 91  80 26648494","No.30, 15th Cross, South End Circle, Jayanagar 3rd Block, Bangalore - 560011"
"Sudarshan Vidya Mandir","+ 91  80 26646221","No.1163, 1164, 1165 & 1166, 26th A Main, 4th T Block, Jayanagar, Bangalore - 560041, near rajajvi ganadhi"
"Global Indian International Sc...","+ 91  80 30406300","No.5, 6 & 8, Whitefield Sarjapur Main Road, Hegganahalli Village, Gunjur Post, Varthur, Bangalore - 560087, Gunjur"
"Airforce School","+ 91  80 23455069","Air Force Station, Jalahalli East, Bangalore - 560014"
"Florence English School","+ 91  80 23236160","No.308, 3rd Block, 3rd Stage, Basaveshwara Nagar, Bangalore - 560079"
"RMS International School","+ 91  80 41250487","No.18, Srinivasa Industrial Estate, Kanakapura Road, Bangalore - 560062, Next To Metro"
"Edify School","+ 91  80 28432645","No.226/227, Somanahalli, 25th Mile, Kanakapura Road, Bangalore - 560062, Near APS College Of Engineering"
"SJR Public School","+ 91  80 25432147","No.3D, 5th Cross, 7th Main, 1st Stage, 3rd Block, Kalyan Nagar, Hbr Layout, Bangalore - 560043"
"Airforce School","+ 91  80 25272332","Wind Tunnel Road, Murugeshpalya, Bangalore - 560017"
"Alpine Public School","+ 91  80 32003937","No.19/1, Konankunte Cross, Bikasipura, Kanakapura Road, Bangalore - 560062, Behind Metro South"
"St Francis De Sales Public School","+ 91  80 27831451","Hebbagodi, Electronic City, Bangalore - 560100, Near Sfs Campus"
"Government High School","+ 91  80 23111562","20th Cross, Kadapaswamy Mutt, Bhuvaneshwari Nagar, Magadi Road, Bangalore - 560023, Near Kanaka Devasthanam"
"Lake Montfort School","","Kurdusonnenahalli, Hoskote, Krishnarajapuram, Bangalore - 560036"
"Candor International School","+ 91  80 30852888","Suvery No.82/ 83, Hullahalli Village, Begur Koppa Road, Off Bannerghatta Road, Anekal, Bangalore - 562106, Near chirst academy"
"Sri Sri Ravishankar Vidya Mandir","+ 91  80 28432369","No.269/70, 21st Km, Kanakapura Road, Udayapura, Bangalore - 560082, Opposite To Art Of Living International Centre"
"Vishwa Vidyapeeth","+ 91  80 32321414","Survey No.65, Singanayakanahalli, Doddaballapur Road, Yelahanka, Bangalore - 560064"
"Bethany Junior School","+ 91  80 25634072","No.10, AVS Compound, Koramangala 4th Block, Bangalore - 560034, Near Sony Centre"
"Narayana E Techno School","+ 91  80 28476662","Thubarahalli, Whitefield Main Road, Bangalore - 560066, Near To Kundahalli Gate, Beside Sri Ram Samrudhi Appartment, Near Vishnu Residency"
"Bbmp Girls High School","",""
"Sri Chaitanya Techno School","+ 91  9243600307","#2, Pandu Towers, Bp Wadia Road, Basavanagudi, Bangalore - 560004, Opposite to govt collage"
"Wisdom International School","+ 91  80 41636713","No.114, M M Road, Frazer Town, Bangalore - 560005, Near Bata Showroom"
"Airforce School","+ 91  80 28478055","Airforce Station, International Airport Road, Yelahanka, Bangalore - 560064, Near Bsf"
"Mirambika School For New Age","+ 91  80 22449882","Sri Aurobindo Complex, 9th Cross, 30th Main Road, Sri Aurobindo Marg,1st Phase, Jp Nagar, Bangalore - 560078"
"Mount Litera Zee School","+ 91  80 65666676","No 9, 1st Main, Ramanna Garden, Vidyaranyapura, Bangalore - 560097, Ramchandrapura Main Road"
"Gear Innovative International ...","+ 91  80 28440919","No.175, Gear Road, Doddakannelli, Sarjapur Road, Karmelaram, Bangalore - 560035, Off Outer Ring Road"
"Sri Vidya Kendra The Smart School","+ 91  80 28536789","No.77/2, Machohalli, Bapagram Post, Magadi Main Road-Vijaynagar, Bangalore - 560091, Off Magadi Road"
"Sarala Birla Academy","+ 91  80 41348200","Jigani Road, Bannerghatta, Bangalore - 560083, Near Bannerghatta National Circle"
"Narayana IIT Olympiad School","+ 91  8722807000","No.1153, 22nd Main, 24th Cross Paringipalya, HSR Layout Sector 2, Bangalore - 560102, Beside Safa Super Market"
"New Baldwin International School","+ 91  80 28493366","No.32/4, Maragondahalli Main Road,Tc Palya,Anandapura, Krishnarajapuram, Bangalore - 560036"
"Our School","+ 91  80 26713148","No.15, 27th Cross, 17th Main, Banashankari 2nd Stage, Bangalore - 560070, Opp To Bnm College"
"Whitefield Global School","+ 91  80 28450000","KRS Garden, Channasandra Main Road, Whitefield, Bangalore - 560066, Near Hope Farm Circle"
"Bel Primary School","+ 91  80 22195603","Bel Colony, Jalahalli, Bangalore - 560013"
"BGS Public School","+ 91  9986220201","No.67, Bgs Health & Education City, Uttarahalli Main Road, Dr Vishnuvardhana Road, Kengeri, Bangalore - 560060, Near Abhiman Studio"
"Prakash Padukone Badminton Aca...","+ 91  80 22283747","No.4 K, Raheja Badminton Stadium, Jasma Bhavan Road, Vasanth Nagar, Bangalore - 560001, Opposite To Ursu Association"
"Cambridge School & Pre Univers...","+ 91  80 25612067","Basavanapura Road, Krishnarajapuram, Bangalore - 560036"
"St Anthonys Boys School","","St Johns Hill, Cleveland Town, Bangalore - 560005"
"Kamala BAI High School","+ 91  80 22263022","Tasker Town, Connought Road, Bangalore - 560051, Off Queens Road Cross, Near Poorna Chandra Complex"
"SRI Kumaran Childrens Home","+ 91  80 26913885","No.28/4,140, Doddakalasandra, Uttarahalli, Bangalore - 560061"
"Kendriya Vidyalaya","+ 91  80 28567017","Central Reserve Police Force Building, MES Road, Doddaballapura Main Road, Yelahanka, Bangalore - 560064"
"The Oxford Educational Group O...","+ 91  80 30410502","CA Site No. 40, 30th Main, Jp Nagar 1st Phase, Bangalore - 560078"
"Bethany High School","+ 91  80 25532189","Kommasandra Road, Sarjapur Road, Bangalore - 560034"
"School Vivekananda","+ 91  80 23433559","No.1350, A Block, Damodaran Road, Sahakara Nagar, Bangalore - 560092, Off International Airport Road"
"Kmwa Vidyaniketan","+ 91  80 23493451","No.ca-5b, 12th Cross,4th Main,West Of Chord Road,2nd Phase, Rajajinagar, Bangalore - 560010"
"VSS International Public School","+ 91  80 28482800","No.78, Mysore Ring Road, Nagadevanahalli, Gnanabharathi, Bangalore - 560056, Behind Bangalore University"
"Gulabi Girls Primary & High Sc...","+ 91  80 23330310","No.70, Nandidurga Road, 4th Cross, Jayamahal Extension, Bangalore - 560046, Near Jayamahal Park"
"Vagdevi Vilas Residential School","+ 91  80 65901900","No.124/5 & 218, Nekkundi Dommasandra Road, Varthur, Bangalore - 560087, Near Varthur Police Station"
"Wisdom International School","+ 91  80 41479136","No.31, Norris Road, Richmond Town, Bangalore - 560025, Near Hockey Stadium"
"Innisfree House School","+ 91  80 26597110","No 9,, 9th Cross, 23rd Main Road, 2nd Phase, Jp Nagar, Bangalore - 560078"
"Basaveshwara Pre University Co...","+ 91  80 23426689","2nd Blk, Rajajinagar, Bangalore - 560010"
"ST Marys Public School","+ 91  80 22202854","No.13, Queens Road, Bangalore - 560051, Next To Congress Building,"
"National Public School","+ 91  80 28391155","R R Layout, Chikbanavara, Bangalore - 560090, Near Railway Station"
"School Of India","+ 91  7795051947","Jigani Road,, Anekal Road, Bannerghatta, Bangalore - 560083, Opposite Sarala Birla Academy"
"Lowry Memorial School & College","+ 91  80 28511485","No.1603, Whitefield Road, Dooravani Nagar, Bangalore - 560016, Opposite To K R Puram Railway Station"
"Auden Higher Primary School","+ 91  80 26722888","No.191, 100 Feet Ring Road, 7th Block, 3rd Phase, Banashankari 3rd Stage, Bangalore - 560085"
"Orchids The International School","+ 91  80 69999396","No 13, Sarjapur Road, HSR Layout Sector 1, Bangalore - 560102, Ambalipura"
"St Johns High School","+ 91  80 23300958","No.6, 2nd Main, 2nd Stage, 9th Cross, Hampinagar, Vijayanagar, Bangalore - 560040"
"Vidya Sagar School","+ 91  80 25497786","Behind Modi Masjid, Tannery Rd, Devarjeevanahalli, Bangalore - 560045"
"Royale Concorde School","+ 91  80 25440744","#, Chelekere main road, outer ring road, Kalyan Nagar, Bangalore - 560043, Near Bangalore City College"
"Shree Swaminarayan Gurukul Int...","+ 91  80 32985000","Mysore Road, Kaniminike Village, Kumbalgodu, Bangalore - 560074, Next Pepsi Factory"
"Capitol Public School","+ 91  80 26851095","No.18/1, 9th Cross, Rbi Layout, Jp Nagar 7th Phase, Bangalore - 560078, Near Big Bazaar"
"Sri Chaitanya Techno School","+ 91  8861004640","27th Cross, 19th Main, HSR Layout Sector 2, Bangalore - 560102, Opposite To Nagarjuna Appartments"
"Chetana E Techno School","+ 91  9900052366","Magadi Main Road,Viswaneedam Post, Sunkadakatte, Bangalore - 560091, Doddanna Vidhyasamasthe"
"Vidya Bharathi English School","+ 91  80 23493608","No.463,, 2nd STG, West Of Chord Rd, Mahalakshmipuram Layout, Bangalore - 560086, Opp Police Station"
"Mount Carmel English School","+ 91  80 28602295","No.3, Ideal Homes, 12th Cross, 1st Main, 1st Stage, Rajarajeshwari Nagar, Bangalore - 560098, Next Nimishamba Temple"
"Maruthi Vidyalaya School","+ 91  80 25459071","No.1/17, Erappa Reddy Layout, 2nd Cross, Banaswadi, Bangalore - 560043, Near Syndicate Bank"
"The New Cambridge English High...","+ 91  80 23301404","No 957, 3rd Main Road, 3rd Cross,, Vijayanagar, Bangalore - 560040, Near Adi Chunchanagiri Mutt"
"St Marys High School","+ 91  80 22269537","No.3, Millers Road, Vasanth Nagar, Bangalore - 560001, Opposite To Vikram Hospital"
"APS Public School","+ 91  80 26621302","1st Mn Rd, Narasimharaja Colony, Bangalore - 560019, Nr Sonata Software"
"New Baldwins School","+ 91  80 28444207","Arkawathi Layout,Hennur Bagalur Main Road, Hennur Main Road, Bangalore - 560043, Behind Coffee Day"
"Ganga International School","+ 91  80 28397029","Nagaraja Farm, Nelagadaranahalli, Gruhalakshmi Layout, Nagasandra, Bangalore - 560073, Near Nttf Cross"
"St Meeras High School","+ 91  80 25543977","No.15, Cambridge Road, Ulsoor, Bangalore - 560008, Near Sai Baba Temple"
"Vijaya Bharathi Vidyalaya","+ 91  80 26720854","No. 570 A, 11th A Cross, 2nd Phase, Girinagar, Bangalore - 560085"
"Jindal Pre University College","+ 91  80 23714539","Jindal Nagar, Tumkur Road Nelamangala, Bangalore - 560015"
"Aradhana Academy","+ 91  80 26585781","Aradhana Layout, IIMB Post, Bannerghatta Road, Arekere Gate, Bangalore - 560076, Near To Lnt South City Apartment"
"Narayana E Techno School & PU ...","+ 91  80 25446366","No.12, 1st Stage, 1st Block, 80 Feet Road, HBR Layout, Bangalore - 560043, Opposite To Sunday Vegetable Market"
"Asha Kiran Special Needs School","+ 91  80 65616160","No.212, Jayanthi nagar, ramamurthy nagar main road, Horamavu, Bangalore - 560043, Beyond VIBGYOR school"
"Sree Venkateshwara Pre Univers...","+ 91  80 25614950","No.37/1, Sv Layout, Sree Venkateshwara Extension, Old Madras Road, Krishnarajapuram, Bangalore - 560036, Near Police Quarters"
"Acts Secondary School","+ 91  80 65370156","15km Hosur Road, Electronic City, Bangalore - 560100, Next To Audi Showroom"
"Joyous Learning","+ 91  80 26538753","No.932, 39th Cross,22nd Main, Jayanagar 4th Block, Bangalore - 560011, Near Bangalore Central"
"Frank Public School","+ 91  80 26644696","No.10, 17th Cross, 33rd Main, Jp Nagar 6th Phase, Bangalore - 560078"
"The Amaatra Academy","+ 91  80 65391555","No 45/3, Kasavanahalli Main Road, Haraluru, Devasandra, Bangalore - 560012, Off Sarjapur Road"
"Sacred Heart Girls High School","+ 91  80 25216300","Jeevan Bima Nagar, Bangalore - 560075"
"D A V Public School","+ 91  80 26666701","No.25, Vasanthpura Main Road, Sharadha Nagar, Subramanyapura, Bangalore - 560061, Near Isro Layout"
"Sri Jnanakshi Vidyaniketan","+ 91  80 28603200","No.248, Halagevaderahalli, Rajarajeshwari Nagar, Bangalore - 560098, Opposite To Manipal Hospital"
"Jnana Sweekar Public School","+ 91  80 28427472","#19/1,19/2, Thalaghattapura main road,, Kanakapura Road, Bangalore - 560062, Near thalaghattapura police station"
"Chinmaya Vidyalaya","+ 91  80 25545589","No.16, St Johns Road, Bangalore - 560042, Near Lavanya Theater"
"Max Muller High School","+ 91  80 23481682","No.43, 1st Stage, Khb Colony, Basaveshwara Nagar, Bangalore - 560079, Near Khb Bus Stop, Next To BSNL Office Road"
"Ravindra Bharathi Global School","+ 91  80 65593333","No.92/1, Tulasi Theatre Road, Marathahalli, Bangalore - 560037, Opposite To Hdfc ATM"
"Administrative Management College","+ 91  80 26698991","No.157,AMC Building, 30th Cross,6th Main, Jayanagar 4th Block, Bangalore - 560011, Behind Police Station"
"R V Girls High School & Trust","+ 91  80 26562386","Teachers College Building, Jayanagar 2nd Block, Bangalore - 560011"
"Bangalore Higher Secondary School","+ 91  80 26933228","Vijaya College Campus, Rv Road, Basavanagudi, Bangalore - 560004"
"Iqra International School","+ 91  80 26789960","No.202, 2nd Cross, 27th Main, Jaibhima Nagar, BTM Layout 1st Stage, Bangalore - 560068, Near AXA Building"
"St Marys Public School","+ 91  80 28392711","No.1 1 st main road, near bailappa circle, T Dasarahalli, Bangalore - 560057, Near Jain Temple"
"Royale Concorde International ...","+ 91  80 25742060","No.81/1, Hongasandra 13th Main, Begur Main Road, Bommanahalli, Bangalore - 560068, Next State Bank Of India"
"Narayana E-Techno School","+ 91  80 65354525","3rd Main, 15th Cross, Ramamurthy Nagar, Bangalore - 560016, Near Vinayaka Temple,Hoyasala Nagar"
"Widia Poornaprajna School","+ 91  80 28391399","14th Km, Tumkur Road, Nagasandra, Bangalore - 560073, Near Kennametal Factory"
"Narayana E Techno School & P U...","+ 91  7022293912","No.58/1, 58/2, Mallathalli Village, Ullal Main Road, Mallathahalli, Bangalore - 560056, Beside Vinayaka Temple"
"St Xaviers School","+ 91  80 65300311","Bettadasanapura, Hobli, Electronic City, Bangalore - 560100"
"New Public English School","+ 91  80 23400488","No.3, 17th Cross, Govindraj Nagar, Vijayanagar, Bangalore - 560040, Near Puttamma Choultry"
"Rani Sarala Devi Educational I...","+ 91  80 26562082","1st Block, Jayanagar, Bangalore - 560041, Near Ashoka Pillar"
"Miranda Education Society","+ 91  80 25281760","No.CA-52, 10th Main, 6th Cross, Hal 3rd Stage, Indiranagar, New Thippasandra, Bangalore - 560075"
"Fuscos School","+ 91  80 25211025","Old Madras Road, Indiranagar, Bangalore - 560038"
"Army Public School & Ac Centra...","+ 91  80 25550677","Agram Post, Agaram, Bangalore - 560007, Near To Lifestyle Building"
"Deva Matha Central School","+ 91  80 23643752","#2, Defence Layout, Vidyaranyapura, Bangalore - 560097, Near Last Bus stop"
"Asia Pacific World School","+ 91  80 25522994","No.9, Sarjapura Main Road, Jakkasandra, 1st Block, Koramangala, Bangalore - 560034"
"Jss Public School","+ 91  80 25437788","No. 5, HBR Layout, Bangalore - 560043, Near Bda Complex"
"Sri Sri Ravishankar Vidya Mandir","+ 91  80 65835859","No.28, 29, Varthur Hobli, Kachamaranahalli, Gunjur Post, Varthur, Bangalore - 560087, Near Gunjur Village"
"St Teresa Girls High School","+ 91  80 26502392","Chamarajpet, Bangalore - 560018, Near Royan Circle"
"Kamala Nehru Educational Society","+ 91  80 26609596","No 81, South End Circle, Nittur Srinivas Rao Road, Basavanagudi, Bangalore - 560004, Near Suzuki Showroom"
"Kenneth George English School","+ 91  80 23431328","No.14/B/1, HMT Layout, R T Nagar, Bangalore - 560032, Behind Presidency School"
"Samhita Academy","+ 91  80 26490028","No. 58, 15th Cross, 2nd Phase, Bangalore, Jp Nagar, Bangalore - 560078"
"Prakriya Green Wisdom School","+ 91  80 28440925","No.70, Chikkanayakana Halli, Sarjapur Road, Karmelaram, Bangalore - 560035, Off Doddakanneli"
"Amrita Vidyalayam","+ 91  80 64558737","No.136, Ullala Cross Road, Jnanabharati 2nd Stage, Vishwavidyalaya, Bangalore - 560056"
"East Point Group Of Institutions","+ 91  80 28472999","No.147, Bidarahalli, Virgonagar, Bangalore - 560049, Near Old Madras Road"
"ST Miras High School","+ 91  80 26786816","No.6, Dollars Colony, Btm Layout, Bangalore - 560068, Opposite To Central Silk Board"
"Narayana Olympiad School","","1st Floor, 2nd Main, Kasturi Nagar Main Road, Kasturi Nagar, Bangalore - 560043, Near Cafe Coffee Day"
"Cambridge International School","+ 91  80 41209137","#74, 2nd Floor, 15th Cross, Jp Nagar 5th Phase, Bangalore - 560078, Above Crossword"
"Mother Teresa High School","+ 91  80 28380124","No.1320, MES Ring Road, Jalahalli, Bangalore - 560013"
"Auro Mirra International School","+ 91  80 25580888","No.110, Gangadhar Chetty Road, Gangadhar Chetty Road, Bangalore - 560008, Near Rbanms First Grade College"
"Bangalore Public School","+ 91  80 25273660","No.2177, 5th C Cross, 18th Main Road, Service Road, HAL 2nd Stage-Indiranagar, Bangalore - 560008, Near KEB Office"
"Gurukula International School","+ 91  80 23358688","No.52/4, 9th Cross, Magadi Road, Bangalore - 560023, Near To Anjan Theatre"
"East West Public School","+ 91  80 23496950","No.53, 13th Cross, Woc Road, Mahalakshmipuram Layout, Bangalore - 560086, Near Anjenaya Temple"
"Indian High School","+ 91  80 23223777","3rd STG,4th Blk, Basaveshwara Nagar, Bangalore - 560079"
"Vivekananda Educational Centre","+ 91  80 26633167","No.1, Jayanagar 4th Block East, Bangalore - 560011, Near To School Joint"
"Oxford English School","+ 91  80 23591067","No.36, Oxford Building, 4th Cross, Nandhini Layout, Bangalore - 560096, Near Last Bts Bus Stop"
"BBMP Public School","+ 91  80 23132055","No.21, Ward No.97,5th Main Road,Gautam Nagar, Srirampuram, Bangalore - 560021"
"Mount Litera Zee School","+ 91  80 65468341","No.58/4, Kudlu Main Road,H S R Layout, Bommanahalli, Bangalore - 560068, Near Pratham Motors"
"Bapu Composite Pre University ...","+ 91  80 22792890","6th Main,Triveni Road, Yeshwanthpur, Bangalore - 560022, Yeshwanthpur Circle"
"Sterling English Residential S...","+ 91  80 32477437","Kadayarapanahalli, Bk Halli Post,Jala Hobli, Bangalore North, Yelahanka, Bangalore - 560064, Beside Air Port"
"The East Wood High School","+ 91  80 25363923","No.2, 3rd Main, Cambridge Layout, Ulsoor, Bangalore - 560008, sai baba mandhir road"
"Holy Cross School","+ 91  80 28454604","Abhayadhama Campus, Whitefield, Bangalore - 560066, Near Cafe Day"
"Sarvodaya National Public School","+ 91  80 23303772","No. 12, 10th Main Road, Binny Layout, Nagarbhavi Main Road, Vijayanagar, Bangalore - 560040, Near Shobha Hospital"
"Seshadripuram Boys & Girls Hig...","+ 91  80 22955361","Nagappa Street, Nehru Circle, Seshadripuram, Bangalore - 560020"
"Narayana E Techno School","+ 91  7022293943","Sapthagiri Layout, Thindlu Main Road, Vidyaranyapura, Bangalore - 560097, Near Thindlu Circle"
"Jyothi High School","+ 91  80 25478146","Jothi Nilaya, Thomas Town Post, Hennur Main Road, Kacharakanahalli, Bangalore - 560084"
"Soundarya School","+ 91  80 28391789","Soundarya Road, Havanoor Extension,, Nagasandra, Bangalore - 560073"
"Karnataka Vidya Vardhaka Sangh...","+ 91  80 23391898","No.1846, Subhana Nagar, 19th Cross, 20th Main Road, Vijayanagar, Bangalore - 560040, Behind Bts Garage"
"Chrysalis High School","+ 91  9108276773","No.52/1, Old Flour Mill Street, Horamavu, Bangalore - 560043, Behind Horamavu Agara Lake"
"St Philomenas English School","+ 91  80 23643443","Subbana Layout, Doddabommasandra, Vidyaranyapura, Bangalore - 560097, Near Bel Quartz"
"Narayana E Techno School","+ 91  9243603221","Kaggadasapura, 29th C Cross, Balaji Layout, C V Raman Nagar, Bangalore - 560093, Opposite To SS Paradise"
"Aryan Presidency School","+ 91  80 23391472","No.283, 13th Main, Vinayaka Layout, 2nd Stage, Nagarbhavi, Bangalore - 560072, Behind Ambedkar Institution Of Technology"
"Vidya Sanskaar International P...","+ 91  80 28536856","Machohalli Gate, Magadi Main Road-Machohalli, Bangalore - 560091, Behind Pooja Hospital"
"Indian Public School","+ 91  80 41605431","1st A Main Road, Vignana Nagar, Bangalore - 560037"
"St Paul School","+ 91  80 25447542","No.54/1, Kk Halli,St Thomas Road,Kalyan Nagar, Kammanahalli, Bangalore - 560043, Behind My Store"
"New Generation School","+ 91  80 26578699","No 34, Kanakapura Road, Basavanagudi, Bangalore - 560004, Opposite M N Krishna Rao Park"
"St Francis ICSE School","+ 91  80 25731347","Begur Main Road, Hongasandra, Bommanahalli, Bangalore - 560068"
"Navodaya Vidyanikethana","+ 91  80 23334266","No.19, Dinnur Main Road, R T Nagar, Bangalore - 560032"
"Jubilee School","+ 91  80 25651999","No.D-73, Old Uco Bank Road, Vijinapura, Dooravani Nagar, Bangalore - 560016"
"Sisa Primary & High School","+ 91  80 28452558","No.41, Main Road, Whitefield, Bangalore - 560066"
"Sri Aurobindo Vidya Mandir","+ 91  80 23490843","No.6/C, 5th Main, 2nd Stage, Dr.M C Modi Road, Mahalakshmipuram Layout, Bangalore - 560086, Opposite To SBI Road"
"East West College Of Managemen...","+ 91  80 23321270","No.1912/A, 8th Main, E Block, 2nd Stage, Subramanya Nagar, Rajajinagar, Bangalore - 560010"
"Parikrama Centre For Learning","+ 91  80 25712784","No 500, Chandra Building, Nanjappa Reddy Layout, Koramangala, Bangalore - 560095, Near To Shiva Theatre"
"Divya Shanthi Trust","+ 91  80 25478864","No.117/4, Sakamma Layout, Hennur Main Road, Lingarajapuram, Bangalore - 560084"
"ST Michaels High School","+ 91  80 28465281","Geddalahalli, Hennur Main Road, Kothanur, Bangalore - 560077, Near To Bangalore International School"
"Mount Litera Zee School","+ 91  9480284545","No.40/123, SRB Gardenia, Whitefield, Kadugodi, Bangalore - 560067, Near Satya Sai Baba Ashram"
"St Patricks High School","+ 91  80 25592223","No.15k, Brigade Road, Bangalore - 560025"
"Narayana E-Techno School","+ 91  9663913025","253, Ramamurthy Nagar, Banaswadi, Bangalore - 560043, Opposite Andhra Bank"
"karnataka Public School","+ 91  80 32972780","No.22, Chokkanahalli, Hegde Nagar Main Road, Jakkur Post, Yelahanka, Bangalore - 560064"
"Chrysalis High School","+ 91  9742680093","No.36 & 37, Gollahalli, Bannerghatta, Bangalore - 560083, Opposite To AMC College"
"Eurokids","+ 91  80 33762141","No.1190, 13th Main, Indiranagar, Bangalore - 560038, Opposite Post Office, Behind New Horizon School"
"St Pauls School","+ 91  80 23288822","No.1, 2nd Main Road,Bda Layout,Prashanathnagar,Pattegarapalya, Vijayanagar, Bangalore - 560040, Near Karnataka Bank"
"Gnana Deepa Academy Residentia...","+ 91  9845203891","Nandi Hills Road, Maligenahalli, Bangalore Rural District, Devanahalli, Bangalore - 562110"
"Cordial High School","+ 91  80 23352646","West 8th Main Road, Marenahalli, Vijayanagar, Bangalore - 560040, Near Shoba Hospital"
"G K Naidu Schools","+ 91  80 28096045","No.32, 3rd Main,4th Cross,5th Phase, Yelahanka New Town, Bangalore - 560106, Near Bmtc Bus Stand"
"Mount Litera Zee School","+ 91  80 69997272","No 582/2 And 583/2, Kalkere Main Road,K R Pura Hobli, Horamavu, Bangalore - 560043"
"Christ King Public School","+ 91  80 25426266","4th Cross, JAI Jawan Nagar, Subbannapally, Banaswadi Main Road, Bangalore - 560033, Near Uttam Sagar Hotel"
"Panchajanya Vidya Peeta","+ 91  80 23570754","No.18, 1st N Block, 19th Main, 7th Cross, Rajajinagar, Bangalore - 560010"
"Bethesda International School","+ 91  80 28484090","No.26/1, 1st Main, Ring Road, Kengeri Satellite Town, Kengeri, Bangalore - 560060"
"Brigade International School","+ 91  80 41148397","No 9, 4th Cross, Itpl Main Road, Garudachar Palya, Whitefield Main Road, Mahadevapura, Bangalore - 560048"
"Holy Angels Higher Primary School","","Frazer Town, Bangalore - 560005"
"Gurukula Vidyapeetha","+ 91  80 28483813","Vidyapeetha Road, Kengeri, Bangalore - 560060"
"Maithry Vidyanikethan School","+ 91  80 25652342","NRI Layout, 3rd Main Road, Ramamurthy Nagar, Bangalore - 560016, Near Koshy Hospital"
"Holy Child Convent","+ 91  80 26608485","No.1133/44, 9th Cross, Ashok Nagar, Banashankari 1st Stage, Bangalore - 560050, Opp To Donkala Ground & Near Vidyapeeta Circle"
"Vidyaniketan Public School","+ 91  80 23487029","Viswaneedam Post, Magadi Road, Sunkadakatte, Bangalore - 560091, Near Sunkadakatte Bus Stop"
"Antony Claret School","+ 91  80 23452133","No.200/S, 5th Cross, MES Road, Sharadamba Nagar, Jalahalli, Bangalore - 560013"
"Metropolitan Central School","+ 91  80 22263022","Kamalabai School Campus, Queens Road, Bangalore - 560001, Near To Indian Express, Parellel To Cunningham Road"
"Kingston High","+ 91  80 65653305","No.50/2 & 3, Veeranna Palya 1st A Cross, Arabic College, Bangalore - 560045, Near Manyata Tech Park"
"Agragami Vidya Kendra School","+ 91  80 32489794","No.15/1-A, 13th A Main, A Sector, Yelahanka New Town, Bangalore - 560064"
"Camlin English School","+ 91  80 23350254","No.1652, 4th A Cross, 6th C Main Road, Rpc Layout, Hampinagar, Bangalore - 560104"
"India International School","+ 91  80 28439001","No.26/1, Chikka Bellandur, Sarjapur Road, Carmelram Road, Bangalore - 560035, Near Wipro Office"
"Outreach School","+ 91  80 41506103","No.24/1-1, Bts Road, Wilson Garden, Bangalore - 560027, Near Bmtc Bus Stop"
"Narayana E-Tech Schools","+ 91  8722240900","Sahakara Nagar, Bangalore - 560092"
"Sharanya Narayani Internationa...","+ 91  80 40920952","No. 232/1, Thoranahalli, Chikkanahalli, Malur Road, Byranahalli Post, Hoskote, Bangalore - 562114, Near MVJ Medical College"
"Jawahar Novodaya Vidyalaya","","Bashettihalli, Bangalore Rural District, Doddaballapur, Bangalore - 561203, Opposite Birla Cement Factory"
"Akshara International School","+ 91  9241677616","Ags Layout, Uttarahalli, Bangalore - 560061"
"Sri Chaitanya Techno School","+ 91  80 65469738","No.27, 5th B Cross, Post Office Road, 3rd Phase, Yelahanka New Town, Bangalore - 560106"
"B M Valley School","+ 91  9845238862","No.8/1, Panthara Palya, Mysore Road, Bangalore - 560039, Near Nayandanahalli Bus Stop"
"Sree Rama Vidyalaya","+ 91  80 26564250","9th Main Road, Jayanagar 2nd Block, Bangalore - 560011, Near Bangalore One"
"Modern English School","+ 91  80 25715462","Vivek Nagar Post, Ejipura, Bangalore - 560047"
"Womens Peace League High School","+ 91  80 26610438","No.36, Shankarmutt Road,, Basavanagudi, Bangalore - 560004"
"Euro Kids-Rajarajeshwari Nagar","+ 91  80 33723502","No.318,9th Main, 18th Cross, 2nd Phase,, Ideal Homes Township road, Rajarajeshwari Nagar, Bangalore - 560098, Near Bbmp Office"
"B N M Primary School","+ 91  80 26710881","27th Cross, 12th Main,, Banashankari 2nd Stage, Bangalore - 560070"
"Chitrakoota School","+ 91  80 28484660","No.37/6, Kengeri Ring Road, Nagadevanahalli-Gnanabharathi, Bangalore - 560056, Behind Bangalore University Campus"
"Navodaya Kishore Kendra","+ 91  80 23457629","Singapura, Sri Varadarajaswamy Layout, Vidyaranyapura, Bangalore - 560097, Near M.S Palya Circle"
"St Claret School","+ 91  80 28383180","MES Ring Road, Jalahalli, Bangalore - 560013"
"Elegant International School","+ 91  7760777766","No.13, 6th Cross, 2nd Main, Dinnur, R T Nagar, Bangalore - 560032, Opposite To Shalimar Apartments"
"St Agnes Higher Primary School","+ 91  80 22246582","Good Shepherd Convent, Museum Road, Bangalore - 560025"
"Sophia High School","+ 91  80 65989214","Byanpalya, Vajarahalli, Kanakapura Road, Bangalore - 560062, after ksit college"
"BHS Higher Education Society","+ 91  80 26548890","No.35/1, 30th Crs, 11th Mn, 4th Blk, Jayanagar 4th Block, Bangalore - 560011, Opposite To Cool Joint"
"Chetana E Techno School","+ 91  80 23645757","No.1862, 1st Main Road, Dhanalaxmi Layout, Virupakshapura, Thindlu Main Road, Kodigehalli Main Road, Vidyaranyapura, Bangalore - 560097, Near Mahesh Bhoopathi Acamedy"
"S J R Kengeri Public School","+ 91  80 28484675",""
"Shantidhama Group Of Institutions","+ 91  80 23286867","Shantidhama Road, Sunkadakatte, Bangalore - 560091"
"Nagasena Vidhyalaya","+ 91  80 23616220","No.292, 9th Cross, 15th Main Road, Rmv Extension, Sadashivanagar, Bangalore - 560080, Near Buddha Temple"
"Rbanms Evening College","+ 91  80 25546159","No.24, Gangadhar Chetty Road, Bangalore - 560042, Nr Ajanta Theatre"
"St Josephs High School","+ 91  80 26708981","Briand Square, Mysore Road, Bangalore - 560026, Opposite To St Therasas Convent"
"Sri Sharadha Vidyaniketan School","+ 91  80 26664619","No.1, 1st Main Road, 8th Cross, Isro Layout, Kumaraswamy Layout, Bangalore - 560078, Near Karur Vysya Bank"
"Rishi Gurukulam","+ 91  9900023241","Doddanaralawadi, Kanakapura Road, Bangalore - 560062, Near To Harohalli"
"Radcliffe School","+ 91  9379721118","15th Milestone, Gottigere, Bannerghatta Road, Bangalore - 560076, Next To Rml Law College"
