"Name","Phone","Address"

"Group 9 Security Services","+ 91  80 26730231",""
"Black Belt Detectives Pvt Ltd","+ 91  80 33531897",""
"Blackcat Security Services","+ 91  80 40943769",""
"Warriors Manpower And Allie...","+ 91  80 33619185",""
"Ekadanta Security Services ...","+ 91  80 30924715",""
"Sri Sai Enterprises","+ 91  80 33644747",""
"Securour","+ 91  80 33051755",""
"Sourcepro Security Services","+ 91  80 33562188",""
"SRS Gaurding And Facility M...","+ 91  80 33090949",""
"Menmentor Facilities Privat...","+ 91  80 30924610",""
"Classic Security And Guardi...","+ 91  80 33762336",""
"R C B Security Services Pvt...","+ 91  80 33673786",""
"Warrior Securitas","+ 91  80 33568225",""
"Hawk Security And House Kee...","+ 91  80 33292567",""
"V2 Care Facilities And Outs...","+ 91  80 26688952",""
"Eagle Industries Of Securit...","+ 91  80 33542501",""
"Ashwa Security Services","+ 91  80 33562917",""
"Samrat Security And Allied ...","+ 91  80 33091064",""
"Poojyaya Security Services","+ 91  80 33561783",""
"Freedom Security Services","+ 91  80 33761453",""
"Citizen Security And Facili...","+ 91  80 33293631",""
"S L Multisolutions Pvt Ltd","+ 91  80 33511883",""
"Guru Sai Manpower Consultancy","+ 91  80 33083315",""
"Supreme Services","+ 91  7899165599",""
"Kings Security Services","+ 91  80 39628228",""
"Advance Group Security Service","+ 91  80 33563489",""
"SPS Protection Services","+ 91  80 33640188",""
"Spark Integrated And Facili...","+ 91  80 33511305",""
"Perfect 24/7 Security Services","+ 91  80 39828115",""
"Brigade Security Solutions ...","+ 91  80 25540834",""
"S K Force","+ 91  80 26640402",""
"Iss Force","+ 91  80 33294439",""
"Yashaswi Detective And Secu...","+ 91  80 33090428",""
"Yash Security And Enterpris...","+ 91  80 33673198",""
"Active Security & Other Ser...","+ 91  80 33532319",""
"Genius Security Services","+ 91  80 33511606",""
"Mega Laptop World","+ 91  80 33050263",""
"Crown Facility","+ 91  80 33057228",""
"Global India Securitas","+ 91  80 32564236",""
"Mathuraa Group","+ 91  80 33762082",""
"Black Belt Commandos Securi...","+ 91  80 33530026",""
"Esteem Security And Allied ...","+ 91  80 33531969",""
"Sentinel Security","+ 91  80 39626103",""
"Arjun Detective Agency","+ 91  80 33081024",""
"Bheems Security Services","+ 91  80 33531352",""
"MRM Security & Detective Ag...","+ 91  80 28603632",""
"CBN Securities","+ 91  80 33511847",""
"Gen Force And Allied Servic...","+ 91  80 33054876",""
"Totus Facility Services Pvt...","+ 91  80 33910131",""
"R P Enterprises","+ 91  80 33092092",""
"V3 Technologies","+ 91  80 33724850",""
"Mahashakthi Security Service","+ 91  9901515044",""
"Puja Facilities","+ 91  80 33057076",""
"Webel Group And Detective A...","+ 91  80 33566765",""
"Eagle Security Service","+ 91  80 33619222",""
"Security & Preventive Services","+ 91  80 33641120",""
"Pracheth Security Services ...","+ 91  80 33642704",""
"Sai Ram Facility Services","+ 91  7760169649",""
"Jagruth Security Services","+ 91  80 33724912",""
"Silicon Facility Management","+ 91  80 33762714",""
"Max security services pvt ltd","+ 91  80 33058222",""
"Neeraja Security And Detect...","+ 91  80 33050115",""
"Access Security Services","+ 91  80 33531342",""
"Pioneer Security Services","+ 91  80 33081658",""
"R V Enterprises","+ 91  80 39559774",""
"R S Facility Management","+ 91  80 30145109",""
"Durgi Security Services","+ 91  80 33530454",""
"Parindey Security Managemen...","+ 91  80 33094925",""
"Sri Lakshmi Ranganatha Swam...","+ 91  80 33050534",""
"Sree Durgaa Security & Faci...","+ 91  80 39629710",""
"Edge Intelligent Security S...","+ 91  80 39557296",""
"Radiant Protection Group","+ 91  80 33051590",""
"Bfm Pvt Ltd Security Solutions","+ 91  80 33532001",""
"Dad Son Security Services","+ 91  80 33530357",""
"Knight Cops Security Pvt Ltd","+ 91  80 30832377",""
"Panthers Security Force","+ 91  80 33643952",""
"Thunder Commando Security S...","+ 91  80 33530976",""
"D Paul Security Services","+ 91  80 33674509",""
"Aims Security Services","+ 91  80 33569162",""
"Liger Commandos","+ 91  80 33539731",""
"Central Security And Allied...","+ 91  80 33724915",""
"Facilitimans Sniper Securit...","+ 91  80 33722512",""
"S.V.Security Services","+ 91  80 33511052",""
"Crystal Staffing Solutions","+ 91  80 33789939",""
"Prime Security Services","+ 91  80 33568826",""
"Flying Horse India","+ 91  80 33619408",""
"Garuda Security Services","+ 91  80 33081767",""
"Civil Force Security Manage...","+ 91  80 30805608",""
"Bhuvaneshwari Facility Mang...","+ 91  80 33100669",""
"Srs Enterprises","+ 91  80 33566767",""
"National Security And Allie...","+ 91  80 33518460",""
"3rd Generation Solutions","+ 91  80 39257253",""
"Sri Durga Security And Alli...","+ 91  80 33532559",""
"Breakthrough Solutions","+ 91  80 33091383",""
"Pharaoh Guardians","+ 91  80 33724735",""
"Awake Security And Allied S...","+ 91  80 39559311",""
"Monarch Security Solutions","+ 91  80 33518540",""
"Bright Management Service","+ 91  80 33058400",""
"Global Safe And Secure","+ 91  80 39629022",""
"Mig Security Services","+ 91  80 33537809",""
"Corporate Group Security Se...","+ 91  80 33619524",""
"Mark Security and Facility ...","+ 91  80 33700815",""
"Rk Commandos Security And A...","+ 91  80 33539256",""
"Pragnya Groups","+ 91  80 33511925",""
"Magnatus Security And Facil...","+ 91  80 69990179",""
"Basantar Security Service","+ 91  80 33057710",""
"Pcn Facility Services","+ 91  80 33518562",""
"VSS Services","+ 91  80 33094605",""
"The Guardians Security Service","+ 91  9620192700",""
"Janani Securities And Allie...","+ 91  80 33619868",""
"Electrum Security Services","+ 91  80 33051148",""
"G S Enterprises","+ 91  80 33618209",""
"Target Manpower Solutions","+ 91  80 33092054",""
"D K Groups","+ 91  80 33518432",""
"All Time Alert Security Ser...","+ 91  80 41632211",""
"Sri Om Shakthi Security And...","+ 91  80 39558114",""
"Indian Eagle Eye Group","+ 91  80 33763084",""
"A1 Commandos Security Servi...","+ 91  80 33538394",""
"Sri Sai Enterprises","+ 91  9844959111",""
"EASS Security Services Pvt Ltd","+ 91  7672 404838",""
"Industrial Protection Force","+ 91  9845254662",""
"siss","+ 91  9727377370",""
"Blue Caps Security & Facili...","+ 91  731 2590442",""
"Fast Security Force","+ 91  7775919292",""
"Red Fox Protection Services...","+ 91  9276155439",""
"Amok Security Services Indi...","+ 91  7582 407772",""
"Kargil Security Force","+ 91  9740679524",""
"Industrial Protection Services","+ 91  9159223003",""
"S M Enterprises","+ 91  9524444410",""
"Ex Defence Security Services","+ 91  2382 222947",""
"Jyothi Enterprises Security...","+ 91  821 6500655",""
"Eagle Eye Security Service","+ 91  7373755769",""
"Quality Force Security","+ 91  9443167622",""
"Vifaa Engineering Enterprises","+ 91  431 2704317",""
"ZIS Intelligence And Securi...","+ 91  8394 226796",""
"Lions Detective And Securit...","+ 91  9480000157",""
"Hi Tech Security Force","+ 91  831 4202027",""
"G4s Secure Solution India (Reg...","+ 91  80 42682299",""
"Group 4 Securitas Guarding Ltd","+ 91  80 25437301",""
"Updater Services Pvt Ltd","+ 91  80 41488585",""
"G4s Secure Solution India","+ 91  80 25437301",""
"G4s Secure Solution India","+ 91  80 42682299",""
"Global Detective & Security Se...","+ 91  9845373347",""
"Handiman services ltd","+ 91  80 25187000",""
"Securitas India Ltd","",""
"G4S Secure Solution India","+ 91  80 23370192",""
"Security and Intelligence Serv...","+ 91  80 32413117",""
"Shashi Detective Services Pvt Ltd","+ 91  80 23134876",""
"Jaguar Security Services Pvt Ltd","+ 91  80 65700212",""
"Uniq Detective & Security Serv...","+ 91  80 23385713",""
"ISS SDB Security Services Pvt Ltd","+ 91  80 39287821",""
"Kashi Security & Consulting Se...","+ 91  80 42151372",""
"Private Eye Pvt Ltd","+ 91  80 25281083",""
"Mayur Army & General Stores","+ 91  80 22869072",""
"Checkmate Services Pvt Ltd","+ 91  80 41209108",""
"Globe Detective Agency Pvt Ltd","+ 91  80 25717905",""
"G4s Secure Solution India","+ 91  80 28540535",""
"Alert Commandos Pvt Ltd","+ 91  80 25421829",""
"Peregrine Gaurding Pvt Ltd","+ 91  80 33298000",""
"Eagle Eyes Management Services","+ 91  80 25251386",""
"Tops Security Ltd","+ 91  80 42611000",""
"Scorpion Security Limited","+ 91  80 23440992",""
"MAC Security And Detective Ser...","+ 91  80 25451008",""
"Doberman Security & Detective ...","+ 91  80 26689430",""
"Escorts Securities Limited","+ 91  80 22245304",""
"Nisa Security","+ 91  80 41105692",""
"G4s Secure Solution India","+ 91  80 42472000",""
"Eagle Detective Agency Pvt Ltd","+ 91  80 22223980",""
"Alert Commandos Pvt Ltd","+ 91  80 25421829",""
"Central Industrial Security Force","+ 91  80 22172243",""
"Honeywell Security","+ 91  80 40913706",""
"Tenon Property Services Pvt Ltd","+ 91  80 33298000",""
"Max Security Services","+ 91  9611809492",""
"S MAC Security Services Pvt Ltd","+ 91  80 25456903",""
"G Force Security And Allied Se...","+ 91  80 26760144",""
"Poorvika Data Info Solution","+ 91  80 40958531",""
"Stalwart Security Services","+ 91  9742096655",""
"Om SAI Professional Detective ...","+ 91  80 26841360",""
"Sri Udyog Enterprises","+ 91  80 23577602",""
"Wisdom Security Services","+ 91  80 23359623",""
"Sri Udyog Ent","+ 91  9845850411",""
"King & Partridge Advocates","+ 91  80 22212341",""
"Eagle Hunter Solutions LTD","+ 91  80 25506093",""
"SIS India Ltd","+ 91  80 32983705",""
"Global Security Services","+ 91  80 25501880",""
"Eagle Security Service","+ 91  80 68886881",""
"Tyco Fire & Security India Pvt...","+ 91  80 41990990",""
"Unique Detective And Security ...","+ 91  80 23302056",""
"Alert Fire Services","+ 91  80 25582267",""
"SRF Security","+ 91  9900066100",""
"Central Industrial Security Force","+ 91  80 22001509",""
"SSMS Security Services","",""
"Adt Security Services","+ 91  80 41163327",""
"Network Detective Agency Pvt Ltd","+ 91  80 26688423",""
"Bombay Intelligence Security I...","+ 91  80 65316678",""
"Metro Security And Allied Serv...","+ 91  80 65476679",""
"Securitas India","+ 91  7829999566",""
"Bonanza Portfolio Ltd","+ 91  80 32475733",""
"A P Securitas Pvt Ltd","+ 91  80 40941941",""
"Solus Security Systems Pvt Ltd","+ 91  80 43336600",""
"Safe Infratech Private Limited","+ 91  80 31922866",""
"Penguin Security Services","+ 91  80 26700171",""
"Micro Technologies India Ltd","+ 91  80 27878324",""
"SRF Detective & Security Servi...","+ 91  80 22389009",""
"Trig Detectives PVT LTD","+ 91  80 41368075",""
"IMPACT SECURITY SAFETY SOLUTIO...","+ 91  80 22715925",""
"Jaguar Security Services & Man...","+ 91  80 40928346",""
"Saksham Training India Pvt Ltd","+ 91  80 23628028",""
"Indian Security Services","+ 91  9686621110",""
"Modern Security Force","+ 91  9663053007",""
"Sivananda Electronics","+ 91  9845492132",""
"Black Cat Security Services","+ 91  80 40943769",""
"Hawk Vision Security & Facilit...","+ 91  80 41127901",""
"TOP SECURITY SERVICES","+ 91  9739747141",""
"Samurai Secura","",""
"Manipal Integrated Services Pv...","+ 91  80 49345666",""
"MAA Security Services","+ 91  9742202759",""
"Pro Interactive Services India...","+ 91  80 42134050",""
"Globe Detective Agency Pvt Ltd","+ 91  80 27832108",""
"Smart Network Security Services","+ 91  80 33100941",""
"SMS Security Services","+ 91  9964501989",""
"Anand Rathi Share And Stock Br...","+ 91  80 41317500",""
"Alert Security Force","+ 91  80 23370828",""
"Bangalore Industrial Aids","+ 91  80 22214295",""
"I Exceed Technology Solutions ...","+ 91  80 67589555",""
"Global Eye Security Services","+ 91  80 40935116",""
"Five Force Facility Services","+ 91  80 41277575",""
"Wisdom Security Services","+ 91  9902045086",""
"HDFC Securities","+ 91  8026782273",""
"Partha Detective & Security Se...","+ 91  9620355455",""
"Golden Facilitation Service Pv...","+ 91  9448238338",""
"Anchal Interactive Video System","+ 91  80 26580525",""
"Raksha Security Services","+ 91  9535105323",""
"Central Investigation & Securi...","+ 91  9945982042",""
"Secutech System","+ 91  9900241266",""
"S M Corporate Services","+ 91  80 26570062",""
"Sun Security Services & Detect...","+ 91  80 41250116",""
"First Alert Detective And Secu...","+ 91  80 42103273",""
"Guardwell Detective Services P...","+ 91  80 23233113",""
"Cosmopolitan Security Services","+ 91  80 23282138",""
"Osprey Security Solutions","+ 91  80 23197857",""
"Checkmate Services PVT LTD","+ 91  9740060008",""
"Om Security & Hospitality","+ 91  80 41107569",""
"Alert Marshall Detective And S...","+ 91  9740292505",""
"King Security Services","+ 91  80 65334137",""
"Legrand India Pvt Ltd","+ 91  80 25593721",""
"Peerless Securitites Limited","+ 91  80 41225100",""
"Ashadeep Security Services Pvt...","+ 91  80 41518015",""
"G4u Security Services Pvt. Ltd.","+ 91  9448072253",""
"Nirmal Security Agency","+ 91  9972287452",""
"Global Detective And Security ...","+ 91  80 22107712",""
"Anubis Detective & Guarding Se...","+ 91  80 26571659",""
"All India Military Stores","+ 91  80 23339371",""
"Vigilance 24x7 Security & Alli...","+ 91  80 25281022",""
"Jrg Securities","+ 91  80 51104506",""
"Total Security Solutions","+ 91  9980097490",""
"Champion Intelligence Bureau","+ 91  80 22734158",""
"P S Techcom PVT LTD","+ 91  80 25425309",""
"Group 1 Security Vigilance & A...","+ 91  80 25426313",""
"Balram Corporate Services Pvt Ltd","+ 91  80 22581266",""
"Classic Security Services","+ 91  9980197302",""
"active facility resource servi...","+ 91  9945239024",""
"Dynamic Security & Detective A...","+ 91  80 28453463",""
"Aishwarya Security Services","+ 91  80 28549044",""
"Detect Well Security Services","+ 91  80 23508709",""
"Security & Detective Agency","+ 91  80 26635833",""
"ARMOR SECURITY","+ 91  9900057395",""
"Kshipra Services","+ 91  80 41503458",""
"Globe Security Services","+ 91  80 25244022",""
"Muthoot group","+ 91  80 28468041",""
"Suraksha Security Services","+ 91  80 23430070",""
"Apex Solutions","+ 91  80 22862525",""
"Federal Security","+ 91  80 25420643",""
"S R S Security Services","+ 91  80 22113918",""
"Autocop India Pvt Ltd","+ 91  80 26521444",""
"Navodaya Security","",""
"Janitor Facilities Services","+ 91  80 32431801",""
"Blackbelt Commando Detectives ...","+ 91  80 41132040",""
"Army Placement Node","+ 91  80 25580759",""
"Kirti Detective Agency","+ 91  80 22236756",""
"Black Cats Security Services","+ 91  80 40943769",""
"Karnataka Security Services Regd","+ 91  80 25547074",""
"NIS Management Pvt Ltd","+ 91  80 25555079",""
"Shakti Security Services","+ 91  80 65648945",""
"Group Four Security Cash Service","",""
"Susan Design Consultants","+ 91  80 40950277",""
"Radhas Security Services","+ 91  9343061886",""
"Nisha Group Of Company","",""
"MAS Global Services","+ 91  80 66125358",""
"Wall 2 Wall Facility Managemen...","+ 91  80 23460763",""
"Gunnebo India Pvt Ltd","+ 91  80 65316773",""
"A4 Security Service","+ 91  80 33082092",""
"Hid India Pvt Ltd (Corporate O...","+ 91  80 25543566",""
"Group 4 Securities Guarding Ltd","",""
"Radiant Security & Personal Se...","+ 91  9980090908",""
"A1 Security Division","+ 91  80 30749128",""
"Vigilence Group","+ 91  80 41276332",""
"V V Detective & Security Servi...","+ 91  80 26392100",""
"Rock Security Services","+ 91  80 23225998",""
"Tanclean Pvt Ltd","+ 91  80 41708369",""
"Surya Security Services","",""
"Alert Marshall Detective And S...","+ 91  9379101043",""
"PS Technology PVT LTD","+ 91  80 25425309",""
"Sybor Solutions Pvt Ltd","",""
"Agile Security Forces & System...","+ 91  9900034311",""
"Star security services","+ 91  9164006771",""
"Team Four Security Solutions","+ 91  80 23455615",""
"Eagle Wings Global Services","+ 91  8095241899",""
"Kps Enterprises","+ 91  80 41179397",""
"Net Proactive Services Pvt Ltd","",""
"SRS Security Services","+ 91  8095752434",""
"Nisa Industrial Securities","+ 91  80 41105557",""
"Guard India Secure Services Pv...","+ 91  80 23146699",""
"YSS Security","+ 91  80 32024397",""
"Sivan Securities Limited","+ 91  80 25586705",""
"A P Securitas (P) Ltd","+ 91  9810754487",""
"Ambush Detective & Security Se...","+ 91  80 55346396",""
"Group 2 Securities Guarding Li...","+ 91  80 25297552",""
"S S Security Placements Services","+ 91  9242167200",""
"VK Hvac Systems","+ 91  80 42424610",""
"Ecil Rapiscan Ltd","+ 91  80 23332131",""
"Top Security Services","+ 91  80 28379577",""
"3 B Workplace Solution","+ 91  80 22273179",""
"Kotak Securities Ltd","+ 91  80 22385301",""
"K R Security Pvt Ltd","+ 91  80 41144185",""
"Sristi Facility Management Ser...","+ 91  9845042481",""
"Red Alert Security Services","+ 91  9901625068",""
"Sun Group","+ 91  80 40900364",""
"Golden Eye Security Services &...","+ 91  9739669109",""
"Prime Corporate & Allied Services","+ 91  80 25254356",""
"Group One Security Vigilance","+ 91  9900269433",""
"Checkmate Facility Electronic ...","+ 91  8861603717",""
"Bureau Of Industrial Security ...","+ 91  80 23468710",""
"V CAM Technologies","+ 91  80 57737816",""
"Elite Detectives Pvt Ltd","+ 91  80 23497000",""
"Cosmopolitian Industrial Secur...","+ 91  80 23108390",""
"Golden Eye Systems & Solutions","+ 91  80 23155463",""
"Dynamic Detective And Security...","+ 91  8884455187",""
"Smart Solutions Placement Serv...","+ 91  9379151145",""
"Supreme Security","+ 91  80 26533217",""
"Perfect Securities & Investiga...","+ 91  80 23575252",""
"Professional Security Services","+ 91  9845020111",""
"Mars Security And Allied Services","+ 91  80 23193865",""
"Secure Security Services","+ 91  9036023012",""
"Sangram S Services","+ 91  80 65468779",""
"F9 Security Management Pvt Ltd","+ 91  80 33641310",""
"Spark Security Services","+ 91  80 23412230",""
"Canadian Securities Providers","+ 91  9036877561",""
"Garudas Security Service","+ 91  9141785635",""
"Axis Fortification Pvt Ltd","+ 91  80 40506777",""
"SDS Security Services","+ 91  8050165699",""
"Surakshitha Security Force","+ 91  80 65683050",""
"Navodaya Detective Consultancy...","+ 91  80 65468136",""
"Armstrong Manufacturing Center","+ 91  80 41492832",""
"Top Security Services","+ 91  80 32529069",""
"Swordsman Security Systems PVT...","+ 91  80 25610548",""
"Sharp Eagle Eye Security And D...","+ 91  80 40942861",""
"3g Wireless Communications Pvt...","+ 91  80 28543600",""
"ACTIVE SECURITY & DETECTIVE SE...","+ 91  9845073067",""
"SRS Security Services","",""
"Security And Intelligence Serv...","+ 91  8095310970",""
"Sarvodaya Security Services","+ 91  80 67947210",""
"VIP Security","+ 91  80 22282066",""
"Z Plus Securities","+ 91  9886735266",""
"Royale Electronics","+ 91  80 26500340",""
"A 1 Security Division","+ 91  9590029986",""
"Crown Solar Power Secing System","+ 91  80 32473135",""
"Srinivasa Security Services & H K","+ 91  80 22714780",""
"Kings Security Services","",""
"FORCETEN SECURITIES","+ 91  80 25545440",""
"Guardence Security Service Pvt...","+ 91  80 40901067",""
"Sewa On Demand","+ 91  8050701302",""
"sisa security agency pvt ltd","+ 91  9538040469",""
"Ever Green Detectives","+ 91  80 28366166",""
"Global Protection And Security...","+ 91  9880448885",""
"Poornima Business Service","+ 91  80 25320876",""
"Fire Cools","+ 91  80 23482400",""
"Sumukha Surya Securities Detec...","+ 91  80 26464423",""
"Tycoon Security & Housekeeping...","+ 91  80 26612228",""
"Wealthrays Securities Private ...","+ 91  8049203300",""
"Radar Security Services","+ 91  9035660648",""
"BSF Security Service","+ 91  9738044682",""
"Central Investigation & Securi...","+ 91  80 25543116",""
"Sarnoff Innovative Technologies","+ 91  80 41999536",""
"Lynx Detective Agency Bangalore","+ 91  80 41100770",""
"Task Force Seven","+ 91  9986032459",""
"National Security Services","+ 91  9880106744",""
"Sdb Cisco India Ltd","+ 91  80 25704163",""
"Regal Detective Agency","+ 91  80 22238644",""
"Viswapriya Financial Services ...","+ 91  80 25065132",""
"Impact Solution","+ 91  80 26750322",""
"BEE Ess BEE Security Consultan...","+ 91  80 22872472",""
"Rakhecha Securities Ltd","+ 91  80 22255991",""
"Hawk Eye Security Services","+ 91  80 25712347",""
"Blue Star Facility Services Pv...","+ 91  80 22353838",""
"Diamond Security Agencies","+ 91  9448077243",""
"Group 1 Event Management And F...","+ 91  7411177444",""
"Jeevan Jyothi Security & House...","+ 91  80 25703510",""
"Vision Security & Allied Service","",""
"Esteem Security & Facility Ser...","+ 91  80 22443078",""
"Lion Security Service","+ 91  80 26619815",""
"Hutchinson & Co Trust Company Ltd","+ 91  80 25599995",""
"Zebra Security Services","+ 91  80 25302407",""
"Black Cat","+ 91  9739432727",""
"24 7Reliable Security Services","+ 91  9880627718",""
"Panoramm Enterprise","+ 91  9242240402",""
"Unified Facility Services Pvt Ltd","+ 91  80 41486256",""
"I Security Services","+ 91  80 25705535",""
"Bangalore Security force","+ 91  8553153285",""
"Target Detective & Security Force","+ 91  80 25808006",""
"Tops Security Limited","+ 91  80 32424884",""
"Lancers Network Ltd","+ 91  80 65986211",""
"Marktech","+ 91  80 25522608",""
"Captain Facility Services Pvt Ltd","+ 91  80 25348504",""
"Xpr PVT LTD","+ 91  80 25544034",""
"Firstman Management Services P...","+ 91  80 41157393",""
"ACE Security & Detective Agecn...","+ 91  80 22107556",""
"Primier Security Services","+ 91  80 25286347",""
"Group Nine Corporate Service","+ 91  9901940401",""
"Sp Security Servies","+ 91  80 41516741",""
"National Security Bureau","+ 91  80 25289025",""
"Vigilant Technologies","+ 91  80 23143535",""
"Global Management Services","+ 91  80 23548665",""
"Cyber Security Response Team","+ 91  80 41708144",""
"Ashwini Electronics","+ 91  80 26750322",""
"SVS Security Services","+ 91  8050935622",""
"C.S.R security services","+ 91  9611910731",""
"Sps Security & Protection Serv...","+ 91  9880786344",""
"Rapid Security And Corporate S...","+ 91  80 26727569",""
"Armapro Security Services Ltd","+ 91  80 22264849",""
"Total Security Services","+ 91  80 42123603",""
"Hercules Security Service & La...","+ 91  80 32432436",""
"Creative Securities Force","+ 91  9008611366",""
"Sharavu Securities Pvt Ltd","+ 91  80 23542960",""
"TDS security services....","+ 91  80 25633415",""
"Atop Security & Allied Services","+ 91  80 23437797",""
"Surveillance Security Services","+ 91  80 42296699",""
"Detail Security And Detective ...","+ 91  9448550429",""
"Blue Unique Enterprises","+ 91  9740183178",""
"Canon Detective & Security Ser...","+ 91  80 26422126",""
"Prolabs","+ 91  80 25425309",""
"Amruth Enterprises","+ 91  9008716898",""
"24/7 Professional Facility Man...","+ 91  9880521335",""
"Bharat Electronic","+ 91  80 25039438",""
"Cavalier","+ 91  80 25458939",""
"Force One","+ 91  9980973339",""
"Preethi Security Systems And A...","+ 91  80 32417096",""
"Perfect 24/7 Security Services...","+ 91  80 33094984",""
"J M J Security Services","+ 91  9341325120",""
"Crown Security","+ 91  80 23333451",""
"Bhavani Security Services","+ 91  9739266754",""
"Om Security & Cleaning Services","+ 91  80 40913717",""
"Immanuel Commando Force Pvt Ltd","+ 91  80 25448916",""
"ACS Technology Solution","+ 91  80 26530168",""
"JAI Jawan Security Services (R)","+ 91  80 41488840",""
"Mini Power Systems","+ 91  80 26723381",""
"paledium security services pvt...","+ 91  8147067702",""
"Sri Sai Security Services","+ 91  9986038563",""
"Source One","+ 91  80 23476868",""
"King Security Services","+ 91  80 65334136",""
"Bharath Security Services","+ 91  80 41115507",""
"V Guard Security And Allied Se...","+ 91  9481281517",""
"Annapoorna Electronics","+ 91  80 28382794",""
"Spy Eye Securitas And Facility...","+ 91  80 42049879",""
"Star Security & Allied Services","+ 91  80 42043354",""
"Aditya Security Services","+ 91  80 65606266",""
"Black Cat Commandos Detective ...","+ 91  80 23378106",""
"Supreme Security And Detective...","+ 91  9845022854",""
"Sanat Security And Facility Ma...","+ 91  9538925081",""
"Warrior Facility Mangament Se...","+ 91  80 22710804",""
"Shivkumar Security Services","+ 91  80 28376493",""
"Genius Group Of Facility","+ 91  80 68888014",""
"Galaxy Security And Allied Ser...","+ 91  80 25743402",""
"SLV Security Services","+ 91  9620994546",""
"Sri SAI Security Services","+ 91  9743587226",""
"Secret Eye Pvt Ltd","+ 91  9845135407",""
"Ex Army Security Services","+ 91  9972450771",""
"Military Group Security Services","+ 91  80 68888807",""
"The Hoysala Security","+ 91  9900000727",""
"Agni Security & Allied Services","+ 91  9742122165",""
"Indian Security Force","+ 91  9738011604",""
"V4U Securitas Pvt Ltd","+ 91  80 27834518",""
"Safe Guard Industrial & Securi...","+ 91  80 22110328",""
"Falcon Technologies","+ 91  9886045419",""
"Precious Securities PVT LTD","+ 91  80 22252898",""
"Checkmate Electronic & Facilit...","+ 91  9741309904",""
"Automation Systems & Solutions...","+ 91  80 43440999",""
"Sobek Gaurding Pvt. Ltd","+ 91  80 25729294",""
"Indian Facility Services","+ 91  80 40939618",""
"Nest Security Services","+ 91  9945088507",""
"Bharat Security Services","+ 91  80 23519423",""
"Anagram Securities Limited","+ 91  80 51156525",""
"Bharat Security Services","+ 91  80 22251274",""
"Southpaw Security &Mantech Serv","+ 91  80 25285357",""
"Central Investigation &Security","+ 91  80 23006802",""
"Captain Security Services","+ 91  80 26760186",""
"Force 18","+ 91  80 25303247",""
"Concept Facilities Management ...","+ 91  9902583308",""
"Anukul Technology India Pvt Ltd","+ 91  80 23514409",""
"Yash Enterprises","+ 91  8880441788",""
