"Name","Phone","Address"

"Stayfit Health And Fitness ...","+ 91  80 41213333",""
"Fitness Hours","+ 91  80 22223022",""
"Future Fitness","+ 91  80 39200175",""
"Excel Health And Fitness Co...","+ 91  80 33532770",""
"Acme Fitness Pvt Ltd","+ 91  80 33724163",""
"S And T Welcare Equipments ...","+ 91  80 39557262",""
"Welcare Healthy Living","+ 91  80 33080769",""
"Hara Fitness International ...","+ 91  80 33083902",""
"Life Key Fitness","+ 91  80 33537666",""
"Propel Fitness Equipment Store","+ 91  80 33569165",""
"West Coast Sports And Fitne...","+ 91  80 41264084",""
"Future Fitness","+ 91  80 39558105",""
"Classic Health And Fitness","+ 91  80 33491881",""
"Propel Fitness","+ 91  80 33674327",""
"Stay Slim","+ 91  80 39629236",""
"Health Track","+ 91  80 33910070",""
"Fitness Edge Sports Club","+ 91  9902002764",""
"Propel Fitness","+ 91  80 39628450",""
"Welcare","+ 91  80 41264888",""
"Cycle World","+ 91  80 33561961",""
"S & T Welcare Equipment Pvt...","+ 91  80 33294284",""
"Rakhra The Sports House","+ 91  80 33530409",""
"Health Track","+ 91  80 33491836",""
"Olympia Sports And Fitness","+ 91  80 33674573",""
"NMS SPORTS AND FITNESS","+ 91  80 33292648",""
"Future Fitness","+ 91  80 39557831",""
"EON Fitness","+ 91  80 33050719",""
"Sri Sai Fitness","+ 91  80 26662646",""
"Kadamba Sports & Fitness","+ 91  80 33530154",""
"Classic Health And Fitness","+ 91  80 33568642",""
"Sri Kadamba Sports And Fitness","+ 91  80 33700913",""
"Excel Health And Fitness Co...","+ 91  80 33673265",""
"Venkatadri Xtreme Sports An...","+ 91  80 40996946",""
"Smart Fitness","+ 91  80 40937699",""
"Propel Fitness Equipment Store","+ 91  80 39557389",""
"Welcare","+ 91  80 33530730",""
"Welcare Healthy Living","+ 91  80 33569248",""
"Fitness Paradise","+ 91  80 33530258",""
"Army Fitness","+ 91  80 30119180",""
"Fitness World","+ 91  8860086051",""
"Fighter Fitness","+ 91  7048563563",""
"Royal Sports India","+ 91  121 4050627",""
"The Rama Mill Stores Company","+ 91  121 4050536",""
"Square Cut","+ 91  831 4209022",""
"Tuffline","+ 91  731 3383792",""
"Knight Engg Co","+ 91  22 38549584",""
"Amazon.in","180030009009",""
"Decathlon Sports India Pvt Ltd","+ 91  80 26430751",""
"Decathlon Sports India","+ 91  8095000898",""
"Big Bazaar","+ 91  80 40993737",""
"Hypercity Retail India Pvt Ltd","18002097172",""
"Big Bazaar","+ 91  80 67266366",""
"Olympic The Sport Shop","+ 91  80 22244303",""
"Hypercity Retail India Pvt Ltd","18002097172",""
"Reebok Store","+ 91  80 42029317",""
"Reebok Store","+ 91  80 22667149",""
"Reebok Store","+ 91  80 22067625",""
"Stayfit Health & Fitness World...","+ 91  80 23365454",""
"Hoysala Sports","+ 91  80 23304433",""
"Stayfit Health & Fitness World...","+ 91  80 25275511",""
"Sports Line and Fitness","+ 91  80 41108683",""
"Reebok Store","+ 91  9880566573",""
"Hypercity Retail India Pvt Ltd","18002097172",""
"Hercules Sport International","+ 91  9008300088",""
"Apurva Agencies","+ 91  80 26671523",""
"Stayfit Health & Fitness World...","+ 91  80 41315555",""
"Hercules Sports International","+ 91  80 22108153",""
"Stayfit Health & Fitness World...","+ 91  80 42011377",""
"Olympic The Sports Shop","+ 91  80 25729929",""
"Hercules Sport International","+ 91  80 42181695",""
"Stay fit health and fitness world","+ 91  8722433338",""
"Reebok Store","+ 91  80 41107112",""
"Stayfit Health & Fitness World...","+ 91  80 23145699",""
"Stayfit Health & Fitness World...","+ 91  80 42107060",""
"Cardio Fitness India Pvt Ltd","+ 91  80 41317675",""
"Sports Zone","+ 91  80 41400196",""
"Stayfit Health and Fitness Wor...","+ 91  80 65555782",""
"Olympic Trophies And Sports","+ 91  80 42434546",""
"Planet Sports","+ 91  80 26583030",""
"Reebok Store","",""
"Stayfit Health & Fitness World...","+ 91  80 26545454",""
"Afton Health And Fitness Equip...","+ 91  9980905353",""
"Proline Fitness","+ 91  80 41643590",""
"Winners Sports And Mementos","+ 91  80 33641037",""
"Stayfit","+ 91  80 41328161",""
"Afton health and fitness equip...","+ 91  80 65704660",""
"Acme Fitness Pvt Ltd","+ 91  80 41540283",""
"Multi Tech Marketing Corp Tele...","+ 91  80 25320872",""
"Balaji Enterprises","+ 91  80 22446669",""
"Home Fitness Direct","+ 91  80 25590722",""
"Geo Spa Fitness","+ 91  80 41126068",""
"PRO SPORTS LINE","+ 91  80 41101721",""
"Classic Gym & Designs","+ 91  80 23612807",""
"Kamadhenu Sports","+ 91  80 22873319",""
"Proline Fitness","+ 91  80 41453004",""
"Jayant Probikes & Fitness","+ 91  80 42121238",""
"Stay Fit World","+ 91  80 42103999",""
"Sports Shoppee","+ 91  80 22224902",""
"Allyson Fitness German","+ 91  80 33081332",""
"Rudhra Enterprises","+ 91  80 64543534",""
"S And T Welcare Equipment Pvt Ltd","+ 91  9538860015",""
"Fusion Pro Fitness Centre","",""
"Jayant Cyclz & Fitness Zone","+ 91  80 22386886",""
"S & T Welcare Equipments Pvt Ltd","+ 91  7353778858",""
"Mayur Metals & Sports","",""
"My Life Care","+ 91  8197978477",""
"Reliance Wellness Store","+ 91  80 41681811",""
"Proline Fitness","+ 91  9844481899",""
"Excel Health & Fitness Company","+ 91  80 23365254",""
"BSA Go","",""
"Proline Fitness","+ 91  80 42067139",""
"Spowalk Sports And Fitness","+ 91  80 42036928",""
"STAYFIT","+ 91  80 23240792",""
"Men Pack Health And Fitness","+ 91  80 65957026",""
"Sports Planet","+ 91  80 41500575",""
"PROLINE FITNESS","+ 91  80 41643590",""
"Landmark Associates Pvt Ltd","+ 91  9343332037",""
"Universal Trading Co","+ 91  80 41243608",""
"VIVA Fitness","+ 91  9241210601",""
"Sports Line","+ 91  80 41237755",""
"Sporting Tools","+ 91  7506335733",""
"R V Sports & service","+ 91  9741812229",""
"MULTI SPORTS STORE","+ 91  80 28370452",""
"Grand Slam Fitness Pvt Ltd","+ 91  9686682215",""
"Welcare Fitness","+ 91  80 65417470",""
"Powermax Fitness India Pvt Ltd","+ 91  9930833681",""
"Arkay Fitness & Sports","+ 91  80 40978539",""
"Fit And Spa Solutions Pvt Ltd","+ 91  80 25723894",""
"Proline Fitness","+ 91  80 22864512",""
"Fit King","+ 91  9538466383",""
"Muscle Tech Fitness Supplements","+ 91  8951225699",""
"STAYFIT","+ 91  8722833332",""
"My Life Care","+ 91  80 67142048",""
"Gympack Fitness Systems Privat...","+ 91  80 25583639",""
"Absolute Fitness & Infinity","+ 91  80 26678367",""
"Millennium Pools Pvt Ltd","+ 91  80 23549000",""
"Essae Technologys Private Ltd","+ 91  80 25521368",""
"Cravatex Ltd","+ 91  9448675938",""
"Gympac Fitness Systems PVT LTD","+ 91  80 25203638",""
"Acme Fitness Pvt Ltd","+ 91  80 42173306",""
"Sri sai fitness","+ 91  80 23152646",""
"Doctorfit Health And Fitness","+ 91  80 65306666",""
"Home Fitness Direct","+ 91  80 65596888",""
"Thermo Care","+ 91  80 42141490",""
"Welcare Healthy Living","+ 91  9945808025",""
"Unique Fitness And Sports","+ 91  80 40953430",""
"Star Aerofit Health & Sport Fi...","+ 91  80 23390919",""
"Nagendras Bikz & Fitnz","+ 91  80 42048744",""
"Wel care","+ 91  8105903626",""
"Muscle Tech","+ 91  9686907081",""
"Fitness Gallerys","+ 91  80 23346617",""
"DKS Fitness Junction","+ 91  80 23100301",""
"Hello Fitness","+ 91  9980811505",""
"Bartronics India Ltd.","+ 91  9845072830",""
"Rama Health Care LTD","+ 91  80 22876786",""
"Sai Shakthi Fitness","",""
"Pro Active Fitness","+ 91  80 26636969",""
"S & T Welcare Equipments Pvt Ltd","+ 91  80 25350205",""
"Ogawa Lounge","+ 91  9940626887",""
"Nextgen Fitness India Pvt Ltd ...","+ 91  80 25729511",""
"Acme Fitness Pvt Ltd","+ 91  80 42147221",""
"S & T Welcare Equipment Pvt Ltd","+ 91  7353975609",""
"Body Focus","+ 91  80 41232878",""
"Om SAI Fitness Equipment","+ 91  80 67266203",""
"Home Fitness Direct","+ 91  80 42050159",""
"Cravatex Ltd(Warehouse)","+ 91  80 26860774",""
"S & T Welcare Equipment Pvt Ltd","+ 91  7353975609",""
"HUMFIT","+ 91  80 25220720",""
"Body Fitness","",""
"Shoppinghomeindia.Com","+ 91  9650535375",""
"Sports Zone","+ 91  80 41400196",""
"Matrix Fitness","",""
"Cycle Junction","",""
"Future Fitness","+ 91  80 23100301",""
"Techno Gym Sales And Services","+ 91  8971775516",""
"Wellfit fitness","+ 91  9481613632",""
"Humfit","+ 91  80 40904220",""
"Body International","+ 91  9886577886",""
"Sportrack Velocity Fitness","+ 91  80 25228998",""
"Fitness Shoppee","+ 91  8105575366",""
"Future Fitness","+ 91  9900331687",""
"MUSKAAN ENTERPRISESE","+ 91  80 49396666",""
"Slim fit","+ 91  9986967979",""
"Zion Fitness","+ 91  80 40971777",""
"Advansys India Ltd","+ 91  80 40994418",""
"Hi Tech Telecom LTD","+ 91  80 26673404",""
"Home Fit","+ 91  80 41519817",""
"Aargee Equipment Pvt Ltd","+ 91  8022227016",""
"Material Handiling Equipment","+ 91  9900211311",""
"proline Fitness","+ 91  80 41643594",""
"Excel German Tech","+ 91  80 64018888",""
"Spectra Sports And Fitness","",""
"I am Fit Fitness Consultancy S...","+ 91  9898251010",""
"Eon Sports & Fitness","+ 91  80 32529000",""
"Aditya Automotion","+ 91  80 23373563",""
"Lose Gain Weight","+ 91  80 23142726",""
"Light Care Fitness","+ 91  9986273773",""
"Life care fitness","+ 91  9945499626",""
"On Fitness And Sports","+ 91  80 41122998",""
"Body Curves Fitness Center","+ 91  9611054143",""
"CRUNCH FITNESS SYSTEMS","+ 91  80 23595544",""
"india lets play","+ 91  80 28616208",""
"Good Morning Concierge Service...","+ 91  80 40995023",""
"A ONE FITNESS & SPORTS","+ 91  80 23184000",""
"Health N More","+ 91  9818708233",""
"Lead & Logic Fitness & Pools","+ 91  80 28363662",""
"ROY D","+ 91  9900221853",""
"Staylite Fitness","+ 91  80 28484898",""
"R.B.SPORTS","+ 91  7204195634",""
"Spandana Fitness Equipment Ser...","+ 91  9886924414",""
"Poornima Industrial Equipments","+ 91  80 26652859",""
"MUTHA MARKETING","+ 91  80 22875287",""
"Top Health Care","+ 91  80 25719525",""
"Tranquill Wellness","+ 91  80 40604779",""
"Zaks Fitness","+ 91  9738100782",""
"Trinity Health Tech","+ 91  80 65304202",""
"Proline Fitness","",""
"Amenities","+ 91  80 32514418",""
"Eon Fitness","+ 91  80 23386400",""
"Proline Sports Systems","+ 91  80 26581161",""
"Sunshine Pools","+ 91  80 23580126",""
"Spowalk Sports And Fitness","+ 91  80 42036928",""
"Smart Fitness Equipments Pvt Ltd","+ 91  9886491815",""
"Kuppala Fitness","+ 91  8880612707",""
"Afton Health & Fitness Equipme...","+ 91  80 25543331",""
"Afton Health & Fitness Equipme...","+ 91  80 25543331",""
"D J Fitness Sanctuary Pvt Ltd","+ 91  80 65838373",""
"Rajshanti Inc","+ 91  9343831421",""
"rebelfit crossfit equipment","+ 91  8008633636",""
"Sahara Equipments & Co","+ 91  80 51143542",""
"S K Scientific Works","+ 91  80 57648199",""
"Gururaja Glass Emporium","+ 91  80 26706285",""
"Mysore Sports Company","+ 91  80 22251564",""
"AD Fitness","+ 91  9741665556",""
"Globe Fitness Equipment","",""
"Classic Bike Point","+ 91  9916759833",""
"Ramesh Kumar","",""
"Ventura Infosystems","+ 91  9743969777",""
"Central Sales Corporation","+ 91  80 41135103",""
"Barnavati Sports & Corporate G...","+ 91  80 22879218",""
"Ess Enn Enterprises","+ 91  80 22877013",""
"Steam Smith Systems","+ 91  7200002468",""
"Body Fitness","+ 91  9731902759",""
"G K Your Care","+ 91  80 26545454",""
"Bharri Fitness","+ 91  80 42070190",""
"Bikes N Toys","+ 91  80 23468644",""
"Elebod Fitness Pvt. Ltd.","+ 91  7676353612",""
"Fitness Yantras","+ 91  9845041611",""
"Kitchen palace &hardware","+ 91  80 23131727",""
"Star Enterprises","+ 91  9663905907",""
"Acme fitness","+ 91  9972504045",""
"Akshay Agencies","+ 91  9433046999",""
"Well Fit Gym","+ 91  9008722519",""
"AA Fitness & Sports","+ 91  9590384052",""
"SS VENTURES","+ 91  80 25420794",""
"Akash India Fitness Equipments","+ 91  80 41307374",""
"Royal Traders","+ 91  9886400993",""
"7 Fitnez","+ 91  80 41144646",""
"World Sports & Fitness","+ 91  8026918211",""
"Thivira","+ 91  9686720670",""
"Yes For Fitness","+ 91  80 32952999",""
"Zelex Fitness","+ 91  9900503151",""
"Pramuka Enterprises","+ 91  80 23530191",""
"A.R fitness and sports","+ 91  80 42103329",""
"Hookooh Fitness Solutions PVT LTD","+ 91  9916224499",""
"Global Compfit Complete Fitnes...","+ 91  9242238166",""
"test 6","+ 91  80 23337103",""
"Fitness Hours","+ 91  80 41211422",""
"JM health and fitness","+ 91  9916078456",""
"B R Enterprises","+ 91  9483164574",""
"Spandana Fitness","+ 91  9008861116",""
"Stay Slim","+ 91  80 26657859",""
"Sky Line Fitness","+ 91  9916667866",""
"Eagle Fitness World","+ 91  9844406651",""
"JMJ Health And Fitness","+ 91  80 64540040",""
"Miracle Melamine Crackers and ...","+ 91  9036547256",""
"Grid Gear","+ 91  9986070154",""
"Aerofit Tone N Tighten","+ 91  8710946100",""
"Eon Sports Fitness","+ 91  80 41233530",""
"Super Fitness","+ 91  9945610600",""
"Victory gym equipments","+ 91  8553213171",""
"Health And Fitness","+ 91  9740465919",""
"Hitech Health & Fitness","+ 91  9986596152",""
"Phoenix Fitness","+ 91  9886086777",""
"Icon Graphics","+ 91  8722227740",""
"Power Control Equipments","+ 91  8026662265",""
"G H Sales & Service","+ 91  8970272748",""
"Excel German Tech","+ 91  9060130144",""
"Unique sports tech","+ 91  9986801938",""
"Bmj Fitness Equipments","+ 91  9845395516",""
"Crystal Fitness & Sports","+ 91  9738778677",""
"AV Life Care","+ 91  9845996384",""
"ZENO TECHNOLOGIES","+ 91  9663450011",""
"Kuppala Fitness","+ 91  9741095147",""
"J R Maintenance Group","+ 91  9900730266",""
"R N Fitness Sports And Play Eq...","+ 91  80 28536316",""
"Stay N Fit","+ 91  80 64006500",""
"Welcare Healthy Living","+ 91  80 25744688",""
"Humfit Health &Fitness Pvt Ltd","+ 91  9036014844",""
"Veena Sports","+ 91  9980609519",""
"F-line sports","+ 91  7847963036",""
"Guru raj nutritions and gym eq...","+ 91  8050813700",""
"S & T Welcare Equipment Pvt Ltd","+ 91  9900026310",""
"FitPhilia","+ 91  9036843167",""
"Bits Life Care","+ 91  9600814948",""
"Poornima Hitech Marketers","04344276576",""
"Raghuveer Sports","+ 91  821 4265695",""
"Creative Engineers The","+ 91  20 24303231",""
"Body Basics","02228384722",""
