"Name","Phone","Address"

"Quickstep Computer Training...","+ 91  80 33762898",""
"Radiant Tco","+ 91  80 33080851",""
"S Square Technologies","+ 91  80 40908895",""
"Start Career","+ 91  80 33640354",""
"Sumeru Technologies","+ 91  80 33531245",""
"Sap Training And Placement ...","+ 91  80 40971059",""
"Ria Institute Of Technology","+ 91  80 25400478",""
"Star ERP Solutions","+ 91  80 33058628",""
"Ria Institute Of Technology","+ 91  80 33724993",""
"RIA Institute Of Technology","+ 91  80 33530958",""
"Softgen Infotech","+ 91  80 42092222",""
"Safe Management And Consult...","+ 91  80 41676444",""
"Maharet Resources India Pvt...","+ 91  80 33537688",""
"Corporate Ladder","+ 91  80 33640928",""
"Bangalore Institute Of Netw...","+ 91  80 33056012",""
"Innovator Ideal Education C...","+ 91  80 33569320",""
"Elegant It Services","+ 91  80 33542388",""
"NVIT","+ 91  80 33030362",""
"Cambridge Educational Insti...","+ 91  80 33081913",""
"DIT","+ 91  9845952222",""
"MNP Technologies","+ 91  80 33724793",""
"Merit IT Services","+ 91  80 60509550",""
"Brilliant Academy","+ 91  80 33700698",""
"S Square Technologies","+ 91  80 33054010",""
"Interbeing","+ 91  80 42286777",""
"Quicksteps English Centre","+ 91  80 39557883",""
"Lakshmi Infotech","+ 91  80 33537838",""
"Ace Career Solutions","+ 91  80 39557351",""
"Quicksteps English Centre","+ 91  80 33532540",""
"SSN It Solutions","+ 91  80 33531285",""
"Aminno Software Technologie...","+ 91  80 40944767",""
"Linus Technology","+ 91  80 33100418",""
"Vision IT Technologies Pvt Ltd","+ 91  80 33532791",""
"Quicksteps Computer Centre","+ 91  80 33561691",""
"Linus Computers","+ 91  80 33491582",""
"Global Job Shop","+ 91  80 33641832",""
"C Cube Tally Academy","+ 91  80 39629227",""
"NVIT","+ 91  80 39559749",""
"Hurray","+ 91  80 33294667",""
"Erp Tree Technologies","+ 91  80 42655655",""
"White Horse Technologies","+ 91  80 33640114",""
"Pragim Technologies","+ 91  80 33055909",""
"Rays Technologies And Busin...","+ 91  80 41425551",""
"Atos india Pvt. Ltd.","+ 91  80 67435524",""
"I Class Training","+ 91  9945677763",""
"Source One Management Services...","+ 91  80 67586333",""
"Niit (Regional Office)","18001026448",""
"Reliance Global Services Pvt Ltd","+ 91  80 40849301",""
"Keonics Computer Training Centre","+ 91  80 23509866",""
"Helios And Matheson Informatio...","",""
"Lithan Genovate Solutions Indi...","+ 91  80 41400666",""
"SAPTAC SAP TRAINING AND CONSUL...","+ 91  80 32931888",""
"NIIT Ltd","+ 91  80 42483301",""
"Sap Institute Of Technology","+ 91  80 65683928",""
"Apthamithra Tuitions","+ 91  9008453065",""
"Hurray","+ 91  80 40915045",""
"ZaranTech Software Pvt Ltd","+ 91  80 40900344",""
"Inventech Info Solution Pvt Ltd","+ 91  80 26535959",""
"Nict Computer Education","",""
"Hari Technologies","+ 91  80 42275527",""
"CSC Computer Education","+ 91  80 26675781",""
"H R House","+ 91  80 65344165",""
"Radical Technology","+ 91  80 42041080",""
"A One Solution","+ 91  80 32213290",""
"Training Point","+ 91  80 33562980",""
"Keylabs Training","+ 91  8861770545",""
"Cz Infotech","+ 91  80 41621918",""
"Inventateq","+ 91  80 41502315",""
"DIT","+ 91  80 33641261",""
"Manipal Institute Of Computer ...","+ 91  9845582959",""
"Your Kids R Our Kids India Edu...","+ 91  80 41113672",""
"Bigtec Pvt Ltd","+ 91  80 33719999",""
"Rnew Technologies","+ 91  80 41177860",""
"Alchemy Solutions","+ 91  80 26800015",""
"Rjs Technologies Pvt. Ltd","+ 91  80 61344237",""
"BALC","",""
"Tec Factory","+ 91  7353330077",""
"SAP","+ 91  9986119811",""
"SAP SD Training","+ 91  9611355298",""
"CONNAISSANCE IT SAP AUTHORISED...","+ 91  80 42504333",""
"CCI Computer Education","+ 91  80 41110685",""
"SAP BO Bi 4.0 & Xcelsius Training","+ 91  9743953643",""
"Reliance Global Services PVT LTD","+ 91  80 40849301",""
"DoctorSap","+ 91  80 41106908",""
"SaptechE","+ 91  9538477899",""
"Bangalore Institute Of Dental ...","+ 91  80 26564663",""
"Cloud Sap India Pvt Ltd","+ 91  80 32919977",""
"Bigtec Pvt Ltd","+ 91  80 40019999",""
"Enterprise Logic India PVT LTD","+ 91  80 22113640",""
"Ni Analytics India","",""
"Nidhi Infotech","+ 91  80 42000218",""
"Global Enterprise Infotech Sol...","",""
"STC Technologies","+ 91  80 40928261",""
"Emax Technologies","",""
"Data Pro","+ 91  80 61344679",""
"MIIT Software Training Institute","+ 91  80 41759900",""
"SAP Institutions","+ 91  80 41307432",""
"Bright Infotech","+ 91  9036006123",""
"Nadgir Education Society","+ 91  80 65965525",""
"Innosys India","+ 91  80 41101706",""
"SAP Consultants Corner","+ 91  9740183638",""
"ITB Technologies Pvt Ltd","+ 91  80 42164036",""
"HOPE FOUNDATION TRAINING CENTRE","+ 91  7204965355",""
"Pk4 Software Technologies Pvt Ltd","+ 91  80 30080000",""
"I Globe Soft Labs Pvt Ltd","+ 91  9342883468",""
"SAP Installations","+ 91  80 30286043",""
"SAP Institute","+ 91  8762796862",""
"Sharon IT Solutions Pvt Ltd","+ 91  80 41165555",""
"V Mantra Technologies","+ 91  80 45751525",""
"Elogica Solutions","+ 91  80 65681300",""
"Image Salon","+ 91  80 25591401",""
"Sandipini Hi Tech School","+ 91  80 28486827",""
"Java Learning Center","+ 91  80 41207599",""
"SAP data services training","+ 91  7760598000",""
"Reliance Globe Solutions","+ 91  80 41602675",""
"Fatah Software Solutions Pvt Ltd","+ 91  80 22451572",""
"Anupama Technologies","+ 91  80 65970922",""
"Trinity Infosolutions","+ 91  80 30580010",""
"IT Cube Technologies","",""
"IT Champs Software Pvt Ltd","+ 91  9342122665",""
"Inox Services Pvt Ltd","+ 91  80 41615599",""
"Dynamo Info Technologies Priva...","+ 91  80 80657043",""
"Technosoft","",""
"Bizapps","+ 91  8105945666",""
"Sapphire Global Consulting Ser...","+ 91  80 64507062",""
"Lara Technologies","+ 91  80 41146593",""
"Ssg Training","+ 91  80 64355333",""
"Elegant IT Services","+ 91  80 61344658",""
"Spedon Consulting Services","+ 91  9916381276",""
"Clockwork Business Solutions P...","+ 91  80 26772022",""
"SAP Training/materials","+ 91  9060583580",""
"Excelon Learning Centre","",""
"Parinama Group Of Institutions","+ 91  9035289191",""
"WILLRON INSTUTIONS","+ 91  8050068666",""
"Nava Info Systems","+ 91  80 42122423",""
"Mansys India Pvt Ltd","+ 91  80 33052711",""
"Cooperp Software Solution Pvt Ltd","+ 91  80 41718482",""
"Coalesce Technologies Pvt Ltd","+ 91  80 26787744",""
"Ge Technologies","+ 91  9964395999",""
"Datapro Computer Education","+ 91  9243133107",""
"Radiant Computer Training Inst...","+ 91  80 65342556",""
"Global Enterprises Infotech So...","+ 91  80 43574700",""
"E Matrix Enterprises Solution","+ 91  80 30585666",""
"Cognos raining One","+ 91  9980230939",""
"Javastream Technologies","+ 91  80 30021645",""
"Iteanz Technology India Pvt Ltd","+ 91  80 65464144",""
"Ematrix Enterprises Solutions","+ 91  9945517493",""
"Dual Core Technologies","+ 91  80 30228845",""
"CSquare IT Solutions","+ 91  80 32564499",""
"Greencity Infotech","+ 91  7406730440",""
"Ematic Technologies","+ 91  80 65316888",""
"IICT Computer Eductation","+ 91  80 23145914",""
"Synergys Pvt Ltd","+ 91  80 50044753",""
"Quick Step Computer Centre","+ 91  8183048702",""
"Elite IIT","+ 91  8050506333",""
"Read The True Guides","+ 91  80 23655900",""
"E-trac","+ 91  80 41310843",""
"Sap Centre","+ 91  80 40991117",""
"Clientel Solutions Pvt. Ltd.","",""
"DMS IT Software Solutions","+ 91  80 23234959",""
"ERP Solutions India","+ 91  8050820189",""
"Lara Technologies","+ 91  80 40960331",""
"Xpertised IT Solutions LLP","+ 91  80 42242662",""
"INNOSYS TECHNOLOGIES","+ 91  8861619455",""
"Quick Lerning Centre","+ 91  80 42168000",""
"SAP ABAP Training","+ 91  9741359557",""
"Sri Raghavendra Institute of T...","+ 91  9845736027",""
"Hitech. Global","+ 91  9342491866",""
"Maxmunus","+ 91  80 41103383",""
"Intellipaat Software Solutions","+ 91  80 42134113",""
"Persistence Info Solution Pvt Ltd","+ 91  80 65661130",""
"SAP ABAP Trainer","+ 91  8867142359",""
"High Links Consulting Services","+ 91  80 61344272",""
"V Sign Infotech","+ 91  8904444318",""
"Success Shore","",""
"1000Rupees.in","+ 91  9480046932",""
"SAP SD Training","+ 91  9591433739",""
"SAP Logistic Training Center","+ 91  9611276789",""
"Info School","+ 91  80 41226000",""
"SAP Fico Only","+ 91  9739994289",""
"Safas Internetworking Technolo...","+ 91  80 65656151",""
"The Learning Centre","+ 91  80 41237432",""
"Institute Of Computer Education","+ 91  80 65391099",""
"Career Solutions","+ 91  9341303913",""
"Evayaa Systems PVT LTD","+ 91  9986027005",""
"Astrid Solutions","+ 91  8123673106",""
"Mindbridge Consulting","+ 91  80 65460716",""
"Go Four IT","+ 91  80 65353648",""
"Winome Technologies Private Li...","+ 91  80 41206999",""
"Xcellent ERP Technologies","+ 91  8892245179",""
"Prathiba Software Soution Tech...","+ 91  9844125682",""
"Supersoft Edu","+ 91  80 26747787",""
"SapJobs","+ 91  9902223992",""
"Clarus Infosloutions","+ 91  9632138255",""
"global infotech","+ 91  80 80958472",""
"One Source Solution","+ 91  80 26712499",""
"Hsp Technologies","+ 91  80 41114385",""
"Excel Computer Training Centre","+ 91  9738582421",""
"eDrishyaa IT India Pvt Ltd","+ 91  7848897799",""
"Srm Systems","+ 91  80 41214166",""
"White Horse Technologies","+ 91  80 42141752",""
"Sapphire Consulting Global","+ 91  80 64506836",""
"Oricon Technology","+ 91  80 41460089",""
"SRM Systems","+ 91  80 41210747",""
"Sai Technologies","",""
"Arvi Technologies","+ 91  9620718632",""
"Dhp Solutions","+ 91  80 41508371",""
"Sage Training International","+ 91  80 41108398",""
"Sapteq Global Consulting Services","+ 91  9535160010",""
"Stansys Software Solutions","+ 91  80 33080052",""
"Synergys Pvt Ltd","+ 91  80 64566679",""
"Aestas Career Solutions","+ 91  80 40943532",""
"Supersoft","+ 91  9886922333",""
"Innovative Solutions","+ 91  9590425386",""
"Elan Infosoft Pvt Ltd","+ 91  80 41229937",""
"Lavanya","+ 91  9945298800",""
"SAP BI Training","+ 91  9538613876",""
"Sage Technologies","+ 91  80 41750888",""
"Elogica Solutions Software Tra...","+ 91  80 32407347",""
"Felix Academy","",""
"Sri Ja Tech Education","+ 91  80 25440132",""
"Infohub World Towards Excellence","",""
"SNR Infotek","+ 91  9916524407",""
"V Enlighten Learning Solutions...","+ 91  80 61344168",""
"Sree Infotech","+ 91  80 23241802",""
"Synnacle Technologies Pvt Ltd","+ 91  80 60909909",""
"SAP Training","+ 91  9620147264",""
"Sapphire Consulting Global","+ 91  9343331617",""
"DRR Sap Consulting","+ 91  7795557342",""
"Root Admins Pvt Ltd","+ 91  7760777000",""
"Cira Training Center","+ 91  80 65303033",""
"Spirit Trainig Institute","+ 91  80 42092720",""
"VNIT Computer Education","+ 91  80 41121113",""
"Nexgen Academy","+ 91  9341477463",""
"S S C Infotech","",""
"Incisive Technology","+ 91  80 40600670",""
"S R I T Institue Aptech","+ 91  9916685371",""
"Royal Teacher Training Institute","",""
"Scholastic Academy","+ 91  7829349066",""
"Successshore It Solutions Pvt Ltd","+ 91  80 42297657",""
"Plan Well Career Pvt Ltd","+ 91  80 41320052",""
"ACE Technologies","",""
"Transweave Solutions Pvt Ltd","+ 91  8939944280",""
"Shekhar","+ 91  9743973564",""
"Skanda Globle IT solutions","+ 91  7795923190",""
"Mytectra","+ 91  80 33083536",""
"Raj Technologies","+ 91  80 32431327",""
"Phani","+ 91  9742430747",""
"Jash SAP Fico Training","+ 91  8277200711",""
"Timothy Info Tech","+ 91  9916728436",""
"DMS Technologies It Solutions ...","+ 91  80 65680197",""
"Sri Sai Educational Consultancy","",""
"Matrix Systems","+ 91  80 23410053",""
"Dhanush Consultants & Trainer","+ 91  9742421975",""
"Career Bridge - 100% Job Gaura...","+ 91  80 42086754",""
"Ignite Global Services","",""
"Iridium Technologies","+ 91  9342921134",""
"Srinivasa Kumar","+ 91  8861711717",""
"Sap PP Consultants","",""
"Rcp Infotech","+ 91  9844268133",""
"Sap Sd People","+ 91  8123444546",""
"Trinity Info Systems","+ 91  80 33092393",""
"Ems Computers","+ 91  80 22105652",""
"VGS Technologies","+ 91  9886743456",""
"Thiru VI KA High School,","+ 91  9940301773",""
"7en Source","+ 91  7829435661",""
"Zeaway Academy Private Limited","+ 91  8867901191",""
"Greyin Consulting","+ 91  9741518892",""
"Zealnet Consulting Pvt Ltd","+ 91  80 22485814",""
"Vinayaka Software Training School","+ 91  80 22110250",""
"EduGalaxy Education Society","+ 91  80 41518555",""
"Freelance Hana Trainer","+ 91  80 61344315",""
"Corpex Technologies Private Li...","+ 91  9900020444",""
"Prism Technologies","+ 91  9892378825",""
"Sandeepani School Of Embedded ...","+ 91  80 41970400",""
"SAP Online World","+ 91  9632861839",""
"Nazeema Training Institute","+ 91  9880063862",""
"IGurukula Tecnologies","+ 91  80 64377777",""
"Latitude Edutech Consulting Pv...","+ 91  80 41637286",""
"Corporate Networks","+ 91  80 26576641",""
"Aminno Software Technologies P...","+ 91  80 40959201",""
"Kamath Institute Of Technology","+ 91  80 26655444",""
"Apponix Technologies","+ 91  80 23150888",""
"Global Techlabs","",""
"SAP Logic Online Training","+ 91  9663338272",""
"online access","+ 91  8688881863",""
"S Technologies","+ 91  9686672625",""
"Ping Infotech","+ 91  80 41104011",""
"ANT - WORKFORCE","+ 91  7259966993",""
"C-Matic Inc","",""
"Knowledge Tree E Coaching Center","+ 91  80 25286958",""
"Nvuvo Solutions","+ 91  80 32924480",""
"Skb It Services","+ 91  80 65300141",""
"Sap Tutorials At Home","+ 91  80 41697602",""
"Brins It Solutions","+ 91  7795923190",""
"R N Technologies","+ 91  9206175743",""
"Labsys Technologies Pvt Ltd","+ 91  80 65580601",""
"Archon Tech Solutions","+ 91  9066804268",""
"Phoenix SAP Training","+ 91  9945419005",""
"Srinidhi Infomatics Pvt Ltd","+ 91  80 26675019",""
"harsha","",""
"Computer Education Centre","+ 91  80 25256788",""
"Srm Systems","+ 91  80 41210747",""
"Targetj Solutions","+ 91  9611582234",""
"ERP Global","+ 91  80 41216431",""
"Aphelion Solutions","+ 91  80 25501131",""
"Prologic","+ 91  7411611120",""
"IT Digits","+ 91  9740290108",""
"J K Initial Info Solution PVT ...","+ 91  9379917192",""
"Financial Wizards","",""
"Gayyantao Technologies","+ 91  80 41611647",""
"Hallmark Technologies","+ 91  9341346686",""
"Security Options Exchange","",""
"RGS IT Solutions","+ 91  80 61344339",""
"E-corporate Online Training","+ 91  8095994656",""
"Career Info Technologies","+ 91  9844977585",""
"Target Systems","+ 91  8749065764",""
"Sapphier Global Consulting Ser...","+ 91  80 65704048",""
"E Gurus","+ 91  8143764558",""
"Sapteq Global Consulting Services","+ 91  9743503036",""
"SAP MM and WM Training","+ 91  9886551010",""
"Maars Software Intl Ltd","",""
"G S Online Training","+ 91  9686148888",""
"Dhwani Infotech","",""
"Gs online trainings","+ 91  80 42234525",""
"Sarvodhya Computer","+ 91  80 65611355",""
"Toha Soft Technologies","+ 91  80 61344232",""
"Moxero Technology Pvt. Ltd","+ 91  80 61344260",""
"Moxero Technology Pvt Ltd","+ 91  80 65704370",""
"Max Logic Technologies","",""
"WakaWakasity.com","+ 91  80 99025542",""
"Techsys","+ 91  9845382820",""
"S Technologies","+ 91  9741863099",""
"Sampurna Management","",""
"Go Four IT","+ 91  80 41230314",""
"E Hire Software Solutions Pvt Ltd","+ 91  80 42096818",""
"Mindtricx IT Learning Academy","",""
"Fast Sap Solutions","+ 91  80 41276688",""
"Datapro Computer Education","",""
"Techguide Software Solutions P...","+ 91  80 42146517",""
"Sapware Technologies","+ 91  9739458137",""
"Discover IT","+ 91  80 26782226",""
"Growel It Services","+ 91  80 64542666",""
"ERPTAC","+ 91  9916000069",""
"Tutor4JOB","+ 91  8884173337",""
"SoftPro9","+ 91  9535451414",""
"Shashank technologies","+ 91  80 41696789",""
"Rascom Software Solutions","+ 91  80 41506398",""
"SM Infotech","+ 91  80 42118960",""
"TechScope Solutions","+ 91  80 23148533",""
"Sap Training Face To Face Online","+ 91  8553084772",""
"EnliteERP","+ 91  9686700136",""
"NCS Training And Development C...","+ 91  9611470008",""
"Fulfill Technologies Private L...","+ 91  80 23520069",""
"AIMS HR Solutions","+ 91  9986768044",""
"RAKS Technologies","+ 91  8050002134",""
"Tech Soochika","",""
"Nestor Infotech","+ 91  9535843264",""
"Ssap Edu","",""
"Akshara Technologies","+ 91  9620977799",""
"ABS Pvt Ltd","+ 91  9986549694",""
"Shree Solutions","",""
"HB Tech Solutions","+ 91  9538044799",""
"saptrainings.net","+ 91  9738228122",""
"Sapient It Solutions","+ 91  8792103146",""
"Mind Dots Open Services","+ 91  80 41548000",""
"Rajan","+ 91  9986079913",""
"Rajashree","+ 91  9620190500",""
"Sap Minds And Engineering Solu...","+ 91  80 65555500",""
"SAPTraining","+ 91  9611328639",""
"Agasthya","+ 91  9731107037",""
"Fast","",""
"SAP Planet","+ 91  8884551601",""
"Nikhil Cherian","+ 91  9880512696",""
"Aonix ERP Solution","+ 91  7795613556",""
"I GROW ACADEMY","+ 91  80 41261903",""
"Quickstep Computers","+ 91  80 61344230",""
"MS Infocomm","+ 91  80 40943326",""
"Success Technology","+ 91  9480108120",""
"TECHEDGE","+ 91  7829193939",""
"Rnew Technologies","+ 91  80 41177860",""
"Genuis Educational Academy","+ 91  9902090309",""
"Iteanz Technologies India Pvt Ltd","+ 91  80 26689000",""
"Jagmah Software System","+ 91  80 26960023",""
"SynchroThink Technologies","+ 91  80 41602537",""
"Amaze Tech Solution","+ 91  8147883097",""
"S.C.C.T. Computer education ce...","+ 91  9902423156",""
"Best computer cyber centre","+ 91  80 26750255",""
"Grasp Technologies","+ 91  9901491201",""
"Giant Leap Careers","",""
"E Career Technologies","+ 91  80 41749171",""
"Aarg Technologies Pvt Ltd","+ 91  80 41177876",""
"Honna Academy","+ 91  9900151298",""
"Logic Computer Academy","+ 91  9845695292",""
"Bharat","+ 91  9379046575",""
"MANO ACADEMY","+ 91  80 41208915",""
"Axiss Computers","+ 91  80 65310936",""
"Spectrum Institute Of Technology","+ 91  7676273738",""
"Magnifician2.In","+ 91  80 23230071",""
"Prks Systems Pvt Ltd","",""
"SRI Shastha Consultancy","+ 91  9379619225",""
"Sumukha Systems","+ 91  80 26668424",""
"Resourcefull Consultancy","+ 91  80 23357799",""
"Enovations System Intelligence...","+ 91  80 65791287",""
"Integrated Data Solution Techn...","+ 91  80 42105236",""
"YSM Technologies","+ 91  8183851570",""
"SapLogon Technologies","+ 91  7676646358",""
"Virtual Cloud Technologies","+ 91  80 41329355",""
"First Ideas","+ 91  9019303399",""
"Subramanian","+ 91  9742280280",""
"Signature SAP Training Institute","+ 91  8341739116",""
"Prerana Education","+ 91  8060909000",""
"Consulting World","+ 91  9880781458",""
"LG INFOTECH","+ 91  9704023304",""
"Signature SAP Institute","+ 91  7097366715",""
"Ritz Management Academy","+ 91  80 42176085",""
"My Learning Partner.in","+ 91  80 23300778",""
"Abaya Kalpa Tecnologies Pvt. Ltd.","+ 91  80 23388903",""
"Vishnu N G","",""
"ERP Trainers","+ 91  9740956010",""
"Freelance SAP FICO Trainer","+ 91  7795221460",""
"NVIT Bommanahalli","",""
"Rajan","+ 91  9986213471",""
"S & S Computech","+ 91  9900859936",""
"Globustrainings","+ 91  9885097234",""
"Sneha","+ 91  8095708233",""
"Sap King","+ 91  8884100941",""
"Yaxtract Solutions","+ 91  80 41724770",""
"Sapzain Consulting","",""
"Karnataka Infotech","+ 91  80 32471377",""
"ACUTE INFOTECH","+ 91  80 65351222",""
"A2 technosoft","+ 91  9036235176",""
"G7 CR Technologies India Pvt Ltd","+ 91  9880043867",""
"Royal Converge Pvt Ltd","+ 91  80 32470971",""
"MAYRA CONSULTING","+ 91  9036018060",""
"IML Educations","+ 91  9741539772",""
"Global Techsoft","+ 91  8722031333",""
"Institute Of Accounting Software","+ 91  80 23571078",""
"Lexica Technologies India Pvt Ltd","+ 91  80 41147748",""
"DEEPAK FREE LANCER","",""
"Kifs Computer Institute","",""
"Joctopus Technologies","+ 91  80 41251203",""
"appil training instution","+ 91  9972971235",""
"Apple Online Trainings","+ 91  9663233300",""
"LearnChase","+ 91  8123930940",""
"Joining Dots","+ 91  9986142784",""
"HARI PRASAD (FREE LANCER)","+ 91  8150003377",""
"QSync Software","+ 91  80 41503090",""
"Rajesh","+ 91  9591917002",""
"Techpro Technologies","+ 91  80 40968088",""
"Sapteq Global Consulting Services","+ 91  8050555252",""
"Murthy","+ 91  9448966648",""
"Prisms SAP Training Center","+ 91  9620147264",""
"Zenfotec Solutions","+ 91  8277193634",""
"SAP SD Real Time Trainer","+ 91  9535503045",""
"Read Sap","+ 91  9742181280",""
"Infotech Gurukul","+ 91  7676875647",""
"Excel Magic","+ 91  9538920004",""
"VNIT COMPUTER EDUCATION","+ 91  9632295354",""
"SAP Business Objects BO BI Rea...","+ 91  7204113756",""
"SND Infotech","+ 91  80 50705993",""
"Thinkras - Redefine All Students","+ 91  8553355202",""
"SAP Training Center","+ 91  9700117574",""
"Ampm Infosystems","+ 91  80 61344297",""
"JSSTech IT Solutions and Consu...","+ 91  9972037979",""
"Kmc Infotech","+ 91  9880237705",""
"NVIT","+ 91  9632389591",""
"Codesurf","+ 91  9738862434",""
"MITS","+ 91  8431574479",""
"Get In IT Solution","+ 91  80 41201805",""
"Enbizglobal","+ 91  9880214584",""
"Sap Syndicate","+ 91  9980965245",""
"D K Infotech Solutions","",""
"GNN Team Expertise IT","+ 91  8884901530",""
"Embustech Software Solutions P...","+ 91  8904284566",""
"Feria It Solutions Pvt Ltd","+ 91  80 65659992",""
"Nimco Consulting and Solutions","+ 91  8884615545",""
"Mt.ZION Corporate Training Center","",""
"SAP TRAINERS FOR SAP CRM","+ 91  9916899053",""
"Scientrix Academy","+ 91  80 50103257",""
"WIT Institute","+ 91  8197225338",""
"Tuition Trees","+ 91  9108277166",""
"Sap All Connect","+ 91  9742181280",""
"Vidya IT Solution","+ 91  8880009435",""
"SAP Training","+ 91  9738948389",""
"Global Software Training Center","+ 91  80 65555879",""
"Tekclasses","+ 91  80 41750089",""
"Anooptech.net","+ 91  8050392227",""
"Career Ip","+ 91  7795752345",""
"MZSAP Solution","+ 91  9513344512",""
"Challengers Info System","+ 91  9739944523",""
"Lexica Technologies","+ 91  80 61344181",""
"Ria Institute of technology","+ 91  8123021060",""
"Cita","+ 91  80 41719440",""
"Shine Softwares","+ 91  9620814147",""
"Visualpath Training & Consultancy","+ 91  80 42021915",""
"C A R E","+ 91  80 42170175",""
"Sap Business Object 4.0 Traini...","+ 91  9535696199",""
"S S D TECHNOLOGIES","+ 91  8884917982",""
"R Technologies","+ 91  9035793994",""
