"Name","Phone","Address"

"SVR Logistics","+ 91  22 38591405",""
"Bajrang Logistics","+ 91  22 28502550",""
"Vivek Logistics & Packers M...","+ 91  9892057431",""
"Newage Speed Roadlines Priv...","+ 91  7276466660",""
"Globe Logistics Services","+ 91  22 38522492",""
"Aarya Logistics Solutions P...","+ 91  22 38542689",""
"ZET Transport Corporation","+ 91  22 38567479",""
"Chirag Cargo Carrier","+ 91  22 38560213",""
"B Kumar Transport","+ 91  22 38596572",""
"Shri Swastik Transport","+ 91  22 38550868",""
"Harshvardhan Cargo Express","+ 91  9322607799",""
"Freight Commerce","+ 91  22 39930838",""
"Welcome Trans India","+ 91  22 38559966",""
"KBS Logistics","+ 91  22 39365762",""
"Techno Logistics","+ 91  22 38585383",""
"Om Sai Enterprises","+ 91  22 39541671",""
"Fleetxpress Cargo","+ 91  22 38523172",""
"Maa Durga Logistic Co","+ 91  22 38552059",""
"Shree Radhe Krishna Logistics","+ 91  22 38569254",""
"R S Cargo Movers","+ 91  22 38574218",""
"Wilberd Transport","+ 91  22 38545862",""
"Trukky.Com","+ 91  22 38546242",""
"Jai Ambika Logistics","+ 91  22 38544047",""
"Jagdamba Road Carriers","+ 91  22 39863091",""
"Akshat Logistics","+ 91  9323111041",""
"Poonam Roadways","+ 91  22 38564464",""
"DTDC Courier","+ 91  22 28903516",""
"Tata Packers & Movers India","+ 91  22 69932218",""
"Shrilcon Logistics Pvt Ltd","+ 91  22 38579803",""
"Balaji Logistics","+ 91  22 38520753",""
"J K Transport And Logistics...","+ 91  22 38593174",""
"Tropical Transports","+ 91  22 38560466",""
"Bhanu Roadlines","+ 91  22 38525767",""
"S R Logistics","+ 91  22 38559191",""
"Lalji Mulji Transport Company","+ 91  22 38594281",""
"GSP Logistics","+ 91  22 38536691",""
"M P Assam Roadways","+ 91  22 27834539",""
"Shree Sadguru Roadline","+ 91  22 38549169",""
"Star Cargo & Courier Services","+ 91  9869523971",""
"Shree Sanju Shetty Transpor...","+ 91  22 38534334",""
"Kartik Associates","+ 91  22 38542870",""
"Finex Express Services","+ 91  22 39675880",""
"Lucky Transport","+ 91  22 39863604",""
"Mahavinayak Roadlines","+ 91  22 38561901",""
"Sagar Enterprise","+ 91  22 38521063",""
"Delhi Bhiwani Road Carrier","+ 91  22 38538498",""
"Arjun Transport Service","+ 91  22 38524445",""
"R & P Carriers","+ 91  22 38511917",""
"Nilanjana Freight Carriers","+ 91  22 38566622",""
"Gaurav Integrated Logistics","+ 91  22 27426512",""
"Rahul Transport Corporation","+ 91  22 27832114",""
"Sejal Cargo Carriers","+ 91  22 38539453",""
"Jyotirling Transport Company","+ 91  22 38598875",""
"Pragati Logistics Express S...","+ 91  22 38545963",""
"Shreya Cargo Movers","+ 91  22 38519766",""
"Suraj Transport","+ 91  22 39689081",""
"S B Trans Solution","+ 91  22 38552719",""
"All India State Road Transp...","+ 91  22 38518901",""
"Pooja Transport Co","+ 91  22 38567198",""
"NMT Logistics","+ 91  22 38557760",""
"Camelport Logistics","+ 91  22 39539096",""
"M M Freight Carriers","+ 91  22 39862523",""
"Sahyadhri Logistics Pvt Ltd","+ 91  22 38582706",""
"Tanvi Cargo Express","+ 91  22 39275661",""
"Maruti Freight Carriers","+ 91  22 38542556",""
"Indian Roadways Company","+ 91  22 25362419",""
"Prestige Road Carriers","+ 91  22 27889033",""
"S M Transport Services","+ 91  22 38594311",""
"Shree Ganesh Logistics","+ 91  22 38530127",""
"Bhakti Roadlines","+ 91  22 38557996",""
"Marudhar Logistics","+ 91  22 38545168",""
"Arc Trans Logistics","+ 91  22 38537840",""
"Shree Bombay Gujarat Roadways","+ 91  22 38595137",""
"ABS Transport","+ 91  22 38527954",""
"CTC Freights Carriers Pvt Ltd","+ 91  22 38545299",""
"Nathleela Logistics Pvt Ltd","+ 91  22 38524086",""
"V S Shinde Transport Service","+ 91  22 39934047",""
"Reema Transport Pvt Ltd","+ 91  22 39923699",""
"Chheda Cargo Carrier","+ 91  22 67415575",""
"Pooja Transport Corporation...","+ 91  22 38541100",""
"DTDC Courier & Cargo Ltd","+ 91  22 38534109",""
"S N Logistics","+ 91  9320015754",""
"Maa Kali Packers & Movers","+ 91  8948789487",""
"S R Transport","+ 91  7754808024",""
"South India Transport","+ 91  8933977155",""
"Satyam Transport","+ 91  9559730706",""
"Chankaya Cargo Movers","+ 91  8791607484",""
"Shiv Packers & Movers","+ 91  9415795775",""
"Return Trucks","+ 91  8019017919",""
"Balaji Cargo Movers","+ 91  9795962762",""
"Safexpress Pvt Ltd","+ 91  9311113113",""
"Best India Road Transport","+ 91  9552649778",""
"Bhola Packers & Movers","+ 91  8563834474",""
"Xpress India","+ 91  9136892388",""
"Heeralal Sukhlal","+ 91  8094299111",""
"New Diamond Transport","+ 91  731 3382130",""
"Ajanta Transports","+ 91  2164 222455",""
"Royal India Logistiics Xpres","+ 91  422 4367841",""
"Xpress India","+ 91  11 33077378",""
"Reliable Cargo Packers And ...","+ 91  7104 690330",""
"Mohan Packers and Movers","+ 91  9827156722",""
"Regular Logistics","+ 91  9555573338",""
"Delhi Gorakhpur Transport","+ 91  512 2640071",""
"National Trailor Movers","+ 91  657 2360124",""
"New Mahaveer Transport Company","+ 91  7879545454",""
"Deep Transport Co","+ 91  591 2310771",""
"Shubham Roadlines","+ 91  9422974000",""
"Transport Nagar","401561",""
"Kanpur Bareilly Forwarding ...","+ 91  9837111133",""
"Golden Cargo Movers","+ 91  9302121786",""
"Global Packers & Movers","+ 91  9827193084",""
"Sri Palane Malai Murugan Tr...","+ 91  9842742943",""
"Nagpur Bombay Carriers","+ 91  9039003115",""
"Ballu Roadways","+ 91  9993599900",""
"Redbox Courier & Cargo Pvt Ltd","+ 91  8658422171",""
"Shiv Transportation services","+ 91  9923089381",""
"Shri Krishna Packers And Mo...","+ 91  751 4081432",""
"VRL Logistics Ltd","+ 91  22 28596904",""
"VRL Logistics Ltd","+ 91  9323948191",""
"VRL Logistics Ltd","+ 91  22 23466194",""
"VRL Logistics Ltd","+ 91  22 29277054",""
"Vrl Logistics Ltd","+ 91  22 23730451",""
"Lalji Mulji Transport Company","+ 91  2522 662859",""
"V Trans India Ltd","+ 91  250 3290051",""
"Kerala Roadways PVT LTD","+ 91  22 42303909",""
"VRL Tour & Travel","+ 91  22 23415424",""
"Shrinath Travel Agency","+ 91  22 26834444",""
"TCI Freight","+ 91  22 32478426",""
"VRL Logistics Ltd","+ 91  251 2870626",""
"Avinash Carrier Pvt Ltd","+ 91  22 28507465",""
"Associated Road Carriers Limited","+ 91  22 32579594",""
"Nitco Roadways Pvt Ltd","+ 91  9323038095",""
"Manoj Cargo Carriers","+ 91  22 28504459",""
"VRL Logistics Ltd","+ 91  9372444878",""
"Inland Road Transport Pvt Ltd","+ 91  22 23452970",""
"Savani Transport Pvt Ltd (Head...","+ 91  22 24125640",""
"Nitco Roadways Pvt Ltd","+ 91  22 23755102",""
"VRL Logistics Ltd","+ 91  22 25622665",""
"AVINASH CARRIERS","+ 91  22 23428609",""
"V Trans India Pvt Ltd","+ 91  22 25826562",""
"Sharma Transport","+ 91  2522 326555",""
"Sanchar Parcel Service","+ 91  22 66540010",""
"Drl Logistic Pvt Ltd","+ 91  9321179008",""
"Patel Roadways Ltd","+ 91  22 28504550",""
"VRL Logistics Ltd (Regional Of...","+ 91  22 27832762",""
"Sanchar Parcel Service","+ 91  9224411007",""
"New Western Carrier","+ 91  8605009130",""
"New Western Carrier","+ 91  22 65004239",""
"Sadanand Carriers","+ 91  22 28517704",""
"V Xpress Division Of Trans Ind...","+ 91  22 25111297",""
"D Two D Express Cargo","+ 91  22 28470025",""
"Kerala Transport Company","+ 91  22 27841863",""
"Vrl Logistics Ltd","+ 91  22 24220901",""
"Sharma Transports","+ 91  22 24076062",""
"VRL Logistics Ltd","+ 91  251 2687681",""
"NEW WESTERN CARRIER","+ 91  9890317252",""
"Goldmine Logistics India Pvt Ltd","+ 91  22 23898309",""
"Safe & Fast Xpress","+ 91  9699628115",""
"Patel Transport Service","+ 91  22 22065952",""
"Deepak cargo movers","+ 91  22 28256483",""
"The Srs Logistics","+ 91  9324067123",""
"Wings Travels","+ 91  9970098433",""
"New Western Carrier","+ 91  9890317252",""
"Deccan Transport","+ 91  22 65701368",""
"Saurashtra Roadways Bangalore","+ 91  2522 271944",""
"Jabalpur Golden Transport Company","+ 91  22 28515594",""
"Laxmi Travels","+ 91  22 65617522",""
"Om Transport Company","+ 91  22 23077098",""
"Mahaveer Transports","+ 91  22 23434178",""
"Classic Cargo Carriers","+ 91  22 28316808",""
"Supreme Transport Organisation...","+ 91  22 42383940",""
"VRL Logistics Ltd","+ 91  9320895006",""
"Arc Parcel Service Pvt Ltd","+ 91  22 23060352",""
"Apollo Roadlines","+ 91  2522 655747",""
"New Hyderabad Mumbai Transport...","+ 91  9320051818",""
"Nisha Roadways Pvt Ltd (Head O...","+ 91  22 41632222",""
"V Trans India Ltd","+ 91  2525 260016",""
"Jaipur Golden Transport Compan...","+ 91  22 25669994",""
"Rajesh Roadlines Pvt Ltd","+ 91  22 41226670",""
"Vaishnavi Cargo Movers","+ 91  9320562511",""
"New Western Carrier","+ 91  22 66346304",""
"Balaji Roadlines","+ 91  9414045178",""
"Ghatge Patil Transports Ltd","+ 91  9869272493",""
"Bhoruka Logistics Pvt Ltd","+ 91  22 23482275",""
"Speed Cargo Express","+ 91  22 25135375",""
"The Amritsar Transport Company...","+ 91  22 27834590",""
"Hkbn Tours & Travels","+ 91  8655037919",""
"ARC Car Transport","+ 91  22 32961997",""
"Bombay Patna Roadways","+ 91  2522 281863",""
"Rajkamal Transport","+ 91  22 23478924",""
"Bombay Andhra Transport Company","+ 91  9819424326",""
"Mumbai Gujarat Transport Corpo...","",""
"Mamta Roadlines","+ 91  9820082583",""
"G M Carriers","+ 91  22 28596935",""
"Axis Logistics India","+ 91  22 25834322",""
"Harish Transport Services","+ 91  22 25819679",""
"Pashupati Road Carriers Pvt Ltd","+ 91  22 27464492",""
"Shree Chintamani Transpon Service","+ 91  9321390912",""
"Associated Road Carriers Limited","+ 91  22 23864959",""
"Laxmi Goods Carrier H O","+ 91  22 23781992",""
"CPC India Ltd","+ 91  22 23006517",""
"Savani Transports Pvt Ltd","+ 91  22 28192771",""
"Sai Cargo & Courier Services","+ 91  9819688436",""
"Riva Express","+ 91  22 24453071",""
"Sri Balaji Roadlines","+ 91  22 23731304",""
"Express Transport","+ 91  9323551465",""
"R P Transport Sunrise Logistics","+ 91  9822667617",""
"Flying Green Carriers","+ 91  22 28592381",""
"Bharat Freight Carriers","+ 91  22 23751868",""
"Shri Maruti Speed Cargo","+ 91  2522 348852",""
"Bothra Roadlines Pvt Ltd","+ 91  22 28473001",""
"Agarwal Transport Corporation","+ 91  22 23709824",""
"Kerala Roadways Pvt Ltd","+ 91  22 27669491",""
"chetan transport","+ 91  22 27652128",""
"Apollo Roadlines","+ 91  22 65270134",""
"Seatrans Agencies Pvt Ltd","+ 91  22 27560322",""
"DXL Cargo Forwarders","+ 91  22 38536627",""
"Express Roadways Pvt Ltd","+ 91  22 27666551",""
"Alleppey Parcel Service LLP","+ 91  2522 274743",""
"Redson Transport Agency","+ 91  9892317120",""
"Hariom Logistics Pvt Ltd","+ 91  22 27897745",""
"Sadanand Carriers","+ 91  22 27814677",""
"Jet Cargo & Logistics","+ 91  22 28590007",""
"Ganpati Express Cargo","+ 91  8888407959",""
"A B T Parcel Services","+ 91  8828506959",""
"Southern Travel Corportion (Bo...","+ 91  22 28912474",""
"Brijda Roadlines Pvt Ltd","+ 91  22 24140201",""
"S S Roadlines","+ 91  22 23753226",""
"Bangalore Bombay Trasnport Com...","+ 91  22 23471778",""
"Ghatge Patil Transports Ltd","+ 91  22 23486550",""
"Bal Roadlines","+ 91  22 25558882",""
"D Deluxe Transport Company","+ 91  8888717867",""
"Global Transport Corporation","+ 91  22 25822922",""
"Delux Transport","+ 91  22 27651461",""
"Bharat Transport Company","+ 91  22 28576157",""
"Shah Roadways","+ 91  22 28043081",""
"Ganesh Transport Corporation","+ 91  9224171100",""
"Sri Srinivasa Roadlines H O","+ 91  22 49467000",""
"Hi Speed Cargo Carriers","+ 91  9322868561",""
"Singh Logistics Service","+ 91  22 32990318",""
"L G Brothers Lorry Services","+ 91  22 40011800",""
"Reliable Transport Corporation","+ 91  22 27672085",""
"Kothari Transport Company","+ 91  22 25404497",""
"Sandu Transport Company","+ 91  22 27891003",""
"Om Sai Tampo Service","+ 91  9172723031",""
"Shivganga Transport Private Li...","+ 91  22 25209513",""
"Vaishnavi Xpress Cargo Pvt Ltd","+ 91  22 23473790",""
"Hot Line Express","+ 91  22 66339640",""
"Bajaj Parivahan Pvt Ltd","+ 91  22 23751295",""
"Shree Shyam Trailor Transporter","+ 91  22 27424799",""
"Muskan roadlines","+ 91  8767304124",""
"SAI Cargo Logistics Pvt Ltd","+ 91  22 23757562",""
"Manmohan Transport Services","+ 91  9323801784",""
"Amfico Agencies Pvt Ltd (Corpo...","+ 91  22 23537515",""
"Countrywide Logistic","+ 91  9323427460",""
"Ansh Cargo Movers","+ 91  22 65330520",""
"Shipping Solutions & Ship Mana...","+ 91  9833938424",""
"Smart Next Cargo","+ 91  9324819123",""
"Roadwings International Pvt Ltd","+ 91  22 29200296",""
"Ace Multifreight Logistics Pvt...","+ 91  22 65506666",""
"Square Logistic Services","+ 91  22 86929202",""
"Chintamani Roadlines","+ 91  9870228738",""
"Globe Logistics Services","+ 91  22 65565966",""
"Mahesh Cargo Movers","+ 91  22 26473236",""
"Indo Arya Central Transport Ltd","+ 91  22 23708568",""
"Jai Hind Roadways Pvt Ltd","+ 91  22 23436232",""
"APS Logistic Services","+ 91  22 27456386",""
"Gujarat Roadways","+ 91  22 32221316",""
"Bhagwati Transport","+ 91  9702445115",""
"C Trans","+ 91  9922576165",""
"Bhagwati Roadlines Pvt Ltd","+ 91  9321110172",""
"Walia Packers and movers","+ 91  9987035211",""
"Jai Mata Di Transport Company","+ 91  8108017219",""
"Vikas Transport","+ 91  22 27650046",""
"Hans Cargo Movers","+ 91  22 27660061",""
"Satish Cargo Carriers","+ 91  22 27421841",""
"City Link Logistics","+ 91  9321557797",""
"Sapna Roadways","+ 91  9324281254",""
"Venson Transports Pvt Ltd","+ 91  22 32205067",""
"Singh Road Carrier","+ 91  22 24022722",""
"Bipin Transport Pvt Ltd","+ 91  22 24036132",""
"Kumar Roadlines","+ 91  22 66369556",""
"S T Roadways","+ 91  22 27833277",""
"Shreeji Transport Services Pvt...","+ 91  22 27892200",""
"Mrc Transolutions Pvt Ltd (Reg...","+ 91  22 28790874",""
"Sahara Logistics Packers & Movers","+ 91  22 32996012",""
"Ajay Roadways/Speed Transport ...","+ 91  22 23742613",""
"U P Golden Transport Service","+ 91  2525 272343",""
"Super Laxmi Roadways Pvt. ltd","+ 91  22 28956332",""
"Geetee Carriers Pvt Ltd","+ 91  22 40787000",""
"Logistics Mind","+ 91  22 32514093",""
"Jeet Roadways","+ 91  22 25899796",""
"Dhakane Transport service","+ 91  22 27845510",""
"Surya roadline","+ 91  22 32229593",""
"Nisha Roadways Pvt Ltd","+ 91  22 27634717",""
"Pradeep Roadlines","+ 91  22 28521586",""
"Malkani Transport Co Pvt Ltd","+ 91  22 23445480",""
"Jai Hind Roadways Pvt Ltd","+ 91  2522 325522",""
"Kamal Road Carriers","+ 91  9324957479",""
"Kaushal Roadways","+ 91  22 32635521",""
"Max Transline","+ 91  22 21722020",""
"Aditi Express Cargo India Pvt Ltd","+ 91  22 27636903",""
"Jai Hind Roadways Pvt Ltd","+ 91  22 27802629",""
"Delhi Gujarat Fleet Carriers P...","+ 91  22 27427112",""
"Mata Prasad Logistics","+ 91  9702608673",""
"Total Container Of India","+ 91  22 32905929",""
"Royal Packers & Movers","+ 91  22 28252446",""
"Alpha Cargo Express Pvt Ltd","+ 91  22 28596741",""
"Pradeep Road Lines","+ 91  9820802599",""
"SE Logistics & Shipping India","+ 91  8425849965",""
"My Express Courier & Cargo","+ 91  7738890621",""
"Inland Group Of Companies","+ 91  22 26323999",""
"Prabhat Air Express And Tracko...","+ 91  9890397701",""
"Prince Roadlines","+ 91  22 24018592",""
"Big Express Courier & Cargo","+ 91  22 24331865",""
"Prabhat Carriers","+ 91  22 23719066",""
"Pravin Roadways","+ 91  22 23771710",""
"Sri Balaji Roadlines (Regd Off)","+ 91  22 23444400",""
"Orange Rail Cargo","+ 91  9322537487",""
"Shyam Transport Company","+ 91  9869555680",""
"Abhay Packers and Movers","+ 91  9819065669",""
"S R Logistics","+ 91  7718918911",""
"Kesineni Cargo Carriers","+ 91  7738180826",""
"Anant Logistics","+ 91  22 28189947",""
"Southern Carriers & Travels","+ 91  9860249978",""
"Bright Transport Co","+ 91  22 28514182",""
"South Transport Corporation","+ 91  2522 323114",""
"Glider Logistics","+ 91  9766144443",""
"Om Transport Co","+ 91  22 25430856",""
"Arvind Packers & Movers","+ 91  22 25411984",""
"Abhinav Transport india Pvt Ltd","+ 91  22 25898152",""
"Sangeeta Transport","+ 91  9004870417",""
"Shreeji Transport Services Pvt...","+ 91  22 27892200",""
"Reliable Transport Corporation","+ 91  22 27712150",""
"Aditi Roadlines","+ 91  22 27895809",""
"Shree Krishna Transport Company","",""
"Sharma Transports","+ 91  22 27669213",""
"Sharma Logistics Solution PVT LTD","+ 91  22 27424042",""
"Shri Baba Amirgiri Transport","+ 91  8080717702",""
"Lirin Roadlines Pvt Ltd","+ 91  22 27423677",""
"Krish Logistics","+ 91  22 25793324",""
"Ambe Carriers Pvt Ltd","+ 91  22 41264444",""
"Shakti Roadlines","+ 91  9821250737",""
"Vaishnavi Transport Company","+ 91  9619363636",""
"Movers and Packers","+ 91  22 28292744",""
"Shree Ganesh Logistics","+ 91  9920777522",""
"Commercial Transport Organisation","+ 91  22 25482901",""
"A 1 Transport Service","+ 91  9820202037",""
"Satguru Shipping & Transport L...","+ 91  22 28315651",""
"Badshah Transports Company","+ 91  22 66491077",""
"P India transport","+ 91  9730381573",""
"Sri Venkateshwara Roadlines","+ 91  22 23772244",""
"Mepani Brothers","+ 91  22 23739952",""
"Mamta Transport Company","+ 91  22 32228237",""
"M P Bombay Transport Carriers","+ 91  22 23791412",""
"SHRI ASHIRWAD TRANSPORT CO.","+ 91  22 23481029",""
"S.L.V. TRANSPORT","+ 91  22 23451564",""
"gill sandhu transporter","+ 91  22 23445497",""
"Kamat & Co (Corporate Office)","+ 91  22 22611485",""
"Shri Siddhi Vinayak Transport","+ 91  9819017257",""
"M B Transport Co","+ 91  22 65168517",""
"Galaxy Roadlink","+ 91  22 24046701",""
"Royal India Cargo Movers","+ 91  22 23758415",""
"Shree Om Cargo Movers","+ 91  22 27658402",""
"Panam Packers & Movers (H O)","+ 91  22 23778181",""
"Hkbn Travel N Cargo","+ 91  8655037919",""
"Sumit Transport Service","+ 91  8286858244",""
"Ansh Cargo Movers","+ 91  22 65556540",""
"Shree Padmamba Transport","+ 91  22 27835699",""
"Jai Sherawali Transport Service","+ 91  7767847138",""
"Kon Logistics Private Limited","+ 91  7710930388",""
"Tip Top Transport","+ 91  9323494825",""
"Kismat Clearing Agency","+ 91  22 23423016",""
"Aakash Roadlines","+ 91  9923379277",""
"Prakash Parcel Services","+ 91  2522 273111",""
"Logix Express Pvt Ltd","",""
"Neelu Roadways","+ 91  22 39136351",""
"Shubham Roadways","+ 91  22 25899115",""
"Gaurav Roadlines","+ 91  22 25330620",""
"Disha Roadways","+ 91  22 32262596",""
"Kakade Transport Company","+ 91  22 27668747",""
"Tanishq Roadlines","+ 91  22 27899402",""
"Satyadevi Roadlines Corporation","+ 91  22 27800683",""
"Naveen Transport Corporation","+ 91  22 27802475",""
"Sona Packers & Movers","+ 91  22 27871181",""
"Time Square Logistic","+ 91  22 27830604",""
"Bhoruka Logistics Pvt Ltd","+ 91  22 32565960",""
"Pilania Road Carriers","+ 91  22 27801713",""
"Quick Cargo Service","+ 91  22 27420874",""
"Ideal Logistics Mumbai","+ 91  9819568899",""
"Prashant Tempo Service","+ 91  8655701516",""
"Mm Goods Corporation","+ 91  22 27425833",""
"Shiv Shakti Logistics","+ 91  8097441136",""
"Hyderabad Puna Transport","+ 91  22 27656402",""
"Icon Freight & Logistics","+ 91  22 32713971",""
"Bhavani Logistics","+ 91  9321558831",""
"Snehal Transport","+ 91  22 27425296",""
"Best Logistics Mumbai","+ 91  22 25433744",""
"Kataria Logistics","+ 91  22 20632093",""
"Run Logistic","+ 91  22 65121877",""
"Green Logistic","+ 91  22 28701470",""
"R K Home Transport","+ 91  22 32149258",""
"Shraddha Roadlines","+ 91  22 25118086",""
"World Touch Courier","+ 91  22 66292458",""
"Rakesh Transport","+ 91  22 38542094",""
"Agarwal Car Transportation Pvt...","+ 91  9950792123",""
"Fast Track Logistics","+ 91  9821029496",""
"Century Road Transport Pvt Ltd","+ 91  22 29254348",""
"Sai Logistics","+ 91  22 32419439",""
"Samarth Roadlines","+ 91  22 28255464",""
"Om Sainath Courier Services","+ 91  8655984420",""
"Sai Nath Transport","+ 91  9820827191",""
"City Transport Service","+ 91  22 26733593",""
"Amit transport","+ 91  9987733476",""
"shree sundha carrier","+ 91  9321129752",""
"Resource Cargo Logistics PVT LTD","+ 91  9330344411",""
"Kales S Goods Carriers Pvt Ltd","+ 91  22 23735194",""
"Moosa Services Company","+ 91  22 23482714",""
"Indian Roadways Logistics","+ 91  22 67520966",""
"Indore Cargo Carriers","+ 91  22 23725461",""
"Reliable Trans & Impex Service...","+ 91  22 40326786",""
"Chamunda Roadlines Pvt Ltd","+ 91  9320018161",""
"Deepak Packers N Movers","+ 91  22 25825242",""
"Kamana Transport Co","+ 91  9323288753",""
"Satguru Cargo Movers","+ 91  22 23070838",""
"Durga Freight Solutions","+ 91  22 40057794",""
"Shree Ganesh Courier Services ...","+ 91  22 23455538",""
"Suvidha Roadlines","+ 91  22 23774415",""
"Jai Bharat Roadways Corporation","+ 91  22 66372895",""
"Nisarg Road Carriers Pvt Ltd","+ 91  22 66151796",""
"Aditi Cargo Movers","+ 91  8879543892",""
"Hari Om Freight Carriers Pvt Ltd","+ 91  22 23702849",""
"Ishwarlal Madanlal & Company P...","+ 91  22 40544054",""
"Shreeji Road Carriers","+ 91  9820805080",""
"MITTAL CARRIERS","+ 91  2525 261965",""
"Hari Om Cargo Movers","+ 91  22 65650276",""
"Calcutta Carriers","+ 91  22 28527184",""
"HKX Logistics India Pvt Ltd","+ 91  9324201104",""
"Sai Kamal Transport","+ 91  8007693544",""
"Logistics Transporter","+ 91  9664726730",""
"Jai Ambe Transporters","+ 91  8286149978",""
"Pal Transport","+ 91  8652565858",""
"Kumar Transport","+ 91  9860579500",""
"Kamat Transport","+ 91  9323244611",""
"Pankaj Roadlines","+ 91  250 6574830",""
"FAST TRACK LOGISTICS","+ 91  2522 646143",""
"Union Roadways Corporation","+ 91  22 27830391",""
"Gujarat Maharashtra Roadways","+ 91  9833835351",""
"Speed Plus Cargo","+ 91  9594946688",""
"Sekar Express Rail Cargo Servi...","+ 91  22 24071848",""
"Excellent Transport Corporation","+ 91  22 23781710",""
"S K Roadlines & Bulk Carriers","+ 91  9768375618",""
"Om Transport Service","+ 91  9321132900",""
"Jangra Cargo Carriers","+ 91  9324863791",""
"Kiran Transport Pvt Ltd","+ 91  9331084010",""
"Nagpur M P Tempo Services","+ 91  22 25407468",""
"Seed Packers And Movers","+ 91  9768927844",""
"Krishna Logistic Company","+ 91  8097713151",""
"R R Roadways","+ 91  22 25431766",""
"Balaji Cargo Packers And Movers","+ 91  22 25459346",""
"Speed Transport Corporation","+ 91  22 25411181",""
"Best Cargo Packers & Logistic","+ 91  22 76662703",""
"Goodwill Carrier Corporation","+ 91  9321282800",""
"Vijay Transport Service","+ 91  9619263438",""
"Shri Om Packers & Movers","+ 91  22 32682145",""
"National Transport Organisation","+ 91  22 32632626",""
"All India Transport Corporation","+ 91  22 25440192",""
"Jatin Transport Service","+ 91  9820876393",""
"Monarch Transport Corporation","+ 91  22 27548292",""
"Haresh Transport services","+ 91  9819287870",""
"Konkan Roadlines","+ 91  22 25822510",""
"Right Way","+ 91  8691029508",""
"Global Packers & Movers","+ 91  22 27544282",""
"Dhanashri Transport Service","+ 91  9768602126",""
"Mannat Roadways","+ 91  9322605279",""
"Magic Pack and move","+ 91  9892422399",""
"Nirmala Transport Corporation","+ 91  22 27667241",""
"Shiv Shakti Goods Carriers","+ 91  22 27895414",""
"Calcutta Carriers Of India","+ 91  22 27656443",""
"Mother India Transporter Company","+ 91  9819964821",""
"Dev Transport","+ 91  22 38529054",""
"G R Express","+ 91  22 65619750",""
"Prakash Parcel Services","+ 91  22 27667236",""
"Om Transport Agency","+ 91  22 27652170",""
"Sachdeva Roadlines Pvt Ltd","+ 91  22 27895071",""
"King Roadways","+ 91  22 27664975",""
"J N Transport Corporation","+ 91  22 27842608",""
"Jay Malhar Transport Services","+ 91  22 32205239",""
"Gorakhnath Transport Company","+ 91  22 32981050",""
"Reetu Road Carriers","+ 91  22 27425941",""
"Anant Logistics","+ 91  22 32200347",""
"Zee Logistics","+ 91  22 27421818",""
"Central Roadways Of India","+ 91  22 27421962",""
"D P S India Logistics","+ 91  8108200101",""
"Hindustan Cargo Movers","+ 91  9920177162",""
"Ludhiyana Bombay Roadways","+ 91  9004924010",""
"exim trans line","+ 91  22 27422895",""
"Gangotri Roadlines","+ 91  22 27422886",""
"Shivam Cargo Movers","+ 91  9320266042",""
"shubham roadlines","+ 91  22 27422745",""
