"Name","Phone","Address"

"Divakar Tours And Travels","+ 91  80 25978319",""
"Sai Baba Travels","+ 91  80 23455691",""
"Miles2fly","+ 91  80 42120800",""
"A K Tours And Travles","+ 91  80 41520290",""
"Balganesh Travel Agency","+ 91  80 23120666",""
"PitStop","+ 91  80 41171330",""
"Southern Travel Corporation","+ 91  80 41242575",""
"New Mahaveer Tours And Travels","+ 91  80 41540327",""
"Sri Manjunatha Tours And Tr...","+ 91  80 23324367",""
"Sri Sai Tours & Travels","+ 91  80 23457668",""
"Skanda Enterprises","+ 91  80 26727080",""
"M L V Cabs","+ 91  80 64009666",""
"Hb Tour And Travels","+ 91  80 21234564",""
"Manjunath Cab Service","+ 91  80 65959595",""
"Mallikarjuna Travels","+ 91  80 84272049",""
"Happy Holiday Travel N Leisure","+ 91  80 41473400",""
"Fly Asia Holidays","+ 91  80 28488171",""
"Bagavansai Tours And Travels","+ 91  80 26692173",""
"Air Bazaar Holidays","+ 91  80 41311919",""
"Karyasiddhi Enterprises Tou...","+ 91  80 49516677",""
"P R Travels","+ 91  80 26746644",""
"Cox And Kings Ltd","+ 91  80 26650007",""
"Space Shuttle Tours & Travels","+ 91  80 41488980",""
"Subramanya Enterprises","+ 91  80 26841018",""
"ANY TIME CABS","+ 91  80 65478943",""
"VNR Tours And Travels","+ 91  80 28544083",""
"Hsr Travel World","+ 91  9741134777",""
"Samurai Car Rentals Tours A...","+ 91  80 26482507",""
"Mani Tours N Travels","+ 91  80 22237046",""
"Bhagya Lakshmi Tours And Tr...","+ 91  80 26681464",""
"Eastern Travel Needz","+ 91  80 26704668",""
"Sri Ranga Travels","+ 91  80 60500224",""
"Tns Travels","+ 91  80 42121217",""
"Shamala Tours And Travels","+ 91  80 25502214",""
"Gahana Enterprises - DTDC d...","+ 91  80 42162040",""
"Way To World","+ 91  80 64445999",""
"VIRTUETRIP LEISURE PVT LTD","+ 91  80 41287778",""
"Gopal Tours And Travels","+ 91  80 40979602",""
"Maxworth Tours And Travels","+ 91  80 42075016",""
"Sri Ganga Tourist","+ 91  80 28381183",""
"Mylara Lingeshwara Travels","+ 91  80 65472946",""
"Jabbar Travels","+ 91  80 41219954",""
"Thomas Cook India Ltd (Trav...","+ 91  80 40927225",""
"Mahalakshmi Tours And Travels","+ 91  80 40953666",""
"Holiday World","+ 91  80 65358770",""
"Arjun Tours And Travels","+ 91  80 41701611",""
"Masterworld Travel And Fore...","+ 91  80 25634536",""
"New City Tours And Travels","+ 91  9900777158",""
"Kamal Tours And Travels","+ 91  80 40982330",""
"Manjunath Tours And Travels","+ 91  9739388828",""
"Prakruthi Tours And Travels","+ 91  80 26600942",""
"Amma Tours And Travels","+ 91  80 23201601",""
"Likitha Travels","+ 91  80 23456775",""
"Sri Banashankri Travels","+ 91  80 23384898",""
"Kaveri Yatra Travels","+ 91  80 25532424",""
"S M A Tours And Travels","+ 91  80 25537545",""
"Travel Zone","+ 91  80 25760808",""
"Jeevitha Tours And Travels","+ 91  80 25438532",""
"Pushpak Logistics","+ 91  80 23324627",""
"Manoj Travels","+ 91  8904848738",""
"KVN Tours And Travels","+ 91  80 42005583",""
"Chanakya Tours And Travels","+ 91  80 41220683",""
"Hanumesh Krupa Tours And Tr...","+ 91  80 50361519",""
"Sumukha Travels","+ 91  80 40901414",""
"Isra Travel Services Pvt Ltd","+ 91  80 41475066",""
"R M V Communication","+ 91  80 25910035",""
"Mathrushree Tours & Travels","+ 91  80 25996471",""
"Shree Tours And Travels","+ 91  80 42099111",""
"Grace Enterprises","+ 91  80 28445925",""
"Sri Ganesh Tours And Travels","+ 91  80 60006002",""
"Secure Service","+ 91  80 69143752",""
"Wings Of Inida","+ 91  80 23215999",""
"Sri Thirumala Tours And Tra...","+ 91  80 25727871",""
"Krishna Tours And Travels","+ 91  80 26680009",""
"Muktha Tours And Travels LLP","+ 91  80 39208813",""
"Travlr Unlimited","+ 91  80 42147003",""
"Ksrtc Travel House","+ 91  80 41472433",""
"manyashree tours and travels","+ 91  9886045788",""
"Surabhi Tours And Travels","+ 91  80 32903117",""
"Shree Chamundeshwari Tours ...","+ 91  80 22786035",""
"V Konnect Solutions Travels","+ 91  80 41210442",""
"HCR Travel Link","+ 91  80 41203384",""
"BVM Travels","+ 91  80 28474789",""
"Vijaya Travels","+ 91  80 23343745",""
"Aditi Tours And Travels","+ 91  9945877744",""
"PREETHI TOURS AND TRAVELS","+ 91  80 40913512",""
"Way 2 Journey Excursion Pvt...","+ 91  80 41227862",""
"Dwarkamai Enterprises","+ 91  80 25438458",""
"Shree Tours And Travels","+ 91  80 26262788",""
"Uniq Travel Solutions","+ 91  80 41606202",""
"Bharathi Tours And Travels","+ 91  80 41410102",""
"Mountain Holiday Makers","+ 91  80 41646054",""
"Greenline Travels","+ 91  80 26612611",""
"Sri Lakshmi Tours And Travels","+ 91  80 28444495",""
"Sree Krishna Travels","+ 91  80 41213000",""
"S P Tours & Travels","+ 91  9945045749",""
"Embassy International","+ 91  80 40931391",""
"Safe Cabs","+ 91  80 26638865",""
"Khan Tours And Travels","+ 91  80 22860004",""
"Navin Tours And Travels","+ 91  80 23331654",""
"Landmark Tours And Travels","+ 91  80 40953565",""
"Chinmaya Travels And Tours","+ 91  80 25619497",""
"S G Tourism Travels","+ 91  80 41209809",""
"Srivari Tours And Travels","+ 91  80 25725789",""
"Horizon Tours And Travels","+ 91  80 25503999",""
"Sridevi Travels","+ 91  80 25545050",""
"Avikaa Tourism Llp","+ 91  80 41231489",""
"E City Tours And Travels An...","+ 91  9886036070",""
"Tato Travels","+ 91  80 60000060",""
"Sanman Travels","+ 91  80 41639197",""
"M R Travels","+ 91  80 21111111",""
"SRS Travels","+ 91  80 26708511",""
"VRL Travels","+ 91  80 22971101",""
"KPN Travels India Ltd","+ 91  80 26709911",""
"Kallada Tours & Travels","+ 91  80 25997858",""
"National Travels","+ 91  80 26705949",""
"SRS Travels","+ 91  80 22204011",""
"Sharma Transports (Head Office)","+ 91  80 26702447",""
"Yatra.com","+ 91  80 40855353",""
"Kallada Tours & Travels","+ 91  80 42010000",""
"VRL Travels","+ 91  80 22971162",""
"SRS Travels","+ 91  80 25501686",""
"Pavit Tours & Travels","+ 91  80 41138465",""
"Vrl Travels","+ 91  80 22971293",""
"Greenline Travels","+ 91  80 40953558",""
"Jabbar Travels","+ 91  80 26700156",""
"Orange Tours & Travels","+ 91  80 60002020",""
"Nirmala Travels","+ 91  80 26621007",""
"Sea Bird Tourist Centre","+ 91  80 22288888",""
"Apsrtc Reservation Counter","+ 91  80 41756021",""
"KPN Travels India Ltd","+ 91  80 42085298",""
"SRS Travels","+ 91  80 23324945",""
"Sharma Transports","+ 91  80 41149578",""
"Nirmala Travels","+ 91  80 23106745",""
"Pk Travels","+ 91  80 26705811",""
"Geo Travels","+ 91  80 25455216",""
"Shobha travels n holidays VRL ...","+ 91  80 23320236",""
"Mahesh Travels","",""
"Paulo Travels","+ 91  80 22384040",""
"Kesineni Tours & Travels","+ 91  80 26703444",""
"Vijayanand Travels","+ 91  80 22971198",""
"S R S Travels","+ 91  80 28390466",""
"S R S Travels","+ 91  80 41155584",""
"India Tourism Development Corp...","+ 91  80 22267300",""
"Kerala State Road Transport Co...","+ 91  80 26756666",""
"SRS Travels","+ 91  80 25610391",""
"Ashoka Travel Agency","+ 91  80 26709393",""
"SRS Travels","+ 91  80 41155022",""
"Anjan Travels","+ 91  80 41241614",""
"Konduskar S R Travels Pvt Ltd","+ 91  80 22352900",""
"Neeta Travels","+ 91  80 41140335",""
"Andhra Pradesh State Road Tran...","+ 91  80 22873915",""
"Srs Travels","+ 91  80 42042180",""
"KPN Travels India Ltd","+ 91  80 41691999",""
"Sharma Transports","+ 91  80 22264382",""
"Trikannad Poornima Travels","+ 91  80 26588048",""
"SAM Tours & Travels","+ 91  80 26699988",""
"Karnataka State Tourism Corpor...","+ 91  80 22352901",""
"Sinosh Tours & Travels","+ 91  80 25401882",""
"Komitla Tours & Travels","+ 91  80 26701300",""
"Vishal Tourist","+ 91  80 22375377",""
"SRE Travels","+ 91  80 26706088",""
"Vibhav Holidays","+ 91  80 41554322",""
"VRL Travels","+ 91  80 25274199",""
"Via .Com","+ 91  80 41431000",""
"Blue Hill Logistics Pvt Ltd","",""
"Sea Bird Tourist Centre","+ 91  80 23527616",""
"Poornima Travels","+ 91  80 22382224",""
"Srm Transports India Pvt. Ltd.","+ 91  80 42047410",""
"Indira Travels","+ 91  80 41669524",""
"Meenakshi Travels","+ 91  9535974666",""
"Sri Sathya Sai Tourists","+ 91  80 26541140",""
"National Travels","+ 91  80 41169653",""
"SRE Travels","+ 91  80 26709022",""
"SRS TRAVELS","+ 91  80 23151164",""
"Conti Travels","+ 91  80 40988922",""
"Shama Sardar Travels","+ 91  80 41156768",""
"S. R. S. Travels","+ 91  9900087292",""
"Sea Gull Travels","+ 91  80 22267047",""
"SRS Travels","+ 91  80 41146443",""
"KPN Travels India Pvt Ltd","+ 91  80 41251010",""
"M K Travels","+ 91  80 28456983",""
"Royal Travels","+ 91  80 26705222",""
"Vellara Tours & Travels","+ 91  80 25426892",""
"Sugama Tourists","+ 91  80 23528714",""
"SKS Travels","+ 91  80 40913500",""
"Durgamba Motors","+ 91  80 23504185",""
"Roman City Taxi","+ 91  80 25486616",""
"Seabird tourists center","+ 91  9900081573",""
"Vikram Travels & Resorts India...","+ 91  80 23461222",""
"Durgamba Motors","+ 91  80 23562383",""
"Savari Travels","+ 91  80 40912345",""
"Greenline Travels","+ 91  80 41136877",""
"Gotour Tours & Travels","+ 91  80 42057114",""
"Southern Travels Pvt Ltd","+ 91  80 22375536",""
"Thomas Cook India Ltd","+ 91  9731970794",""
"Srs Travels","+ 91  80 42042180",""
"Eastern Travels","+ 91  80 22971277",""
"Anand Vihari Package Tours","+ 91  80 23385837",""
"Sps Travels","+ 91  80 26705453",""
"Heena Tours & Travels","+ 91  80 26603381",""
"Sugama Tourist","+ 91  80 26587888",""
"Parveen Travels Pvt Ltd","+ 91  80 65764785",""
"Greenline Travels","+ 91  80 42189991",""
"Sharma Transports","+ 91  80 41149577",""
"JABBAR TRAVELS","+ 91  80 41607510",""
"Atlas Tours & Travels Pvt Ltd","+ 91  80 41136000",""
"Kallada Tours & Travels","+ 91  80 40942094",""
"Travel Air Pvt Ltd","+ 91  80 43232323",""
"Durgamba motors","+ 91  80 26622450",""
"Seabird Tourists","+ 91  80 22288888",""
"Geepee Travels","+ 91  80 41139496",""
"Kamadhenu Travels Pvt Ltd","+ 91  80 25513111",""
"Chariot World Tours Ltd (Head ...","+ 91  80 40814555",""
"Green line Travels","+ 91  9980870129",""
"Mahesh Motors","+ 91  80 22976380",""
"Neeta Tours & Travels","+ 91  80 41242919",""
"Yatra.com","+ 91  80 30130800",""
"SEABIRD TOURISTS","+ 91  80 42120495",""
"Praveen Travels","+ 91  80 26709518",""
"Nakoda Travels","+ 91  80 22094147",""
"Suvarnamukhi Travels","+ 91  80 32958711",""
"KPN Travels India Ltd","+ 91  80 41213999",""
"Durgamba Travels","+ 91  80 26633223",""
"Pooja travels","+ 91  8867579516",""
"Kalpaka Travels","+ 91  80 26706035",""
"Kalinga Travels","+ 91  9019714230",""
"Seabird Tourists","+ 91  80 23574600",""
"Durgamba Motors","+ 91  80 25503281",""
"Manish Tours N Travels","+ 91  80 40942275",""
"S R S Travels","+ 91  9972173777",""
"Thomas Cook India Ltd (Travel ...","+ 91  80 69001240",""
"A1 Travels","+ 91  80 25988060",""
"Labbaik Tours & Travel","+ 91  80 42601000",""
"Riya Travel & Tours India Pvt Ltd","+ 91  80 61608080",""
"Chariot World Tours Ltd","+ 91  80 42068728",""
"Kukke Shree Travels","+ 91  80 41745155",""
"KGN Travels","+ 91  80 41140756",""
"Parveen Travels Pvt Ltd","+ 91  80 42112796",""
"Panickers Travel India Pvt Ltd","+ 91  80 22208462",""
"Conti Travels","+ 91  80 41152211",""
"Neptune Travels India Pvt Ltd","+ 91  80 41786200",""
"Angel Cabs","+ 91  9886000088",""
"Thomas Cook India Ltd (Travel ...","+ 91  80 25720590",""
"Conti Travels","+ 91  80 26701505",""
"VRL Travels","+ 91  80 42086694",""
"Red Bus Agency","+ 91  9886522242",""
"Balmer Lawrie Travel & Vacations","+ 91  80 40815322",""
"Eshwar Tours & Travels","+ 91  80 26666722",""
"R V Enterprises","+ 91  9141299989",""
"KPN Travels India Ltd","+ 91  80 41125999",""
"Gee Pee Travels","+ 91  80 41728209",""
"UAE Exchange & Financial Servi...","+ 91  80 22452421",""
"Thomas Cook India Ltd (Travel ...","+ 91  80 41516030",""
"Kallada Tours & Travels","+ 91  80 32723838",""
"A P S R T C Reservation Counter","+ 91  80 25972226",""
"Indira Travels","+ 91  80 41101906",""
"Flight Shop","+ 91  80 40471700",""
"Jagadish Tours","+ 91  9008099999",""
"Ksrtc Online Reservation Counter","+ 91  80 41113801",""
"Travel Bazaar","+ 91  80 42996000",""
"SOTC","+ 91  80 41724445",""
"UAE Exchange & Financial Servi...","+ 91  80 23437833",""
"Yatra genie","+ 91  80 41524315",""
"Sachin Travels","+ 91  80 25503096",""
"SRI BASAVESHWARA TOURS","+ 91  80 00110011",""
"American Express India Pvt Ltd","",""
"Kohinoor Travel","+ 91  80 25975558",""
"Padmashree Travels","+ 91  80 22281408",""
"Srs travels","+ 91  9740061449",""
"Sugama Tourist","+ 91  80 26677677",""
"Karnataka State Road Transport...","+ 91  80 26651474",""
"Vikram Travels","+ 91  80 26657588",""
"SRS Travels","+ 91  80 65468012",""
"Hkb Tours & Travels","+ 91  80 41639158",""
"S S Travels","+ 91  80 40999050",""
"SOTC","+ 91  80 41323444",""
"Riya Travel & Tours India Pvt Ltd","+ 91  80 67151000",""
"Royal Travels","+ 91  80 41201471",""
"Ballal Tourist Corporation","+ 91  80 22268157",""
"Savaari","+ 91  80 58585237",""
"Bharathi Travels","+ 91  80 41519869",""
"SRS Travels","+ 91  80 60503333",""
"Shakuntala Travels","+ 91  80 22260392",""
"Kpn Travels","+ 91  80 42150124",""
"Kerala Lines","+ 91  80 25539199",""
"Shama Transports","+ 91  80 25503613",""
"UAE Exchange & Financial Servi...","+ 91  80 41206848",""
"Baghirathi Travel Solutions Pv...","+ 91  80 41634125",""
"Ramya Travels","+ 91  80 25225270",""
"International Travel House Ltd","+ 91  80 41477788",""
"SAM TOURISt","+ 91  80 42248541",""
"SOTC Tours & Travels","+ 91  80 41125712",""
"Sri Durgamba Travels","+ 91  80 41535556",""
"SRS Travels","+ 91  80 22879735",""
"Omer Travels","+ 91  80 41695148",""
"Yatra.Com","+ 91  80 40930562",""
"Hoysala Tours & Travels Pvt Ltd","+ 91  80 26651474",""
"Reliance Tours & Travels","+ 91  80 42192473",""
"Ksrtc travel house","+ 91  8722747644",""
"Komitla tours & travels","+ 91  80 25400333",""
"Diwakar travels","+ 91  9900400569",""
"Apsrtc Reservation Counter","+ 91  9341294508",""
"Durgamba Motors","+ 91  80 23523099",""
"Vatsala Travels Pvt Ltd","+ 91  80 23286604",""
"Komitla Travels","+ 91  80 49497777",""
"Kamat Tourist","+ 91  80 23468961",""
"Green Line Travels","+ 91  80 28486888",""
"Vivek Travels","+ 91  80 22381313",""
"Deccan Lemon Travels","+ 91  80 41130192",""
"Sanjana Travels","+ 91  80 41472357",""
"S R E TRAVELS","+ 91  80 41124596",""
"Venson Transports Pvt Ltd","+ 91  80 26702048",""
"Deccan Travels","+ 91  80 41741971",""
"S P S Travels India","+ 91  80 25537079",""
"Greenline Travels And Holidays","+ 91  80 26612611",""
"SLEIGH Travels","+ 91  80 25632727",""
"Sugama Tourist","+ 91  80 23380851",""
"Sri Mangala & Durgamba Travels","+ 91  80 25282042",""
"Ideal Travels","+ 91  80 41139399",""
"Greenline Travels","+ 91  80 23479769",""
"Golden Pearl Travels","+ 91  80 41330522",""
"National travels","+ 91  8884323779",""
"Parveen Travels Pvt Ltd","",""
"National Travels","+ 91  9964090788",""
"Padmesh Travels","+ 91  80 42158244",""
"Orchid Travel And Tours","+ 91  80 26617178",""
"Janatha Travels","+ 91  80 41139595",""
"Janani Tours & Resorts Pvt Ltd","+ 91  80 28393883",""
"Royal travels","+ 91  80 40923865",""
"Kavi travels","+ 91  9379555677",""
"Sangeetha Travels","+ 91  80 23465503",""
"Hampi Tours & Travels","+ 91  80 41179373",""
"Priyadarshini Air Wings Pvt Ltd","+ 91  80 23015555",""
"yashwini travel","+ 91  80 22971253",""
"Sugama Tourists","+ 91  80 41267570",""
"Sagar Travels","+ 91  80 25281966",""
"VRL Travels Vidyaranyapura","+ 91  80 42086694",""
"Bhandary Travels","+ 91  80 25703766",""
"Mercury Travels Ltd","+ 91  80 42413006",""
"Ksrtc Reservation Counter","+ 91  80 41103997",""
"Travel Tours Pvt Ltd","+ 91  80 43232828",""
"KSRTC TICKET BOOKING CENTRE","+ 91  80 40992437",""
"Pushpak Travels","+ 91  80 22231661",""
"SUGAMA TOURIST","+ 91  80 22955324",""
"Jagdish tours","+ 91  80 22459299",""
"Ksrtc Travel House","+ 91  80 23423782",""
"Deccan Aviation Ltd","+ 91  80 28567378",""
"Green Line Tours & Travels","+ 91  80 42094735",""
"Manish Tours N Travels","+ 91  80 42099909",""
"Himachal Tourism Govt Organised","18001808077",""
"UAE Exchange And Financial ser...","+ 91  80 42194242",""
"Sri Sathya SAI Tourists","+ 91  80 41743235",""
"RBR Travels","+ 91  80 41315760",""
"Dharma Travels","+ 91  80 25635556",""
"Thomas Cook India Pvt Ltd","+ 91  80 69001245",""
"Indira Travels","+ 91  9980294358",""
"Ambassador Travels","+ 91  80 28450391",""
"S.R.S.Travels","+ 91  9902541972",""
"Angel Tours & Travels","+ 91  80 25633346",""
"Sugama Tourist","+ 91  80 22911939",""
"Neelu Travels ( Head Office )","+ 91  80 41475053",""
"Diwakar Roadlines","+ 91  80 41241759",""
"Bangalore One","+ 91  80 22955475",""
"Sri Ganesh Travels","+ 91  80 26605778",""
"Sri Ganesh Enterprises","+ 91  80 26797667",""
"Easy Trip Planners Pvt Ltd","+ 91  80 41105882",""
"VRL Travels (dharma & co)","+ 91  9141424368",""
"Atlas travels","+ 91  80 25502378",""
"Ishwarya Cabs","+ 91  8970177735",""
"Kaveri Travels","+ 91  9035143111",""
"Apsrtc Reservation Counter","+ 91  80 22446997",""
"KPN Travels","+ 91  80 41145999",""
"Greenline Travels","+ 91  9741003565",""
"A 1 Travels","+ 91  80 42180575",""
"National Travels","+ 91  80 41511237",""
"Satyam City Taxi Car Rental To...","+ 91  80 65357777",""
"Sri Venkateshwara Travels","+ 91  80 22207240",""
"UAE Exchange & Financial Servi...","+ 91  80 41756262",""
"Frontier Holidays","+ 91  80 46634004",""
"J V Travels Pvt Ltd","+ 91  80 23448409",""
"Suhalaya Travels Pvt Ltd","+ 91  80 65683566",""
"Sugama Tourist","+ 91  80 41570522",""
"Subramanya Travels","+ 91  9880745228",""
"A r l travels","+ 91  9164841455",""
"SRS Travels","+ 91  80 27831383",""
"Padikkal Tours & Travels","+ 91  80 25532266",""
"Abt X Travels","+ 91  80 42112258",""
"Srs Travels","+ 91  9845490229",""
"Shama Transports","+ 91  80 26705855",""
"Kallada Tours & Travels","+ 91  80 27831040",""
"Komitla tours and travels","+ 91  7411842625",""
"National Travel & Carriers","+ 91  80 40933311",""
"Excelsior Travels Pvt Ltd","+ 91  80 22263617",""
"Praveen Travels","+ 91  80 42112796",""
"S L Travels","+ 91  80 41602228",""
"Meghana Travels","+ 91  80 41104771",""
"Kavi Travels","+ 91  80 65606507",""
"Prakash Tours & Travels","+ 91  9945393726",""
"Nirmala Travels","+ 91  9035041269",""
"Lava Kusha Tours & Travels","+ 91  9880166399",""
"Greeline Travels","+ 91  80 22094145",""
"Sotc Travels Services Pvt Ltd","+ 91  80 41467288",""
"Pleasant Travels","+ 91  80 25219162",""
"SRT Travels","+ 91  80 41694333",""
"Rekha Air Travels","+ 91  80 25580408",""
"SPR Travels","+ 91  80 22250123",""
"Rajesh Travels Inc","+ 91  80 41755255",""
"Manjunatha Road Lines","+ 91  80 22256988",""
"Sri Krishna Tour & Travels","+ 91  80 22342029",""
"Sagar Tours & Travels","+ 91  80 23413314",""
"Bhavani Travels","+ 91  80 26702141",""
"Namana Tours & Travels","+ 91  80 23464869",""
"Universal Tours & Travels","+ 91  80 65743819",""
"Fcm Travel Solutions India Pvt...","+ 91  80 40128811",""
"Dhanunjaya Travels Pvt Ltd","",""
"The Wings","+ 91  80 23568001",""
"Ksrtc Travel House","+ 91  80 23603349",""
"Mayura Package Tours","+ 91  80 41511255",""
"Muzain Travels","+ 91  80 40921598",""
"ADITYA TOURS AND TRAVELS","+ 91  80 23641941",""
"Cauvery Travels","+ 91  80 41321088",""
"Greenline Travels","+ 91  80 41248083",""
"Travel Air Pvt Ltd","+ 91  80 43232727",""
"Manish Tours N Travels","+ 91  80 41460606",""
"Carlson Wagonlit Travel","+ 91  80 41887000",""
"V R L Travels","+ 91  9008750696",""
"Cox and Kings Ltd","+ 91  80 25582131",""
"Greenline Travels","+ 91  80 22094146",""
"K P N Travels India Limited","+ 91  80 26700111",""
"Orange Cabs","+ 91  80 26643362",""
"Urogulf Attestation Services P...","+ 91  80 32426060",""
"Bcd Travels","+ 91  80 41521005",""
"V.R.L. Travels","+ 91  80 22864885",""
"Asian Tours & Travels","+ 91  9342287551",""
"National Travels","+ 91  9686815396",""
"Sree Kaleswari Travels Pvt Ltd","+ 91  80 25500668",""
"Arjun Tours & Travels Pvt Ltd","+ 91  80 22217054",""
"J K City Taxi","+ 91  80 25259999",""
"Shree Durga Tours & Travels","+ 91  80 41107829",""
"Karnataka State Road Transport...","+ 91  80 23306512",""
"Surya Travels & Holiday","+ 91  9448225866",""
"Oasis Tours India Pvt Ltd","+ 91  80 30575950",""
"Elegant Travel Service","+ 91  80 41277066",""
"Sri Dhananjay Tours & Travels","+ 91  80 42288560",""
"KALLADA TOURS AND TRAVEL","+ 91  9379355500",""
"KSRTC TRAVEL HOUSE AND SM TOUR...","+ 91  80 32995585",""
"HKB Tours & Travels","+ 91  80 22127127",""
"Ksrtc Travel House","+ 91  80 42008612",""
"Maruti Parcel Carriers","+ 91  80 22971271",""
"Geo Travels","+ 91  80 41717153",""
"GRL TRAVELS","+ 91  80 23188305",""
"Balaji Travels","+ 91  80 23303973",""
"KSRTC Travel House","+ 91  80 23472357",""
"Marco Polo Travels & Tours Pvt...","+ 91  80 22271485",""
"Noble Travels","+ 91  80 42047498",""
"Gpr Tours & Travels","+ 91  80 41717151",""
"JAS TRAVELS & HOLIDAYS","+ 91  80 40984501",""
"KSRTC Travel House - Mahaveer ...","+ 91  80 40963597",""
"Orbit Corporate & Leisure Trav...","+ 91  80 22255564",""
"Ambica Travels","+ 91  80 26703637",""
"KALPAKA TRAVELS","+ 91  9895907253",""
"Sagar Tourists Ramya Travels","+ 91  80 25284534",""
"Nisarga Tours & Travels","+ 91  80 23391051",""
"Kallada Tours & Travels","+ 91  80 32930911",""
"Sony Travel Lines","+ 91  80 22295079",""
"Saughaat Tours International","+ 91  80 25577841",""
"Southern Travels Corpn","+ 91  80 41139062",""
"Badami Tours & Travels","+ 91  80 41753716",""
"S .R S Travels","+ 91  9945688488",""
"National Travels","+ 91  80 26603112",""
"Reshma tourist","+ 91  80 22356786",""
"Siddaganga tours and travels","+ 91  80 23387827",""
"S R S Travels","+ 91  80 22374368",""
"Oasis Holidays India Pvt Ltd","+ 91  80 41758367",""
"Greenline Travels","+ 91  80 40952559",""
"Metro Travel Group","+ 91  80 25302222",""
"Manish Tours N Travels","+ 91  80 40943164",""
"Travel Boutique Online","+ 91  80 41120981",""
"Bhageerathi Travels","+ 91  80 26604632",""
"Swift Travels Inc","+ 91  80 25358231",""
"Travel Air Pvt Ltd","+ 91  80 43232626",""
"UAE Exchange & Financial Servi...","+ 91  80 41225119",""
"Sagar Travels","+ 91  80 25401051",""
"Ambassador Tours & Travels","",""
"Venson Transports Pvt Ltd Head...","+ 91  80 25592972",""
"VRL TRAVEL HOUSE","+ 91  80 27722818",""
"Friends City Taxi","+ 91  80 25509999",""
"K. P. N. Travels India Limited...","+ 91  80 23605840",""
"Panickers Tours & Travels","+ 91  80 25400554",""
"Deeksha Travels Pvt Ltd","+ 91  80 25452601",""
"S G Cabs","+ 91  9980136914",""
"RKM Tours And Travels","+ 91  9611304003",""
"Vaibhav Travels","+ 91  80 42108465",""
"Sanjeevini Tours & Travel","+ 91  80 26591271",""
"Rajesh Travel Inc","+ 91  80 42068779",""
"Roshan Holidays","+ 91  80 41600529",""
"Babita Tours & Travels","+ 91  80 23338394",""
"KPN Travels India Limited","+ 91  80 32933999",""
"S G Rent A Car","+ 91  80 23562997",""
